id,label,score,class,stage
CHEMBL5437384,1,-1.73980030988784,covalent,HTVS
CHEMBL5398692,1,-4.33231368810783,covalent,SP
CHEMBL1215628,1,-3.23292630614998,covalent,HTVS
CHEMBL4226307,1,-5.68200846057226,covalent,SP
CHEMBL5420328,1,-2.87358308477968,covalent,HTVS
CHEMBL4224764,1,-4.52634084773156,covalent,SP
CHEMBL4227031,1,-5.74299908995754,covalent,SP
CHEMBL486232,1,-2.44018269008969,covalent,HTVS
CHEMBL4227166,1,-6.9593697437353,covalent,SP
CHEMBL3358129,1,-1.61760344834043,covalent,HTVS
CHEMBL4227486,1,-4.51865369129836,covalent,SP
CHEMBL5407224,1,-4.47958196960303,covalent,SP
CHEMBL5411543,1,-4.46574795702501,covalent,SP
CHEMBL3358142,1,-3.23684753357337,covalent,HTVS
CHEMBL4227427,1,-5.49761747930635,covalent,SP
CHEMBL3358128,1,-3.40782428844474,covalent,HTVS
CHEMBL3352874,1,-4.85284908198872,covalent,SP
CHEMBL4228926,1,-3.44437661877491,covalent,HTVS
CHEMBL4226577,1,-5.21146899800547,covalent,SP
CHEMBL541700,1,-3.87870102128004,covalent,SP
CHEMBL4227848,1,-5.36717075621544,covalent,SP
CHEMBL3358141,1,-2.47250989468116,covalent,HTVS
CHEMBL3358144,1,-3.47567104796519,covalent,HTVS
CHEMBL3358143,1,-2.99410043849693,covalent,HTVS
CHEMBL1171802,1,-1.23178945429551,covalent,HTVS
CHEMBL501901,1,-2.44378873232479,covalent,HTVS
CHEMBL4228861,1,-2.92235070675402,covalent,HTVS
CHEMBL3358140,1,-5.07789089517838,covalent,SP
CHEMBL4225350,1,-4.99535850779765,covalent,SP
CHEMBL4227295,1,-3.74806886177341,covalent,SP
CHEMBL4434685,1,-4.78338998429336,covalent,SP
CHEMBL4467013,1,-2.65282544950823,covalent,HTVS
CHEMBL4439637,1,-2.37450212748252,covalent,HTVS
CHEMBL191881,1,-2.28125081480646,covalent,HTVS
CHEMBL4227696,1,-5.7494167568646,covalent,SP
CHEMBL4228143,1,-4.60545706867557,covalent,SP
CHEMBL4442854,1,-2.84373912721109,covalent,HTVS
CHEMBL4472824,1,-3.43245415989866,covalent,HTVS
CHEMBL4251480,1,-4.73259428074301,covalent,SP
CHEMBL4564002,1,-4.55528425514797,covalent,SP
CHEMBL3218476,1,-4.11670085876632,covalent,SP
CHEMBL3120847,1,-3.47222050604471,noncovalent,HTVS
CHEMBL327624,1,-4.82906233447647,covalent,SP
CHEMBL4442674,1,-4.99852963678581,covalent,SP
CHEMBL4096388,1,-3.33728408536289,covalent,HTVS
CHEMBL4224829,1,-4.21464458442072,covalent,SP
CHEMBL374508,1,-2.29509136578406,covalent,HTVS
CHEMBL2235031,1,-3.18238648984037,noncovalent,HTVS
CHEMBL4527228,1,-4.59913558774825,covalent,SP
CHEMBL4516951,1,-3.48255630369611,covalent,HTVS
CHEMBL2235039,1,-3.43457690933142,noncovalent,HTVS
CHEMBL4228343,1,-3.39766464059926,covalent,HTVS
CHEMBL4240920,1,-3.60952713304538,covalent,SP
CHEMBL4227965,1,-2.5569823117875,covalent,HTVS
CHEMBL3409895,1,-1.11295264778678,noncovalent,HTVS
CHEMBL2235030,1,-3.37059237227268,noncovalent,HTVS
CHEMBL4229174,1,-3.3908285406119,covalent,HTVS
CHEMBL4437416,1,-1.69749556352098,covalent,HTVS
CHEMBL4072275,1,-2.89276803217962,covalent,HTVS
CHEMBL2235038,1,-2.94110047639517,noncovalent,HTVS
CHEMBL2235034,1,-3.45559740933937,noncovalent,HTVS
CHEMBL2235037,1,-4.23427146903931,noncovalent,SP
CHEMBL5436591,1,-1.89679856795179,noncovalent,HTVS
CHEMBL3409913,1,-0.447565545302,noncovalent,HTVS
CHEMBL3409912,1,-3.32973563799086,noncovalent,HTVS
CHEMBL182790,1,-5.21412176395169,noncovalent,SP
CHEMBL2235032,1,-3.34354250276108,noncovalent,HTVS
CHEMBL3409902,1,-0.921199334243478,noncovalent,HTVS
CHEMBL383647,1,-2.33762431717429,covalent,HTVS
CHEMBL4294334,1,2.09997477451714,covalent,HTVS
CHEMBL4555968,1,-3.37325195405661,covalent,HTVS
CHEMBL1171804,1,-5.26634220475765,covalent,SP
CHEMBL4475837,1,-6.2406566737887,covalent,SP
CHEMBL181752,1,-5.34689563787329,noncovalent,SP
CHEMBL2235033,1,-2.4281787519639,noncovalent,HTVS
CHEMBL5398031,1,-3.01929405360283,noncovalent,HTVS
CHEMBL5411995,1,-3.44866737676766,noncovalent,HTVS
CHEMBL4245127,1,-3.50335872953126,covalent,HTVS
CHEMBL3409915,1,-2.90907129564932,noncovalent,HTVS
CHEMBL181504,1,-4.69697812344199,noncovalent,SP
CHEMBL434743,1,-4.92069672348032,noncovalent,SP
CHEMBL183396,1,-4.83385610472621,noncovalent,SP
CHEMBL405741,1,-3.40119766087679,covalent,HTVS
CHEMBL4226767,1,-4.95659657614642,covalent,SP
CHEMBL2235035,1,-2.43566389393197,noncovalent,HTVS
CHEMBL223654,1,-4.92478803751545,noncovalent,SP
CHEMBL2235041,1,-2.22482343981225,noncovalent,HTVS
CHEMBL4062015,1,-3.27402397979815,covalent,HTVS
CHEMBL4083754,1,-2.69856191536329,covalent,HTVS
CHEMBL3409914,1,-3.06112833044591,noncovalent,HTVS
CHEMBL3409900,1,-3.32359051296811,noncovalent,SP
CHEMBL2235040,1,-4.23925328370346,noncovalent,SP
CHEMBL2235028,1,-3.07291236406662,noncovalent,HTVS
CHEMBL2235036,1,-3.33263766995181,noncovalent,HTVS
CHEMBL270278,1,-4.97297694504893,covalent,SP
CHEMBL271992,1,-2.51298750590102,covalent,HTVS
CHEMBL224801,1,-2.70697848349933,noncovalent,HTVS
CHEMBL5428518,1,-2.05303773864246,noncovalent,HTVS
CHEMBL408071,1,-3.24491809412218,covalent,HTVS
CHEMBL5439199,1,-7.0223244563325,noncovalent,SP
CHEMBL3120848,1,-5.23849355458014,noncovalent,SP
CHEMBL3409907,1,-5.2082035567532,noncovalent,SP
CHEMBL4248915,1,-2.36323388038706,covalent,HTVS
CHEMBL200151,1,-3.56132260012828,covalent,HTVS
CHEMBL4279824,1,-2.53638659527292,covalent,HTVS
CHEMBL3409908,1,-1.35588012501722,noncovalent,HTVS
CHEMBL4070637,1,-4.26827358059891,covalent,SP
CHEMBL5411313,1,-2.22166669378302,noncovalent,HTVS
CHEMBL381093,1,-1.98004993383906,noncovalent,HTVS
CHEMBL5434197,1,-3.53185094072055,noncovalent,HTVS
CHEMBL1171633,1,-1.54934625481182,covalent,HTVS
CHEMBL4225367,1,-3.45012180948157,covalent,SP
CHEMBL203801,1,-5.41368242076527,noncovalent,SP
CHEMBL403991,1,-2.70911030775003,covalent,HTVS
CHEMBL407354,1,-3.16165069058122,covalent,HTVS
CHEMBL272015,1,-4.72144444648056,covalent,SP
CHEMBL182795,1,-4.02815680258551,noncovalent,SP
CHEMBL3409894,1,-2.86911634968466,noncovalent,HTVS
CHEMBL222870,1,-5.91860534762329,noncovalent,SP
CHEMBL5439062,1,-3.47851225015239,noncovalent,HTVS
CHEMBL402455,1,-5.54545270728076,covalent,SP
CHEMBL222871,1,-4.56033321091244,noncovalent,SP
CHEMBL4215216,1,-3.28878861371062,covalent,HTVS
CHEMBL1171803,1,-3.15801556962532,covalent,HTVS
CHEMBL224312,1,-6.59555054173732,noncovalent,SP
CHEMBL2235029,1,-3.25391950417745,noncovalent,HTVS
CHEMBL195381,1,-4.2646295240774,covalent,SP
CHEMBL195822,1,-2.70975769034942,covalent,HTVS
CHEMBL3358135,1,-1.90400101117481,covalent,HTVS
CHEMBL5426937,1,-2.34217463459612,noncovalent,HTVS
CHEMBL3409903,1,-6.03448587761024,noncovalent,SP
CHEMBL183005,1,-4.87002065908941,noncovalent,SP
CHEMBL194821,1,-3.57287028927249,covalent,HTVS
CHEMBL191640,1,-3.4783523747062,covalent,HTVS
CHEMBL225449,1,-3.39357639758048,noncovalent,HTVS
CHEMBL5425369,1,-3.21201494402154,noncovalent,HTVS
CHEMBL5407886,1,-3.33497380816073,noncovalent,HTVS
CHEMBL559434,1,-3.40479502432036,noncovalent,HTVS
CHEMBL203802,1,-0.496889710552854,noncovalent,HTVS
CHEMBL4857262,1,-3.0545719859658,noncovalent,HTVS
CHEMBL5424376,1,-4.43541913568919,noncovalent,SP
CHEMBL5420093,1,-4.7773308129783,noncovalent,SP
CHEMBL4078345,1,-2.4744923943681,covalent,HTVS
CHEMBL4850572,1,-5.16150933911138,noncovalent,SP
CHEMBL4473513,1,-5.39541928546882,covalent,SP
CHEMBL224025,1,-8.05855779669168,noncovalent,SP
CHEMBL4868442,1,-3.00273988913219,noncovalent,HTVS
CHEMBL3120842,1,-4.16814546322492,noncovalent,SP
CHEMBL373022,1,-4.78700947563498,covalent,SP
CHEMBL204344,1,-2.27107126262417,noncovalent,HTVS
CHEMBL3358136,1,-3.17696528802057,covalent,HTVS
CHEMBL1171636,1,-2.44081204315227,covalent,HTVS
CHEMBL4594166,1,-3.35866712014079,covalent,HTVS
CHEMBL5409393,1,-3.25793598362116,covalent,HTVS
CHEMBL5556412,1,-3.44557985335433,noncovalent,HTVS
CHEMBL3358130,1,-2.63243720288238,covalent,HTVS
CHEMBL191457,1,-3.96299212886315,covalent,SP
CHEMBL225646,1,-6.89358297984325,noncovalent,SP
CHEMBL222322,1,-4.15000421368362,noncovalent,SP
CHEMBL5630614,1,-5.4199625318434,noncovalent,SP
CHEMBL92805,1,-3.19052097162974,covalent,HTVS
CHEMBL92956,1,-3.35078786726378,covalent,HTVS
CHEMBL91050,1,-4.21972665986457,noncovalent,SP
CHEMBL91856,1,-2.88443153589151,covalent,HTVS
CHEMBL5412407,1,-2.90043011197209,noncovalent,HTVS
CHEMBL4869807,1,-3.15543974992554,noncovalent,HTVS
CHEMBL120254,1,-5.86917852740645,noncovalent,SP
CHEMBL250154,1,-3.45196643645526,noncovalent,HTVS
CHEMBL3120835,1,-4.23390712633602,noncovalent,SP
CHEMBL4856045,1,-1.73995696511568,noncovalent,HTVS
CHEMBL203823,1,-4.40768154800076,noncovalent,SP
CHEMBL222325,1,-2.89999141420245,noncovalent,HTVS
CHEMBL3409906,1,-2.94073313078991,noncovalent,HTVS
CHEMBL5624599,1,-2.86454191431642,noncovalent,HTVS
CHEMBL5394920,1,-3.18440977413053,noncovalent,HTVS
CHEMBL5630817,1,-4.22538837713727,noncovalent,SP
CHEMBL4211317,1,-3.29792080843069,noncovalent,HTVS
CHEMBL414179,1,-3.38168396918782,covalent,HTVS
CHEMBL329629,1,-3.94235222592937,covalent,SP
CHEMBL90245,1,-4.70517769881703,noncovalent,SP
CHEMBL91049,1,-4.18063674966923,covalent,SP
CHEMBL329532,1,-5.28466713423416,covalent,SP
CHEMBL93341,1,-5.78911957858122,covalent,SP
CHEMBL423112,1,-2.02127079061455,covalent,HTVS
CHEMBL4207961,1,-2.87798205030838,noncovalent,HTVS
CHEMBL203649,1,-1.69957154865361,noncovalent,HTVS
CHEMBL5630121,1,-3.67224475574354,noncovalent,SP
CHEMBL3120834,1,-3.10386952051158,noncovalent,HTVS
CHEMBL374510,1,-3.38920920165339,covalent,HTVS
CHEMBL5404235,1,-4.37139870173936,noncovalent,SP
CHEMBL224893,1,-5.52418477309835,noncovalent,SP
CHEMBL5434874,1,-3.06235046608039,noncovalent,HTVS
CHEMBL4857754,1,-4.42524248354191,noncovalent,SP
CHEMBL1458713,1,-2.89576613333325,covalent,HTVS
CHEMBL3358137,1,-5.09299374278454,covalent,SP
CHEMBL5625072,1,-4.69624597763231,noncovalent,SP
CHEMBL221991,1,-5.30733247994019,covalent,SP
CHEMBL436500,1,-3.23152168572288,noncovalent,HTVS
CHEMBL3409897,1,-4.96673581461633,noncovalent,SP
CHEMBL4218177,1,-4.30105108442822,noncovalent,SP
CHEMBL5398485,1,-3.23457209450043,noncovalent,HTVS
CHEMBL203856,1,-4.5744177546416,noncovalent,SP
CHEMBL378223,1,-4.99950499251113,noncovalent,SP
CHEMBL5400091,1,-3.18349134832998,noncovalent,HTVS
CHEMBL1302947,1,-2.74868648741031,noncovalent,HTVS
CHEMBL4451728,1,-5.53947039681773,noncovalent,SP
CHEMBL4582464,1,-2.50952455118529,noncovalent,HTVS
CHEMBL4449400,1,-2.27823453701722,noncovalent,HTVS
CHEMBL4582597,1,-3.23813388092199,noncovalent,HTVS
CHEMBL4578038,1,-5.58254943882195,noncovalent,SP
CHEMBL4458321,1,-2.42687089611489,noncovalent,HTVS
CHEMBL4551614,1,-2.36750560781799,noncovalent,HTVS
CHEMBL1584095,1,-3.49766856583423,noncovalent,HTVS
CHEMBL4444541,1,-3.52642959871661,noncovalent,HTVS
CHEMBL4471644,1,-3.35908668289227,noncovalent,HTVS
CHEMBL4218788,1,-4.14952475779524,noncovalent,SP
CHEMBL4786898,1,-6.20019139785501,noncovalent,SP
CHEMBL438659,1,-6.08053068118094,noncovalent,SP
CHEMBL3409899,1,-2.35615291042181,noncovalent,HTVS
CHEMBL1939368,1,-1.95862097508683,noncovalent,HTVS
CHEMBL5421969,1,-2.50261098266405,noncovalent,HTVS
CHEMBL5624786,1,-4.39894207618189,noncovalent,SP
CHEMBL2402204,1,-5.00775442643772,covalent,SP
CHEMBL5395393,1,-2.82523773887414,noncovalent,HTVS
CHEMBL4211543,1,-2.30711066479942,noncovalent,HTVS
CHEMBL3409905,1,-3.44671776252682,noncovalent,HTVS
CHEMBL224803,1,-3.20196222219309,noncovalent,HTVS
CHEMBL221833,1,-3.06337249284893,noncovalent,HTVS
CHEMBL4203015,1,-4.92584655343112,noncovalent,SP
CHEMBL3358133,1,-1.43836958889062,covalent,HTVS
CHEMBL4212687,1,-2.29831931212844,noncovalent,HTVS
CHEMBL5419296,1,-3.07603557996943,noncovalent,HTVS
CHEMBL4853187,1,-3.33557927738582,noncovalent,HTVS
CHEMBL1171866,1,-1.89267764634342,noncovalent,HTVS
CHEMBL209147,1,-2.91815726796746,noncovalent,HTVS
CHEMBL183767,1,-4.11309324626574,noncovalent,SP
CHEMBL5394154,1,-2.99024287027869,noncovalent,HTVS
CHEMBL3410086,1,-3.52300123033873,noncovalent,HTVS
CHEMBL5630622,1,-4.17682648033775,noncovalent,SP
CHEMBL207117,1,-2.15428284122214,noncovalent,HTVS
CHEMBL1171868,1,-6.5319358454205,noncovalent,SP
CHEMBL4209200,1,-4.9021395013682,noncovalent,SP
CHEMBL117767,1,-4.65649973212129,noncovalent,SP
CHEMBL118355,1,-3.44570997440117,noncovalent,HTVS
CHEMBL4101714,1,-2.32431234397651,covalent,HTVS
CHEMBL4100751,1,-2.36464479738792,covalent,HTVS
CHEMBL93881,1,-2.80908963981565,noncovalent,HTVS
CHEMBL420812,1,-3.46464804119998,noncovalent,HTVS
CHEMBL91234,1,-3.37137957062464,noncovalent,HTVS
CHEMBL433390,1,-4.58428762658461,noncovalent,SP
CHEMBL92738,1,-4.45762702290003,noncovalent,SP
CHEMBL323975,1,-3.54291154362814,noncovalent,HTVS
CHEMBL4213904,1,-3.87764262917014,noncovalent,SP
CHEMBL4209486,1,-3.392454031185,noncovalent,HTVS
CHEMBL5397408,1,-3.03834580124983,noncovalent,HTVS
CHEMBL5438601,1,-2.46523906311447,noncovalent,HTVS
CHEMBL3351009,0,-1.13116449368184,decoy,HTVS
CHEMBL83247,0,-2.71786343719264,decoy,HTVS
CHEMBL1744144,0,-1.71350253197688,decoy,HTVS
CHEMBL542928,0,-5.1139955937506,decoy,SP
CHEMBL4104183,0,-5.50325597782147,decoy,SP
CHEMBL4104334,0,-2.55817841208242,decoy,HTVS
CHEMBL4105097,0,-5.62538082105972,decoy,SP
CHEMBL1800472,0,-3.36249823722554,decoy,HTVS
CHEMBL1800474,0,-2.84754291849206,decoy,HTVS
CHEMBL1800660,0,-2.40626596372037,decoy,HTVS
CHEMBL4215261,0,-5.98263049416533,decoy,SP
CHEMBL3985409,0,-3.02897855996082,decoy,HTVS
CHEMBL3986023,0,-6.08155466321151,decoy,SP
CHEMBL3986121,0,-1.58655882805754,decoy,HTVS
CHEMBL313367,0,-5.54306075482099,decoy,SP
CHEMBL87684,0,-2.49231354851084,decoy,HTVS
CHEMBL1978417,0,-3.20970718947625,decoy,HTVS
CHEMBL1714762,0,-7.58994715054487,decoy,SP
CHEMBL1742409,0,-3.51357060441851,decoy,HTVS
CHEMBL1743675,0,-4.44630568169774,decoy,SP
CHEMBL1744052,0,-2.73234696088997,decoy,HTVS
CHEMBL3608989,0,-1.63513269566946,decoy,HTVS
CHEMBL544780,0,-3.4710789388581,decoy,HTVS
CHEMBL542930,0,-5.77057662764117,decoy,SP
CHEMBL1762696,0,-3.2014865689192,decoy,HTVS
CHEMBL1765560,0,-4.11568078312135,decoy,SP
CHEMBL1765561,0,-4.36724230247489,decoy,SP
CHEMBL1765563,0,-4.50781457551445,decoy,SP
CHEMBL1765564,0,-4.217852365834,decoy,SP
CHEMBL4104248,0,-4.72850995467216,decoy,SP
CHEMBL4104444,0,-3.17989154718821,decoy,HTVS
CHEMBL4105126,0,-1.61316649937622,decoy,HTVS
CHEMBL1797976,0,-2.80054916699829,decoy,HTVS
CHEMBL1797977,0,-1.75589538029386,decoy,HTVS
CHEMBL1797989,0,-2.39538991889548,decoy,HTVS
CHEMBL1797994,0,-2.04940202513246,decoy,HTVS
CHEMBL1797995,0,-2.46563378450825,decoy,HTVS
CHEMBL1797998,0,-2.69170944485653,decoy,HTVS
CHEMBL1798000,0,-3.48393094884104,decoy,HTVS
CHEMBL1800335,0,-3.50010567245096,decoy,SP
CHEMBL1800336,0,-3.36109631014547,decoy,HTVS
CHEMBL1800078,0,-1.51980099618632,decoy,HTVS
CHEMBL1800337,0,-3.48563604991248,decoy,HTVS
CHEMBL1800656,0,-5.31433312189479,decoy,SP
CHEMBL1800657,0,-4.72424315156043,decoy,SP
CHEMBL1800658,0,-4.48943617933681,decoy,SP
CHEMBL1800659,0,-5.51102992341511,decoy,SP
CHEMBL4214926,0,-3.80798648405484,decoy,SP
CHEMBL4214962,0,-3.55348763621899,decoy,HTVS
CHEMBL4215114,0,-4.21154046536096,decoy,SP
CHEMBL4214953,0,-2.59822250240516,decoy,HTVS
CHEMBL4215063,0,-3.46070507750303,decoy,HTVS
CHEMBL4215458,0,-4.52979973182739,decoy,SP
CHEMBL4215936,0,-3.25339522032707,decoy,HTVS
CHEMBL3338120,0,-2.28925471446371,decoy,HTVS
CHEMBL85248,0,-2.4366301772161,decoy,HTVS
CHEMBL86088,0,-4.71153913310847,decoy,SP
CHEMBL82623,0,-1.79611305966081,decoy,HTVS
CHEMBL420034,0,-3.46558720416732,decoy,SP
CHEMBL85896,0,-2.41912924713226,decoy,HTVS
CHEMBL86092,0,-4.21023088558416,decoy,SP
CHEMBL5560794,0,-2.16175711136237,decoy,HTVS
CHEMBL5560927,0,-3.0260869721471,decoy,HTVS
CHEMBL5561143,0,-4.51997347379478,decoy,SP
CHEMBL4540930,0,-1.83389538037664,decoy,HTVS
CHEMBL4541389,0,-2.10596399438511,decoy,HTVS
CHEMBL2359201,0,-2.25537571192873,decoy,HTVS
CHEMBL2359399,0,-2.44439280209496,decoy,HTVS
CHEMBL2359876,0,-5.09063922623336,decoy,SP
CHEMBL2359901,0,-3.97870563173214,decoy,SP
CHEMBL2360066,0,-3.38412795395444,decoy,HTVS
CHEMBL1977908,0,-3.51009100080455,decoy,HTVS
CHEMBL1978741,0,-3.13055412601474,decoy,HTVS
CHEMBL1714447,0,-2.63180976856065,decoy,HTVS
CHEMBL1714465,0,-2.46208473957879,decoy,HTVS
CHEMBL1714483,0,-3.20498665093352,decoy,HTVS
CHEMBL1714558,0,-3.18846550089141,decoy,HTVS
CHEMBL1714759,0,-4.02763217521886,decoy,SP
CHEMBL3351100,0,-2.7205662933639,decoy,HTVS
CHEMBL2287019,0,-3.04514469790347,decoy,HTVS
CHEMBL2287034,0,-2.6401869405379,decoy,HTVS
CHEMBL2287035,0,-2.89271665126041,decoy,HTVS
CHEMBL2287036,0,-2.83492124874849,decoy,HTVS
CHEMBL2287037,0,-3.18890760338462,decoy,HTVS
CHEMBL2287038,0,-2.52840456069706,decoy,HTVS
CHEMBL1742036,0,-2.71727892599093,decoy,HTVS
CHEMBL1742181,0,-3.33181891863924,decoy,HTVS
CHEMBL1742223,0,-1.16063703556496,decoy,HTVS
CHEMBL1742309,0,-3.03208061642207,decoy,HTVS
CHEMBL1742330,0,-2.68482193036696,decoy,HTVS
CHEMBL1742424,0,-3.19205611523642,decoy,SP
CHEMBL1743867,0,-4.34284099984162,decoy,SP
CHEMBL1743903,0,-3.8195917175993,decoy,SP
CHEMBL1743924,0,-5.23355372677463,decoy,SP
CHEMBL1744140,0,-3.0675948015596,decoy,HTVS
CHEMBL1744163,0,-3.5477603421125,decoy,SP
CHEMBL1713369,0,-2.7067270184264,decoy,HTVS
CHEMBL1713428,0,-2.16774562029549,decoy,HTVS
CHEMBL1713461,0,-3.20729288112168,decoy,HTVS
CHEMBL1713603,0,-2.98494041625783,decoy,HTVS
CHEMBL3985681,0,-2.63614634294831,decoy,HTVS
CHEMBL3986256,0,-2.58269213331145,decoy,HTVS
CHEMBL1762723,0,-3.52835600872717,decoy,HTVS
CHEMBL1762724,0,-1.88744660564065,decoy,HTVS
CHEMBL1762725,0,-1.81977043179203,decoy,HTVS
CHEMBL1762726,0,-3.27537388178619,decoy,HTVS
CHEMBL1765471,0,-5.26567777314033,decoy,SP
CHEMBL1765472,0,-5.43170615263424,decoy,SP
CHEMBL1766179,0,-5.52628932906106,decoy,SP
CHEMBL4104212,0,-5.149482515149,decoy,SP
CHEMBL4104287,0,-3.96738286515026,decoy,SP
CHEMBL4104332,0,-5.33806645733564,decoy,SP
CHEMBL4104347,0,-2.84074461099092,decoy,HTVS
CHEMBL4104376,0,-5.2592876845263,decoy,SP
CHEMBL4104541,0,-2.85818635059922,decoy,HTVS
CHEMBL4104572,0,-2.73143989426793,decoy,HTVS
CHEMBL4104861,0,-2.78908170783735,decoy,HTVS
CHEMBL4105034,0,-5.69370119034725,decoy,SP
CHEMBL4105093,0,-3.38046030920028,decoy,HTVS
CHEMBL4105128,0,-1.85437190866185,decoy,HTVS
CHEMBL4105137,0,-5.29491377696176,decoy,SP
CHEMBL4105196,0,-4.19919331144019,decoy,SP
CHEMBL4105492,0,-2.22865630534709,decoy,HTVS
CHEMBL1798085,0,-2.5056508796688,decoy,HTVS
CHEMBL1800317,0,-2.82862731877169,decoy,HTVS
CHEMBL1800324,0,-2.00052354289445,decoy,HTVS
CHEMBL1800829,0,-3.46308700607728,decoy,HTVS
CHEMBL1800951,0,-3.51295524906979,decoy,HTVS
CHEMBL1801044,0,-3.0696495978991,decoy,HTVS
CHEMBL1801045,0,-3.14636809960712,decoy,HTVS
CHEMBL1801046,0,-3.18110788344452,decoy,HTVS
CHEMBL4214752,0,-2.93814093206948,decoy,HTVS
CHEMBL4214913,0,-3.08460587573827,decoy,HTVS
CHEMBL4215025,0,-3.31173561761921,decoy,HTVS
CHEMBL4215034,0,-3.32965985519594,decoy,HTVS
CHEMBL4215068,0,-3.15326171623672,decoy,HTVS
CHEMBL4215071,0,-3.35358038217642,decoy,HTVS
CHEMBL4215102,0,-3.30391230927562,decoy,HTVS
CHEMBL4215140,0,-3.28171379285754,decoy,HTVS
CHEMBL4215233,0,-3.08910417982899,decoy,HTVS
CHEMBL4215577,0,-6.58913400193614,decoy,SP
CHEMBL4215629,0,-3.53913976413365,decoy,HTVS
CHEMBL4215722,0,-3.1158042438911,decoy,HTVS
CHEMBL4216003,0,-5.07261950798047,decoy,SP
CHEMBL3654330,0,-2.67505255048004,decoy,HTVS
CHEMBL3654747,0,-5.61567495484485,decoy,SP
CHEMBL3654752,0,-5.09826778036841,decoy,SP
CHEMBL3654753,0,-4.91181402209235,decoy,SP
CHEMBL3654760,0,-5.27894034188617,decoy,SP
CHEMBL3654761,0,-4.95626166342822,decoy,SP
CHEMBL3338604,0,-2.17796170467285,decoy,HTVS
CHEMBL4104740,0,-2.41847397762659,decoy,HTVS
CHEMBL4214937,0,-2.4187237805231,decoy,HTVS
CHEMBL4214993,0,-1.67911341978364,decoy,HTVS
CHEMBL4215052,0,-2.85159474619862,decoy,HTVS
CHEMBL4215053,0,-2.84812493486308,decoy,HTVS
CHEMBL4215782,0,-5.75870113973697,decoy,SP
CHEMBL3654631,0,-4.59023116999727,decoy,SP
CHEMBL3654636,0,-2.8965977675084,decoy,HTVS
CHEMBL3654648,0,-5.89474994269233,decoy,SP
CHEMBL3985392,0,-2.74171650198,decoy,HTVS
CHEMBL3985584,0,-4.35812124082436,decoy,SP
CHEMBL83505,0,-5.4118106805232,decoy,SP
CHEMBL315322,0,-0.886214410961797,decoy,HTVS
CHEMBL5560351,0,-4.98983576392567,decoy,SP
CHEMBL5560863,0,-6.49662234540307,decoy,SP
CHEMBL5561029,0,-5.15494551846228,decoy,SP
CHEMBL5561089,0,-1.044138011993,decoy,HTVS
CHEMBL5561253,0,-2.16541179710019,decoy,HTVS
CHEMBL5561370,0,-3.65818846568251,decoy,SP
CHEMBL4541445,0,-3.44444419505764,decoy,HTVS
CHEMBL3717462,0,-3.93385517151752,decoy,SP
CHEMBL2359218,0,-1.3588229236378,decoy,HTVS
CHEMBL1714571,0,-3.51952395181889,decoy,HTVS
CHEMBL1715063,0,-1.82924856268045,decoy,HTVS
CHEMBL1715410,0,-4.35522831459986,decoy,SP
CHEMBL1743346,0,-4.82906233447647,decoy,SP
CHEMBL1743687,0,-2.53556299998228,decoy,HTVS
CHEMBL1743894,0,-2.81378715925887,decoy,HTVS
CHEMBL1744168,0,-2.47948092450026,decoy,HTVS
CHEMBL1744169,0,-3.0221997224143,decoy,HTVS
CHEMBL1744250,0,-2.93973975509608,decoy,HTVS
CHEMBL1714266,0,-1.76586198967988,decoy,HTVS
CHEMBL544336,0,-5.19736061691989,decoy,SP
CHEMBL1762699,0,-5.13685359351407,decoy,SP
CHEMBL1760000,0,-6.1226953214606,decoy,SP
CHEMBL1762705,0,-5.08933584201021,decoy,SP
CHEMBL1765140,0,-3.4401482086382,decoy,HTVS
CHEMBL1765143,0,-5.88371527365882,decoy,SP
CHEMBL1765144,0,-3.4401482086382,decoy,HTVS
CHEMBL4104339,0,-5.17058746087231,decoy,SP
CHEMBL4104467,0,-3.01274332115188,decoy,HTVS
CHEMBL4104867,0,-3.53250353033196,decoy,HTVS
CHEMBL4104890,0,-5.41084918446778,decoy,SP
CHEMBL4105073,0,-6.46024198307304,decoy,SP
CHEMBL4105382,0,-3.55573259442148,decoy,SP
CHEMBL1800361,0,-5.3367633160831,decoy,SP
CHEMBL4214873,0,-3.48042697579627,decoy,HTVS
CHEMBL4214910,0,-1.07779741173502,decoy,HTVS
CHEMBL1801084,0,-1.58587455410281,decoy,HTVS
CHEMBL4215370,0,-2.66212411664018,decoy,HTVS
CHEMBL3654366,0,-2.77214699442453,decoy,HTVS
CHEMBL83532,0,-2.82373940790828,decoy,HTVS
CHEMBL314909,0,-3.3779298824255,decoy,HTVS
CHEMBL5561677,0,-3.12980446602576,decoy,HTVS
CHEMBL3353214,0,-5.29662784087827,decoy,SP
CHEMBL1713310,0,-2.82301998077064,decoy,HTVS
CHEMBL1713867,0,-2.94461319594666,decoy,HTVS
CHEMBL3608586,0,-3.06490485343914,decoy,HTVS
CHEMBL3609309,0,-3.16481503677884,decoy,HTVS
CHEMBL1762812,0,-2.81913670844889,decoy,HTVS
CHEMBL1765357,0,-4.48536425428245,decoy,SP
CHEMBL1765559,0,-4.06561961258013,decoy,SP
CHEMBL1765562,0,-2.75316449066653,decoy,HTVS
CHEMBL1765626,0,-4.46924224412749,decoy,SP
CHEMBL1765627,0,-5.06154919467461,decoy,SP
CHEMBL1765628,0,-4.40251376483567,decoy,SP
CHEMBL1765781,0,-6.31212530761816,decoy,SP
CHEMBL1765782,0,-4.43530790291486,decoy,SP
CHEMBL1766088,0,-2.63044816491351,decoy,HTVS
CHEMBL4104317,0,-2.23649998600883,decoy,HTVS
CHEMBL4104360,0,-2.93214026324192,decoy,HTVS
CHEMBL4104416,0,-3.9427797095839,decoy,SP
CHEMBL4104422,0,-2.94685656944275,decoy,HTVS
CHEMBL4104445,0,-5.05921833835503,decoy,SP
CHEMBL4104492,0,-2.46659746243206,decoy,HTVS
CHEMBL4104561,0,-3.0202362684996,decoy,HTVS
CHEMBL4104597,0,-2.4929971536377,decoy,HTVS
CHEMBL4104646,0,-2.00234287995891,decoy,HTVS
CHEMBL4104680,0,-3.30727414719799,decoy,HTVS
CHEMBL4104739,0,-3.95108765392239,decoy,SP
CHEMBL4104763,0,-1.19384193747529,decoy,HTVS
CHEMBL4104917,0,-3.20406760622627,decoy,HTVS
CHEMBL4104959,0,-4.65619149686952,decoy,SP
CHEMBL4104963,0,-3.30546221781565,decoy,HTVS
CHEMBL4105016,0,-6.0120479742741,decoy,SP
CHEMBL4105045,0,-3.07957005631292,decoy,HTVS
CHEMBL4105100,0,-4.01682784433051,decoy,SP
CHEMBL4105159,0,-4.82884382687703,decoy,SP
CHEMBL4105218,0,-2.93621446130423,decoy,HTVS
CHEMBL4105223,0,-4.51811595352991,decoy,SP
CHEMBL4105254,0,-3.28980065184808,decoy,HTVS
CHEMBL4105299,0,-4.52592139695636,decoy,SP
CHEMBL4105333,0,-3.01785545356955,decoy,HTVS
CHEMBL4105377,0,-3.41900042774677,decoy,HTVS
CHEMBL4105422,0,-2.8854385795132,decoy,HTVS
CHEMBL1797987,0,-2.61906938386264,decoy,HTVS
CHEMBL4215407,0,-1.23851060522714,decoy,HTVS
CHEMBL2359099,0,-4.5430070034059,decoy,SP
CHEMBL1762703,0,-5.1227286900686,decoy,SP
CHEMBL4104393,0,-4.78688984713951,decoy,SP
CHEMBL4104793,0,-2.52376701940439,decoy,HTVS
CHEMBL4105513,0,-1.89898392109813,decoy,HTVS
CHEMBL1801057,0,-4.36675382519383,decoy,SP
CHEMBL1801078,0,-2.23556901689635,decoy,HTVS
CHEMBL4215242,0,-5.20318310009035,decoy,SP
CHEMBL4215264,0,-2.21345585859319,decoy,HTVS
CHEMBL4215415,0,-1.3060165570721,decoy,HTVS
CHEMBL4215521,0,-2.16948211591843,decoy,HTVS
CHEMBL4215794,0,-2.13805296441641,decoy,HTVS
CHEMBL4215848,0,-3.28363353003617,decoy,HTVS
CHEMBL4216015,0,-3.49848284813076,decoy,HTVS
CHEMBL3654370,0,-2.83513420767073,decoy,HTVS
CHEMBL3654622,0,-5.36994561846148,decoy,SP
CHEMBL3654630,0,-5.48285052833948,decoy,SP
CHEMBL3338094,0,-1.86791618322879,decoy,HTVS
CHEMBL3338095,0,-2.11002949600638,decoy,HTVS
CHEMBL3338104,0,-3.16544466785825,decoy,HTVS
CHEMBL3985466,0,-1.74670907331024,decoy,HTVS
CHEMBL3985742,0,-4.58652277509625,decoy,SP
CHEMBL3985859,0,-3.11470367676169,decoy,HTVS
CHEMBL3986455,0,-1.76885318387477,decoy,HTVS
CHEMBL3986555,0,-3.07226955013414,decoy,HTVS
CHEMBL82851,0,-3.05481451742841,decoy,HTVS
CHEMBL313121,0,-1.76804439729807,decoy,HTVS
CHEMBL4540460,0,-2.70215529024341,decoy,HTVS
CHEMBL4540560,0,-3.2333880889206,decoy,HTVS
CHEMBL4540828,0,-5.52958376854068,decoy,SP
CHEMBL4541177,0,-4.9720219965752,decoy,SP
CHEMBL4541352,0,-3.43290277520639,decoy,HTVS
CHEMBL4541457,0,-2.5200700727582,decoy,HTVS
CHEMBL3718683,0,1.50304531572134,decoy,HTVS
CHEMBL3719344,0,0.926283909075742,decoy,HTVS
CHEMBL3716408,0,-7.02196465035862,decoy,SP
CHEMBL2359087,0,-2.33986432005824,decoy,HTVS
CHEMBL2359148,0,-2.86946352782492,decoy,HTVS
CHEMBL2359372,0,-4.8660840061294,decoy,SP
CHEMBL2359425,0,-2.11522156285419,decoy,HTVS
CHEMBL2359488,0,-2.27745484415727,decoy,HTVS
CHEMBL2359569,0,-2.28942323655674,decoy,HTVS
CHEMBL2359657,0,-4.62665550737326,decoy,SP
CHEMBL2359833,0,-2.33395838056996,decoy,HTVS
CHEMBL2359967,0,-3.3457133797326,decoy,HTVS
CHEMBL1977507,0,-5.23872707270114,decoy,SP
CHEMBL1977532,0,-2.08133166495386,decoy,HTVS
CHEMBL1714449,0,-3.30918905615251,decoy,HTVS
CHEMBL1714509,0,-2.01250457379892,decoy,HTVS
CHEMBL4540968,0,-2.15286584457081,decoy,HTVS
CHEMBL1762706,0,-3.26696197901099,decoy,HTVS
CHEMBL4214879,0,-5.81303549345397,decoy,SP
CHEMBL4215319,0,-2.25594563707654,decoy,HTVS
CHEMBL4216092,0,-4.41508718281785,decoy,SP
CHEMBL3654621,0,-4.91335181821271,decoy,SP
CHEMBL3338610,0,-2.11293943239373,decoy,HTVS
CHEMBL3338611,0,-1.47996149124361,decoy,HTVS
CHEMBL3338613,0,-2.10478439098813,decoy,HTVS
CHEMBL3986268,0,-3.09979452431195,decoy,HTVS
CHEMBL3986407,0,-4.004178678367,decoy,SP
CHEMBL85762,0,-0.955544105080228,decoy,HTVS
CHEMBL5560627,0,-6.05891915179092,decoy,SP
CHEMBL5560835,0,-2.98485918425073,decoy,HTVS
CHEMBL5560900,0,-3.58495675597412,decoy,SP
CHEMBL5560995,0,-2.80531169303442,decoy,HTVS
CHEMBL5561030,0,-2.29096795958727,decoy,HTVS
CHEMBL5561079,0,-2.69289253304743,decoy,HTVS
CHEMBL2358995,0,-2.51308272414827,decoy,HTVS
CHEMBL2359058,0,-1.38637652275938,decoy,HTVS
CHEMBL2359071,0,-2.78803087828178,decoy,HTVS
CHEMBL2359210,0,-1.88452940640493,decoy,HTVS
CHEMBL2359309,0,-1.53237576418311,decoy,HTVS
CHEMBL2359329,0,-2.76535415332711,decoy,HTVS
CHEMBL2359431,0,-3.20055973250923,decoy,HTVS
CHEMBL2359536,0,-2.60714036745979,decoy,HTVS
CHEMBL2359608,0,-2.6707573245919,decoy,HTVS
CHEMBL2359718,0,-1.63852982681947,decoy,HTVS
CHEMBL2359896,0,-1.54616402579107,decoy,HTVS
CHEMBL2360118,0,-1.67818280251403,decoy,HTVS
CHEMBL1714732,0,-3.05900902739464,decoy,HTVS
CHEMBL1714925,0,-1.92409217680025,decoy,HTVS
CHEMBL1714944,0,-1.4265166642716,decoy,HTVS
CHEMBL1715422,0,-3.05189357016511,decoy,HTVS
CHEMBL3353477,0,-1.75896290354372,decoy,HTVS
CHEMBL3353478,0,-0.407390324086066,decoy,HTVS
CHEMBL3353479,0,-2.38476637236171,decoy,HTVS
CHEMBL3353480,0,-1.44406902675961,decoy,HTVS
CHEMBL3353481,0,-0.843945851790785,decoy,HTVS
CHEMBL3353529,0,-1.95145166083446,decoy,HTVS
CHEMBL3353534,0,-1.83225974795327,decoy,HTVS
CHEMBL1743895,0,-2.6593162105299,decoy,HTVS
CHEMBL1743897,0,-2.29871503299934,decoy,HTVS
CHEMBL1743900,0,-3.1330648945481,decoy,SP
CHEMBL1743902,0,-1.66945237994034,decoy,HTVS
CHEMBL1743912,0,-2.27525088537669,decoy,HTVS
CHEMBL1743917,0,-2.72808292597173,decoy,HTVS
CHEMBL1743919,0,-4.13546661932004,decoy,SP
CHEMBL1744338,0,-0.542701885454679,decoy,HTVS
CHEMBL3654796,0,-6.25442137507336,decoy,SP
CHEMBL3654798,0,-4.1420965264739,decoy,SP
CHEMBL3654799,0,-4.78798965333916,decoy,SP
CHEMBL3654801,0,-5.04384562617163,decoy,SP
CHEMBL3654820,0,-5.03069528897321,decoy,SP
CHEMBL3654824,0,-5.63301251758164,decoy,SP
CHEMBL3654917,0,-2.72328467140223,decoy,HTVS
CHEMBL3654932,0,-4.61269115498964,decoy,SP
CHEMBL3655083,0,-3.46263131277356,decoy,HTVS
CHEMBL3655084,0,-2.48677386524223,decoy,HTVS
CHEMBL3655087,0,-2.32587776907017,decoy,HTVS
CHEMBL3655088,0,-3.38329356402009,decoy,SP
CHEMBL3655090,0,-3.32359650690182,decoy,HTVS
CHEMBL3655093,0,-2.4080458668724,decoy,HTVS
CHEMBL3655094,0,-3.01925473290925,decoy,HTVS
CHEMBL3655103,0,-3.53974873691483,decoy,HTVS
CHEMBL3655358,0,-3.44012754596191,decoy,HTVS
CHEMBL3338112,0,-3.03526641868216,decoy,HTVS
CHEMBL3338116,0,-2.72841187630687,decoy,HTVS
CHEMBL3338122,0,-3.23568509502657,decoy,HTVS
CHEMBL3338430,0,-4.93677387095396,decoy,SP
CHEMBL3985527,0,-6.10764865852561,decoy,SP
CHEMBL3985609,0,-3.19088911526582,decoy,HTVS
CHEMBL3985624,0,-5.26819527717182,decoy,SP
CHEMBL3985648,0,-3.2801092252589,decoy,HTVS
CHEMBL3986002,0,-5.22110457920133,decoy,SP
CHEMBL3986235,0,-3.83912550461002,decoy,SP
CHEMBL3986339,0,-4.99326440916367,decoy,SP
CHEMBL3986489,0,-2.84673883780467,decoy,HTVS
CHEMBL3986666,0,-4.67258179713598,decoy,SP
CHEMBL3986776,0,-3.15647284581516,decoy,HTVS
CHEMBL85088,0,-2.78050535034086,decoy,HTVS
CHEMBL315547,0,-4.10072871977219,decoy,SP
CHEMBL315968,0,-2.63335223910829,decoy,HTVS
CHEMBL83132,0,-2.98502073376394,decoy,HTVS
CHEMBL83291,0,-3.23958885988186,decoy,HTVS
CHEMBL85757,0,-4.34820963612614,decoy,SP
CHEMBL5560374,0,-3.3993452372105,decoy,HTVS
CHEMBL5560375,0,-3.08272292531787,decoy,HTVS
CHEMBL5560423,0,-5.42600101215422,decoy,SP
CHEMBL5560743,0,-4.65681182644422,decoy,SP
CHEMBL5560760,0,-4.19481062745356,decoy,SP
CHEMBL5560830,0,-5.02010468076664,decoy,SP
CHEMBL5560836,0,-3.16541917696041,decoy,HTVS
CHEMBL5560889,0,-1.71811143013355,decoy,HTVS
CHEMBL5560916,0,-4.96930256074797,decoy,SP
CHEMBL5561178,0,-3.61798886216759,decoy,SP
CHEMBL5561224,0,-3.47056332096415,decoy,HTVS
CHEMBL5561279,0,-2.74067600427662,decoy,HTVS
CHEMBL5560870,0,-2.42477433944583,decoy,HTVS
CHEMBL4540913,0,-4.90592040345716,decoy,SP
CHEMBL1744351,0,-5.35565021923126,decoy,SP
CHEMBL552668,0,-5.6775244982008,decoy,SP
CHEMBL543893,0,0.432624931800203,decoy,HTVS
CHEMBL4104407,0,-3.22551009096832,decoy,HTVS
CHEMBL1800279,0,-1.96427300888842,decoy,HTVS
CHEMBL1800940,0,-3.10759103538277,decoy,HTVS
CHEMBL1800944,0,-3.31487385826016,decoy,HTVS
CHEMBL4215716,0,-4.67200180507205,decoy,SP
CHEMBL4215746,0,-3.82564294718346,decoy,SP
CHEMBL4215947,0,-5.6393757167948,decoy,SP
CHEMBL3655089,0,-2.8305943972877,decoy,HTVS
CHEMBL3655100,0,-5.74673325704432,decoy,SP
CHEMBL3986184,0,-4.05702184790798,decoy,SP
CHEMBL3986515,0,-5.4029105776496,decoy,SP
CHEMBL3986740,0,-2.50778049098789,decoy,HTVS
CHEMBL3986866,0,-3.26924591349122,decoy,HTVS
CHEMBL86287,0,-3.44962588942825,decoy,HTVS
CHEMBL85546,0,-4.82516913164828,decoy,SP
CHEMBL5560690,0,-4.81708866392832,decoy,SP
CHEMBL5560935,0,-4.20654897831514,decoy,SP
CHEMBL5561013,0,-4.81497127038217,decoy,SP
CHEMBL5561340,0,-3.52669021748706,decoy,HTVS
CHEMBL5561629,0,-4.23210588659059,decoy,SP
CHEMBL4541081,0,-3.61898894283244,decoy,SP
CHEMBL2358958,0,-4.18606579631023,decoy,SP
CHEMBL2359018,0,-5.61752809161795,decoy,SP
CHEMBL2359302,0,-2.5877178412338,decoy,HTVS
CHEMBL2359865,0,-4.66537777092218,decoy,SP
CHEMBL2360008,0,-1.77221693546443,decoy,HTVS
CHEMBL1977445,0,-4.23963991401616,decoy,SP
CHEMBL1977935,0,-3.99643015238951,decoy,SP
CHEMBL1714443,0,-2.76250500644217,decoy,HTVS
CHEMBL1714652,0,-3.10680599992862,decoy,HTVS
CHEMBL1714782,0,-3.11839213190085,decoy,HTVS
CHEMBL1714875,0,-3.87116893269463,decoy,SP
CHEMBL1714909,0,-3.54647872039882,decoy,HTVS
CHEMBL1715055,0,-3.95542793232057,decoy,SP
CHEMBL1715078,0,-4.80453925094298,decoy,SP
CHEMBL1715122,0,-5.89510262811342,decoy,SP
CHEMBL1715124,0,-2.73143915058651,decoy,HTVS
CHEMBL1715167,0,-2.86532855501607,decoy,HTVS
CHEMBL1715171,0,-2.69474101549902,decoy,HTVS
CHEMBL1715317,0,-3.5103211243267,decoy,HTVS
CHEMBL1715326,0,-3.16040409936723,decoy,HTVS
CHEMBL1715411,0,-4.80786482736819,decoy,SP
CHEMBL3350477,0,-2.80318052042449,decoy,HTVS
CHEMBL3350552,0,-3.02108026635649,decoy,HTVS
CHEMBL3350580,0,-3.20882920479611,decoy,HTVS
CHEMBL3350659,0,-2.5066739399394,decoy,HTVS
CHEMBL3350999,0,-3.7264156771343,decoy,SP
CHEMBL2286315,0,-0.90353270376776,decoy,HTVS
CHEMBL2286320,0,-2.9543272484089,decoy,HTVS
CHEMBL1797978,0,-2.48862427753457,decoy,HTVS
CHEMBL4215519,0,-2.63554731486337,decoy,HTVS
CHEMBL3338115,0,-1.57601055301707,decoy,HTVS
CHEMBL85750,0,-0.459799611061753,decoy,HTVS
CHEMBL85924,0,-2.53887705320731,decoy,HTVS
CHEMBL5560582,0,-4.08857119790374,decoy,SP
CHEMBL5561058,0,-2.92924894610121,decoy,HTVS
CHEMBL5561186,0,-4.58910981159214,decoy,SP
CHEMBL2359261,0,-4.01415765479024,decoy,SP
CHEMBL2359420,0,-3.21606025871796,decoy,HTVS
CHEMBL2359548,0,-2.95864029670729,decoy,HTVS
CHEMBL2359768,0,-1.37539265107888,decoy,HTVS
CHEMBL2359921,0,-3.38467655376609,decoy,SP
CHEMBL1977585,0,-3.10865627819329,decoy,HTVS
CHEMBL1714508,0,-3.12578478838067,decoy,HTVS
CHEMBL1714727,0,-2.92316015577302,decoy,HTVS
CHEMBL1715186,0,-2.29931614438013,decoy,HTVS
CHEMBL1715519,0,-1.20175244346983,decoy,HTVS
CHEMBL2287023,0,-2.6932380589334,decoy,HTVS
CHEMBL1742336,0,-2.34805247260357,decoy,HTVS
CHEMBL1713388,0,-4.04651605286332,decoy,SP
CHEMBL1713588,0,-2.99991244713123,decoy,HTVS
CHEMBL1713632,0,-4.57903791508211,decoy,SP
CHEMBL1713794,0,-2.41710493481142,decoy,HTVS
CHEMBL1713863,0,-5.83118755985442,decoy,SP
CHEMBL1714111,0,-2.04154523149657,decoy,HTVS
CHEMBL1714123,0,-2.61568586195988,decoy,HTVS
CHEMBL1714225,0,-1.44386627186596,decoy,HTVS
CHEMBL1714354,0,-2.27295808881703,decoy,HTVS
CHEMBL556022,0,-5.98297798295333,decoy,SP
CHEMBL555764,0,-4.13976128047564,decoy,SP
CHEMBL543420,0,-5.1275597159638,decoy,SP
CHEMBL1762697,0,-3.41304508152743,decoy,HTVS
CHEMBL4104472,0,-5.52919714178752,decoy,SP
CHEMBL4104785,0,-5.15034045742185,decoy,SP
CHEMBL4105247,0,-3.33354806091876,decoy,HTVS
CHEMBL1797988,0,-3.00378358413293,decoy,SP
CHEMBL1797999,0,-2.55649226062252,decoy,HTVS
CHEMBL1798065,0,-2.1342298346342,decoy,HTVS
CHEMBL1798074,0,-1.81652625878691,decoy,HTVS
CHEMBL1800473,0,-3.4798990953395,decoy,HTVS
CHEMBL1800790,0,-5.03730069490426,decoy,SP
CHEMBL4214992,0,-3.26420561076125,decoy,HTVS
CHEMBL4215028,0,-2.47634504386779,decoy,HTVS
CHEMBL4215182,0,-2.37630922554431,decoy,HTVS
CHEMBL4215186,0,-5.072341582255,decoy,SP
CHEMBL4215288,0,-3.5495715901372,decoy,HTVS
CHEMBL4215294,0,-2.76045166776977,decoy,HTVS
CHEMBL4215318,0,-1.46099293002199,decoy,HTVS
CHEMBL5561259,0,-5.76819998560278,decoy,SP
CHEMBL1744317,0,-1.10842042383686,decoy,HTVS
CHEMBL1744371,0,-3.53224595479648,decoy,HTVS
CHEMBL1713485,0,-2.79578619278642,decoy,HTVS
CHEMBL1713807,0,-3.37366163531287,decoy,HTVS
CHEMBL1714403,0,-3.11946613069487,decoy,HTVS
CHEMBL3609906,0,-2.08111292969273,decoy,HTVS
CHEMBL554963,0,-4.18282686962914,decoy,SP
CHEMBL542696,0,-4.18625701231526,decoy,SP
CHEMBL554858,0,-2.11074463512256,decoy,HTVS
CHEMBL543174,0,-5.92999576106287,decoy,SP
CHEMBL1762704,0,-4.94671397266195,decoy,SP
CHEMBL1765660,0,-1.38966816001774,decoy,HTVS
CHEMBL4104195,0,-5.46965534487188,decoy,SP
CHEMBL4104197,0,-1.81510337611412,decoy,HTVS
CHEMBL4104312,0,-3.30337353834353,decoy,HTVS
CHEMBL4104507,0,-2.92210906193336,decoy,HTVS
CHEMBL4105147,0,-3.32078049431074,decoy,SP
CHEMBL1798061,0,-1.37730273314423,decoy,HTVS
CHEMBL1798076,0,-2.57315676210679,decoy,HTVS
CHEMBL1798082,0,-1.77147479119436,decoy,HTVS
CHEMBL1801073,0,-2.56855763532337,decoy,HTVS
CHEMBL1801074,0,-2.11809815918414,decoy,HTVS
CHEMBL4214748,0,-2.93368381416018,decoy,HTVS
CHEMBL4214847,0,-2.46904776717709,decoy,HTVS
CHEMBL4214850,0,-1.57194074851119,decoy,HTVS
CHEMBL4215518,0,-4.43417676172257,decoy,SP
CHEMBL4215628,0,-3.45544357186299,decoy,HTVS
CHEMBL4215805,0,-1.92702644572991,decoy,HTVS
CHEMBL3639532,0,-3.31465016589393,decoy,HTVS
CHEMBL3654368,0,-3.39066187959312,decoy,HTVS
CHEMBL3654375,0,-3.26182207281469,decoy,HTVS
CHEMBL3654496,0,-4.05319556556196,decoy,SP
CHEMBL3654592,0,-6.52878482923286,decoy,SP
CHEMBL3654613,0,-5.02353586423039,decoy,SP
CHEMBL3654641,0,-5.72998565417066,decoy,SP
CHEMBL3654642,0,-5.7670374660946,decoy,SP
CHEMBL3654643,0,-5.65875507757528,decoy,SP
CHEMBL3654647,0,-5.58588118893604,decoy,SP
CHEMBL3654649,0,-5.32872000419082,decoy,SP
CHEMBL3654653,0,-1.90624005545991,decoy,HTVS
CHEMBL3654657,0,-5.35024427729283,decoy,SP
CHEMBL3654663,0,-5.14819281228302,decoy,SP
CHEMBL3654665,0,-6.69703078873018,decoy,SP
CHEMBL3338127,0,-2.02366059199933,decoy,HTVS
CHEMBL3338154,0,-4.44770750271964,decoy,SP
CHEMBL3338606,0,-2.82586493540591,decoy,HTVS
CHEMBL3338607,0,-3.13603024333235,decoy,HTVS
CHEMBL4105151,0,-6.17230380450779,decoy,SP
CHEMBL4541400,0,-3.30359713104303,decoy,HTVS
CHEMBL1762692,0,-2.91055503720015,decoy,HTVS
CHEMBL4104315,0,-3.15569849234322,decoy,HTVS
CHEMBL4104581,0,-3.00309035179609,decoy,HTVS
CHEMBL4104954,0,-2.51464312128908,decoy,HTVS
CHEMBL1797982,0,-1.53111926788883,decoy,HTVS
CHEMBL4215499,0,-2.77954685224606,decoy,HTVS
CHEMBL3985465,0,-2.07216260225901,decoy,HTVS
CHEMBL3985689,0,-6.44082282415653,decoy,SP
CHEMBL3985968,0,-4.81224677178223,decoy,SP
CHEMBL5560460,0,-4.37627362174048,decoy,SP
CHEMBL5560564,0,-4.4898346107521,decoy,SP
CHEMBL5560650,0,-4.89935195938589,decoy,SP
CHEMBL5561158,0,-3.41344861363672,decoy,HTVS
CHEMBL5561424,0,-3.55997758960404,decoy,HTVS
CHEMBL5561509,0,-4.27165507183947,decoy,SP
CHEMBL4540377,0,-3.17795168138313,decoy,HTVS
CHEMBL3719320,0,-4.399614075116,decoy,SP
CHEMBL2359191,0,-2.78207162894596,decoy,HTVS
CHEMBL2359297,0,-2.54205959845323,decoy,HTVS
CHEMBL2359428,0,-2.56276021637129,decoy,HTVS
CHEMBL2359918,0,-4.81354260252529,decoy,SP
CHEMBL2359927,0,-1.25988980245185,decoy,HTVS
CHEMBL1977748,0,-3.16246155158424,decoy,HTVS
CHEMBL3353396,0,-4.42479228985817,decoy,SP
CHEMBL3353399,0,-3.31074896115512,decoy,HTVS
CHEMBL3353400,0,-5.33087489863304,decoy,SP
CHEMBL3353402,0,-4.68375995200894,decoy,SP
CHEMBL3608559,0,-5.77296110168562,decoy,SP
CHEMBL3608654,0,-1.97255458492081,decoy,HTVS
CHEMBL3608744,0,-5.87869359324375,decoy,SP
CHEMBL3608745,0,-6.95320111925727,decoy,SP
CHEMBL544111,0,-2.99822261832969,decoy,HTVS
CHEMBL544124,0,-5.70324709907372,decoy,SP
CHEMBL544589,0,-3.45661469445785,decoy,HTVS
CHEMBL1762549,0,-4.6990131730974,decoy,SP
CHEMBL1762633,0,-5.81700499334304,decoy,SP
CHEMBL1762691,0,-3.18991863391723,decoy,HTVS
CHEMBL1765384,0,-2.65569551802372,decoy,HTVS
CHEMBL1765453,0,-3.20378927496105,decoy,HTVS
CHEMBL1765818,0,-2.75306609888567,decoy,HTVS
CHEMBL4104319,0,1.05109779810343,decoy,HTVS
CHEMBL4104450,0,-5.10431813282847,decoy,SP
CHEMBL4104494,0,-3.0461773531001,decoy,HTVS
CHEMBL5560563,0,-2.91662577226875,decoy,HTVS
CHEMBL5561690,0,-3.42241478891345,decoy,HTVS
CHEMBL1714470,0,-2.74797364632619,decoy,HTVS
CHEMBL1714949,0,-3.05940157378966,decoy,HTVS
CHEMBL1744406,0,-1.86177681116508,decoy,HTVS
CHEMBL3654590,0,-6.000756947731,decoy,SP
CHEMBL3654624,0,-5.36362862421688,decoy,SP
CHEMBL3654625,0,-5.86079360303406,decoy,SP
CHEMBL3654626,0,-5.70605352767405,decoy,SP
CHEMBL3338096,0,-1.66055220845948,decoy,HTVS
CHEMBL3338101,0,-1.94197980113268,decoy,HTVS
CHEMBL3338102,0,-2.41657738634479,decoy,HTVS
CHEMBL3338103,0,-2.58821906741069,decoy,HTVS
CHEMBL3338105,0,-2.43057532852174,decoy,HTVS
CHEMBL3338106,0,-1.78104546014186,decoy,HTVS
CHEMBL3338110,0,-1.63187322881136,decoy,HTVS
CHEMBL3338111,0,-2.26601762914594,decoy,HTVS
CHEMBL3338118,0,-1.10191949789161,decoy,HTVS
CHEMBL3338130,0,-2.58395340434691,decoy,HTVS
CHEMBL4541527,0,-3.18553037441009,decoy,HTVS
CHEMBL2359497,0,-2.00080510727724,decoy,HTVS
CHEMBL1765682,0,-3.4902393658317,decoy,SP
CHEMBL1766060,0,-2.95792872273025,decoy,HTVS
CHEMBL1766061,0,-4.17985045521982,decoy,SP
CHEMBL4104409,0,-3.14633857074211,decoy,HTVS
CHEMBL4104797,0,-5.02897250634493,decoy,SP
CHEMBL4105225,0,-4.56365955934432,decoy,SP
CHEMBL4105534,0,-4.49654798715425,decoy,SP
CHEMBL1798066,0,-1.15975736767173,decoy,HTVS
CHEMBL1800319,0,-0.76644236582019,decoy,HTVS
CHEMBL1800791,0,-3.5633319278366,decoy,HTVS
CHEMBL1800950,0,-4.82510701437882,decoy,SP
CHEMBL1801047,0,-2.82550796469375,decoy,HTVS
CHEMBL1801050,0,-2.53206536854491,decoy,HTVS
CHEMBL1801051,0,-3.23116597593648,decoy,HTVS
CHEMBL1801088,0,-5.0615575992548,decoy,SP
CHEMBL1801089,0,-5.17461361283567,decoy,SP
CHEMBL1801153,0,-4.49621601159787,decoy,SP
CHEMBL4214857,0,-3.47926971365599,decoy,HTVS
CHEMBL4214862,0,-3.00735873890277,decoy,HTVS
CHEMBL4214975,0,-4.95759820462466,decoy,SP
CHEMBL4214994,0,-2.6099148100183,decoy,HTVS
CHEMBL4215130,0,-2.60749758857478,decoy,HTVS
CHEMBL4215229,0,-3.0599867662541,decoy,HTVS
CHEMBL4215257,0,-6.99516491367104,decoy,SP
CHEMBL4215287,0,-2.22590809423593,decoy,HTVS
CHEMBL4215376,0,-3.33467271007701,decoy,HTVS
CHEMBL4215466,0,-1.68807790727575,decoy,HTVS
CHEMBL4215558,0,-2.3056309240578,decoy,HTVS
CHEMBL4215727,0,-2.61662726882059,decoy,HTVS
CHEMBL4215730,0,-3.56306580358201,decoy,HTVS
CHEMBL4215846,0,-4.65653805265326,decoy,SP
CHEMBL4215918,0,-3.35600804802334,decoy,HTVS
CHEMBL4215989,0,-3.74399101366292,decoy,SP
CHEMBL3338109,0,-2.41019187472846,decoy,HTVS
CHEMBL2360046,0,-4.21452392799595,decoy,SP
CHEMBL2360074,0,-3.11011062821686,decoy,HTVS
CHEMBL1713694,0,-0.872451028425519,decoy,HTVS
CHEMBL1714068,0,-2.94446875110664,decoy,HTVS
CHEMBL1714100,0,-1.73600479823314,decoy,HTVS
CHEMBL1714398,0,-3.11021369110488,decoy,HTVS
CHEMBL545043,0,-2.9548923157425,decoy,HTVS
CHEMBL4105504,0,-2.62986665662793,decoy,HTVS
CHEMBL1801052,0,-2.63345648192954,decoy,HTVS
CHEMBL1801072,0,-2.55485421235056,decoy,HTVS
CHEMBL1801077,0,-2.63512535393708,decoy,HTVS
CHEMBL1801083,0,-1.33888974333014,decoy,HTVS
CHEMBL1801163,0,-1.73088688579132,decoy,HTVS
CHEMBL4214793,0,-1.38028611321173,decoy,HTVS
CHEMBL4215270,0,-4.07051701781594,decoy,SP
CHEMBL4215286,0,-4.11033819495663,decoy,SP
CHEMBL4215423,0,-3.32611823126112,decoy,HTVS
CHEMBL4215990,0,-3.49431680101138,decoy,HTVS
CHEMBL3654363,0,-3.43010638381978,decoy,HTVS
CHEMBL3654560,0,-6.56106914001545,decoy,SP
CHEMBL3654564,0,-5.38487532133396,decoy,SP
CHEMBL3654582,0,-4.91481307862776,decoy,SP
CHEMBL3654593,0,-5.82775649621057,decoy,SP
CHEMBL3654603,0,-6.72190891251472,decoy,SP
CHEMBL3654610,0,-5.43245567249577,decoy,SP
CHEMBL3655384,0,-4.14707380084745,decoy,SP
CHEMBL3338091,0,-1.93408860975099,decoy,HTVS
CHEMBL3338092,0,-2.27732679792587,decoy,HTVS
CHEMBL3338093,0,-1.87694219277487,decoy,HTVS
CHEMBL3338097,0,-2.78158089237025,decoy,HTVS
CHEMBL3338098,0,-2.18316031074109,decoy,HTVS
CHEMBL3338099,0,-1.51269425542582,decoy,HTVS
CHEMBL3338100,0,-2.09433059680684,decoy,HTVS
CHEMBL3337462,0,-2.91866766389404,decoy,HTVS
CHEMBL3338107,0,-2.17228085097693,decoy,HTVS
CHEMBL3338108,0,-2.53428318132297,decoy,HTVS
CHEMBL3338132,0,-1.74255903372994,decoy,HTVS
CHEMBL3985395,0,-4.43830654082133,decoy,SP
CHEMBL3985420,0,-2.46293356128862,decoy,HTVS
CHEMBL3985496,0,-4.79939618429939,decoy,SP
CHEMBL3985590,0,-2.75975644797357,decoy,HTVS
CHEMBL3985672,0,-3.38748255960891,decoy,HTVS
CHEMBL3985769,0,-2.86617050502774,decoy,HTVS
CHEMBL3986033,0,-6.24644150827524,decoy,SP
CHEMBL3986046,0,-4.706179397521,decoy,SP
CHEMBL3986147,0,-4.58601001192287,decoy,SP
CHEMBL3986185,0,-6.64966814775048,decoy,SP
CHEMBL3986331,0,-2.30646890247782,decoy,HTVS
CHEMBL3986337,0,-3.61159565448817,decoy,SP
CHEMBL5561223,0,-5.55223446793598,decoy,SP
CHEMBL4215386,0,-1.81935174276693,decoy,HTVS
CHEMBL3986076,0,-2.58980547764167,decoy,HTVS
CHEMBL5560941,0,-5.56662613624068,decoy,SP
CHEMBL5561187,0,-3.15354772070552,decoy,HTVS
CHEMBL5561254,0,-5.66555032809332,decoy,SP
CHEMBL4540442,0,-3.35084602857576,decoy,HTVS
CHEMBL1977688,0,-2.53444199497195,decoy,HTVS
CHEMBL1713393,0,-1.28503000181427,decoy,HTVS
CHEMBL1762702,0,-4.92772284549841,decoy,SP
CHEMBL1765661,0,-1.57679866384368,decoy,HTVS
CHEMBL4104839,0,-1.96570018354875,decoy,HTVS
CHEMBL4105123,0,-5.6121117949107,decoy,SP
CHEMBL4105133,0,-2.51809648846083,decoy,HTVS
CHEMBL1798008,0,-5.00050932143396,decoy,SP
CHEMBL1800214,0,-1.30292211938431,decoy,HTVS
CHEMBL4215332,0,-3.24411375034332,decoy,HTVS
CHEMBL4215948,0,-2.7906233322563,decoy,HTVS
CHEMBL4215964,0,-2.1807926119168,decoy,HTVS
CHEMBL3338449,0,-2.78745726349675,decoy,HTVS
CHEMBL3338450,0,-2.66066537514111,decoy,HTVS
CHEMBL3985607,0,-2.78447530582432,decoy,HTVS
CHEMBL3986050,0,-5.90320684297985,decoy,SP
CHEMBL3986818,0,-1.60973024760407,decoy,HTVS
CHEMBL5560411,0,-3.19833452564316,decoy,HTVS
CHEMBL5560846,0,-3.36263229712947,decoy,HTVS
CHEMBL5560987,0,-2.85638963125312,decoy,HTVS
CHEMBL5561170,0,-3.04402529049391,decoy,HTVS
CHEMBL5561381,0,-2.24990927082965,decoy,HTVS
CHEMBL5561636,0,-2.37459171005117,decoy,HTVS
CHEMBL4540394,0,-3.28589945149292,decoy,HTVS
CHEMBL2359730,0,-1.71577891953339,decoy,HTVS
CHEMBL3350613,0,-3.46321645811774,decoy,HTVS
CHEMBL3350698,0,-1.58805404610208,decoy,HTVS
CHEMBL1744053,0,-1.47160300006008,decoy,HTVS
CHEMBL1713354,0,-3.46106096618071,decoy,HTVS
CHEMBL1713362,0,-2.91866429125774,decoy,HTVS
CHEMBL1713517,0,-2.15195447890203,decoy,HTVS
CHEMBL1713563,0,-2.49876497113861,decoy,HTVS
CHEMBL1713710,0,-5.20159175082235,decoy,SP
CHEMBL1713825,0,-2.95757481991647,decoy,HTVS
CHEMBL1714194,0,-1.26447934168898,decoy,HTVS
CHEMBL545261,0,-3.34907477114257,decoy,HTVS
CHEMBL555859,0,-2.99196459072582,decoy,HTVS
CHEMBL545262,0,-4.30999038193998,decoy,SP
CHEMBL542689,0,-3.37259194309096,decoy,HTVS
CHEMBL542206,0,-4.1121879979636,decoy,SP
CHEMBL3338090,0,-3.01774538142783,decoy,HTVS
CHEMBL3338113,0,-2.90826238214622,decoy,HTVS
CHEMBL3338117,0,-2.60593534241519,decoy,HTVS
CHEMBL1978177,0,-3.92045828601878,decoy,SP
CHEMBL1715215,0,-3.13310883192415,decoy,HTVS
CHEMBL1713434,0,-1.97519021209278,decoy,HTVS
CHEMBL3608670,0,-4.63658350036634,decoy,SP
CHEMBL555658,0,-4.18508685086759,decoy,SP
CHEMBL1765775,0,-4.57191969877086,decoy,SP
CHEMBL1765779,0,-4.69602932658643,decoy,SP
CHEMBL4105375,0,-5.1855244918017,decoy,SP
CHEMBL1800788,0,-5.0365226126053,decoy,SP
CHEMBL1800789,0,-5.71714256513658,decoy,SP
CHEMBL1800837,0,-3.20854484345693,decoy,HTVS
CHEMBL1800886,0,-2.71872250384635,decoy,HTVS
CHEMBL1800895,0,-4.65978875295926,decoy,SP
CHEMBL4214849,0,-3.18918881034678,decoy,HTVS
CHEMBL4215276,0,-2.67502228968275,decoy,HTVS
CHEMBL4215329,0,-3.08913455647102,decoy,HTVS
CHEMBL4215383,0,-3.38891630453111,decoy,HTVS
CHEMBL4215763,0,-3.25653263892887,decoy,HTVS
CHEMBL4215779,0,-2.71128308416465,decoy,HTVS
CHEMBL3654517,0,-5.90136267190791,decoy,SP
CHEMBL3654535,0,-4.88439399674972,decoy,SP
CHEMBL3654701,0,-5.72744713740389,decoy,SP
CHEMBL3654749,0,-2.44409646918765,decoy,HTVS
CHEMBL3654797,0,-7.12544501280734,decoy,SP
CHEMBL3655320,0,-2.69019875470853,decoy,HTVS
CHEMBL3655329,0,-4.7101487683579,decoy,SP
CHEMBL3655368,0,-4.84845299209193,decoy,SP
CHEMBL3655375,0,-3.20243789625634,decoy,HTVS
CHEMBL3655385,0,-3.34104472392673,decoy,HTVS
CHEMBL3655397,0,-3.6918103933516,decoy,SP
CHEMBL3338121,0,-3.25234530265268,decoy,HTVS
CHEMBL3338126,0,-1.84495256706935,decoy,HTVS
CHEMBL3338134,0,-2.88348803367526,decoy,HTVS
CHEMBL3338135,0,-2.13128225886424,decoy,HTVS
CHEMBL3338350,0,-4.44406211355559,decoy,SP
CHEMBL3338378,0,-3.46014034689738,decoy,HTVS
CHEMBL3338379,0,-3.94554149968195,decoy,SP
CHEMBL3338969,0,-5.29210781277008,decoy,SP
CHEMBL3338972,0,-4.38885797123422,decoy,SP
CHEMBL3338976,0,-3.32119210292414,decoy,HTVS
CHEMBL3338980,0,-3.32268110554628,decoy,HTVS
CHEMBL3339179,0,-4.58427901724895,decoy,SP
CHEMBL3339180,0,-3.28527973860908,decoy,HTVS
CHEMBL3985513,0,-4.81915557968399,decoy,SP
CHEMBL3985603,0,-3.48294053196933,decoy,HTVS
CHEMBL3985919,0,-3.88389671374887,decoy,SP
CHEMBL1765386,0,-2.28675508002212,decoy,HTVS
CHEMBL1765387,0,-2.78824392164653,decoy,HTVS
CHEMBL4104549,0,-5.0903794159375,decoy,SP
CHEMBL4105191,0,-4.14630934997432,decoy,SP
CHEMBL3654448,0,-7.03663535712986,decoy,SP
CHEMBL3654449,0,-6.70518397759261,decoy,SP
CHEMBL3654973,0,-3.21211259433244,decoy,HTVS
CHEMBL3985556,0,-3.15356203155501,decoy,HTVS
CHEMBL3986215,0,-4.13827990397954,decoy,SP
CHEMBL3986253,0,-2.66097152129417,decoy,HTVS
CHEMBL3986416,0,-2.89441202944032,decoy,HTVS
CHEMBL5560478,0,-4.94581038677316,decoy,SP
CHEMBL5560623,0,-4.98640511679924,decoy,SP
CHEMBL5561156,0,-3.55950506532893,decoy,HTVS
CHEMBL2359871,0,-3.17324900570931,decoy,HTVS
CHEMBL1714920,0,-1.44355026593846,decoy,HTVS
CHEMBL1713870,0,-3.2373382484883,decoy,HTVS
CHEMBL1714108,0,-3.09841013189126,decoy,HTVS
CHEMBL3609303,0,-3.29733806261304,decoy,HTVS
CHEMBL3609313,0,-4.59557174397675,decoy,SP
CHEMBL542193,0,-3.1667776215388,decoy,HTVS
CHEMBL1765093,0,-1.81806381784435,decoy,HTVS
CHEMBL1765385,0,-2.63747014039843,decoy,HTVS
CHEMBL1766115,0,-3.51755687244163,decoy,SP
CHEMBL1766123,0,-2.72363271906134,decoy,HTVS
CHEMBL1766126,0,-3.62882145379259,decoy,SP
CHEMBL4104255,0,-4.96240691303416,decoy,SP
CHEMBL4104268,0,-2.38629954731228,decoy,HTVS
CHEMBL4104386,0,-3.4036097844899,decoy,HTVS
CHEMBL4104468,0,-3.17180159628624,decoy,HTVS
CHEMBL4104599,0,-3.2180140496442,decoy,HTVS
CHEMBL4104659,0,-3.19950554523277,decoy,HTVS
CHEMBL4104676,0,-4.6830992270115,decoy,SP
CHEMBL4104716,0,-3.33676587741719,decoy,SP
CHEMBL4104718,0,-1.98976554772059,decoy,HTVS
CHEMBL4104828,0,-1.6023961631338,decoy,HTVS
CHEMBL4104891,0,-3.48678875491589,decoy,SP
CHEMBL4104988,0,-4.40178017778843,decoy,SP
CHEMBL4105044,0,-5.48505246523185,decoy,SP
CHEMBL4105224,0,-4.09699771187542,decoy,SP
CHEMBL4105331,0,-2.64088543817073,decoy,HTVS
CHEMBL4105392,0,-5.00140452138001,decoy,SP
CHEMBL4105440,0,-3.22181149180951,decoy,HTVS
CHEMBL4105500,0,-5.68933154519049,decoy,SP
CHEMBL4105503,0,-6.1884053596144,decoy,SP
CHEMBL1797983,0,-2.9741901807252,decoy,SP
CHEMBL1797984,0,0.650660839527462,decoy,HTVS
CHEMBL1797986,0,-1.69075176244761,decoy,HTVS
CHEMBL1798007,0,-2.15937049395236,decoy,HTVS
CHEMBL1798093,0,-3.24652724579906,decoy,HTVS
CHEMBL3654434,0,-2.92854565874081,decoy,HTVS
CHEMBL3985560,0,-4.55509324216084,decoy,SP
CHEMBL3985863,0,-2.87686124313302,decoy,HTVS
CHEMBL4541248,0,-4.24094892924085,decoy,SP
CHEMBL3714865,0,-4.71397565560191,decoy,SP
CHEMBL3718334,0,-3.15590907107008,decoy,HTVS
CHEMBL2359029,0,-2.5612694369817,decoy,HTVS
CHEMBL1978748,0,-5.50700738778486,decoy,SP
CHEMBL1714439,0,-3.61415202235708,decoy,SP
CHEMBL1715115,0,-5.09582690932926,decoy,SP
CHEMBL2286996,0,-3.73223010317711,decoy,SP
CHEMBL1713921,0,-2.06404921405803,decoy,HTVS
CHEMBL1714140,0,-4.08677599933861,decoy,SP
CHEMBL1765514,0,-3.56720246881476,decoy,HTVS
CHEMBL1765774,0,-4.06721883886169,decoy,SP
CHEMBL1765777,0,-6.26459174439009,decoy,SP
CHEMBL1765778,0,-5.84038840767614,decoy,SP
CHEMBL1765780,0,-5.34814261594621,decoy,SP
CHEMBL1766142,0,-3.55686623382056,decoy,SP
CHEMBL1766143,0,-3.1475772831768,decoy,HTVS
CHEMBL1766144,0,-4.39530605345468,decoy,SP
CHEMBL4104341,0,-3.30693166148122,decoy,HTVS
CHEMBL4104503,0,-5.19883614277564,decoy,SP
CHEMBL4104533,0,-5.1963914431497,decoy,SP
CHEMBL4104622,0,-2.85776788450329,decoy,HTVS
CHEMBL4104729,0,-5.38769793801854,decoy,SP
CHEMBL4104737,0,-2.66238541608976,decoy,HTVS
CHEMBL4104948,0,-6.3410528868998,decoy,SP
CHEMBL4105022,0,-5.09520532638202,decoy,SP
CHEMBL4105182,0,-4.03598931784306,decoy,SP
CHEMBL1798047,0,-3.56973867378914,decoy,HTVS
CHEMBL1798049,0,-3.19639260997335,decoy,HTVS
CHEMBL1798051,0,-3.71363089536193,decoy,SP
CHEMBL1798089,0,-1.6577291736513,decoy,HTVS
CHEMBL1798090,0,-1.8359197111937,decoy,HTVS
CHEMBL1800165,0,-4.36164785870085,decoy,SP
CHEMBL1800166,0,-4.00855855154376,decoy,SP
CHEMBL1800281,0,-1.65236071218334,decoy,HTVS
CHEMBL1800298,0,-4.9797830979836,decoy,SP
CHEMBL1800321,0,-3.29302906825581,decoy,SP
CHEMBL1800503,0,-2.45763416975214,decoy,HTVS
CHEMBL1800822,0,-3.09986505026457,decoy,HTVS
CHEMBL1800824,0,-4.10226272541467,decoy,SP
CHEMBL1800839,0,-3.1369230675935,decoy,HTVS
CHEMBL1801090,0,-4.95471104011576,decoy,SP
CHEMBL4214853,0,-3.24742042791376,decoy,HTVS
CHEMBL4214951,0,-2.77257236461218,decoy,HTVS
CHEMBL4214991,0,-5.84464754620732,decoy,SP
CHEMBL4215051,0,-3.26084783159066,decoy,HTVS
CHEMBL4215088,0,-3.2478004789978,decoy,HTVS
CHEMBL4104180,0,-2.90278249126885,decoy,HTVS
CHEMBL4104504,0,-3.5707212067807,decoy,HTVS
CHEMBL1798101,0,-4.51874236843744,decoy,SP
CHEMBL3985669,0,-2.46228307457356,decoy,HTVS
CHEMBL3985755,0,-4.24773745038408,decoy,SP
CHEMBL5560847,0,-3.13798423470683,decoy,HTVS
CHEMBL4540606,0,-3.33123305798884,decoy,HTVS
CHEMBL3717681,0,-8.21149342398628,decoy,SP
CHEMBL1977982,0,-2.47073878855129,decoy,HTVS
CHEMBL3351013,0,-3.48876653144173,decoy,HTVS
CHEMBL544562,0,-2.59606517174629,decoy,HTVS
CHEMBL3986246,0,-4.62417149431749,decoy,SP
CHEMBL4540871,0,-2.60298001674619,decoy,HTVS
CHEMBL1713703,0,-3.02031269142347,decoy,HTVS
CHEMBL1713775,0,-5.74406868493347,decoy,SP
CHEMBL545057,0,-3.29645715563704,decoy,HTVS
CHEMBL545527,0,-2.69110289796972,decoy,HTVS
CHEMBL1762727,0,-2.92557997196425,decoy,HTVS
CHEMBL4104342,0,-3.34305379783528,decoy,HTVS
CHEMBL4104372,0,-3.56842129759718,decoy,SP
CHEMBL4105304,0,-4.80479176817468,decoy,SP
CHEMBL1801056,0,-3.36413920911404,decoy,HTVS
CHEMBL4214868,0,-4.75541378998373,decoy,SP
CHEMBL4215638,0,-3.48513873021828,decoy,HTVS
CHEMBL3338114,0,-1.37298763913203,decoy,HTVS
CHEMBL3338968,0,-2.81210501309586,decoy,HTVS
CHEMBL3338971,0,-2.36478584329923,decoy,HTVS
CHEMBL3338975,0,-3.13882565341824,decoy,HTVS
CHEMBL3338979,0,-3.10138074307561,decoy,HTVS
CHEMBL3985566,0,-2.89210077943996,decoy,HTVS
CHEMBL3985654,0,-3.37401643332519,decoy,HTVS
CHEMBL3985709,0,-2.69054373119367,decoy,HTVS
CHEMBL3986075,0,-3.12417226515578,decoy,HTVS
CHEMBL3986274,0,-5.20081006673582,decoy,SP
CHEMBL3986324,0,-2.48833030385407,decoy,HTVS
CHEMBL3986453,0,-2.9495907806469,decoy,HTVS
CHEMBL3986505,0,-3.42449880034549,decoy,HTVS
CHEMBL3986615,0,-2.87750810359053,decoy,HTVS
CHEMBL85902,0,-3.55933699304722,decoy,HTVS
CHEMBL83416,0,-3.40820058961583,decoy,HTVS
CHEMBL85664,0,-2.76117169851584,decoy,HTVS
CHEMBL86049,0,-4.06948379934197,decoy,SP
CHEMBL5560343,0,-4.18501580954901,decoy,SP
CHEMBL5560528,0,-3.44080222222164,decoy,HTVS
CHEMBL5560607,0,-2.50683512857939,decoy,HTVS
CHEMBL5560744,0,-2.71652799077529,decoy,HTVS
CHEMBL5560754,0,-3.53425191438405,decoy,HTVS
CHEMBL5560906,0,-4.64601322896049,decoy,SP
CHEMBL5561007,0,-2.28598049365859,decoy,HTVS
CHEMBL5561049,0,-3.35474981782362,decoy,SP
CHEMBL4540349,0,-3.21901510300778,decoy,SP
CHEMBL4540451,0,-3.08615919858213,decoy,HTVS
CHEMBL4540946,0,-2.56589369719006,decoy,HTVS
CHEMBL4541404,0,-3.195437864691,decoy,HTVS
CHEMBL4541413,0,-2.9683929717466,decoy,HTVS
CHEMBL4541670,0,-4.67427866722253,decoy,SP
CHEMBL2359082,0,-2.27452895788789,decoy,HTVS
CHEMBL2359108,0,-2.49114002938265,decoy,HTVS
CHEMBL2359161,0,-3.25327233801574,decoy,HTVS
CHEMBL2359274,0,-3.17723420299593,decoy,HTVS
CHEMBL2359305,0,-1.89064815861484,decoy,HTVS
CHEMBL3655369,0,-4.06873220787371,decoy,SP
CHEMBL3338123,0,-3.39811109432611,decoy,HTVS
CHEMBL4540854,0,-2.67166361173481,decoy,HTVS
CHEMBL3719108,0,-2.62157843443794,decoy,SP
CHEMBL3717475,0,-2.52918012854673,decoy,HTVS
CHEMBL3716655,0,-2.55608564608584,decoy,HTVS
CHEMBL3717337,0,-2.76310278687737,decoy,HTVS
CHEMBL3718418,0,-2.97542360648535,decoy,HTVS
CHEMBL1714705,0,-3.15006461398964,decoy,HTVS
CHEMBL1713591,0,-4.95718230952574,decoy,SP
CHEMBL1713727,0,-3.05543232073964,decoy,HTVS
CHEMBL1762694,0,-5.11255218770752,decoy,SP
CHEMBL1765513,0,-2.56410681929508,decoy,HTVS
CHEMBL1765776,0,-3.29098720948245,decoy,HTVS
CHEMBL1766176,0,-5.13201606676571,decoy,SP
CHEMBL1766177,0,-5.27349553768204,decoy,SP
CHEMBL1766178,0,-4.88679664234905,decoy,SP
CHEMBL1766182,0,-5.48100395214098,decoy,SP
CHEMBL1766185,0,-5.03726297136022,decoy,SP
CHEMBL4104199,0,-4.13348417640796,decoy,SP
CHEMBL4104218,0,-4.79347842835187,decoy,SP
CHEMBL4104331,0,-1.38873215110973,decoy,HTVS
CHEMBL4104404,0,-4.15948709898248,decoy,SP
CHEMBL4104512,0,-4.90773794581237,decoy,SP
CHEMBL4104691,0,-3.82867152394469,decoy,SP
CHEMBL4104723,0,-3.5110486346949,decoy,HTVS
CHEMBL4104780,0,-2.76532589645118,decoy,SP
CHEMBL4105193,0,-3.44971079103373,decoy,HTVS
CHEMBL4105430,0,-2.92203564723472,decoy,SP
CHEMBL4105518,0,-4.69805193108378,decoy,SP
CHEMBL1798040,0,-4.9370156426876,decoy,SP
CHEMBL1800186,0,-2.97942883265759,decoy,HTVS
CHEMBL1800187,0,-1.80609036645406,decoy,HTVS
CHEMBL1800192,0,-2.87922482603204,decoy,HTVS
CHEMBL1800193,0,-2.38057952922994,decoy,HTVS
CHEMBL1800404,0,-2.87806789643374,decoy,HTVS
CHEMBL1800929,0,-4.19075688733778,decoy,SP
CHEMBL1801011,0,-3.29521710094745,decoy,HTVS
CHEMBL1801012,0,-1.84429427631365,decoy,HTVS
CHEMBL1801013,0,-3.29521710094745,decoy,HTVS
CHEMBL4214755,0,-4.04017112741565,decoy,SP
CHEMBL4214878,0,-2.81529731000471,decoy,HTVS
CHEMBL4215008,0,-1.70133254798944,decoy,HTVS
CHEMBL4215027,0,-3.55124638333038,decoy,HTVS
CHEMBL4215047,0,-4.96424989462519,decoy,SP
CHEMBL4215050,0,-3.65368748939617,decoy,SP
CHEMBL4215136,0,-5.32602735957564,decoy,SP
CHEMBL4215146,0,-3.52898145074771,decoy,HTVS
CHEMBL4215183,0,-6.00360141341369,decoy,SP
CHEMBL4215202,0,-2.48982682889832,decoy,HTVS
CHEMBL1743667,0,-6.15279614599091,decoy,SP
CHEMBL545071,0,-5.02727535345174,decoy,SP
CHEMBL3986836,0,-2.48206852206599,decoy,HTVS
CHEMBL5560575,0,-2.93318156253013,decoy,HTVS
CHEMBL5561363,0,-2.54162122246049,decoy,HTVS
CHEMBL1977638,0,-2.1539544886926,decoy,HTVS
CHEMBL1978015,0,-2.37451481805555,decoy,HTVS
CHEMBL1978256,0,-2.50865255389345,decoy,HTVS
CHEMBL1978402,0,-4.88734725804349,decoy,SP
CHEMBL1742450,0,-3.01182206999461,decoy,HTVS
CHEMBL1743668,0,-4.75956893009069,decoy,SP
CHEMBL1743669,0,-6.0095794344259,decoy,SP
CHEMBL1714044,0,-3.27919055248776,decoy,HTVS
CHEMBL3609648,0,-1.76302227223007,decoy,HTVS
CHEMBL554048,0,-2.28948980028143,decoy,HTVS
CHEMBL542664,0,-2.94170500683831,decoy,HTVS
CHEMBL544080,0,-3.12549105433427,decoy,HTVS
CHEMBL545046,0,-7.01255158622607,decoy,SP
CHEMBL1765146,0,-2.02045017360682,decoy,HTVS
CHEMBL1765147,0,-1.45036693326188,decoy,HTVS
CHEMBL1765148,0,-1.78579244630336,decoy,HTVS
CHEMBL4104726,0,2.84018329125799,decoy,HTVS
CHEMBL4214779,0,-2.08077333398305,decoy,HTVS
CHEMBL4215842,0,-5.27233918571801,decoy,SP
CHEMBL4215870,0,-1.20098504180083,decoy,HTVS
CHEMBL4215931,0,-4.14905813501191,decoy,SP
CHEMBL3654347,0,-2.42757566429998,decoy,HTVS
CHEMBL3654348,0,-2.7727678589289,decoy,HTVS
CHEMBL3654349,0,-3.1490859472275,decoy,HTVS
CHEMBL3654350,0,-3.5069788579288,decoy,HTVS
CHEMBL3654896,0,-2.31503150204834,decoy,HTVS
CHEMBL3339251,0,-5.01821582662075,decoy,SP
CHEMBL3985773,0,-4.93706296039654,decoy,SP
CHEMBL3986052,0,-4.24889258735588,decoy,SP
CHEMBL3986428,0,-4.85089663716122,decoy,SP
CHEMBL314855,0,-3.54349618234977,decoy,HTVS
CHEMBL313942,0,-5.39288817792312,decoy,SP
CHEMBL86291,0,-3.37780445510688,decoy,HTVS
CHEMBL85684,0,-2.55954211128596,decoy,HTVS
CHEMBL82044,0,-1.97205341665118,decoy,HTVS
CHEMBL86115,0,-2.84063053066371,decoy,HTVS
CHEMBL85149,0,-6.79780619832862,decoy,SP
CHEMBL86157,0,-1.85396759191633,decoy,HTVS
CHEMBL85225,0,-3.50364026996609,decoy,HTVS
CHEMBL315946,0,-2.45598192023205,decoy,HTVS
CHEMBL85265,0,-2.54946843774122,decoy,HTVS
CHEMBL85318,0,-2.33763033451439,decoy,HTVS
CHEMBL86130,0,-2.24923196129751,decoy,HTVS
CHEMBL315830,0,-3.44344676973295,decoy,HTVS
CHEMBL83520,0,-6.56535716305182,decoy,SP
CHEMBL1714327,0,-2.49265658900751,decoy,HTVS
CHEMBL4105183,0,-2.78076550458029,decoy,HTVS
CHEMBL3985936,0,-2.7281875511762,decoy,HTVS
CHEMBL85418,0,-2.50843384289389,decoy,HTVS
CHEMBL2359885,0,-3.11188089966852,decoy,HTVS
CHEMBL2359946,0,0.345952475294726,decoy,HTVS
CHEMBL3351039,0,-6.04717590320846,decoy,SP
CHEMBL1743596,0,-4.4789896189888,decoy,SP
CHEMBL3608751,0,-6.30489044106997,decoy,SP
CHEMBL3608752,0,-6.18210405937364,decoy,SP
CHEMBL1762627,0,-3.46261385931587,decoy,HTVS
CHEMBL1762629,0,-2.83450456882564,decoy,HTVS
CHEMBL1762631,0,-3.02575225657921,decoy,HTVS
CHEMBL1762632,0,-4.8534158230357,decoy,SP
CHEMBL4104487,0,-3.17765235376314,decoy,HTVS
CHEMBL4105076,0,-4.77257127544635,decoy,SP
CHEMBL4105079,0,-2.97797681367731,decoy,HTVS
CHEMBL4105414,0,-2.46435412668724,decoy,SP
CHEMBL4214920,0,-2.83018362814956,decoy,HTVS
CHEMBL4215014,0,-5.26429287678709,decoy,SP
CHEMBL4215198,0,-5.05374003539082,decoy,SP
CHEMBL4215591,0,-4.67871320296239,decoy,SP
CHEMBL3654260,0,-2.92863151162373,decoy,HTVS
CHEMBL3986154,0,-6.16171147660877,decoy,SP
CHEMBL3986282,0,-6.85449866612053,decoy,SP
CHEMBL3986306,0,-5.69042708342049,decoy,SP
CHEMBL3986486,0,-4.4085232760919,decoy,SP
CHEMBL84714,0,-2.56983519218501,decoy,HTVS
CHEMBL5560697,0,-3.39191555817574,decoy,HTVS
CHEMBL4540536,0,-2.00289891005019,decoy,HTVS
CHEMBL2359654,0,-2.74567376459734,decoy,HTVS
CHEMBL2360018,0,-2.12854656361263,decoy,HTVS
CHEMBL1978168,0,-2.60949575276437,decoy,HTVS
CHEMBL1714673,0,-3.41896108327609,decoy,HTVS
CHEMBL1714849,0,-2.30228713104331,decoy,HTVS
CHEMBL1715008,0,-2.86234100199813,decoy,SP
CHEMBL1715062,0,-1.73108010871459,decoy,HTVS
CHEMBL1715254,0,-2.313359220346,decoy,HTVS
CHEMBL3353051,0,-3.50966609233256,decoy,HTVS
CHEMBL3353052,0,-5.04394622633012,decoy,SP
CHEMBL2286605,0,-1.27590850536932,decoy,HTVS
CHEMBL1742014,0,-3.49404116886692,decoy,HTVS
CHEMBL1742101,0,-3.0770750026323,decoy,HTVS
CHEMBL1742952,0,-3.49404116886692,decoy,HTVS
CHEMBL1743582,0,-5.27307599913,decoy,SP
CHEMBL1713394,0,-4.43720339257632,decoy,SP
CHEMBL1713505,0,-3.40597483156696,decoy,HTVS
CHEMBL3986406,0,-3.02105417370944,decoy,HTVS
CHEMBL2359476,0,-3.16042747287792,decoy,HTVS
CHEMBL2359819,0,-4.0170778975294,decoy,SP
CHEMBL2359855,0,-0.866998271315193,decoy,HTVS
CHEMBL1714819,0,-3.88042045108166,decoy,SP
CHEMBL1714941,0,-2.42017626174602,decoy,HTVS
CHEMBL1715079,0,-2.13978871069566,decoy,HTVS
CHEMBL1715313,0,-3.42971779723291,decoy,HTVS
CHEMBL1715332,0,-2.55377673225864,decoy,HTVS
CHEMBL1715403,0,-3.09419226174789,decoy,HTVS
CHEMBL1715466,0,-1.60490358640412,decoy,HTVS
CHEMBL1715539,0,-2.57677497334137,decoy,HTVS
CHEMBL1742382,0,-2.61067854578488,decoy,HTVS
CHEMBL1742471,0,-1.97854042298782,decoy,HTVS
CHEMBL1743590,0,-4.08578627509366,decoy,SP
CHEMBL1713489,0,-3.42789757225375,decoy,HTVS
CHEMBL1713757,0,-0.815615883843103,decoy,HTVS
CHEMBL1713803,0,-3.44698928684332,decoy,HTVS
CHEMBL1713862,0,-2.58281529100963,decoy,HTVS
CHEMBL1714127,0,-3.64773416507825,decoy,SP
CHEMBL1714242,0,-5.57767152823349,decoy,SP
CHEMBL1714419,0,-4.00309742583208,decoy,SP
CHEMBL3608758,0,-7.2676722766383,decoy,SP
CHEMBL3609486,0,-2.52855790667725,decoy,HTVS
CHEMBL3609875,0,-0.919665862089712,decoy,HTVS
CHEMBL543633,0,-5.32001674023818,decoy,SP
CHEMBL545045,0,-4.81889627664806,decoy,SP
CHEMBL545510,0,-3.40820058961583,decoy,HTVS
CHEMBL4104606,0,-5.67342285045769,decoy,SP
CHEMBL4104608,0,-2.72770454387757,decoy,HTVS
CHEMBL4105541,0,-3.14370117016842,decoy,HTVS
CHEMBL4215098,0,-3.13440147880873,decoy,HTVS
CHEMBL4215235,0,-3.30878400978658,decoy,HTVS
CHEMBL3654241,0,-3.43915957574538,decoy,HTVS
CHEMBL3654244,0,-2.04141700499376,decoy,HTVS
CHEMBL3654258,0,-3.31973639244637,decoy,HTVS
CHEMBL3654372,0,-2.83327822982221,decoy,HTVS
CHEMBL3985498,0,-2.26134245092198,decoy,HTVS
CHEMBL3985571,0,-5.00188818799418,decoy,SP
CHEMBL3985741,0,-5.18074898289679,decoy,SP
CHEMBL3985909,0,-3.80640572555967,decoy,SP
CHEMBL3985920,0,-4.79430126303241,decoy,SP
CHEMBL3986074,0,-3.14262663439193,decoy,HTVS
CHEMBL3986113,0,-3.36882936279412,decoy,HTVS
CHEMBL3986259,0,-5.17850726780068,decoy,SP
CHEMBL3986415,0,-5.22766310712906,decoy,SP
CHEMBL3986426,0,-4.26572951213924,decoy,SP
CHEMBL3986466,0,-2.31090923467841,decoy,HTVS
CHEMBL4215302,0,-1.53953500750399,decoy,HTVS
CHEMBL3986823,0,-2.65017916932233,decoy,HTVS
CHEMBL2359692,0,-2.79533093849605,decoy,HTVS
CHEMBL1714796,0,-2.05207057854261,decoy,HTVS
CHEMBL3353262,0,-2.69014893233584,decoy,HTVS
CHEMBL3353738,0,-2.12843556058439,decoy,HTVS
CHEMBL3353742,0,-2.65262763807969,decoy,HTVS
CHEMBL3353747,0,-1.51519854730638,decoy,HTVS
CHEMBL1762698,0,-5.64455602145047,decoy,SP
CHEMBL1762701,0,-3.51194895273346,decoy,HTVS
CHEMBL4105187,0,-4.5507011194742,decoy,SP
CHEMBL4105305,0,-0.786473596197293,decoy,HTVS
CHEMBL4105396,0,-5.22680550713847,decoy,SP
CHEMBL1798070,0,1.39190537482251,decoy,HTVS
CHEMBL1798083,0,-2.34667834877221,decoy,HTVS
CHEMBL1800475,0,-1.43682096308939,decoy,HTVS
CHEMBL1800972,0,0.000311732052810249,decoy,HTVS
CHEMBL1800999,0,-0.579249507079266,decoy,HTVS
CHEMBL1801030,0,-1.50873474396541,decoy,HTVS
CHEMBL4215484,0,-2.33188301459702,decoy,HTVS
CHEMBL4216062,0,-4.34943457686354,decoy,SP
CHEMBL4216066,0,-1.99866943942034,decoy,HTVS
CHEMBL3655341,0,-3.13003765125555,decoy,HTVS
CHEMBL3338608,0,-3.39274132441416,decoy,SP
CHEMBL3338609,0,-1.79740609330824,decoy,HTVS
CHEMBL3985613,0,-3.26997989760812,decoy,HTVS
CHEMBL3985717,0,-4.34612729479559,decoy,SP
CHEMBL3986103,0,-3.4491360816001,decoy,HTVS
CHEMBL3986254,0,-2.4582343473706,decoy,HTVS
CHEMBL82791,0,-5.77512772053105,decoy,SP
CHEMBL5561098,0,-2.8965596290638,decoy,HTVS
CHEMBL5561101,0,0.00341200142964149,decoy,HTVS
CHEMBL5561183,0,-5.26259275083008,decoy,SP
CHEMBL4540458,0,-3.08021104591608,decoy,HTVS
CHEMBL4540827,0,-3.8437558988139,decoy,SP
CHEMBL3717973,0,-5.56966472224669,decoy,SP
CHEMBL3716821,0,-5.07801101943845,decoy,SP
CHEMBL3719062,0,-3.61245602240772,decoy,SP
CHEMBL2358939,0,-1.8356624491707,decoy,HTVS
CHEMBL2359197,0,-2.4677412095348,decoy,HTVS
CHEMBL2359826,0,-3.08032571725129,decoy,HTVS
CHEMBL2360003,0,-3.12254346114132,decoy,HTVS
CHEMBL1978027,0,-3.20256397045116,decoy,HTVS
CHEMBL1978133,0,-2.89278880485324,decoy,HTVS
CHEMBL1715276,0,-5.18516212101947,decoy,SP
CHEMBL3353261,0,-2.09274079623316,decoy,HTVS
CHEMBL4104666,0,-3.47341437195164,decoy,HTVS
CHEMBL4104733,0,-3.19549700250314,decoy,HTVS
CHEMBL1797971,0,-3.48266898700669,decoy,HTVS
CHEMBL4215644,0,-2.30697435193337,decoy,HTVS
CHEMBL419304,0,-3.85943633257806,decoy,SP
CHEMBL5560956,0,-2.516073292597,decoy,HTVS
CHEMBL5561378,0,-4.97861791835777,decoy,SP
CHEMBL3716712,0,-2.83634893830481,decoy,HTVS
CHEMBL1978183,0,-2.81575203567427,decoy,HTVS
CHEMBL1978599,0,-4.7791182996608,decoy,SP
CHEMBL3350817,0,-4.22521279668034,decoy,SP
CHEMBL2286986,0,-2.81814638904037,decoy,HTVS
CHEMBL1714101,0,-3.43380955743773,decoy,HTVS
CHEMBL1762720,0,-1.68815323073154,decoy,HTVS
CHEMBL1762721,0,-1.5070315305647,decoy,HTVS
CHEMBL1765511,0,-3.48951507130611,decoy,HTVS
CHEMBL1765512,0,-2.95542880299363,decoy,HTVS
CHEMBL1765764,0,-5.28798457526063,decoy,SP
CHEMBL1765772,0,-5.22488056374125,decoy,SP
CHEMBL1766016,0,-2.84641511514107,decoy,HTVS
CHEMBL1766019,0,-3.02781487727487,decoy,HTVS
CHEMBL1766139,0,-4.30617479088199,decoy,SP
CHEMBL1766147,0,-4.05896872592397,decoy,SP
CHEMBL1766150,0,-4.34220452485658,decoy,SP
CHEMBL4104215,0,-4.46344605821905,decoy,SP
CHEMBL4104278,0,-2.45597257690857,decoy,HTVS
CHEMBL4104365,0,-2.20208636062905,decoy,HTVS
CHEMBL4104458,0,-2.36343880715961,decoy,HTVS
CHEMBL4104728,0,-2.42981876817788,decoy,HTVS
CHEMBL4104818,0,-5.07168848687662,decoy,SP
CHEMBL4104922,0,-5.34627345499427,decoy,SP
CHEMBL4104944,0,-4.81155020636136,decoy,SP
CHEMBL4104947,0,-4.35219059473476,decoy,SP
CHEMBL4104985,0,-2.45621112199943,decoy,HTVS
CHEMBL4105165,0,-2.43782987172775,decoy,HTVS
CHEMBL4105313,0,-4.08893954965827,decoy,SP
CHEMBL4105319,0,-0.742062627871463,decoy,HTVS
CHEMBL4105320,0,-5.14581227047164,decoy,SP
CHEMBL4105364,0,-5.05420605227615,decoy,SP
CHEMBL4105511,0,-3.27485856902886,decoy,HTVS
CHEMBL1797882,0,-3.38831282360176,decoy,HTVS
CHEMBL1797883,0,-3.12751938738374,decoy,HTVS
CHEMBL1797898,0,-2.76040268408288,decoy,HTVS
CHEMBL1797928,0,-4.43887413370409,decoy,SP
CHEMBL1797953,0,-3.38690208926057,decoy,SP
CHEMBL1797974,0,-4.30196393896506,decoy,SP
CHEMBL1800188,0,-2.79358880970379,decoy,HTVS
CHEMBL1800189,0,-1.41660433138154,decoy,HTVS
CHEMBL1800190,0,-2.31163681261284,decoy,HTVS
CHEMBL1800191,0,-2.58787211750303,decoy,HTVS
CHEMBL553529,0,-5.47606336445941,decoy,SP
CHEMBL544338,0,-4.85026200618931,decoy,SP
CHEMBL1801080,0,-2.33657896804574,decoy,HTVS
CHEMBL3654328,0,-2.48257178819492,decoy,HTVS
CHEMBL3654329,0,-2.11385200249815,decoy,HTVS
CHEMBL3654331,0,-2.14455860856036,decoy,HTVS
CHEMBL3654332,0,-2.68242065011363,decoy,HTVS
CHEMBL3654336,0,-2.44747079170695,decoy,HTVS
CHEMBL3654339,0,-3.54173472876733,decoy,HTVS
CHEMBL3654346,0,-2.27814556183156,decoy,HTVS
CHEMBL3654892,0,-1.94587747668424,decoy,HTVS
CHEMBL3654906,0,-3.05556762241788,decoy,HTVS
CHEMBL3654924,0,-2.75802777240909,decoy,HTVS
CHEMBL3654925,0,-2.73898008692314,decoy,HTVS
CHEMBL3338582,0,-4.32167945017735,decoy,SP
CHEMBL3986626,0,-2.60913269825711,decoy,HTVS
CHEMBL85567,0,-3.93105940368482,decoy,SP
CHEMBL86114,0,-3.00311678729325,decoy,HTVS
CHEMBL315699,0,-2.44330502327306,decoy,HTVS
CHEMBL5561055,0,-2.13646720839063,decoy,HTVS
CHEMBL2359061,0,-4.84259219404682,decoy,SP
CHEMBL2359552,0,-5.52735353671837,decoy,SP
CHEMBL2359795,0,-2.15835996061676,decoy,HTVS
CHEMBL2360083,0,-4.52698850775653,decoy,SP
CHEMBL1978009,0,-2.73490544679274,decoy,HTVS
CHEMBL1978676,0,-3.17445193380133,decoy,HTVS
CHEMBL1714745,0,-3.15262078840174,decoy,HTVS
CHEMBL1714987,0,-1.44185788786643,decoy,HTVS
CHEMBL1715043,0,-3.09279735559243,decoy,HTVS
CHEMBL1715094,0,-3.30194550974674,decoy,HTVS
CHEMBL1715197,0,-2.93211808154935,decoy,HTVS
CHEMBL1715242,0,-2.88663196418022,decoy,HTVS
CHEMBL1715289,0,-2.7861088930215,decoy,HTVS
CHEMBL1715292,0,-1.96984225756202,decoy,HTVS
CHEMBL1715420,0,-2.10963459982162,decoy,HTVS
CHEMBL2287020,0,-3.08426834877311,decoy,HTVS
CHEMBL1742100,0,-4.66488094649834,decoy,SP
CHEMBL1744056,0,-5.75241433779042,decoy,SP
CHEMBL1744057,0,-3.06735328448616,decoy,HTVS
CHEMBL1744137,0,-4.40989546409405,decoy,SP
CHEMBL1713385,0,-2.33190100461241,decoy,HTVS
CHEMBL1713438,0,-2.95984242363581,decoy,HTVS
CHEMBL1713572,0,-2.29578922963634,decoy,HTVS
CHEMBL1713607,0,-3.12478794840931,decoy,HTVS
CHEMBL1713759,0,-2.69238731346633,decoy,HTVS
CHEMBL1713923,0,-2.12832728239997,decoy,HTVS
CHEMBL1713946,0,-1.82748009299935,decoy,HTVS
CHEMBL1714185,0,-4.32858830767513,decoy,SP
CHEMBL1714280,0,-2.65835353317874,decoy,HTVS
CHEMBL3985432,0,-3.92487992193696,decoy,SP
CHEMBL1743899,0,-2.2145412647567,decoy,HTVS
CHEMBL1743901,0,-3.85151107278903,decoy,SP
CHEMBL1743922,0,-2.85504186485949,decoy,HTVS
CHEMBL4104200,0,-2.32954099790672,decoy,HTVS
CHEMBL4104241,0,-4.74453633718857,decoy,SP
CHEMBL4104243,0,-5.16984906480994,decoy,SP
CHEMBL4104534,0,-2.7250789991291,decoy,HTVS
CHEMBL1801075,0,-1.7212825055126,decoy,HTVS
CHEMBL3654594,0,-5.20193130690009,decoy,SP
CHEMBL3338615,0,-3.17246013500498,decoy,HTVS
CHEMBL3985611,0,-2.66096798514367,decoy,HTVS
CHEMBL3985743,0,-3.09087747763499,decoy,HTVS
CHEMBL3985829,0,-3.2692890798583,decoy,HTVS
CHEMBL3985856,0,3.5395958057064,decoy,HTVS
CHEMBL3986078,0,-3.0681196908966,decoy,HTVS
CHEMBL3986297,0,-2.59699743444766,decoy,HTVS
CHEMBL3986608,0,-4.78151582281133,decoy,SP
CHEMBL3986685,0,-3.43009979595631,decoy,HTVS
CHEMBL3986734,0,-3.49448358013462,decoy,HTVS
CHEMBL3986777,0,-5.2130990037163,decoy,SP
CHEMBL3986804,0,-4.00688319282713,decoy,SP
CHEMBL86067,0,-5.14293236929108,decoy,SP
CHEMBL83885,0,-2.73443602251098,decoy,HTVS
CHEMBL5560345,0,-2.04395947578361,decoy,HTVS
CHEMBL5560417,0,-2.83764254570973,decoy,HTVS
CHEMBL5560476,0,-2.10951775546636,decoy,HTVS
CHEMBL5560705,0,-1.18256375260299,decoy,HTVS
CHEMBL5561050,0,-4.16760011268485,decoy,SP
CHEMBL5561125,0,-2.98327016100571,decoy,HTVS
CHEMBL5561309,0,-4.50932222079869,decoy,SP
CHEMBL5561686,0,-2.91624083219808,decoy,HTVS
CHEMBL5561696,0,-2.09773374760777,decoy,HTVS
CHEMBL4541621,0,-5.33046188047299,decoy,SP
CHEMBL3717875,0,-3.43892624969945,decoy,HTVS
CHEMBL3714824,0,-2.34601031066872,decoy,HTVS
CHEMBL3717036,0,-3.47934962158504,decoy,HTVS
CHEMBL3716220,0,-5.22155048961616,decoy,SP
CHEMBL2358950,0,-3.02194243408035,decoy,HTVS
CHEMBL2358966,0,-3.29063929542895,decoy,HTVS
CHEMBL2359039,0,-4.29142753749575,decoy,SP
CHEMBL2359049,0,-2.74503990743657,decoy,HTVS
CHEMBL2359103,0,-3.55316259222599,decoy,HTVS
CHEMBL2359184,0,-3.14677778179318,decoy,HTVS
CHEMBL2359194,0,-2.75708307211614,decoy,HTVS
CHEMBL2359251,0,-3.05118797713524,decoy,HTVS
CHEMBL2359459,0,-5.78373731609077,decoy,SP
CHEMBL2359513,0,-4.59293172759587,decoy,SP
CHEMBL2359540,0,-2.51650233260201,decoy,HTVS
CHEMBL4215835,0,-2.11692365793278,decoy,HTVS
CHEMBL3655356,0,-3.00712342713003,decoy,HTVS
CHEMBL3655382,0,-3.50302633352096,decoy,HTVS
CHEMBL4541425,0,-5.15535098383291,decoy,SP
CHEMBL3716894,0,-5.66483345063893,decoy,SP
CHEMBL3715011,0,-4.42053383816537,decoy,SP
CHEMBL3717240,0,-3.5877252296032,decoy,SP
CHEMBL2359604,0,-2.75728104868891,decoy,HTVS
CHEMBL2360056,0,-3.15434769328488,decoy,HTVS
CHEMBL1714602,0,-3.52883571455662,decoy,HTVS
CHEMBL1714895,0,-2.91613601070009,decoy,HTVS
CHEMBL1715045,0,-3.16654365643284,decoy,HTVS
CHEMBL1715179,0,-2.64581232529885,decoy,HTVS
CHEMBL1742258,0,-2.86037185531233,decoy,HTVS
CHEMBL1713857,0,-3.90026140150206,decoy,SP
CHEMBL1714222,0,-3.09223350425351,decoy,HTVS
CHEMBL1714412,0,-2.61483957454051,decoy,HTVS
CHEMBL1762806,0,-2.51571981055321,decoy,HTVS
CHEMBL1765461,0,-5.21894513387117,decoy,SP
CHEMBL1765465,0,-5.43240913749251,decoy,SP
CHEMBL1765621,0,-5.39332498533678,decoy,SP
CHEMBL1765622,0,-5.15258886284126,decoy,SP
CHEMBL1765716,0,-4.28860652339807,decoy,SP
CHEMBL4104406,0,-2.88311708856813,decoy,HTVS
CHEMBL4105066,0,-5.5634908823277,decoy,SP
CHEMBL4105077,0,-4.61548852088742,decoy,SP
CHEMBL4105420,0,-3.10913313104265,decoy,HTVS
CHEMBL4105466,0,-4.5957199220581,decoy,SP
CHEMBL1800238,0,-2.9500050890114,decoy,HTVS
CHEMBL1800296,0,-4.74343073253396,decoy,SP
CHEMBL1800304,0,-4.39732183318861,decoy,SP
CHEMBL1800311,0,-5.04229190629029,decoy,SP
CHEMBL1800504,0,-0.833893484608022,decoy,HTVS
CHEMBL1800653,0,-4.98409780730237,decoy,SP
CHEMBL1800817,0,-4.30974169825233,decoy,SP
CHEMBL1800820,0,-4.9464320468887,decoy,SP
CHEMBL1800825,0,-5.82940212918857,decoy,SP
CHEMBL1800864,0,-4.39282947521461,decoy,SP
CHEMBL4214822,0,-4.50776225827786,decoy,SP
CHEMBL4214872,0,-3.89414857389437,decoy,SP
CHEMBL4214939,0,-3.41557304088919,decoy,HTVS
CHEMBL4215044,0,-3.03720823627065,decoy,HTVS
CHEMBL4215103,0,-2.2487783990758,decoy,HTVS
CHEMBL4215189,0,-2.09589632404628,decoy,HTVS
CHEMBL4215222,0,-3.5002362817051,decoy,HTVS
CHEMBL4215289,0,-2.87810822179848,decoy,HTVS
CHEMBL4215296,0,-3.35327381077322,decoy,HTVS
CHEMBL4215456,0,-2.92727266422262,decoy,HTVS
CHEMBL4215508,0,-1.83078238041174,decoy,HTVS
CHEMBL4215541,0,-5.49114208033872,decoy,SP
CHEMBL1765917,0,-3.4796390865412,decoy,HTVS
CHEMBL82520,0,-4.58386896906558,decoy,SP
CHEMBL4104370,0,-4.5269148611739,decoy,SP
CHEMBL4105213,0,-2.09354058417022,decoy,HTVS
CHEMBL4215190,0,-2.94393842384144,decoy,HTVS
CHEMBL4215440,0,-0.844655978400356,decoy,HTVS
CHEMBL4215487,0,-2.93041825564616,decoy,HTVS
CHEMBL4215581,0,-4.32302573792045,decoy,SP
CHEMBL3338324,0,-1.7964623248978,decoy,HTVS
CHEMBL312245,0,-2.13573743137623,decoy,HTVS
CHEMBL315534,0,-3.53620296941069,decoy,HTVS
CHEMBL5561001,0,-1.53799403569701,decoy,HTVS
CHEMBL4541703,0,-2.65876180904388,decoy,HTVS
CHEMBL2358956,0,-2.38287876554194,decoy,HTVS
CHEMBL2359633,0,-2.48791501667839,decoy,HTVS
CHEMBL2359835,0,-3.83228260565748,decoy,SP
CHEMBL1978638,0,-5.15399480048719,decoy,SP
CHEMBL3350727,0,-2.88483967020535,decoy,HTVS
CHEMBL3350728,0,-0.560298402961222,decoy,HTVS
CHEMBL3350729,0,-0.760212955619628,decoy,HTVS
CHEMBL1742274,0,-2.63363408051493,decoy,HTVS
CHEMBL1742460,0,-3.06984563462585,decoy,HTVS
CHEMBL1742474,0,-5.41419485831505,decoy,SP
CHEMBL1743671,0,-2.7578138630693,decoy,HTVS
CHEMBL1744049,0,-3.48298562544133,decoy,HTVS
CHEMBL1744051,0,-5.69583173961076,decoy,SP
CHEMBL1713696,0,-2.4743927063159,decoy,HTVS
CHEMBL1714373,0,-4.55945172851704,decoy,SP
CHEMBL3609895,0,-3.32702923620449,decoy,HTVS
CHEMBL544781,0,-3.17506998859697,decoy,HTVS
CHEMBL553374,0,-2.56587089041141,decoy,HTVS
CHEMBL545040,0,-2.97057989202967,decoy,HTVS
CHEMBL543631,0,-1.29033092165946,decoy,HTVS
CHEMBL552867,0,-3.63356428098128,decoy,SP
CHEMBL1762793,0,-4.19636887859932,decoy,SP
CHEMBL1765145,0,-2.30597460960758,decoy,HTVS
CHEMBL1765468,0,-4.45497647289764,decoy,SP
CHEMBL1765475,0,-5.30446190678469,decoy,SP
CHEMBL1766140,0,-2.7856692861301,decoy,HTVS
CHEMBL4104220,0,-4.48635658106279,decoy,SP
CHEMBL4104894,0,-5.27930533377306,decoy,SP
CHEMBL4105456,0,-5.38426702774388,decoy,SP
CHEMBL1797915,0,-0.919709660408845,decoy,HTVS
CHEMBL1800183,0,-3.8928498123323,decoy,SP
CHEMBL1800194,0,-2.94587774013293,decoy,HTVS
CHEMBL1800197,0,-1.46308049630407,decoy,HTVS
CHEMBL1800213,0,-1.58687733521133,decoy,HTVS
CHEMBL1800876,0,-3.96946335794278,decoy,SP
CHEMBL1800877,0,-4.36006408298469,decoy,SP
CHEMBL4214845,0,-5.42928874952771,decoy,SP
CHEMBL4104668,0,-4.4864138729776,decoy,SP
CHEMBL4214934,0,-2.39079274897461,decoy,HTVS
CHEMBL4215217,0,-5.77628289085055,decoy,SP
CHEMBL4215387,0,-3.1543788417445,decoy,HTVS
CHEMBL4215917,0,-4.49953353657198,decoy,SP
CHEMBL3654598,0,-4.90840232311712,decoy,SP
CHEMBL3655345,0,-4.72023155389358,decoy,SP
CHEMBL3338706,0,-2.21964872938957,decoy,HTVS
CHEMBL3338712,0,-2.49888236318793,decoy,HTVS
CHEMBL3338714,0,-2.15482173087279,decoy,HTVS
CHEMBL3338796,0,-5.14931012066827,decoy,SP
CHEMBL3337469,0,-3.20568999674555,decoy,HTVS
CHEMBL3338797,0,-3.5686563016729,decoy,HTVS
CHEMBL3985514,0,-3.24550741164056,decoy,HTVS
CHEMBL3985914,0,-3.20513666406457,decoy,HTVS
CHEMBL3986578,0,-2.76352655749148,decoy,HTVS
CHEMBL3986585,0,-6.52744766350013,decoy,SP
CHEMBL5560385,0,-3.41304386017251,decoy,HTVS
CHEMBL5560771,0,-2.94678108339262,decoy,HTVS
CHEMBL5560773,0,-2.43034544015613,decoy,HTVS
CHEMBL5561504,0,-3.1049327661572,decoy,HTVS
CHEMBL4541196,0,-3.1784454702976,decoy,HTVS
CHEMBL3717026,0,-5.51569752643863,decoy,SP
CHEMBL3714990,0,-4.80422194875487,decoy,SP
CHEMBL3719195,0,-3.52148663718243,decoy,HTVS
CHEMBL1978729,0,-3.69759937486025,decoy,SP
CHEMBL3608644,0,-3.08309015712433,decoy,HTVS
CHEMBL3608313,0,-3.33694981389719,decoy,HTVS
CHEMBL3609327,0,-3.49398532381868,decoy,HTVS
CHEMBL3609403,0,-2.16061539548103,decoy,HTVS
CHEMBL3609591,0,-2.82581001984186,decoy,HTVS
CHEMBL553089,0,-4.3995402927172,decoy,SP
CHEMBL1762815,0,-4.84182558643983,decoy,SP
CHEMBL1762816,0,-3.22950513963443,decoy,HTVS
CHEMBL1765091,0,-2.71979868975659,decoy,HTVS
CHEMBL1765180,0,-3.25609390786862,decoy,HTVS
CHEMBL1765428,0,-2.90141187213317,decoy,HTVS
CHEMBL1765557,0,-4.58933343940373,decoy,SP
CHEMBL4104285,0,-3.45200784768076,decoy,HTVS
CHEMBL4104325,0,-3.43307355305377,decoy,HTVS
CHEMBL4104367,0,-3.50115758509375,decoy,HTVS
CHEMBL4104478,0,-2.29972843624722,decoy,HTVS
CHEMBL4104482,0,-2.94281793037751,decoy,HTVS
CHEMBL4104621,0,-4.88191013511793,decoy,SP
CHEMBL4104965,0,-1.00262184791481,decoy,HTVS
CHEMBL4105095,0,-4.31822326450657,decoy,SP
CHEMBL4105099,0,-3.08290297069237,decoy,SP
CHEMBL4105447,0,-2.05098910837144,decoy,HTVS
CHEMBL4105499,0,-5.4343973479858,decoy,SP
CHEMBL4105537,0,-3.0639248307246,decoy,HTVS
CHEMBL1800627,0,-4.29292892367389,decoy,SP
CHEMBL4214810,0,-5.16613487424879,decoy,SP
CHEMBL4214827,0,-6.96646827704744,decoy,SP
CHEMBL4215064,0,-1.98219094870922,decoy,HTVS
CHEMBL4215099,0,-4.18725299965949,decoy,SP
CHEMBL4215184,0,-4.6808209153419,decoy,SP
CHEMBL4215426,0,-3.26593714058517,decoy,HTVS
CHEMBL4215501,0,-5.05520972260736,decoy,SP
CHEMBL4215524,0,-5.61771515402341,decoy,SP
CHEMBL4215548,0,-3.55729867868637,decoy,HTVS
CHEMBL4215588,0,-3.5629707159825,decoy,HTVS
CHEMBL4215622,0,-2.06964271285038,decoy,HTVS
CHEMBL4215674,0,-4.57338960105621,decoy,SP
CHEMBL4215786,0,-3.41126189544737,decoy,HTVS
CHEMBL4215862,0,-2.28174771998648,decoy,HTVS
CHEMBL4215874,0,-2.55251180548447,decoy,HTVS
CHEMBL4215945,0,-2.73354919097856,decoy,HTVS
CHEMBL3654310,0,-3.80194045190955,decoy,SP
CHEMBL3654474,0,-3.53535120295477,decoy,HTVS
CHEMBL3654493,0,-5.61548157916314,decoy,SP
CHEMBL3654526,0,-4.94289877623576,decoy,SP
CHEMBL3654574,0,-4.31568421387244,decoy,SP
CHEMBL3654587,0,-5.81705668048687,decoy,SP
CHEMBL3654607,0,-3.39936740677728,decoy,HTVS
CHEMBL3654608,0,-5.67039491022985,decoy,SP
CHEMBL3654609,0,-5.75936914095425,decoy,SP
CHEMBL3654619,0,-4.97315641830999,decoy,SP
CHEMBL3654947,0,-3.20747780131219,decoy,SP
CHEMBL3655351,0,-4.93390769047061,decoy,SP
CHEMBL3655352,0,-2.19736970720076,decoy,HTVS
CHEMBL3655353,0,-6.80759401914487,decoy,SP
CHEMBL3338029,0,-4.64368819390475,decoy,SP
CHEMBL3338030,0,-3.46217094534216,decoy,HTVS
CHEMBL3338031,0,-3.52470782492759,decoy,HTVS
CHEMBL3338211,0,-2.38389636603006,decoy,HTVS
CHEMBL3338261,0,-3.01998508211877,decoy,HTVS
CHEMBL3338443,0,-2.01805313470329,decoy,HTVS
CHEMBL3338660,0,-2.06438906970932,decoy,HTVS
CHEMBL3338661,0,-2.09201925456916,decoy,HTVS
CHEMBL3338662,0,-2.65182913596896,decoy,HTVS
CHEMBL3338664,0,-3.02694619751279,decoy,HTVS
CHEMBL3338707,0,-2.07082401120198,decoy,HTVS
CHEMBL3338708,0,-1.71037286624603,decoy,HTVS
CHEMBL3338709,0,-2.32534756981688,decoy,HTVS
CHEMBL3338710,0,-0.685567202076065,decoy,HTVS
CHEMBL3338713,0,-1.84787976656917,decoy,HTVS
CHEMBL3986548,0,-5.27684850947093,decoy,SP
CHEMBL1715089,0,-3.05225457457664,decoy,HTVS
CHEMBL1715549,0,-2.43309672068586,decoy,HTVS
CHEMBL1713707,0,-3.32820252884049,decoy,HTVS
CHEMBL4105243,0,-2.92694043036743,decoy,HTVS
CHEMBL1798067,0,-1.04632699913334,decoy,HTVS
CHEMBL1798091,0,-2.05764740832439,decoy,HTVS
CHEMBL1801067,0,-2.51637102878703,decoy,HTVS
CHEMBL1801068,0,-4.31779427574391,decoy,SP
CHEMBL1801069,0,-5.06455880848602,decoy,SP
CHEMBL1801158,0,-4.4642195279894,decoy,SP
CHEMBL1801159,0,-4.15806443023721,decoy,SP
CHEMBL4215226,0,-3.25938489569391,decoy,HTVS
CHEMBL4215579,0,-3.55835994542279,decoy,HTVS
CHEMBL4215685,0,-3.47154110520405,decoy,HTVS
CHEMBL4215854,0,-5.14979811481955,decoy,SP
CHEMBL4216040,0,-3.15564932722012,decoy,HTVS
CHEMBL4216080,0,-5.02364444760961,decoy,SP
CHEMBL4216105,0,-5.17247874181289,decoy,SP
CHEMBL3654361,0,-1.87815559136157,decoy,HTVS
CHEMBL3654436,0,-2.71703355825428,decoy,HTVS
CHEMBL3654438,0,-3.02432620858025,decoy,HTVS
CHEMBL3654477,0,-5.35842424541443,decoy,SP
CHEMBL3654518,0,-6.30499539995677,decoy,SP
CHEMBL3654539,0,-5.80498023028961,decoy,SP
CHEMBL3654557,0,-6.38104075977832,decoy,SP
CHEMBL3654583,0,-5.14158143034388,decoy,SP
CHEMBL3654614,0,-5.62785089735507,decoy,SP
CHEMBL3654684,0,-4.71353853810431,decoy,SP
CHEMBL3654866,0,-5.39698315742894,decoy,SP
CHEMBL3654882,0,-5.99357974803837,decoy,SP
CHEMBL3655325,0,-4.64800055865526,decoy,SP
CHEMBL3655327,0,-4.2611902148721,decoy,SP
CHEMBL3655362,0,-4.28257265139986,decoy,SP
CHEMBL3655379,0,-3.20188834654734,decoy,HTVS
CHEMBL3655392,0,-2.78077925282485,decoy,HTVS
CHEMBL3338139,0,-2.8046734551757,decoy,HTVS
CHEMBL3338207,0,-5.04989481034372,decoy,SP
CHEMBL3338209,0,-2.82712652339942,decoy,HTVS
CHEMBL3338213,0,-4.83259563112235,decoy,SP
CHEMBL3338214,0,-3.97224004798231,decoy,SP
CHEMBL3338262,0,-1.99818350538216,decoy,HTVS
CHEMBL3338393,0,-3.87599770014128,decoy,SP
CHEMBL3338598,0,-3.09009033920359,decoy,HTVS
CHEMBL3339062,0,-3.48046832987564,decoy,HTVS
CHEMBL3985401,0,-3.06347840028562,decoy,HTVS
CHEMBL3985573,0,-2.54855532887875,decoy,HTVS
CHEMBL3985688,0,-6.95520217523218,decoy,SP
CHEMBL3985746,0,-3.50281904733693,decoy,HTVS
CHEMBL3986011,0,-6.02686496266098,decoy,SP
CHEMBL85610,0,-2.85256736380697,decoy,HTVS
CHEMBL1715511,0,-3.41442126891517,decoy,HTVS
CHEMBL543133,0,-3.12267058770015,decoy,HTVS
CHEMBL1798075,0,2.2041573692602,decoy,HTVS
CHEMBL4215626,0,-3.87407165179436,decoy,SP
CHEMBL4215737,0,-2.94187980538602,decoy,HTVS
CHEMBL3985832,0,-1.91015165035343,decoy,HTVS
CHEMBL313309,0,-3.45208531244476,decoy,HTVS
CHEMBL85146,0,-3.33985439334324,decoy,HTVS
CHEMBL313716,0,-0.89258380203033,decoy,HTVS
CHEMBL420966,0,-2.95389808314218,decoy,HTVS
CHEMBL85983,0,-2.77167741102354,decoy,HTVS
CHEMBL87596,0,-2.4584461483526,decoy,HTVS
CHEMBL88013,0,-3.07200640030758,decoy,HTVS
CHEMBL5561603,0,-5.28760967597612,decoy,SP
CHEMBL2358978,0,-2.79122302641319,decoy,HTVS
CHEMBL2359079,0,-3.38868323480142,decoy,HTVS
CHEMBL2359172,0,-2.46801066984428,decoy,HTVS
CHEMBL2359291,0,-4.46611415245741,decoy,SP
CHEMBL2359323,0,-3.82067674088982,decoy,SP
CHEMBL2359829,0,-4.58893557904524,decoy,SP
CHEMBL1714601,0,-1.68983779037809,decoy,HTVS
CHEMBL1714992,0,-2.8523598477658,decoy,HTVS
CHEMBL1715103,0,-4.79566336457012,decoy,SP
CHEMBL1715204,0,-2.19581342721923,decoy,HTVS
CHEMBL1715365,0,-2.67342579297696,decoy,HTVS
CHEMBL1715397,0,-2.77522122903756,decoy,HTVS
CHEMBL1715489,0,-1.76033353192437,decoy,HTVS
CHEMBL1715495,0,-3.3936981574161,decoy,HTVS
CHEMBL2287022,0,-1.8807422867045,decoy,HTVS
CHEMBL1742071,0,-2.7538129525504,decoy,HTVS
CHEMBL1742296,0,-2.65346771178331,decoy,HTVS
CHEMBL1742448,0,-5.39651178736111,decoy,SP
CHEMBL1742461,0,-2.92716759094609,decoy,HTVS
CHEMBL1743904,0,-3.1458269491999,decoy,HTVS
CHEMBL1743906,0,-3.29707954259478,decoy,HTVS
CHEMBL1743907,0,-4.26839576042767,decoy,SP
CHEMBL1743908,0,-3.16561213965312,decoy,HTVS
CHEMBL1743909,0,-3.78849642648601,decoy,SP
CHEMBL1743911,0,-3.40997963338309,decoy,HTVS
CHEMBL1743914,0,-2.40792874644135,decoy,HTVS
CHEMBL1713494,0,-2.89903591613589,decoy,HTVS
CHEMBL1713546,0,-2.03709572328173,decoy,HTVS
CHEMBL1713636,0,-5.00305145939218,decoy,SP
CHEMBL1713651,0,-1.96570517574007,decoy,HTVS
CHEMBL1713815,0,-3.04409552832307,decoy,HTVS
CHEMBL1713827,0,-2.66924719202682,decoy,HTVS
CHEMBL1714013,0,-2.53053771716504,decoy,HTVS
CHEMBL1714061,0,-3.67739587209,decoy,SP
CHEMBL1714066,0,-3.34798651197089,decoy,HTVS
CHEMBL2359983,0,-1.88105258109706,decoy,HTVS
CHEMBL1765783,0,-4.13718904514893,decoy,SP
CHEMBL4104302,0,-2.25073028207751,decoy,HTVS
CHEMBL4104756,0,-4.8537831361669,decoy,SP
CHEMBL4104814,0,-4.28702507735032,decoy,SP
CHEMBL4105116,0,-3.43785756597451,decoy,SP
CHEMBL4105222,0,-2.31123050463576,decoy,HTVS
CHEMBL4214758,0,-1.60269350946331,decoy,HTVS
CHEMBL4214777,0,-2.67456277849984,decoy,HTVS
CHEMBL4214896,0,-2.43230333781912,decoy,HTVS
CHEMBL4215284,0,-2.16480585998734,decoy,HTVS
CHEMBL4215489,0,-4.62796879576909,decoy,SP
CHEMBL4215615,0,-3.54332682131242,decoy,SP
CHEMBL4215688,0,-2.19683668843582,decoy,HTVS
CHEMBL4215710,0,-2.91413800568676,decoy,HTVS
CHEMBL3654468,0,-5.56570650777295,decoy,SP
CHEMBL3654471,0,-6.6549783604228,decoy,SP
CHEMBL3654476,0,-5.82984940544102,decoy,SP
CHEMBL3654485,0,-6.05236210554412,decoy,SP
CHEMBL3654495,0,-5.22145532214478,decoy,SP
CHEMBL3654542,0,-5.21659755783007,decoy,SP
CHEMBL3654740,0,-4.94978543808162,decoy,SP
CHEMBL3654750,0,-4.94956198917403,decoy,SP
CHEMBL3654757,0,-5.72019701380955,decoy,SP
CHEMBL3639536,0,-5.12571922218121,decoy,SP
CHEMBL3654758,0,-6.26269435149044,decoy,SP
CHEMBL3654759,0,-4.79758848124163,decoy,SP
CHEMBL3654762,0,-5.28074942875566,decoy,SP
CHEMBL3654864,0,-5.77250544385552,decoy,SP
CHEMBL3654870,0,-5.6582320759954,decoy,SP
CHEMBL3654876,0,-5.80613747364761,decoy,SP
CHEMBL3985771,0,-2.55503075812897,decoy,HTVS
CHEMBL3986504,0,-2.58355135445098,decoy,HTVS
CHEMBL3986510,0,-2.43907430257134,decoy,HTVS
CHEMBL3986609,0,-2.77308210461624,decoy,HTVS
CHEMBL3986623,0,-4.97244462390341,decoy,SP
CHEMBL3986707,0,-5.0400449754762,decoy,SP
CHEMBL431206,0,-5.55028388741962,decoy,SP
CHEMBL82502,0,-3.30753919055198,decoy,HTVS
CHEMBL446095,0,-2.59989189264014,decoy,HTVS
CHEMBL315943,0,-1.85890220410766,decoy,HTVS
CHEMBL87853,0,-2.09290448475632,decoy,HTVS
CHEMBL5560741,0,-1.83172842825526,decoy,HTVS
CHEMBL5561084,0,-3.03559523256037,decoy,HTVS
CHEMBL5561165,0,-2.36257086778458,decoy,HTVS
CHEMBL5561585,0,-3.52531015050868,decoy,HTVS
CHEMBL5561593,0,-2.93220349814931,decoy,HTVS
CHEMBL4540344,0,-5.16143471817211,decoy,SP
CHEMBL4540658,0,-4.62951833955929,decoy,SP
CHEMBL3338825,0,-1.25050360981753,decoy,HTVS
CHEMBL3985784,0,-5.70688156809868,decoy,SP
CHEMBL3985874,0,-4.48267388630429,decoy,SP
CHEMBL3985965,0,-3.38654497395869,decoy,HTVS
CHEMBL3986123,0,-1.96612946845399,decoy,HTVS
CHEMBL3986199,0,-2.77998656257185,decoy,HTVS
CHEMBL3986509,0,-4.99105287398972,decoy,SP
CHEMBL3986661,0,-1.4193250128104,decoy,HTVS
CHEMBL3986709,0,-4.8164544478885,decoy,SP
CHEMBL84601,0,-5.05292861560793,decoy,SP
CHEMBL313352,0,-3.41175003925348,decoy,HTVS
CHEMBL5560783,0,-2.30359212663679,decoy,HTVS
CHEMBL5561229,0,-3.02435723829939,decoy,SP
CHEMBL5561464,0,-2.8888719522018,decoy,HTVS
CHEMBL5561560,0,-1.34453690397028,decoy,HTVS
CHEMBL4540948,0,-5.11621560889479,decoy,SP
CHEMBL4541022,0,-2.60679942179512,decoy,HTVS
CHEMBL4541170,0,-1.30447830941378,decoy,HTVS
CHEMBL4541336,0,-4.17780424277424,decoy,SP
CHEMBL4541354,0,-4.60013018638833,decoy,SP
CHEMBL4541370,0,-1.37819938499421,decoy,HTVS
CHEMBL4541442,0,-4.25641967781906,decoy,SP
CHEMBL4541499,0,-5.95257207740198,decoy,SP
CHEMBL4541588,0,-2.71656396204849,decoy,HTVS
CHEMBL4541721,0,-0.503503453219711,decoy,HTVS
CHEMBL3716787,0,-4.51990355671129,decoy,SP
CHEMBL3717885,0,-5.1083753169198,decoy,SP
CHEMBL3718152,0,-5.20838057790786,decoy,SP
CHEMBL3715367,0,-5.44086406371841,decoy,SP
CHEMBL3718330,0,-1.67264449053485,decoy,HTVS
CHEMBL3716601,0,-5.43388827654517,decoy,SP
CHEMBL3716023,0,-5.71513323699549,decoy,SP
CHEMBL3716595,0,-6.54044736273949,decoy,SP
CHEMBL3719287,0,-5.99366541662516,decoy,SP
CHEMBL3715976,0,-5.47993584842519,decoy,SP
CHEMBL3717498,0,-4.42162086941067,decoy,SP
CHEMBL3719128,0,-3.95255590475394,decoy,SP
CHEMBL3716998,0,-4.66352916564719,decoy,SP
CHEMBL3716885,0,-4.10108840969465,decoy,SP
CHEMBL3715705,0,-3.21976202122357,decoy,HTVS
CHEMBL3718021,0,-4.52756848095725,decoy,SP
CHEMBL3717125,0,-4.66731379283454,decoy,SP
CHEMBL3717741,0,-3.0969746043009,decoy,HTVS
CHEMBL3716139,0,-3.16834538592226,decoy,HTVS
CHEMBL3715606,0,-2.33453123243735,decoy,HTVS
CHEMBL3717801,0,-5.59387280348697,decoy,SP
CHEMBL3718253,0,-3.08604780993016,decoy,HTVS
CHEMBL3716265,0,-3.84020513613115,decoy,SP
CHEMBL3718155,0,-5.16683736962025,decoy,SP
CHEMBL3715199,0,-3.17879206925219,decoy,HTVS
CHEMBL3986580,0,-3.28698875162234,decoy,HTVS
CHEMBL3717217,0,-1.33800527103966,decoy,HTVS
CHEMBL3715464,0,-0.709042540659914,decoy,HTVS
CHEMBL2359610,0,-3.12455781271205,decoy,HTVS
CHEMBL1714714,0,-3.23677605570488,decoy,HTVS
CHEMBL1715168,0,-3.33638373136727,decoy,HTVS
CHEMBL1713554,0,-3.19336298322478,decoy,HTVS
CHEMBL1713583,0,-4.34656927336807,decoy,SP
CHEMBL1714024,0,-2.98821819010394,decoy,HTVS
CHEMBL3609836,0,-4.85596717431183,decoy,SP
CHEMBL1765619,0,-4.39194597638677,decoy,SP
CHEMBL1765864,0,-2.45027668174839,decoy,HTVS
CHEMBL1766145,0,-4.79588152704199,decoy,SP
CHEMBL4104349,0,-2.59671680505209,decoy,HTVS
CHEMBL4104491,0,-5.0790905816654,decoy,SP
CHEMBL4104545,0,-3.31076787993422,decoy,HTVS
CHEMBL4104595,0,-2.79167164793549,decoy,HTVS
CHEMBL4104596,0,-3.87148183270685,decoy,SP
CHEMBL4104617,0,-3.4734032430582,decoy,HTVS
CHEMBL4104806,0,-3.05937378341125,decoy,HTVS
CHEMBL4105048,0,-3.15900308907917,decoy,HTVS
CHEMBL4105255,0,-5.31571551002818,decoy,SP
CHEMBL4105298,0,-4.23526254310882,decoy,SP
CHEMBL4105301,0,-2.32098440988729,decoy,HTVS
CHEMBL1798048,0,-2.91944324670314,decoy,HTVS
CHEMBL1798052,0,-5.19093081104041,decoy,SP
CHEMBL1798053,0,-5.08212422461716,decoy,SP
CHEMBL1800115,0,-2.79060033563137,decoy,HTVS
CHEMBL1800280,0,-2.35305972365569,decoy,HTVS
CHEMBL1800297,0,-4.86490483361281,decoy,SP
CHEMBL1800778,0,-4.15493271807275,decoy,SP
CHEMBL1800779,0,-4.25675630318511,decoy,SP
CHEMBL1800823,0,-4.34753850204431,decoy,SP
CHEMBL1800826,0,-4.14133570425936,decoy,SP
CHEMBL1800982,0,-2.86568542369764,decoy,HTVS
CHEMBL1801154,0,-2.53196969254786,decoy,HTVS
CHEMBL1801156,0,-4.81446929023793,decoy,SP
CHEMBL1801157,0,-3.51404118031313,decoy,HTVS
CHEMBL4214840,0,-3.48932040789691,decoy,HTVS
CHEMBL4214909,0,-2.73899499926392,decoy,HTVS
CHEMBL4214961,0,-5.41888949522211,decoy,SP
CHEMBL4215002,0,-2.77379240156303,decoy,HTVS
CHEMBL4215153,0,-3.23665090437237,decoy,HTVS
CHEMBL4215452,0,-5.09288305176498,decoy,SP
CHEMBL4215464,0,-3.07905898305156,decoy,HTVS
CHEMBL4215507,0,-2.21516670012587,decoy,HTVS
CHEMBL4215517,0,-2.68844595437857,decoy,HTVS
CHEMBL4215675,0,-2.12618490083026,decoy,HTVS
CHEMBL4215680,0,-3.20440642731224,decoy,HTVS
CHEMBL4215720,0,-3.44348609333085,decoy,HTVS
CHEMBL3338715,0,-3.83826935162259,decoy,SP
CHEMBL3985657,0,-3.52483810667218,decoy,HTVS
CHEMBL3985667,0,-3.08069474805051,decoy,HTVS
CHEMBL3986737,0,-4.66910188653278,decoy,SP
CHEMBL5561489,0,-2.03861121208993,decoy,HTVS
CHEMBL4540566,0,-3.80207950949696,decoy,SP
CHEMBL4541057,0,-2.87275830899533,decoy,HTVS
CHEMBL4541650,0,-5.54672672945052,decoy,SP
CHEMBL3717705,0,-6.47535602767994,decoy,SP
CHEMBL3716480,0,-5.57025728232542,decoy,SP
CHEMBL3716552,0,-5.48053672997861,decoy,SP
CHEMBL3716864,0,-3.54634637962784,decoy,HTVS
CHEMBL3715215,0,-3.52288957730833,decoy,HTVS
CHEMBL3715093,0,-5.10798379015434,decoy,SP
CHEMBL3717891,0,-2.54623197994325,decoy,HTVS
CHEMBL3715013,0,-5.67176865287922,decoy,SP
CHEMBL3716107,0,-4.07037143286897,decoy,SP
CHEMBL3716522,0,-3.85215834483037,decoy,SP
CHEMBL3717732,0,-4.36183702645339,decoy,SP
CHEMBL3716621,0,-3.71348244619818,decoy,SP
CHEMBL3716212,0,-3.34838805027611,decoy,HTVS
CHEMBL3718829,0,-3.0361576443972,decoy,HTVS
CHEMBL3715056,0,-3.35342138243456,decoy,HTVS
CHEMBL2358959,0,-4.47423183501713,decoy,SP
CHEMBL2359288,0,-6.41533088087818,decoy,SP
CHEMBL2359621,0,-2.09919240015035,decoy,HTVS
CHEMBL2359859,0,-2.25884389592192,decoy,HTVS
CHEMBL2360034,0,-5.61671202741825,decoy,SP
CHEMBL1977486,0,-1.7519566587962,decoy,HTVS
CHEMBL1977627,0,0.363501580676787,decoy,HTVS
CHEMBL1978588,0,-1.17397197730847,decoy,HTVS
CHEMBL1715479,0,-2.21370071122565,decoy,HTVS
CHEMBL3353595,0,-2.72168629552768,decoy,HTVS
CHEMBL3353596,0,-2.50688564001091,decoy,HTVS
CHEMBL3353597,0,-1.94181892644402,decoy,HTVS
CHEMBL1744084,0,-4.27481305656365,decoy,SP
CHEMBL1713942,0,-2.34208356400454,decoy,HTVS
CHEMBL3609639,0,-2.804265023671,decoy,HTVS
CHEMBL3609751,0,-3.30699805401379,decoy,HTVS
CHEMBL3609806,0,-5.61029257291866,decoy,SP
CHEMBL3609904,0,-5.44695276640329,decoy,SP
CHEMBL1765377,0,-2.40013537832133,decoy,HTVS
CHEMBL1765379,0,-2.94253085543978,decoy,HTVS
CHEMBL1765499,0,-4.62054623863428,decoy,SP
CHEMBL1765540,0,-2.50464673150889,decoy,HTVS
CHEMBL1765819,0,-3.04112231983702,decoy,HTVS
CHEMBL1765537,0,-3.15370591223112,decoy,HTVS
CHEMBL3654512,0,-4.82339908369633,decoy,SP
CHEMBL3654513,0,-4.95463721868613,decoy,SP
CHEMBL3338727,0,-3.85767414498353,decoy,SP
CHEMBL3985393,0,-4.42897176222614,decoy,SP
CHEMBL3985711,0,-3.19455239326452,decoy,HTVS
CHEMBL3985733,0,-2.65690130277075,decoy,HTVS
CHEMBL3985870,0,-3.47681226014419,decoy,HTVS
CHEMBL3986223,0,-2.77786398699343,decoy,HTVS
CHEMBL3986298,0,-2.83042351655177,decoy,HTVS
CHEMBL3986340,0,-1.58751072646594,decoy,HTVS
CHEMBL3986482,0,-3.40323264021243,decoy,HTVS
CHEMBL5560342,0,-4.26293495225988,decoy,SP
CHEMBL5560466,0,-4.87728080490899,decoy,SP
CHEMBL5560557,0,-4.64487630416667,decoy,SP
CHEMBL5560573,0,-4.95873987215219,decoy,SP
CHEMBL5561076,0,-2.97113171183005,decoy,HTVS
CHEMBL5561446,0,-3.503460054516,decoy,HTVS
CHEMBL4540607,0,-2.41581819945991,decoy,HTVS
CHEMBL4541423,0,-3.28060319419295,decoy,HTVS
CHEMBL4541678,0,-3.43178085983984,decoy,HTVS
CHEMBL3718606,0,-5.3153676668723,decoy,SP
CHEMBL3719106,0,-4.91460481151552,decoy,SP
CHEMBL3718564,0,-5.17337292060819,decoy,SP
CHEMBL3716398,0,-5.11912051860976,decoy,SP
CHEMBL3718901,0,-5.51094506822475,decoy,SP
CHEMBL3715775,0,-4.87641049305454,decoy,SP
CHEMBL3719340,0,-3.55491315366885,decoy,HTVS
CHEMBL3716719,0,-3.28126513875081,decoy,HTVS
CHEMBL3716576,0,-5.25301671021281,decoy,SP
CHEMBL3716644,0,-3.49357681525024,decoy,HTVS
CHEMBL3717688,0,-4.90970500597279,decoy,SP
CHEMBL2359328,0,-2.67416618639694,decoy,HTVS
CHEMBL2359878,0,-2.48301173936171,decoy,HTVS
CHEMBL1977433,0,-6.19255232650327,decoy,SP
CHEMBL1978342,0,-2.92587939008353,decoy,HTVS
CHEMBL1715021,0,-2.75918943941548,decoy,HTVS
CHEMBL1715227,0,-4.90208282265742,decoy,SP
CHEMBL3353605,0,-2.37022734616595,decoy,HTVS
CHEMBL1744059,0,-4.1998010912865,decoy,SP
CHEMBL3608526,0,-3.32018330446907,decoy,HTVS
CHEMBL3608527,0,-4.47465755842687,decoy,SP
CHEMBL3608528,0,-3.02124378468644,decoy,HTVS
CHEMBL3608843,0,-2.98110454857983,decoy,HTVS
CHEMBL3609404,0,-3.56526611924731,decoy,SP
CHEMBL3609635,0,-2.72314327837269,decoy,HTVS
CHEMBL1762814,0,-3.96011648921316,decoy,SP
CHEMBL1765164,0,-3.92935599199697,decoy,SP
CHEMBL1765183,0,-2.95749113720458,decoy,HTVS
CHEMBL3986451,0,-4.38212817187138,decoy,SP
CHEMBL3986793,0,-6.24412191931013,decoy,SP
CHEMBL5561609,0,-3.19919725918664,decoy,HTVS
CHEMBL4540722,0,-3.44871781609143,decoy,SP
CHEMBL3716328,0,-4.90979274904581,decoy,SP
CHEMBL3719309,0,-5.48594831307427,decoy,SP
CHEMBL3716120,0,-6.92106710243825,decoy,SP
CHEMBL3718880,0,-4.91740147711108,decoy,SP
CHEMBL3717354,0,-4.50758811179501,decoy,SP
CHEMBL3715840,0,-5.90340106872792,decoy,SP
CHEMBL3715863,0,-2.8043938808247,decoy,HTVS
CHEMBL3715485,0,-4.81919027450514,decoy,SP
CHEMBL3715953,0,-4.28474349480317,decoy,SP
CHEMBL1977783,0,-1.70269796553878,decoy,HTVS
CHEMBL3608529,0,-2.10860958305706,decoy,HTVS
CHEMBL3608530,0,-3.24962116958188,decoy,HTVS
CHEMBL1765184,0,-2.75876431504479,decoy,HTVS
CHEMBL1765185,0,-3.39629244850854,decoy,HTVS
CHEMBL4104221,0,-2.85693809879974,decoy,HTVS
CHEMBL4104224,0,-3.12731196017228,decoy,HTVS
CHEMBL4104283,0,-3.99581173822617,decoy,SP
CHEMBL4104286,0,-2.68537284012013,decoy,HTVS
CHEMBL4104294,0,-3.03234585837109,decoy,HTVS
CHEMBL4104314,0,-2.3392948380413,decoy,HTVS
CHEMBL4104391,0,-5.25293959513064,decoy,SP
CHEMBL4104493,0,-3.42023941687902,decoy,HTVS
CHEMBL4104628,0,-5.53226250779149,decoy,SP
CHEMBL4104658,0,-4.91879432916244,decoy,SP
CHEMBL4104697,0,-2.58696567195205,decoy,HTVS
CHEMBL4104735,0,-3.46225857166607,decoy,HTVS
CHEMBL4104751,0,-1.23352795465777,decoy,HTVS
CHEMBL4104930,0,-1.56360755306157,decoy,HTVS
CHEMBL4104957,0,-3.01916349669697,decoy,HTVS
CHEMBL4105014,0,-1.1826330437553,decoy,HTVS
CHEMBL4105111,0,-2.59509921997425,decoy,HTVS
CHEMBL4105300,0,-2.98759478215325,decoy,HTVS
CHEMBL4105324,0,-2.14084010756416,decoy,HTVS
CHEMBL4105371,0,-2.88156363040721,decoy,HTVS
CHEMBL4105376,0,-2.49191790530805,decoy,HTVS
CHEMBL1800633,0,-4.9504542929199,decoy,SP
CHEMBL1800081,0,-4.99982480680332,decoy,SP
CHEMBL4214945,0,-3.30543513974787,decoy,HTVS
CHEMBL4214968,0,-2.41069705277969,decoy,HTVS
CHEMBL4215118,0,-2.7500959656114,decoy,HTVS
CHEMBL4215126,0,-5.87153024829804,decoy,SP
CHEMBL4215147,0,-3.78416862455379,decoy,HTVS
CHEMBL4215160,0,-3.61582017754185,decoy,HTVS
CHEMBL4215185,0,-3.50457830703179,decoy,HTVS
CHEMBL4215210,0,-3.66282853062506,decoy,HTVS
CHEMBL4215670,0,-1.69102955515502,decoy,HTVS
CHEMBL3986748,0,-3.35966317897664,decoy,HTVS
CHEMBL82446,0,0.934694692438493,decoy,HTVS
CHEMBL85612,0,-4.04231648942671,decoy,HTVS
CHEMBL5560412,0,-2.64152667181774,decoy,HTVS
CHEMBL5561325,0,-3.56098223449967,decoy,HTVS
CHEMBL4540352,0,-5.31372112190421,decoy,HTVS
CHEMBL1977958,0,3.04846268807648,decoy,HTVS
CHEMBL3608642,0,-5.28123509108466,decoy,HTVS
CHEMBL3608643,0,-3.7033376421197,decoy,HTVS
CHEMBL3609210,0,-3.77924429406975,decoy,HTVS
CHEMBL3609314,0,-2.64402024136265,decoy,HTVS
CHEMBL4105335,0,-2.31344063096288,decoy,HTVS
CHEMBL4215080,0,-4.13047403273283,decoy,HTVS
CHEMBL4215865,0,-3.70630449530477,decoy,HTVS
CHEMBL4215910,0,-2.30953855740642,decoy,HTVS
CHEMBL4216010,0,-3.25800487547717,decoy,HTVS
CHEMBL4216020,0,-3.52076832122472,decoy,HTVS
CHEMBL4216031,0,-1.38340658251035,decoy,HTVS
CHEMBL3654255,0,-1.86663904405118,decoy,HTVS
CHEMBL3654261,0,-2.75215186324294,decoy,HTVS
CHEMBL3654262,0,-2.65577466703657,decoy,HTVS
CHEMBL3654586,0,-4.20568585086259,decoy,HTVS
CHEMBL3654658,0,-4.17649167204011,decoy,HTVS
CHEMBL3655338,0,-3.99648409918,decoy,HTVS
CHEMBL3338034,0,-3.04157536574254,decoy,HTVS
CHEMBL3338455,0,-4.47057849556806,decoy,HTVS
CHEMBL3985568,0,-5.25751265442213,decoy,HTVS
CHEMBL3985845,0,-2.99057717939638,decoy,HTVS
CHEMBL3986135,0,-2.50469009187356,decoy,HTVS
CHEMBL3986217,0,-4.98986536632391,decoy,HTVS
CHEMBL3986316,0,-3.18657676027046,decoy,HTVS
CHEMBL3986830,0,-3.41207276604109,decoy,HTVS
CHEMBL5560983,0,-3.91024830994609,decoy,HTVS
CHEMBL5561206,0,-3.40594269592048,decoy,HTVS
CHEMBL5561374,0,-4.162683914733,decoy,HTVS
CHEMBL5561544,0,-3.01349850278357,decoy,HTVS
CHEMBL5561660,0,-4.5478533875247,decoy,HTVS
CHEMBL4540444,0,-2.78153189118793,decoy,HTVS
CHEMBL4541237,0,-3.63041420385061,decoy,HTVS
CHEMBL4541514,0,-3.71357515272669,decoy,HTVS
CHEMBL4541666,0,-3.28403554144892,decoy,HTVS
CHEMBL3717579,0,0.832926010924121,decoy,HTVS
CHEMBL3715049,0,0.997913861672179,decoy,HTVS
CHEMBL3715972,0,-0.244422133855353,decoy,HTVS
CHEMBL3716746,0,0.639750884253346,decoy,HTVS
CHEMBL3715964,0,-0.793687186831672,decoy,HTVS
CHEMBL5560977,0,-4.22956900233406,decoy,HTVS
CHEMBL4215496,0,-4.45701043892307,decoy,HTVS
CHEMBL3338665,0,-3.26906048536485,decoy,HTVS
CHEMBL3338669,0,-4.15506411168972,decoy,HTVS
CHEMBL85005,0,-3.81288230750061,decoy,HTVS
CHEMBL5560885,0,-3.35231224996135,decoy,HTVS
CHEMBL3716921,0,-3.4288865760442,decoy,HTVS
CHEMBL1978159,0,-3.62315015012815,decoy,HTVS
CHEMBL544572,0,-2.56850641299208,decoy,HTVS
CHEMBL1800406,0,-3.02442526705507,decoy,HTVS
CHEMBL1800409,0,-3.25754474663702,decoy,HTVS
CHEMBL4215742,0,-3.19297486876895,decoy,HTVS
CHEMBL3338327,0,-5.35442995369678,decoy,HTVS
CHEMBL3338329,0,-3.80434773424184,decoy,HTVS
CHEMBL3338330,0,-5.15254776581254,decoy,HTVS
CHEMBL3339144,0,-3.54883675090633,decoy,HTVS
CHEMBL3339147,0,-3.95060795069977,decoy,HTVS
CHEMBL3985497,0,-3.95400640264512,decoy,HTVS
CHEMBL84928,0,-4.29341147661513,decoy,HTVS
CHEMBL5560587,0,-5.33138823947117,decoy,HTVS
CHEMBL4540384,0,-3.69167232671831,decoy,HTVS
CHEMBL4540964,0,-3.26290772004251,decoy,HTVS
CHEMBL2359223,0,-3.19420647835947,decoy,HTVS
CHEMBL2359741,0,-2.46194924225853,decoy,HTVS
CHEMBL2359744,0,-3.66245918620353,decoy,HTVS
CHEMBL1978063,0,-3.06485294033857,decoy,HTVS
CHEMBL1714808,0,-4.5972012423797,decoy,HTVS
CHEMBL1713367,0,-3.0733695538536,decoy,HTVS
CHEMBL3608711,0,-1.54248092511659,decoy,HTVS
CHEMBL3608714,0,-2.53657889825224,decoy,HTVS
CHEMBL3608765,0,-4.46213202705088,decoy,HTVS
CHEMBL543389,0,-3.1182408015518,decoy,HTVS
CHEMBL1762689,0,-3.67090700448671,decoy,HTVS
CHEMBL1765250,0,-3.23501088571509,decoy,HTVS
CHEMBL1765270,0,-3.24541531881498,decoy,HTVS
CHEMBL1765507,0,-4.48454097955055,decoy,HTVS
CHEMBL1765518,0,-3.68929094962618,decoy,HTVS
CHEMBL1765522,0,-3.61494227956365,decoy,HTVS
CHEMBL1765523,0,-3.27243992457395,decoy,HTVS
CHEMBL1765526,0,-3.73742250059908,decoy,HTVS
CHEMBL1765722,0,-2.26093715224073,decoy,HTVS
CHEMBL1765768,0,-4.66482987608403,decoy,HTVS
CHEMBL1765769,0,-4.6897456193928,decoy,HTVS
CHEMBL1765770,0,-4.45204033839396,decoy,HTVS
CHEMBL1765771,0,-3.31592605408686,decoy,HTVS
CHEMBL1765773,0,-4.40223484062749,decoy,HTVS
CHEMBL1765097,0,-3.84484963427201,decoy,HTVS
CHEMBL1765785,0,-4.18597708729634,decoy,HTVS
CHEMBL1765885,0,-2.84577532987655,decoy,HTVS
CHEMBL1765892,0,-3.09344671321228,decoy,HTVS
CHEMBL1765893,0,-2.73758468527083,decoy,HTVS
CHEMBL1765894,0,-3.23643591991684,decoy,HTVS
CHEMBL1766022,0,-2.93927209087102,decoy,HTVS
CHEMBL1766024,0,-3.38395380026022,decoy,HTVS
CHEMBL1766041,0,-4.02991666707598,decoy,HTVS
CHEMBL1766151,0,-4.02538763649956,decoy,HTVS
CHEMBL1766155,0,-1.81159979699058,decoy,HTVS
CHEMBL1766157,0,-2.9649227182641,decoy,HTVS
CHEMBL3718204,0,-3.38982689219559,decoy,HTVS
CHEMBL3718032,0,-3.57380984195565,decoy,HTVS
CHEMBL3719252,0,-3.01659688438116,decoy,HTVS
CHEMBL3718428,0,-3.34001182821541,decoy,HTVS
CHEMBL3717422,0,-2.39756430247394,decoy,HTVS
CHEMBL2359456,0,-2.85140551714019,decoy,HTVS
CHEMBL1977364,0,-2.83273495491861,decoy,HTVS
CHEMBL1715324,0,-3.74053223673509,decoy,HTVS
CHEMBL3609405,0,-1.41457272142477,decoy,HTVS
CHEMBL1765504,0,-3.59775351024669,decoy,HTVS
CHEMBL1765684,0,-2.37463295677659,decoy,HTVS
CHEMBL1766129,0,-2.41677731871231,decoy,HTVS
CHEMBL4104263,0,-2.49811220807903,decoy,HTVS
CHEMBL4104326,0,-2.74626794995871,decoy,HTVS
CHEMBL4104437,0,-2.40114407999862,decoy,HTVS
CHEMBL4104519,0,-2.82237437206654,decoy,HTVS
CHEMBL4104540,0,-3.51161086900199,decoy,HTVS
CHEMBL4104571,0,-3.99690756213513,decoy,HTVS
CHEMBL4104875,0,-3.53163599813296,decoy,HTVS
CHEMBL4104962,0,-2.01569997060771,decoy,HTVS
CHEMBL4105130,0,-2.43729642937197,decoy,HTVS
CHEMBL4105168,0,-2.61565546284307,decoy,HTVS
CHEMBL4105201,0,-1.51618279849843,decoy,HTVS
CHEMBL4105349,0,-1.43774607906528,decoy,HTVS
CHEMBL4105383,0,-3.86647065590194,decoy,HTVS
CHEMBL4105452,0,-1.29258541874217,decoy,HTVS
CHEMBL4105491,0,-4.85203623176439,decoy,HTVS
CHEMBL1798079,0,-2.74210885996539,decoy,HTVS
CHEMBL1800625,0,-4.05794128714103,decoy,HTVS
CHEMBL1800631,0,-4.52336081169281,decoy,HTVS
CHEMBL4214783,0,-1.84188902525832,decoy,HTVS
CHEMBL4214970,0,-2.17594346010621,decoy,HTVS
CHEMBL4215004,0,-2.83130613500858,decoy,HTVS
CHEMBL4215036,0,-3.65339653194893,decoy,HTVS
CHEMBL4215049,0,-2.09861706480075,decoy,HTVS
CHEMBL4215240,0,-1.71830993603886,decoy,HTVS
CHEMBL4215255,0,0.128404429371879,decoy,HTVS
CHEMBL4215268,0,-2.91057337525484,decoy,HTVS
CHEMBL4215275,0,-3.98220412246463,decoy,HTVS
CHEMBL4215461,0,1.67766976120094,decoy,HTVS
CHEMBL4215467,0,-3.44359548765222,decoy,HTVS
CHEMBL4215478,0,-1.91259179754629,decoy,HTVS
CHEMBL4215498,0,-2.09112746029949,decoy,HTVS
CHEMBL4215500,0,-2.68470311269019,decoy,HTVS
CHEMBL4215538,0,-3.07251301782691,decoy,HTVS
CHEMBL4215550,0,-3.10322577427661,decoy,HTVS
CHEMBL4215559,0,-3.51008952285802,decoy,HTVS
CHEMBL4215576,0,-1.22266002350669,decoy,HTVS
CHEMBL4215617,0,-2.2329369783928,decoy,HTVS
CHEMBL1714610,0,-2.55433481276029,decoy,HTVS
CHEMBL1715404,0,-3.51208802678489,decoy,HTVS
CHEMBL4214971,0,-3.79136277871892,decoy,HTVS
CHEMBL4216008,0,-2.29702986376475,decoy,HTVS
CHEMBL3654536,0,-5.74690029618306,decoy,HTVS
CHEMBL3654629,0,-5.38880071921615,decoy,HTVS
CHEMBL3986697,0,-3.19155728906461,decoy,HTVS
CHEMBL5560877,0,-4.37250106587834,decoy,HTVS
CHEMBL5560985,0,-1.71493554086539,decoy,HTVS
CHEMBL5561498,0,-4.50981921730104,decoy,HTVS
CHEMBL5561615,0,-4.14858279579384,decoy,HTVS
CHEMBL2359417,0,-0.794926954336948,decoy,HTVS
CHEMBL2359683,0,-2.93537177299313,decoy,HTVS
CHEMBL2359892,0,-2.09115280519088,decoy,HTVS
CHEMBL1714444,0,-2.23405151556907,decoy,HTVS
CHEMBL1714716,0,-2.91206478889216,decoy,HTVS
CHEMBL1714857,0,-3.26417667170166,decoy,HTVS
CHEMBL1714938,0,-3.84438078236815,decoy,HTVS
CHEMBL1715311,0,-3.2055017075067,decoy,HTVS
CHEMBL1715331,0,-3.90872051876691,decoy,HTVS
CHEMBL1715521,0,-3.17217874269613,decoy,HTVS
CHEMBL1715551,0,-3.77126238542268,decoy,HTVS
CHEMBL1713402,0,-3.13047216264286,decoy,HTVS
CHEMBL1713532,0,-2.95833294433462,decoy,HTVS
CHEMBL1713658,0,-5.62916347648108,decoy,HTVS
CHEMBL1713852,0,-3.13436376500225,decoy,HTVS
CHEMBL1713925,0,-2.70006262118217,decoy,HTVS
CHEMBL1713990,0,-4.65620521834238,decoy,HTVS
CHEMBL3609299,0,-2.82663783813279,decoy,HTVS
CHEMBL3609305,0,-4.01973792853112,decoy,HTVS
CHEMBL3609307,0,-2.84684221031303,decoy,HTVS
CHEMBL3609310,0,-3.50531618991308,decoy,HTVS
CHEMBL3609315,0,-2.97113521657494,decoy,HTVS
CHEMBL545020,0,-1.9433713697659,decoy,HTVS
CHEMBL553987,0,-2.77232423659331,decoy,HTVS
CHEMBL553086,0,-2.41683413351497,decoy,HTVS
CHEMBL544326,0,-4.02111646687369,decoy,HTVS
CHEMBL543407,0,-3.32502480282159,decoy,HTVS
CHEMBL542215,0,-2.71753729222163,decoy,HTVS
CHEMBL1765378,0,-2.50314765999388,decoy,HTVS
CHEMBL4104568,0,-2.14375554299019,decoy,HTVS
CHEMBL4105490,0,-3.35668048535221,decoy,HTVS
CHEMBL1801076,0,-1.31793531459339,decoy,HTVS
CHEMBL1801079,0,-1.63221883714453,decoy,HTVS
CHEMBL1801081,0,-1.43693799383864,decoy,HTVS
CHEMBL1801082,0,-2.4502059970288,decoy,HTVS
CHEMBL1801085,0,-1.43043779618049,decoy,HTVS
CHEMBL1801151,0,-3.55922854067798,decoy,HTVS
CHEMBL4214823,0,-2.99390383499359,decoy,HTVS
CHEMBL4214891,0,-0.756053278989346,decoy,HTVS
CHEMBL4105032,0,-3.5584609916654,decoy,HTVS
CHEMBL1800407,0,-3.52512396915652,decoy,HTVS
CHEMBL1800408,0,-2.82508438523285,decoy,HTVS
CHEMBL1800411,0,-3.7621990663939,decoy,HTVS
CHEMBL1800911,0,-4.09597070013283,decoy,HTVS
CHEMBL1800919,0,-3.44297542415522,decoy,HTVS
CHEMBL4215575,0,-3.83697951116661,decoy,HTVS
CHEMBL3338334,0,-3.02081289552599,decoy,HTVS
CHEMBL3985410,0,-3.28529097885345,decoy,HTVS
CHEMBL5561395,0,-4.47012856472748,decoy,HTVS
CHEMBL5561506,0,-4.08571684153091,decoy,HTVS
CHEMBL5561638,0,-3.62992205394938,decoy,HTVS
CHEMBL2358981,0,-3.31259211144742,decoy,HTVS
CHEMBL1715349,0,-3.81327794051982,decoy,HTVS
CHEMBL3353235,0,-3.7367534896654,decoy,HTVS
CHEMBL3353237,0,-2.99131543493585,decoy,HTVS
CHEMBL1765153,0,-2.99759782622905,decoy,HTVS
CHEMBL1765154,0,-2.86406106802846,decoy,HTVS
CHEMBL1765156,0,-2.92395295158952,decoy,HTVS
CHEMBL1765159,0,-3.83133075005128,decoy,HTVS
CHEMBL1765160,0,-2.37711762622584,decoy,HTVS
CHEMBL1765229,0,-3.97376156171962,decoy,HTVS
CHEMBL1765246,0,-4.34560546995714,decoy,HTVS
CHEMBL1765252,0,-3.06256075645943,decoy,HTVS
CHEMBL1765253,0,-3.26661593979892,decoy,HTVS
CHEMBL1765254,0,-3.37638201791021,decoy,HTVS
CHEMBL1765261,0,-2.08602823900158,decoy,HTVS
CHEMBL1765262,0,-4.25921139508093,decoy,HTVS
CHEMBL1765263,0,-2.76304850830984,decoy,HTVS
CHEMBL1765267,0,-3.65364477726878,decoy,HTVS
CHEMBL1765276,0,-3.95095883031274,decoy,HTVS
CHEMBL1765278,0,-2.76304850830984,decoy,HTVS
CHEMBL1765524,0,-2.68089310902165,decoy,HTVS
CHEMBL1765527,0,-3.17845517132649,decoy,HTVS
CHEMBL1765909,0,-2.92880057712544,decoy,HTVS
CHEMBL1765911,0,-3.39943008586453,decoy,HTVS
CHEMBL1765101,0,-3.88184716872517,decoy,HTVS
CHEMBL1766171,0,-4.04938482820706,decoy,HTVS
CHEMBL1766173,0,-3.85500831340643,decoy,HTVS
CHEMBL1766175,0,-3.81545910292371,decoy,HTVS
CHEMBL1766184,0,-3.91387599123011,decoy,HTVS
CHEMBL4104390,0,-3.33319726464612,decoy,HTVS
CHEMBL4104401,0,-2.81581546104224,decoy,HTVS
CHEMBL4104424,0,-4.40897419990814,decoy,HTVS
CHEMBL4104436,0,-3.22695435114246,decoy,HTVS
CHEMBL4104496,0,-3.18412241842272,decoy,HTVS
CHEMBL4104511,0,-2.61360164447468,decoy,HTVS
CHEMBL4104610,0,-3.06093449156059,decoy,HTVS
CHEMBL4104614,0,-3.69518663362673,decoy,HTVS
CHEMBL4104620,0,-3.53335505048859,decoy,HTVS
CHEMBL3985786,0,-3.2782855344504,decoy,HTVS
CHEMBL3986329,0,-4.77847281738241,decoy,HTVS
CHEMBL5560352,0,-3.16390374561904,decoy,HTVS
CHEMBL4540472,0,-4.40331481547554,decoy,HTVS
CHEMBL4541013,0,-3.41020719719596,decoy,HTVS
CHEMBL3717530,0,0.0977234420790443,decoy,HTVS
CHEMBL3717660,0,-2.89478265988233,decoy,HTVS
CHEMBL2358983,0,-2.29317255952002,decoy,HTVS
CHEMBL2359845,0,-3.80309334059906,decoy,HTVS
CHEMBL3608468,0,-3.35487444887504,decoy,HTVS
CHEMBL3609778,0,-1.96641584616642,decoy,HTVS
CHEMBL3609792,0,-2.24106239722717,decoy,HTVS
CHEMBL1762548,0,-3.3683968494064,decoy,HTVS
CHEMBL1765367,0,-3.13493291910837,decoy,HTVS
CHEMBL4104254,0,-4.17637724036288,decoy,HTVS
CHEMBL4104869,0,-2.96769998958782,decoy,HTVS
CHEMBL4104884,0,-3.9507770917917,decoy,HTVS
CHEMBL4104956,0,-3.59535025948319,decoy,HTVS
CHEMBL4105101,0,-2.65032251134787,decoy,HTVS
CHEMBL4105322,0,-3.33679645319091,decoy,HTVS
CHEMBL4215060,0,-2.41367360153683,decoy,HTVS
CHEMBL4215076,0,-5.06421514888062,decoy,HTVS
CHEMBL4215100,0,-3.29147325043869,decoy,HTVS
CHEMBL4215119,0,-2.50755135848128,decoy,HTVS
CHEMBL4215236,0,-3.61479173627902,decoy,HTVS
CHEMBL4215247,0,-2.26572869144989,decoy,HTVS
CHEMBL4215582,0,-4.47195977730621,decoy,HTVS
CHEMBL4215610,0,-3.24398727079597,decoy,HTVS
CHEMBL4215657,0,-3.97800167597179,decoy,HTVS
CHEMBL4215729,0,-3.15187050449513,decoy,HTVS
CHEMBL4215807,0,-3.78144303222414,decoy,HTVS
CHEMBL4216094,0,-4.60783343321925,decoy,HTVS
CHEMBL3654502,0,-4.53129588314791,decoy,HTVS
CHEMBL3654503,0,-2.69409149995714,decoy,HTVS
CHEMBL3654523,0,-4.10501454142712,decoy,HTVS
CHEMBL3654524,0,-4.25646549320896,decoy,HTVS
CHEMBL3654529,0,-5.24273344465024,decoy,HTVS
CHEMBL3654540,0,-3.89789304446717,decoy,HTVS
CHEMBL3654558,0,-4.71501669250153,decoy,HTVS
CHEMBL3654559,0,-4.50047473440025,decoy,HTVS
CHEMBL3654575,0,-4.5401243259308,decoy,HTVS
CHEMBL3654577,0,-4.24084040882423,decoy,HTVS
CHEMBL3654599,0,-4.64451101742897,decoy,HTVS
CHEMBL4215689,0,-2.02897268599584,decoy,HTVS
CHEMBL3654494,0,-4.65302254314667,decoy,HTVS
CHEMBL3654972,0,-2.11390906861239,decoy,HTVS
CHEMBL3655155,0,-4.54587863973222,decoy,HTVS
CHEMBL3655337,0,-3.7273247791506,decoy,HTVS
CHEMBL3338288,0,-3.21417078895687,decoy,HTVS
CHEMBL3338734,0,-1.02843382442307,decoy,HTVS
CHEMBL3338923,0,-3.58942642865607,decoy,HTVS
CHEMBL3338931,0,-3.08101774039297,decoy,HTVS
CHEMBL3985425,0,-4.93822883555173,decoy,HTVS
CHEMBL3985539,0,-2.80427790063992,decoy,HTVS
CHEMBL3985703,0,-4.14423980757487,decoy,HTVS
CHEMBL3985708,0,-3.66536083588429,decoy,HTVS
CHEMBL3985896,0,-3.07211713103808,decoy,HTVS
CHEMBL3986017,0,-3.70253033068714,decoy,HTVS
CHEMBL3986536,0,-4.05049308959387,decoy,HTVS
CHEMBL3986549,0,-3.01220352103654,decoy,HTVS
CHEMBL3986570,0,-2.49761239915713,decoy,HTVS
CHEMBL3986862,0,-2.82086058771455,decoy,HTVS
CHEMBL83459,0,-2.51411585850213,decoy,HTVS
CHEMBL82445,0,-4.39783990084422,decoy,HTVS
CHEMBL85601,0,-3.15665580707056,decoy,HTVS
CHEMBL86041,0,-3.03221018360134,decoy,HTVS
CHEMBL5560339,0,-3.32571029289957,decoy,HTVS
CHEMBL5560514,0,-3.6701800159696,decoy,HTVS
CHEMBL5560589,0,-5.717672931858,decoy,HTVS
CHEMBL5560751,0,-4.36071925924032,decoy,HTVS
CHEMBL5560873,0,-3.12759668470671,decoy,HTVS
CHEMBL5561054,0,-4.80900390356842,decoy,HTVS
CHEMBL5561274,0,-1.03351701470741,decoy,HTVS
CHEMBL5561433,0,-2.630760623762,decoy,HTVS
CHEMBL5561511,0,-4.9068768303973,decoy,HTVS
CHEMBL5561587,0,-5.08417273154693,decoy,HTVS
CHEMBL4540480,0,-2.58580207518673,decoy,HTVS
CHEMBL4540598,0,-3.91753139572663,decoy,HTVS
CHEMBL4541006,0,-0.412657033231865,decoy,HTVS
CHEMBL4541254,0,-3.18582724275765,decoy,HTVS
CHEMBL4541391,0,-1.8203990229591,decoy,HTVS
CHEMBL4541397,0,-2.57026454655404,decoy,HTVS
CHEMBL3716420,0,-4.97466953437643,decoy,HTVS
CHEMBL3717746,0,-4.59441153602467,decoy,HTVS
CHEMBL3718272,0,-4.45476009141515,decoy,HTVS
CHEMBL3717609,0,-0.296132025038335,decoy,HTVS
CHEMBL3717884,0,-5.39593076307123,decoy,HTVS
CHEMBL3717574,0,-4.61925317548347,decoy,HTVS
CHEMBL3717253,0,-4.08181032918964,decoy,HTVS
CHEMBL3715654,0,-4.2337930395604,decoy,HTVS
CHEMBL3715722,0,-4.68437381352891,decoy,HTVS
CHEMBL3654632,0,-4.9970830421025,decoy,HTVS
CHEMBL3986093,0,-3.38549839177574,decoy,HTVS
CHEMBL3986353,0,-2.74922539223093,decoy,HTVS
CHEMBL3986421,0,-4.72513732440504,decoy,HTVS
CHEMBL3986665,0,-3.46341843218291,decoy,HTVS
CHEMBL3986800,0,-4.18121862897267,decoy,HTVS
CHEMBL3986814,0,-3.3863197462679,decoy,HTVS
CHEMBL5561035,0,-3.2725568609674,decoy,HTVS
CHEMBL5561059,0,-4.33276174225701,decoy,HTVS
CHEMBL5561649,0,-3.73891583471868,decoy,HTVS
CHEMBL3716924,0,1.03308523792603,decoy,HTVS
CHEMBL3718458,0,2.13371395832904,decoy,HTVS
CHEMBL3717369,0,-4.0527413056144,decoy,HTVS
CHEMBL3717294,0,-3.80882905300453,decoy,HTVS
CHEMBL3717730,0,-3.21659956462264,decoy,HTVS
CHEMBL3715955,0,-3.16642123702614,decoy,HTVS
CHEMBL3717455,0,-3.1876873682774,decoy,HTVS
CHEMBL3715595,0,-3.49569565015818,decoy,HTVS
CHEMBL3717929,0,-4.79274207089153,decoy,HTVS
CHEMBL3719355,0,-3.62012388186121,decoy,HTVS
CHEMBL3716487,0,-4.02580583703039,decoy,HTVS
CHEMBL3716288,0,-3.22555577915767,decoy,HTVS
CHEMBL3718030,0,-3.5032575952531,decoy,HTVS
CHEMBL2359015,0,3.27203035893968,decoy,HTVS
CHEMBL2359016,0,-1.85326277461691,decoy,HTVS
CHEMBL2359475,0,-2.79504069422153,decoy,HTVS
CHEMBL2359534,0,-2.86040938913518,decoy,HTVS
CHEMBL2359567,0,-4.33079498576808,decoy,HTVS
CHEMBL2360054,0,-1.29884988840723,decoy,HTVS
CHEMBL2360109,0,-2.09467357209052,decoy,HTVS
CHEMBL1978314,0,-2.99603220706944,decoy,HTVS
CHEMBL1978649,0,-4.97459112460085,decoy,HTVS
CHEMBL1714582,0,-2.16038686331371,decoy,HTVS
CHEMBL3353407,0,-3.23584162196666,decoy,HTVS
CHEMBL1713610,0,-2.69119150329817,decoy,HTVS
CHEMBL1714006,0,-3.23586876821046,decoy,HTVS
CHEMBL1714330,0,-3.89108388740259,decoy,HTVS
CHEMBL3608534,0,-4.91082008717328,decoy,HTVS
CHEMBL3608535,0,-3.56447846539709,decoy,HTVS
CHEMBL3608645,0,-3.08905355152529,decoy,HTVS
CHEMBL3608646,0,-3.03010324111107,decoy,HTVS
CHEMBL3609282,0,-3.77960600919492,decoy,HTVS
CHEMBL3609302,0,-2.25116640740055,decoy,HTVS
CHEMBL3609312,0,-2.46911858015878,decoy,HTVS
CHEMBL1762719,0,-3.52358368869871,decoy,HTVS
CHEMBL1765680,0,-2.35415315192562,decoy,HTVS
CHEMBL1766125,0,-3.29432953917213,decoy,HTVS
CHEMBL4104495,0,-4.29215881779679,decoy,HTVS
CHEMBL4105355,0,-1.97512538445086,decoy,HTVS
CHEMBL3654615,0,-3.83782645293503,decoy,HTVS
CHEMBL3654637,0,-4.21613153564973,decoy,HTVS
CHEMBL3986146,0,-5.0350993557231,decoy,HTVS
CHEMBL4540412,0,-2.06373281026521,decoy,HTVS
CHEMBL3718568,0,-4.01782542684492,decoy,HTVS
CHEMBL3716056,0,-3.57111771299988,decoy,HTVS
CHEMBL3718141,0,-2.97075417315139,decoy,HTVS
CHEMBL3715332,0,-3.28846964679646,decoy,HTVS
CHEMBL3719014,0,-3.35076062398474,decoy,HTVS
CHEMBL2359432,0,-3.47426663432818,decoy,HTVS
CHEMBL2359587,0,-3.91348557319094,decoy,HTVS
CHEMBL2359801,0,-3.29044611852435,decoy,HTVS
CHEMBL1977595,0,-3.13664531954604,decoy,HTVS
CHEMBL1714646,0,-3.37274047151975,decoy,HTVS
CHEMBL3353403,0,-3.52011850474483,decoy,HTVS
CHEMBL1744253,0,-2.04623295090641,decoy,HTVS
CHEMBL3608657,0,-2.66880151021673,decoy,HTVS
CHEMBL3609301,0,-3.31938704191954,decoy,HTVS
CHEMBL1765337,0,-3.14700124815845,decoy,HTVS
CHEMBL4104460,0,-4.06395149530415,decoy,HTVS
CHEMBL1801087,0,-2.45814252535783,decoy,HTVS
CHEMBL1801155,0,-4.41765663420191,decoy,HTVS
CHEMBL1801162,0,-3.18010332407077,decoy,HTVS
CHEMBL4214858,0,-2.8354180419293,decoy,HTVS
CHEMBL4215138,0,-1.90488923364169,decoy,HTVS
CHEMBL4215172,0,-3.76444772520399,decoy,HTVS
CHEMBL4215262,0,-2.89241807715444,decoy,HTVS
CHEMBL4215334,0,-1.97801224605817,decoy,HTVS
CHEMBL4215362,0,0.513722780252933,decoy,HTVS
CHEMBL4215481,0,-0.81616279075101,decoy,HTVS
CHEMBL4215547,0,-3.08820774030965,decoy,HTVS
CHEMBL4215568,0,-4.31367397662977,decoy,HTVS
CHEMBL4215702,0,-4.4976267496252,decoy,HTVS
CHEMBL4215829,0,-3.41139487538384,decoy,HTVS
CHEMBL4215908,0,-3.55562819294233,decoy,HTVS
CHEMBL3654257,0,-2.76173026501199,decoy,HTVS
CHEMBL3654285,0,-3.13363713887083,decoy,HTVS
CHEMBL3654307,0,-4.0122666688857,decoy,HTVS
CHEMBL3654317,0,-3.83177805973596,decoy,HTVS
CHEMBL3654325,0,-3.33157044358005,decoy,HTVS
CHEMBL3654484,0,-4.50471833465825,decoy,HTVS
CHEMBL3654489,0,-3.59067052482872,decoy,HTVS
CHEMBL3654490,0,-4.75170139184034,decoy,HTVS
CHEMBL3654491,0,-4.10772977468309,decoy,HTVS
CHEMBL3654497,0,-4.0591949450048,decoy,HTVS
CHEMBL3654506,0,-4.78696169546665,decoy,HTVS
CHEMBL1798069,0,-1.99468822933331,decoy,HTVS
CHEMBL85721,0,-3.68411630353299,decoy,HTVS
CHEMBL85484,0,-2.27549806764799,decoy,HTVS
CHEMBL313286,0,-1.85565581442277,decoy,HTVS
CHEMBL2359067,0,2.03083638087318,decoy,HTVS
CHEMBL1978430,0,-2.64255963069545,decoy,HTVS
CHEMBL1713635,0,-2.58947080871512,decoy,HTVS
CHEMBL1713799,0,-2.61256354770309,decoy,HTVS
CHEMBL1713943,0,-2.46307195616972,decoy,HTVS
CHEMBL1798068,0,-0.655809401743831,decoy,HTVS
CHEMBL1800215,0,-0.572571878790009,decoy,HTVS
CHEMBL3986182,0,-3.98363785438378,decoy,HTVS
CHEMBL419117,0,-2.09924653447308,decoy,HTVS
CHEMBL5561009,0,-4.31415516679139,decoy,HTVS
CHEMBL5561150,0,-2.89343238290744,decoy,HTVS
CHEMBL4541126,0,-2.74920876828357,decoy,HTVS
CHEMBL4541554,0,-1.65735323435716,decoy,HTVS
CHEMBL2359348,0,-1.60529224850044,decoy,HTVS
CHEMBL1977397,0,-0.759873501678495,decoy,HTVS
CHEMBL1715193,0,-4.34208280229512,decoy,HTVS
CHEMBL3353263,0,-2.02787086019816,decoy,HTVS
CHEMBL3353739,0,-2.58138625321849,decoy,HTVS
CHEMBL3353740,0,-2.26905336606793,decoy,HTVS
CHEMBL3353741,0,-2.38223009390469,decoy,HTVS
CHEMBL3353748,0,-2.39386318929864,decoy,HTVS
CHEMBL1742018,0,-3.90713104635052,decoy,HTVS
CHEMBL1742472,0,-1.29837266063075,decoy,HTVS
CHEMBL1743896,0,-2.23976357466029,decoy,HTVS
CHEMBL1743898,0,-2.24634887701451,decoy,HTVS
CHEMBL1743915,0,-3.61253152339276,decoy,HTVS
CHEMBL1744030,0,-1.05052212004655,decoy,HTVS
CHEMBL1713718,0,-2.08962580950886,decoy,HTVS
CHEMBL1714023,0,-2.64937144889389,decoy,HTVS
CHEMBL545019,0,-2.62641412324755,decoy,HTVS
CHEMBL543146,0,-3.95722336652228,decoy,HTVS
CHEMBL1762717,0,-1.47603141704246,decoy,HTVS
CHEMBL1762718,0,-2.2938708293493,decoy,HTVS
CHEMBL1765404,0,-2.77523225189648,decoy,HTVS
CHEMBL1765630,0,-3.27026657796526,decoy,HTVS
CHEMBL1765631,0,-3.81451927744426,decoy,HTVS
CHEMBL1765632,0,-2.4935516655958,decoy,HTVS
CHEMBL4104240,0,-3.02272400707508,decoy,HTVS
CHEMBL4104485,0,-3.07560324741915,decoy,HTVS
CHEMBL4104544,0,-5.33772415942611,decoy,HTVS
CHEMBL4104929,0,-3.99775705850353,decoy,HTVS
CHEMBL4105311,0,-2.31615601278682,decoy,HTVS
CHEMBL1797799,0,-1.63748180854655,decoy,HTVS
CHEMBL1797801,0,-4.07738043213595,decoy,HTVS
CHEMBL1797803,0,-2.11743773350122,decoy,HTVS
CHEMBL431023,0,-2.94230890388528,decoy,HTVS
CHEMBL4540943,0,-3.37952224451365,decoy,HTVS
CHEMBL3715864,0,-1.45078186183111,decoy,HTVS
CHEMBL545739,0,-3.60448356419165,decoy,HTVS
CHEMBL542926,0,-1.59771046512572,decoy,HTVS
CHEMBL3338938,0,-2.83923516726934,decoy,HTVS
CHEMBL3338939,0,-2.73535903663404,decoy,HTVS
CHEMBL3338940,0,-2.21421829073883,decoy,HTVS
CHEMBL4540568,0,-1.9182552793438,decoy,HTVS
CHEMBL3351018,0,-3.55615876444729,decoy,HTVS
CHEMBL1744153,0,-2.6256875197186,decoy,HTVS
CHEMBL542437,0,-2.58453932058942,decoy,HTVS
CHEMBL553358,0,-4.71023784712532,decoy,HTVS
CHEMBL545039,0,-2.81552474456095,decoy,HTVS
CHEMBL542198,0,-2.77690255918169,decoy,HTVS
CHEMBL1798094,0,-3.52895587602394,decoy,HTVS
CHEMBL1798095,0,-4.28323559438548,decoy,HTVS
CHEMBL1798096,0,-3.72748081033132,decoy,HTVS
CHEMBL4215764,0,-4.53345640259004,decoy,HTVS
CHEMBL3654345,0,-3.825766641351,decoy,HTVS
CHEMBL3337985,0,-2.39259351541018,decoy,HTVS
CHEMBL3337986,0,-2.09392366251916,decoy,HTVS
CHEMBL3337987,0,-1.63166934033171,decoy,HTVS
CHEMBL3337988,0,-2.3557641012079,decoy,HTVS
CHEMBL3337989,0,-3.76758973721988,decoy,HTVS
CHEMBL3337990,0,-2.06105498497352,decoy,HTVS
CHEMBL3339028,0,-2.92431030775518,decoy,HTVS
CHEMBL3339030,0,-3.93070737493964,decoy,HTVS
CHEMBL3339031,0,-3.32562811599602,decoy,HTVS
CHEMBL3985592,0,-2.96828477092127,decoy,HTVS
CHEMBL3985880,0,-3.03411427336707,decoy,HTVS
CHEMBL3986205,0,-2.97925457619684,decoy,HTVS
CHEMBL312915,0,-3.08965120694417,decoy,HTVS
CHEMBL5560362,0,-3.8992731206306,decoy,HTVS
CHEMBL5560601,0,-4.41955294569733,decoy,HTVS
CHEMBL5561457,0,-3.9566466557323,decoy,HTVS
CHEMBL4540429,0,-4.55231789032465,decoy,HTVS
CHEMBL4540997,0,-2.33865371645857,decoy,HTVS
CHEMBL3718857,0,-4.40623634110202,decoy,HTVS
CHEMBL1977745,0,-3.36460061662926,decoy,HTVS
CHEMBL1715423,0,-3.21330878871394,decoy,HTVS
CHEMBL3351021,0,-4.83063853410405,decoy,HTVS
CHEMBL3353233,0,-0.652574307292934,decoy,HTVS
CHEMBL1743879,0,-3.38861722629905,decoy,HTVS
CHEMBL1713595,0,-2.68922873484756,decoy,HTVS
CHEMBL1713639,0,-2.99219614250183,decoy,HTVS
CHEMBL1714253,0,-3.42801441243839,decoy,HTVS
CHEMBL543626,0,-4.53389683433509,decoy,HTVS
CHEMBL545744,0,-3.79608287184215,decoy,HTVS
CHEMBL544344,0,-4.05457781274078,decoy,HTVS
CHEMBL1765742,0,-4.92097408192432,decoy,HTVS
CHEMBL1765744,0,-1.96566844534367,decoy,HTVS
CHEMBL4104343,0,-2.08128875849315,decoy,HTVS
CHEMBL4105540,0,-3.43150759418516,decoy,HTVS
CHEMBL4215011,0,-3.57167770870036,decoy,HTVS
CHEMBL4215201,0,-3.52444677902555,decoy,HTVS
CHEMBL4215408,0,-4.17320438128216,decoy,HTVS
CHEMBL4215510,0,-4.65917458180664,decoy,HTVS
CHEMBL3654706,0,-1.03559829453332,decoy,HTVS
CHEMBL3339011,0,-4.2749912954782,decoy,HTVS
CHEMBL3339016,0,-3.70886977453134,decoy,HTVS
CHEMBL3339019,0,-2.85401387305481,decoy,HTVS
CHEMBL5561286,0,-3.10811987387864,decoy,HTVS
CHEMBL4540416,0,-3.08753734152863,decoy,HTVS
CHEMBL4540969,0,-4.47393985973696,decoy,HTVS
CHEMBL4541344,0,-3.56422949756388,decoy,HTVS
CHEMBL4541571,0,-3.63539666394784,decoy,HTVS
CHEMBL2359007,0,-2.66659977846272,decoy,HTVS
CHEMBL1978076,0,-3.19549733560345,decoy,HTVS
CHEMBL1978271,0,-3.81434688966903,decoy,HTVS
CHEMBL1978625,0,-3.99936899180378,decoy,HTVS
CHEMBL1765738,0,-4.19350127721353,decoy,HTVS
CHEMBL1765740,0,-3.70441648771815,decoy,HTVS
CHEMBL1765743,0,-2.92878350586268,decoy,HTVS
CHEMBL4104432,0,-3.82404581445364,decoy,HTVS
CHEMBL4104607,0,-3.41603700045675,decoy,HTVS
CHEMBL4104633,0,-4.10757713966864,decoy,HTVS
CHEMBL4215056,0,-5.12259942213546,decoy,HTVS
CHEMBL4215181,0,-0.652246882323242,decoy,HTVS
CHEMBL4215411,0,-4.6698420356825,decoy,HTVS
CHEMBL4215609,0,-3.57812141296298,decoy,HTVS
CHEMBL4215767,0,-3.66393829563699,decoy,HTVS
CHEMBL3654334,0,-2.8676933815025,decoy,HTVS
CHEMBL3654343,0,-3.59559511960688,decoy,HTVS
CHEMBL3654488,0,-3.50459426204847,decoy,HTVS
CHEMBL3654596,0,-4.4660151130927,decoy,HTVS
CHEMBL3654597,0,-3.85554647021773,decoy,HTVS
CHEMBL3654748,0,-5.26914503026598,decoy,HTVS
CHEMBL3654756,0,-4.71590176698025,decoy,HTVS
CHEMBL3654904,0,-3.41601741756034,decoy,HTVS
CHEMBL3654913,0,-4.21682108429991,decoy,HTVS
CHEMBL3654916,0,-3.69454231319332,decoy,HTVS
CHEMBL3654928,0,-2.18763318714544,decoy,HTVS
CHEMBL3654929,0,-3.53141114818376,decoy,HTVS
CHEMBL3654933,0,-3.19903077111371,decoy,HTVS
CHEMBL3338078,0,-3.22609801444231,decoy,HTVS
CHEMBL3339010,0,-4.38880760325442,decoy,HTVS
CHEMBL3339012,0,-5.19732529099101,decoy,HTVS
CHEMBL3339013,0,-3.83904568884119,decoy,HTVS
CHEMBL3339015,0,-5.37141155431017,decoy,HTVS
CHEMBL1800220,0,-3.99579030035868,decoy,HTVS
CHEMBL1800410,0,-2.82837316682591,decoy,HTVS
CHEMBL1800913,0,-3.51875934981947,decoy,HTVS
CHEMBL1800915,0,-3.42441233193828,decoy,HTVS
CHEMBL1800916,0,-4.21096469437166,decoy,HTVS
CHEMBL1800921,0,-3.79105208966031,decoy,HTVS
CHEMBL3715904,0,-3.02218310384207,decoy,HTVS
CHEMBL3717162,0,-3.19181973399734,decoy,HTVS
CHEMBL1742064,0,-3.03109083308271,decoy,HTVS
CHEMBL1714104,0,-2.22390124117999,decoy,HTVS
CHEMBL544579,0,-3.94315964510352,decoy,HTVS
CHEMBL1765155,0,-5.40381366566167,decoy,HTVS
CHEMBL1765161,0,-3.40863964785786,decoy,HTVS
CHEMBL1765258,0,-3.4483847235115,decoy,HTVS
CHEMBL1765259,0,-3.29827866181972,decoy,HTVS
CHEMBL1765914,0,-2.41645199027367,decoy,HTVS
CHEMBL4104274,0,-4.69719874552717,decoy,HTVS
CHEMBL4104609,0,-3.4762760784219,decoy,HTVS
CHEMBL4104649,0,-2.65198421748711,decoy,HTVS
CHEMBL4104682,0,-2.75712875987216,decoy,HTVS
CHEMBL4104784,0,-1.57505863011089,decoy,HTVS
CHEMBL4104794,0,-2.60444379109972,decoy,HTVS
CHEMBL4104798,0,-3.45411897831698,decoy,HTVS
CHEMBL4104931,0,-4.19068346470604,decoy,HTVS
CHEMBL4104932,0,-2.5301920170042,decoy,HTVS
CHEMBL4104946,0,-2.39971052870543,decoy,HTVS
CHEMBL4105180,0,-3.69204734528404,decoy,HTVS
CHEMBL4105263,0,-2.69262954083778,decoy,HTVS
CHEMBL4105314,0,-4.00009884757821,decoy,HTVS
CHEMBL4105419,0,-3.6338817836324,decoy,HTVS
CHEMBL4105451,0,-3.66754815151972,decoy,HTVS
CHEMBL4105493,0,-4.01427786582214,decoy,HTVS
CHEMBL4105539,0,-2.88658517428751,decoy,HTVS
CHEMBL1797948,0,-4.51551926874454,decoy,HTVS
CHEMBL1797951,0,-2.19024030348475,decoy,HTVS
CHEMBL1798043,0,-3.43366293750094,decoy,HTVS
CHEMBL1798045,0,-3.1654850930713,decoy,HTVS
CHEMBL1798054,0,-4.97146735468826,decoy,HTVS
CHEMBL1798055,0,-4.04300471057183,decoy,HTVS
CHEMBL1800139,0,-3.5988773888178,decoy,HTVS
CHEMBL1800141,0,-2.9888612059161,decoy,HTVS
CHEMBL1800142,0,-3.62707148407985,decoy,HTVS
CHEMBL1800143,0,-2.93727954491291,decoy,HTVS
CHEMBL1800221,0,-5.60770209198553,decoy,HTVS
CHEMBL1800331,0,-3.33385915351743,decoy,HTVS
CHEMBL1800405,0,-3.43052545385967,decoy,HTVS
CHEMBL1800419,0,-2.4468276110438,decoy,HTVS
CHEMBL1800420,0,-2.58100197146871,decoy,HTVS
CHEMBL1800421,0,-2.93886287834587,decoy,HTVS
CHEMBL1800426,0,-2.02681272262451,decoy,HTVS
CHEMBL3654633,0,-4.58073215637655,decoy,HTVS
CHEMBL3654635,0,-4.47320881135298,decoy,HTVS
CHEMBL3654638,0,-3.94771652745085,decoy,HTVS
CHEMBL3654656,0,-4.44727766387336,decoy,HTVS
CHEMBL3655208,0,-3.84397856214115,decoy,HTVS
CHEMBL3655342,0,-4.20085337916461,decoy,HTVS
CHEMBL3655346,0,-4.55123648095702,decoy,HTVS
CHEMBL3337996,0,-1.50075767736222,decoy,HTVS
CHEMBL3337997,0,-2.52811401790633,decoy,HTVS
CHEMBL3338386,0,-2.98043077375401,decoy,HTVS
CHEMBL3985524,0,-4.86549816500527,decoy,HTVS
CHEMBL3985570,0,-2.89462664240353,decoy,HTVS
CHEMBL3985605,0,-2.77168136074939,decoy,HTVS
CHEMBL3985674,0,-3.72481527337731,decoy,HTVS
CHEMBL3985714,0,-4.92088059133077,decoy,HTVS
CHEMBL3985879,0,-3.77266929621906,decoy,HTVS
CHEMBL3986160,0,-2.1776426325891,decoy,HTVS
CHEMBL3986291,0,-3.19151780799598,decoy,HTVS
CHEMBL3986309,0,-5.67491909286767,decoy,HTVS
CHEMBL3986390,0,-4.96763519668403,decoy,HTVS
CHEMBL3986635,0,-3.19014077363674,decoy,HTVS
CHEMBL3986708,0,-2.54718592077442,decoy,HTVS
CHEMBL3986861,0,-2.19680099714289,decoy,HTVS
CHEMBL315521,0,-4.01947006333003,decoy,HTVS
CHEMBL85583,0,-2.46834975391696,decoy,HTVS
CHEMBL85730,0,-2.95824676664314,decoy,HTVS
CHEMBL313882,0,-2.48315457064281,decoy,HTVS
CHEMBL5560325,0,-3.45235870259824,decoy,HTVS
CHEMBL5560590,0,-3.90628265870836,decoy,HTVS
CHEMBL5560631,0,-5.55220780871696,decoy,HTVS
CHEMBL5560750,0,-4.1115675955686,decoy,HTVS
CHEMBL5561016,0,-3.60193359264508,decoy,HTVS
CHEMBL5561116,0,-3.96128044227415,decoy,HTVS
CHEMBL5561181,0,-3.2397931525932,decoy,HTVS
CHEMBL5561307,0,-4.11338063387509,decoy,HTVS
CHEMBL5561347,0,-4.7754545917458,decoy,HTVS
CHEMBL5561361,0,-4.29916029309025,decoy,HTVS
CHEMBL4540714,0,-4.24000593299429,decoy,HTVS
CHEMBL4540755,0,-4.76590491929509,decoy,HTVS
CHEMBL4540875,0,-2.10745386799705,decoy,HTVS
CHEMBL4541133,0,-2.75514155491069,decoy,HTVS
CHEMBL4541382,0,-4.38004535489909,decoy,HTVS
CHEMBL3718383,0,-0.293866086562816,decoy,HTVS
CHEMBL3715771,0,2.37752719603063,decoy,HTVS
CHEMBL4216061,0,-2.95542262211447,decoy,HTVS
CHEMBL3655381,0,-3.11844688573715,decoy,HTVS
CHEMBL3986807,0,-2.42059004739884,decoy,HTVS
CHEMBL5560610,0,-4.02027049213761,decoy,HTVS
CHEMBL4541108,0,-4.09799240136505,decoy,HTVS
CHEMBL3719321,0,-2.38821920975378,decoy,HTVS
CHEMBL2359742,0,-2.41778650093667,decoy,HTVS
CHEMBL2360037,0,-2.38691948188753,decoy,HTVS
CHEMBL3353637,0,-1.53275208642161,decoy,HTVS
CHEMBL4215003,0,-1.75938929313523,decoy,HTVS
CHEMBL4215032,0,-4.59660147686446,decoy,HTVS
CHEMBL4215213,0,-2.75663378393657,decoy,HTVS
CHEMBL4215562,0,-4.47936681514996,decoy,HTVS
CHEMBL4215573,0,-4.52919554857531,decoy,HTVS
CHEMBL4215608,0,-2.51613823948045,decoy,HTVS
CHEMBL4215634,0,-2.92236857013127,decoy,HTVS
CHEMBL4215747,0,-3.2946550109427,decoy,HTVS
CHEMBL4215833,0,-3.233759933658,decoy,HTVS
CHEMBL4215893,0,-3.49861835630512,decoy,HTVS
CHEMBL4215954,0,-2.61273206964505,decoy,HTVS
CHEMBL4215974,0,-3.95357146019027,decoy,HTVS
CHEMBL4215976,0,-2.50623874474057,decoy,HTVS
CHEMBL4216086,0,-4.57202376789832,decoy,HTVS
CHEMBL3654433,0,-3.62973042677156,decoy,HTVS
CHEMBL3654435,0,-3.46228727525205,decoy,HTVS
CHEMBL3654437,0,-3.38806316103134,decoy,HTVS
CHEMBL3654459,0,-3.99525242657592,decoy,HTVS
CHEMBL3654460,0,-5.14790208534843,decoy,HTVS
CHEMBL3654463,0,-4.14461200592345,decoy,HTVS
CHEMBL3654480,0,-5.52896071164584,decoy,SP
CHEMBL3654483,0,-5.10796573240761,decoy,SP
CHEMBL3654547,0,-5.24778654857878,decoy,SP
CHEMBL3654549,0,-6.06884657064099,decoy,SP
CHEMBL3654551,0,-5.00064848827312,decoy,SP
CHEMBL3654791,0,-4.98841649204818,decoy,SP
CHEMBL3654794,0,-5.10753908467031,decoy,SP
CHEMBL3654795,0,-5.33271488105694,decoy,SP
CHEMBL3654803,0,-4.95750433948412,decoy,SP
CHEMBL3655319,0,-3.22364152470602,decoy,HTVS
CHEMBL3655321,0,-2.42886444122324,decoy,HTVS
CHEMBL3655326,0,-3.09559091611396,decoy,HTVS
CHEMBL3655331,0,-4.70447597038032,decoy,SP
CHEMBL3655332,0,-3.92858027579792,decoy,SP
CHEMBL3655363,0,-2.9228270507234,decoy,HTVS
CHEMBL3655365,0,-4.41847855583749,decoy,SP
CHEMBL3655378,0,-3.57008162607423,decoy,HTVS
CHEMBL3655380,0,-3.5242017347909,decoy,HTVS
CHEMBL3655383,0,-4.52982122824427,decoy,SP
CHEMBL3655391,0,-4.94973487713658,decoy,SP
CHEMBL1766106,0,-5.1744715688987,decoy,SP
CHEMBL4104477,0,-5.32268727833114,decoy,SP
CHEMBL4104643,0,-3.26095786884151,decoy,HTVS
CHEMBL4104738,0,-2.58372386586734,decoy,HTVS
CHEMBL4105046,0,-4.23683029773582,decoy,SP
CHEMBL4105407,0,-4.75624142674273,decoy,SP
CHEMBL4214839,0,-3.39588095326612,decoy,SP
CHEMBL4214898,0,-5.02447438648415,decoy,SP
CHEMBL4215157,0,-3.43398448994081,decoy,HTVS
CHEMBL4215405,0,-0.858392649721802,decoy,HTVS
CHEMBL4215703,0,-3.35735286525343,decoy,SP
CHEMBL4215770,0,-4.93657034055729,decoy,SP
CHEMBL4215880,0,-2.39013523630115,decoy,HTVS
CHEMBL4215970,0,-2.90171779306817,decoy,HTVS
CHEMBL3654300,0,-3.15539743686174,decoy,HTVS
CHEMBL3654369,0,-1.68485997759617,decoy,HTVS
CHEMBL3639533,0,-5.81853885427036,decoy,SP
CHEMBL3654498,0,-5.16552285741185,decoy,SP
CHEMBL3654499,0,-5.45569631694133,decoy,SP
CHEMBL3654520,0,-5.38445769346606,decoy,SP
CHEMBL3654541,0,-4.81119329782184,decoy,SP
CHEMBL3654568,0,-5.18566377313444,decoy,SP
CHEMBL3654569,0,-5.60854742328956,decoy,SP
CHEMBL3654584,0,-5.10518340437949,decoy,SP
CHEMBL3654600,0,-6.45038088831474,decoy,SP
CHEMBL3654628,0,-4.66631676416084,decoy,SP
CHEMBL3655215,0,-3.39158587730967,decoy,HTVS
CHEMBL3655224,0,-4.4381026075365,decoy,SP
CHEMBL3639542,0,-5.17591478629596,decoy,SP
CHEMBL3338009,0,-4.15806569428606,decoy,SP
CHEMBL3338015,0,-3.27721402424063,decoy,HTVS
CHEMBL3338018,0,-3.20528698431374,decoy,HTVS
CHEMBL3338027,0,-2.64049072453458,decoy,HTVS
CHEMBL3338028,0,-3.51007048092758,decoy,HTVS
CHEMBL3338039,0,-2.32771128798784,decoy,HTVS
CHEMBL3338663,0,-2.29556251560675,decoy,HTVS
CHEMBL3985405,0,-4.60039696929954,decoy,SP
CHEMBL3985521,0,-2.20967775829185,decoy,HTVS
CHEMBL3985645,0,-2.91993042734958,decoy,HTVS
CHEMBL3985877,0,-2.07326490995051,decoy,HTVS
CHEMBL3985972,0,-5.96461204621668,decoy,SP
CHEMBL3986005,0,-3.02308731050651,decoy,HTVS
CHEMBL3986036,0,-1.0451808810204,decoy,HTVS
CHEMBL3986068,0,-3.11881787137138,decoy,HTVS
CHEMBL3986133,0,-4.31272092970461,decoy,SP
CHEMBL3986139,0,-4.82492161444435,decoy,SP
CHEMBL3986196,0,-3.55400606473682,decoy,HTVS
CHEMBL3986206,0,-3.04089816798511,decoy,HTVS
CHEMBL3986301,0,-2.76476932295969,decoy,HTVS
CHEMBL3986343,0,-5.46110513568567,decoy,SP
CHEMBL3986790,0,-3.43824533658709,decoy,HTVS
CHEMBL5561043,0,-5.7834249249296,decoy,SP
CHEMBL4541073,0,-5.97523342788084,decoy,SP
CHEMBL3718425,0,-2.94709999106847,decoy,HTVS
CHEMBL3715231,0,-2.61499254090372,decoy,SP
CHEMBL3719205,0,-5.25114328160893,decoy,SP
CHEMBL3717955,0,-5.47710312390529,decoy,SP
CHEMBL1713368,0,-2.91919536568399,decoy,HTVS
CHEMBL545716,0,-2.72286587393301,decoy,HTVS
CHEMBL3654898,0,-2.65784902593301,decoy,HTVS
CHEMBL3654899,0,-4.07272639589502,decoy,SP
CHEMBL3654900,0,-4.31017220843308,decoy,SP
CHEMBL3654903,0,-3.14860609888828,decoy,HTVS
CHEMBL3654911,0,-4.48635818673098,decoy,SP
CHEMBL3654915,0,-3.94518143042184,decoy,SP
CHEMBL3654918,0,-4.24922638103971,decoy,SP
CHEMBL3654919,0,-4.37150441495061,decoy,SP
CHEMBL3654920,0,-3.52870256814107,decoy,HTVS
CHEMBL3654921,0,-2.19140255188427,decoy,HTVS
CHEMBL3654930,0,-2.56942149113997,decoy,HTVS
CHEMBL3654931,0,-3.19108669039734,decoy,HTVS
CHEMBL3654934,0,-3.0027997546174,decoy,HTVS
CHEMBL3654936,0,-3.98760860286133,decoy,SP
CHEMBL3338399,0,-2.41339742406042,decoy,HTVS
CHEMBL3338400,0,-2.91900887031027,decoy,HTVS
CHEMBL3338401,0,-2.94926114889214,decoy,HTVS
CHEMBL3339009,0,-3.32160715673729,decoy,HTVS
CHEMBL3339017,0,-5.30713144257796,decoy,SP
CHEMBL3339020,0,-3.56037242461696,decoy,HTVS
CHEMBL3339026,0,-3.41286324512774,decoy,HTVS
CHEMBL3339029,0,-4.84910935819537,decoy,SP
CHEMBL3339032,0,-4.77216078939858,decoy,SP
CHEMBL3339033,0,-4.15945365399512,decoy,SP
CHEMBL3985643,0,-4.98462706487363,decoy,SP
CHEMBL3985783,0,-0.884368876856452,decoy,HTVS
CHEMBL3986225,0,-4.79423108331447,decoy,SP
CHEMBL3986376,0,-5.73447964766381,decoy,SP
CHEMBL3986523,0,-3.39889705421847,decoy,HTVS
CHEMBL3986764,0,-1.87016880433054,decoy,HTVS
CHEMBL420598,0,-1.9809922155298,decoy,HTVS
CHEMBL313993,0,-3.38321100169157,decoy,HTVS
CHEMBL5560891,0,-3.51446996882483,decoy,SP
CHEMBL5560950,0,-3.03407565382617,decoy,HTVS
CHEMBL5561396,0,-3.26070252716457,decoy,HTVS
CHEMBL5561568,0,-3.95197767326332,decoy,SP
CHEMBL4541247,0,-6.55531909798492,decoy,SP
CHEMBL3719384,0,-6.24889829848962,decoy,SP
CHEMBL3714944,0,-6.64589368722698,decoy,SP
CHEMBL2359122,0,-4.60501484898574,decoy,SP
CHEMBL2359245,0,-4.25357839795006,decoy,SP
CHEMBL3719349,0,-4.9054136617003,decoy,SP
CHEMBL3716723,0,-4.48152363488766,decoy,SP
CHEMBL1978469,0,-3.04411705737379,decoy,HTVS
CHEMBL4104858,0,-3.33276505734143,decoy,HTVS
CHEMBL4104866,0,-2.91929408437693,decoy,HTVS
CHEMBL1800632,0,-4.85331581399053,decoy,SP
CHEMBL1801031,0,-3.49625335181852,decoy,SP
CHEMBL4215377,0,-2.16413827677982,decoy,HTVS
CHEMBL4215587,0,-3.99898117217697,decoy,SP
CHEMBL4215592,0,-3.0486332928612,decoy,HTVS
CHEMBL3654355,0,-3.52468263702576,decoy,HTVS
CHEMBL3654473,0,-5.8833959994985,decoy,SP
CHEMBL3654492,0,-5.34529637545396,decoy,SP
CHEMBL3655147,0,-3.20081328837973,decoy,HTVS
CHEMBL3338016,0,-3.69149815292408,decoy,SP
CHEMBL3338287,0,-3.19922823530323,decoy,HTVS
CHEMBL3338803,0,-4.57398281635186,decoy,SP
CHEMBL3986456,0,-2.61030900174302,decoy,HTVS
CHEMBL3986476,0,-4.24825794580486,decoy,SP
CHEMBL85158,0,-3.27670540782388,decoy,HTVS
CHEMBL85027,0,-2.46026555248526,decoy,HTVS
CHEMBL312831,0,-6.23379508848143,decoy,SP
CHEMBL86070,0,-3.54848115328015,decoy,HTVS
CHEMBL5560652,0,-5.17999621135997,decoy,SP
CHEMBL5561071,0,-4.28183813778001,decoy,SP
CHEMBL5561447,0,-5.46915726199938,decoy,SP
CHEMBL5561460,0,-2.86768173994054,decoy,HTVS
CHEMBL4540371,0,-3.55193351839087,decoy,HTVS
CHEMBL4541101,0,-3.69958744104898,decoy,SP
CHEMBL4541131,0,-3.37159878063596,decoy,HTVS
CHEMBL4541328,0,-2.92630115975576,decoy,HTVS
CHEMBL4541488,0,-3.50260212544304,decoy,HTVS
CHEMBL4541490,0,-3.39720494021617,decoy,HTVS
CHEMBL4541498,0,-2.01452165577045,decoy,HTVS
CHEMBL4541639,0,-4.35100203750705,decoy,SP
CHEMBL4541661,0,-4.98387568969992,decoy,SP
CHEMBL4541736,0,-3.50192232785617,decoy,HTVS
CHEMBL3718430,0,0.986535245990416,decoy,HTVS
CHEMBL3717235,0,-5.37963783669797,decoy,SP
CHEMBL3714905,0,-0.246052761947141,decoy,HTVS
CHEMBL3716865,0,-1.95655421146366,decoy,HTVS
CHEMBL3718938,0,-4.19089826012155,decoy,SP
CHEMBL3716557,0,-3.33641431384397,decoy,HTVS
CHEMBL3719331,0,-4.13862794386504,decoy,SP
CHEMBL3715655,0,-4.77976933712847,decoy,SP
CHEMBL3716704,0,-5.27142853719601,decoy,SP
CHEMBL3714929,0,-4.67224500530106,decoy,SP
CHEMBL3718180,0,-5.00449256181271,decoy,SP
CHEMBL3715007,0,-3.00237558876171,decoy,HTVS
CHEMBL4105408,0,-2.14616579777945,decoy,HTVS
CHEMBL3339018,0,-4.1464440181808,decoy,SP
CHEMBL4540915,0,-3.23052909216956,decoy,HTVS
CHEMBL4541055,0,-2.20081311752745,decoy,HTVS
CHEMBL3719296,0,-2.2131511933876,decoy,HTVS
CHEMBL3351014,0,-3.36552244587395,decoy,HTVS
CHEMBL3352969,0,-3.07937602546716,decoy,HTVS
CHEMBL3352970,0,-2.76003578204079,decoy,HTVS
CHEMBL3353408,0,-5.18590604506135,decoy,SP
CHEMBL1713928,0,-3.71358748706689,decoy,SP
CHEMBL545485,0,-2.26676822748216,decoy,HTVS
CHEMBL545056,0,-4.0801498924911,decoy,SP
CHEMBL1797991,0,-3.04338216095527,decoy,HTVS
CHEMBL1797992,0,-2.00811145595463,decoy,HTVS
CHEMBL1801024,0,-1.25601931854461,decoy,HTVS
CHEMBL4215164,0,-3.559495060508,decoy,HTVS
CHEMBL4215817,0,-5.29762816865788,decoy,SP
CHEMBL3654644,0,-6.25936264493848,decoy,SP
CHEMBL3339014,0,-4.53084106210088,decoy,SP
CHEMBL3985698,0,-3.33420200255239,decoy,HTVS
CHEMBL3985699,0,-2.14216040787985,decoy,HTVS
CHEMBL3985750,0,-2.07328441913624,decoy,HTVS
CHEMBL3986102,0,-3.35640756795118,decoy,HTVS
CHEMBL3986552,0,-2.51420286604981,decoy,HTVS
CHEMBL3986723,0,-2.6685502603845,decoy,HTVS
CHEMBL3986843,0,-4.72027244760586,decoy,SP
CHEMBL3986844,0,-4.95622533996665,decoy,SP
CHEMBL85028,0,-5.98723048917354,decoy,SP
CHEMBL310619,0,-5.561193025002,decoy,SP
CHEMBL314590,0,-4.34251670491765,decoy,SP
CHEMBL5560510,0,-3.28386370580126,decoy,HTVS
CHEMBL5560621,0,-3.59261716124203,decoy,SP
CHEMBL5560667,0,-5.54221044669656,decoy,SP
CHEMBL5560777,0,-4.51251620655784,decoy,SP
CHEMBL5560811,0,-4.47231039942384,decoy,SP
CHEMBL5560895,0,-7.32672545577461,decoy,SP
CHEMBL5561063,0,-4.70061168513378,decoy,SP
CHEMBL5561078,0,-2.30745429210076,decoy,HTVS
CHEMBL5561115,0,-2.98357407333345,decoy,HTVS
CHEMBL5561267,0,-3.40316495756079,decoy,HTVS
CHEMBL4540382,0,-5.12949811132688,decoy,SP
CHEMBL4540437,0,-3.50978062708878,decoy,HTVS
CHEMBL4540616,0,-2.81238315042426,decoy,HTVS
CHEMBL4540866,0,-2.84247761581021,decoy,HTVS
CHEMBL4540945,0,-3.00169468623865,decoy,HTVS
CHEMBL4541533,0,-4.37883019882136,decoy,SP
CHEMBL3338446,0,-4.44047234537361,decoy,SP
CHEMBL3986077,0,-3.15657212666862,decoy,HTVS
CHEMBL5560578,0,-2.69179876038178,decoy,HTVS
CHEMBL5561356,0,-3.52093168084399,decoy,HTVS
CHEMBL5561474,0,-6.4039173049078,decoy,SP
CHEMBL2359651,0,-5.88456748703732,decoy,SP
CHEMBL2359798,0,-4.63430857562694,decoy,SP
CHEMBL2359857,0,-4.64249424192722,decoy,SP
CHEMBL1978511,0,-3.25313934164206,decoy,HTVS
CHEMBL3353395,0,-6.00128030976777,decoy,SP
CHEMBL3353475,0,-2.31617256900707,decoy,HTVS
CHEMBL1743893,0,-2.54689163165577,decoy,HTVS
CHEMBL1744226,0,-2.76767696595503,decoy,HTVS
CHEMBL1744352,0,-3.16365060391996,decoy,HTVS
CHEMBL1744355,0,-4.92306620114428,decoy,SP
CHEMBL3609587,0,0.800422906056212,decoy,HTVS
CHEMBL553150,0,-3.46240677061919,decoy,HTVS
CHEMBL545741,0,-4.54497661498595,decoy,SP
CHEMBL545052,0,-2.4234461051221,decoy,HTVS
CHEMBL544130,0,-2.18250693703466,decoy,HTVS
CHEMBL555314,0,-1.21419168741927,decoy,HTVS
CHEMBL3715416,0,-5.19855088206147,decoy,SP
CHEMBL3716502,0,-4.77482172261545,decoy,SP
CHEMBL3717597,0,-5.07966166684243,decoy,SP
CHEMBL3717275,0,-4.7803190086124,decoy,SP
CHEMBL3717959,0,-5.3575532828197,decoy,SP
CHEMBL3717065,0,-5.87660460326262,decoy,SP
CHEMBL3716066,0,-3.54314819320684,decoy,HTVS
CHEMBL3715590,0,-3.15413999189324,decoy,HTVS
CHEMBL3718254,0,-4.73898602288209,decoy,SP
CHEMBL3715528,0,-5.51265805090595,decoy,SP
CHEMBL3714941,0,-5.13349330269449,decoy,SP
CHEMBL3717703,0,-5.34857594800688,decoy,SP
CHEMBL3716890,0,-3.07750826585714,decoy,HTVS
CHEMBL3718763,0,-4.43038164956861,decoy,SP
CHEMBL3718160,0,-2.99625029691532,decoy,HTVS
CHEMBL3718098,0,-3.11562678839812,decoy,HTVS
CHEMBL3719236,0,-3.15149400075203,decoy,HTVS
CHEMBL2358962,0,-2.92266114952325,decoy,HTVS
CHEMBL2359293,0,-1.79544617290715,decoy,HTVS
CHEMBL2359445,0,-3.42851287155681,decoy,HTVS
CHEMBL2359556,0,-2.16979183995611,decoy,HTVS
CHEMBL2359872,0,-3.46475476136409,decoy,HTVS
CHEMBL1977315,0,-2.62501917332186,decoy,HTVS
CHEMBL1714624,0,-1.22054206506584,decoy,HTVS
CHEMBL1714641,0,-2.72477571643054,decoy,HTVS
CHEMBL3350950,0,-1.94637080202105,decoy,HTVS
CHEMBL3353346,0,-3.4079550863441,decoy,HTVS
CHEMBL3353358,0,-3.49039129664171,decoy,HTVS
CHEMBL3353443,0,-2.84615292515099,decoy,HTVS
CHEMBL3353558,0,-4.19916234831119,decoy,SP
CHEMBL3353603,0,-1.75350178149017,decoy,HTVS
CHEMBL3353606,0,-2.3045767470559,decoy,HTVS
CHEMBL3353607,0,-1.17058787705087,decoy,HTVS
CHEMBL2286499,0,-1.69229939356341,decoy,HTVS
CHEMBL1713613,0,-5.31839205389072,decoy,SP
CHEMBL3608577,0,-3.88322123678135,decoy,SP
CHEMBL3608315,0,-2.42325326106363,decoy,HTVS
CHEMBL3609401,0,-2.70522915344462,decoy,HTVS
CHEMBL3609642,0,-3.31403475137271,decoy,HTVS
CHEMBL1762589,0,-4.94860486647967,decoy,SP
CHEMBL1762695,0,-3.32094013350667,decoy,HTVS
CHEMBL1762813,0,-3.07794912438824,decoy,HTVS
CHEMBL1765176,0,-3.00584639580236,decoy,SP
CHEMBL1765177,0,-2.08779169199944,decoy,HTVS
CHEMBL1765178,0,-3.3673158576961,decoy,HTVS
CHEMBL1765179,0,-2.95998705197275,decoy,HTVS
CHEMBL1765364,0,-3.4318639152606,decoy,HTVS
CHEMBL1765429,0,-1.88439435069185,decoy,HTVS
CHEMBL1765503,0,-3.61076550286601,decoy,SP
CHEMBL1800639,0,-4.91542555446413,decoy,SP
CHEMBL1800640,0,-2.52418957266193,decoy,HTVS
CHEMBL4215867,0,-1.60834502368401,decoy,HTVS
CHEMBL3654651,0,-4.79980303570984,decoy,SP
CHEMBL3338186,0,-2.56033214966752,decoy,HTVS
CHEMBL3338452,0,-2.86506697332612,decoy,HTVS
CHEMBL3985525,0,-4.58911195147893,decoy,SP
CHEMBL3985905,0,-1.37054955108891,decoy,HTVS
CHEMBL3986085,0,-2.59541936583458,decoy,HTVS
CHEMBL3986204,0,-2.81774392681668,decoy,HTVS
CHEMBL3986239,0,-2.04013677589361,decoy,HTVS
CHEMBL3986320,0,-2.64375639120402,decoy,HTVS
CHEMBL3986632,0,-1.46244218778879,decoy,HTVS
CHEMBL3986652,0,-3.0633363382773,decoy,HTVS
CHEMBL309254,0,-3.01325953836356,decoy,HTVS
CHEMBL314222,0,-0.948965046035352,decoy,HTVS
CHEMBL5560740,0,-2.479943239803,decoy,HTVS
CHEMBL5560937,0,-2.69871241474839,decoy,HTVS
CHEMBL5561241,0,-2.62151133433476,decoy,HTVS
CHEMBL5561265,0,-2.37375943481316,decoy,HTVS
CHEMBL5561386,0,-4.48341651822201,decoy,SP
CHEMBL4540627,0,-2.33295109756492,decoy,HTVS
CHEMBL4541408,0,-1.2454385465311,decoy,HTVS
CHEMBL4541558,0,-5.15086006535543,decoy,SP
CHEMBL3716402,0,-4.78566110513265,decoy,SP
CHEMBL3715945,0,-5.20972989680839,decoy,SP
CHEMBL3715516,0,-5.06089104273139,decoy,SP
CHEMBL3717937,0,-3.26576720356905,decoy,HTVS
CHEMBL3715632,0,-4.50248117597368,decoy,SP
CHEMBL3717972,0,-4.77878954439431,decoy,SP
CHEMBL3718267,0,-4.83580033260443,decoy,SP
CHEMBL3717102,0,-4.87783597631279,decoy,SP
CHEMBL3716344,0,-5.64971423438534,decoy,SP
CHEMBL3718990,0,-5.42125950734536,decoy,SP
CHEMBL3718198,0,-3.41451467884394,decoy,HTVS
CHEMBL3716457,0,-4.88952017334417,decoy,SP
CHEMBL3715257,0,-3.93785792369795,decoy,SP
CHEMBL3716632,0,-5.22214593220811,decoy,SP
CHEMBL3716653,0,-3.55494936661798,decoy,HTVS
CHEMBL3717638,0,-4.58687856888263,decoy,SP
CHEMBL3717808,0,-4.35744379887458,decoy,SP
CHEMBL3715491,0,-5.11728348643409,decoy,SP
CHEMBL3714934,0,-2.68418723637628,decoy,HTVS
CHEMBL3717308,0,-5.49935009312351,decoy,SP
CHEMBL3719049,0,-5.59426767780054,decoy,SP
CHEMBL3716902,0,-4.45052611000319,decoy,SP
CHEMBL3718510,0,-3.55812910606079,decoy,HTVS
CHEMBL3717430,0,-4.61570367076903,decoy,SP
CHEMBL3715442,0,-3.9002983073457,decoy,SP
CHEMBL3717427,0,-3.33611161757384,decoy,HTVS
CHEMBL2359006,0,-4.3465456809336,decoy,SP
CHEMBL1977448,0,-2.40208116124167,decoy,HTVS
CHEMBL1978090,0,-4.23926054665096,decoy,SP
CHEMBL1978479,0,-3.91457631248315,decoy,SP
CHEMBL1978497,0,-2.91087877592283,decoy,HTVS
CHEMBL3353563,0,-4.78784482767111,decoy,SP
CHEMBL3609326,0,-4.1592441888653,decoy,SP
CHEMBL3609628,0,-3.23959035588637,decoy,HTVS
CHEMBL3609633,0,-3.30923473575808,decoy,HTVS
CHEMBL543155,0,-2.48872764829253,decoy,HTVS
CHEMBL1762805,0,-2.48876606673163,decoy,HTVS
CHEMBL1765570,0,-2.30224625860709,decoy,HTVS
CHEMBL1765571,0,-2.04834682809829,decoy,HTVS
CHEMBL1765717,0,-5.15230866799857,decoy,SP
CHEMBL1765718,0,-5.00667792154412,decoy,SP
CHEMBL1765719,0,-5.26834043259567,decoy,SP
CHEMBL1766104,0,-5.84924000551114,decoy,SP
CHEMBL1766136,0,-3.04761997639036,decoy,HTVS
CHEMBL1766137,0,-2.66964401043705,decoy,HTVS
CHEMBL1766138,0,-1.92995781264727,decoy,HTVS
CHEMBL4104282,0,-3.26590012116857,decoy,HTVS
CHEMBL4104385,0,-4.01841018229328,decoy,SP
CHEMBL4104499,0,-2.84579396795402,decoy,HTVS
CHEMBL4104613,0,-4.73361643549606,decoy,SP
CHEMBL4104695,0,-4.6863845041744,decoy,SP
CHEMBL4104975,0,-2.35073274098118,decoy,HTVS
CHEMBL4105008,0,-3.54183224925963,decoy,HTVS
CHEMBL4105150,0,-3.05685132951146,decoy,HTVS
CHEMBL4105181,0,-4.48118898600972,decoy,SP
CHEMBL4105209,0,-2.3573631313086,decoy,HTVS
CHEMBL4105230,0,-3.90421410733163,decoy,SP
CHEMBL4105292,0,-4.17473413761102,decoy,SP
CHEMBL4105450,0,-1.89735731744314,decoy,HTVS
CHEMBL1798059,0,-1.30673772414458,decoy,HTVS
CHEMBL1800563,0,-4.99982480680332,decoy,SP
CHEMBL1801070,0,-4.00303405954036,decoy,SP
CHEMBL1801071,0,-2.82340747087052,decoy,HTVS
CHEMBL1801099,0,-4.93431434171129,decoy,SP
CHEMBL1801152,0,-3.10769487681501,decoy,HTVS
CHEMBL4214781,0,-3.39211894455821,decoy,HTVS
CHEMBL4214813,0,-3.53990386285943,decoy,HTVS
CHEMBL4214874,0,-3.09123624759009,decoy,HTVS
CHEMBL4214999,0,-4.85340695209958,decoy,SP
CHEMBL4215065,0,-3.30429034249455,decoy,HTVS
CHEMBL4215292,0,-2.32483373252632,decoy,HTVS
CHEMBL4215326,0,-3.55169720641127,decoy,HTVS
CHEMBL1800445,0,-3.3475810543053,decoy,HTVS
CHEMBL1800649,0,-3.74291251083746,decoy,SP
CHEMBL3654639,0,-6.11651162400397,decoy,SP
CHEMBL3986082,0,-3.28528447370074,decoy,HTVS
CHEMBL3986092,0,-2.6162452272189,decoy,HTVS
CHEMBL3986413,0,-3.4257875296326,decoy,HTVS
CHEMBL316216,0,-3.84018555055867,decoy,SP
CHEMBL5561477,0,-4.88004861797227,decoy,SP
CHEMBL4541628,0,-2.7376454160538,decoy,HTVS
CHEMBL3718635,0,-6.31382490071373,decoy,SP
CHEMBL3717134,0,-4.36675614594202,decoy,SP
CHEMBL3715237,0,-2.05106558793195,decoy,HTVS
CHEMBL2359062,0,-0.198285782979607,decoy,HTVS
CHEMBL2359247,0,-3.53904335875293,decoy,HTVS
CHEMBL2359418,0,-3.38648436204943,decoy,HTVS
CHEMBL2359470,0,-4.23285525472628,decoy,SP
CHEMBL2359557,0,-4.75766661292264,decoy,SP
CHEMBL2359664,0,-2.03691158994107,decoy,HTVS
CHEMBL2359884,0,-2.35756822066527,decoy,HTVS
CHEMBL2359930,0,-2.69483367986374,decoy,HTVS
CHEMBL1714619,0,-2.23468746515749,decoy,HTVS
CHEMBL3350852,0,-2.67795427936175,decoy,HTVS
CHEMBL3350853,0,-2.44890439993602,decoy,HTVS
CHEMBL3353200,0,-3.50509509758183,decoy,HTVS
CHEMBL1743263,0,-4.42072679043791,decoy,SP
CHEMBL1744108,0,-3.23220006284781,decoy,HTVS
CHEMBL1744298,0,-4.95028758985416,decoy,SP
CHEMBL1744305,0,-2.843623102676,decoy,HTVS
CHEMBL1744362,0,-4.64648068585422,decoy,SP
CHEMBL1713426,0,-5.34070106132625,decoy,SP
CHEMBL1714098,0,-2.36772773038221,decoy,HTVS
CHEMBL3608742,0,-5.52236314900429,decoy,SP
CHEMBL3608314,0,-6.32714872175038,decoy,SP
CHEMBL3609373,0,-3.08806786817971,decoy,HTVS
CHEMBL3609585,0,-2.78365943385136,decoy,HTVS
CHEMBL555406,0,-5.65874822673608,decoy,SP
CHEMBL555539,0,-4.5173028299261,decoy,SP
CHEMBL542954,0,-3.15798246475114,decoy,HTVS
CHEMBL553331,0,-5.44583664654312,decoy,SP
CHEMBL4104329,0,-4.26946234700544,decoy,SP
CHEMBL4104395,0,-5.3711797655808,decoy,SP
CHEMBL4105526,0,-5.57658103433353,decoy,SP
CHEMBL1800934,0,-5.14021739297432,decoy,SP
CHEMBL1800963,0,-5.21789349529147,decoy,SP
CHEMBL4215850,0,-4.5910948081689,decoy,SP
CHEMBL3654679,0,-4.97303659826422,decoy,SP
CHEMBL3654765,0,-4.85509057989462,decoy,SP
CHEMBL3655117,0,-4.84259409762875,decoy,SP
CHEMBL3338063,0,-5.21098833914874,decoy,SP
CHEMBL3337465,0,-2.36550576184402,decoy,HTVS
CHEMBL3338402,0,-5.59765201479193,decoy,SP
CHEMBL3339021,0,-2.56291171433844,decoy,HTVS
CHEMBL3339022,0,-4.68591163942493,decoy,SP
CHEMBL3339023,0,-3.56424883093612,decoy,HTVS
CHEMBL3339024,0,-3.84960536305444,decoy,SP
CHEMBL3339025,0,-4.57583428826298,decoy,SP
CHEMBL3985412,0,-5.54836154101479,decoy,SP
CHEMBL3985620,0,-2.55563583256762,decoy,HTVS
CHEMBL3985841,0,-5.61587718500389,decoy,SP
CHEMBL3985977,0,-3.89002309168288,decoy,SP
CHEMBL3986145,0,-4.01557959599051,decoy,SP
CHEMBL3986325,0,-5.58091575984835,decoy,SP
CHEMBL3986472,0,-3.18660491514217,decoy,HTVS
CHEMBL3986519,0,-3.36907761694629,decoy,HTVS
CHEMBL313534,0,-4.18388130352171,decoy,SP
CHEMBL5560681,0,-3.55934412116506,decoy,SP
CHEMBL5560862,0,-3.33515049890256,decoy,HTVS
CHEMBL5561179,0,-4.00469729236943,decoy,SP
CHEMBL5561319,0,-2.7212795873787,decoy,HTVS
CHEMBL5561394,0,-4.88100563918603,decoy,SP
CHEMBL4540401,0,-3.48003954015012,decoy,HTVS
CHEMBL4540640,0,-2.7033232547583,decoy,HTVS
CHEMBL4540822,0,-2.83152152541965,decoy,HTVS
CHEMBL4540840,0,-5.15559437800247,decoy,SP
CHEMBL4541047,0,-4.71946184613457,decoy,SP
CHEMBL4541169,0,-5.66801108081208,decoy,SP
CHEMBL4541583,0,-3.43544801062437,decoy,HTVS
CHEMBL2359285,0,-5.70820941714518,decoy,SP
CHEMBL1978003,0,-1.83171104314737,decoy,HTVS
CHEMBL1714553,0,-2.39442381181481,decoy,HTVS
CHEMBL3353190,0,-4.9718809461815,decoy,SP
CHEMBL3353191,0,-5.08662509933315,decoy,SP
CHEMBL3353192,0,-4.6320006574141,decoy,SP
CHEMBL3353193,0,-5.58329037233772,decoy,SP
CHEMBL3352825,0,-5.01178091941324,decoy,SP
CHEMBL3353665,0,-6.7714135859265,decoy,SP
CHEMBL3353670,0,-6.27454874264513,decoy,SP
CHEMBL1713339,0,-5.0572567077802,decoy,SP
CHEMBL3609811,0,-3.39488387915206,decoy,HTVS
CHEMBL3654482,0,-4.73207340833854,decoy,SP
CHEMBL3654521,0,-5.88296744081561,decoy,SP
CHEMBL3654522,0,-5.38720544374096,decoy,SP
CHEMBL3654618,0,-5.65457742133692,decoy,SP
CHEMBL3986385,0,-4.60662875299404,decoy,SP
CHEMBL3986462,0,-6.48542486929432,decoy,SP
CHEMBL3986728,0,-4.57036950672064,decoy,SP
CHEMBL5561174,0,-4.57624349054161,decoy,SP
CHEMBL4540819,0,-3.43572935194976,decoy,HTVS
CHEMBL4540859,0,-2.74288642154565,decoy,HTVS
CHEMBL3715786,0,-3.23632873545379,decoy,HTVS
CHEMBL3718349,0,-4.59877081047771,decoy,SP
CHEMBL3718669,0,-3.00177018423785,decoy,HTVS
CHEMBL3716681,0,-2.75365214975798,decoy,HTVS
CHEMBL2359019,0,-0.787949051036532,decoy,HTVS
CHEMBL2359486,0,-3.56695631011657,decoy,HTVS
CHEMBL2359591,0,-2.80630573190057,decoy,HTVS
CHEMBL2359661,0,-3.08297462901276,decoy,HTVS
CHEMBL2359736,0,-4.62683379427453,decoy,SP
CHEMBL2360006,0,-4.69037276509469,decoy,SP
CHEMBL1977519,0,-3.13863696773765,decoy,HTVS
CHEMBL1977626,0,-3.7945070585064,decoy,SP
CHEMBL1714800,0,-2.88213965219359,decoy,HTVS
CHEMBL1714937,0,-4.37487437612376,decoy,SP
CHEMBL1715154,0,-3.84613310033759,decoy,SP
CHEMBL3350849,0,-2.35008612894161,decoy,HTVS
CHEMBL3350855,0,-2.7058753216309,decoy,HTVS
CHEMBL3350856,0,-4.1943829480257,decoy,SP
CHEMBL3353221,0,-3.90350441844349,decoy,HTVS
CHEMBL3353251,0,-3.71546554287401,decoy,SP
CHEMBL3353355,0,-3.49659215684203,decoy,HTVS
CHEMBL3353518,0,-1.8736760829623,decoy,HTVS
CHEMBL3353604,0,-2.06583657851944,decoy,HTVS
CHEMBL1743686,0,-3.49331318841825,decoy,HTVS
CHEMBL1713847,0,-5.12276430349805,decoy,SP
CHEMBL3608522,0,-3.35328586453592,decoy,HTVS
CHEMBL3608523,0,-3.30738615097693,decoy,HTVS
CHEMBL3609209,0,-3.88087746548908,decoy,SP
CHEMBL3609402,0,-1.38542589168772,decoy,HTVS
CHEMBL544817,0,-5.44763409419642,decoy,SP
CHEMBL1765505,0,-3.55273884428649,decoy,HTVS
CHEMBL1765659,0,-1.46472718865802,decoy,HTVS
CHEMBL1765683,0,-2.52546757487239,decoy,HTVS
CHEMBL1765685,0,-3.29545016672881,decoy,SP
CHEMBL1765784,0,-3.34723286149439,decoy,HTVS
CHEMBL1765820,0,-2.42325171950148,decoy,HTVS
CHEMBL1765821,0,-3.4892297048824,decoy,HTVS
CHEMBL4104211,0,-3.40921367101403,decoy,HTVS
CHEMBL4104366,0,-2.81814884508359,decoy,HTVS
CHEMBL4104500,0,-3.185461531941,decoy,HTVS
CHEMBL1714940,0,-1.93275660446917,decoy,HTVS
CHEMBL5560324,0,-3.18837964441235,decoy,HTVS
CHEMBL5560440,0,-2.88176034585628,decoy,HTVS
CHEMBL5561679,0,-3.05216673198079,decoy,HTVS
CHEMBL1978551,0,-2.85006235344991,decoy,HTVS
CHEMBL1765383,0,-3.48272000130406,decoy,SP
CHEMBL4104392,0,-3.34648971897683,decoy,HTVS
CHEMBL4104825,0,-4.0390039630277,decoy,SP
CHEMBL4105444,0,-2.30101544127555,decoy,HTVS
CHEMBL4105446,0,-3.49728223076178,decoy,SP
CHEMBL4215005,0,-2.64402813857334,decoy,HTVS
CHEMBL4215470,0,-3.54843392138237,decoy,HTVS
CHEMBL4215474,0,-3.39205314109562,decoy,HTVS
CHEMBL4215717,0,-3.56009338982442,decoy,HTVS
CHEMBL3654337,0,-3.46668273238937,decoy,HTVS
CHEMBL3654533,0,-6.04146217905823,decoy,SP
CHEMBL3985434,0,-5.81004081855356,decoy,SP
CHEMBL3985440,0,-5.94587047654812,decoy,SP
CHEMBL3985664,0,-5.50844069104826,decoy,SP
CHEMBL3985740,0,-2.06971058895491,decoy,HTVS
CHEMBL3985862,0,-6.12313356836877,decoy,SP
CHEMBL3986165,0,-2.81937498465879,decoy,HTVS
CHEMBL3986251,0,-5.56183697018717,decoy,SP
CHEMBL3986349,0,-2.97617680394418,decoy,HTVS
CHEMBL3986667,0,-5.20181788607375,decoy,SP
CHEMBL419849,0,-5.72969288858693,decoy,SP
CHEMBL84564,0,-5.96508693962252,decoy,SP
CHEMBL309675,0,-1.9614794501327,decoy,HTVS
CHEMBL82338,0,-2.4034855125537,decoy,HTVS
CHEMBL84955,0,-2.4988402264237,decoy,HTVS
CHEMBL85010,0,-3.26596616162471,decoy,HTVS
CHEMBL5560341,0,-3.76028582121972,decoy,SP
CHEMBL5560396,0,-5.48159042504043,decoy,SP
CHEMBL5560489,0,-1.49481755074235,decoy,HTVS
CHEMBL5560680,0,-3.29247959694006,decoy,HTVS
CHEMBL5560932,0,-2.53319935005058,decoy,HTVS
CHEMBL5561132,0,-2.63298112327576,decoy,HTVS
CHEMBL5561234,0,-1.63141423490703,decoy,HTVS
CHEMBL5561318,0,-1.77395421727001,decoy,HTVS
CHEMBL5561320,0,-4.31303009954009,decoy,SP
CHEMBL4540483,0,-7.09225367045318,decoy,SP
CHEMBL4540988,0,-2.7887505543634,decoy,HTVS
CHEMBL4541582,0,-3.27224618938914,decoy,HTVS
CHEMBL4541637,0,-5.11754425243191,decoy,SP
CHEMBL3718200,0,1.12222365194987,decoy,HTVS
CHEMBL3718698,0,2.20377401918497,decoy,HTVS
CHEMBL3715842,0,2.54248120334714,decoy,HTVS
CHEMBL3715757,0,0.706581527909603,decoy,HTVS
CHEMBL3716594,0,-6.30440826689978,decoy,SP
CHEMBL2359181,0,-2.98450334574845,decoy,HTVS
CHEMBL3353744,0,-2.07721518508929,decoy,HTVS
CHEMBL1978150,0,-2.83853095647416,decoy,HTVS
CHEMBL543624,0,-3.18127523568225,decoy,HTVS
CHEMBL1800111,0,-2.49591346168116,decoy,HTVS
CHEMBL1800371,0,-2.62479662039478,decoy,HTVS
CHEMBL1800976,0,-0.105987157187501,decoy,HTVS
CHEMBL1800977,0,-1.53081801121871,decoy,HTVS
CHEMBL4215300,0,-5.583443408117,decoy,SP
CHEMBL3338448,0,-3.10162806951327,decoy,SP
CHEMBL3985853,0,-2.57815143316168,decoy,HTVS
CHEMBL3986030,0,-4.89702738762726,decoy,SP
CHEMBL3986819,0,-1.54673782478763,decoy,HTVS
CHEMBL87798,0,-3.4626939053681,decoy,HTVS
CHEMBL4540433,0,-1.91037494010995,decoy,HTVS
CHEMBL4541718,0,-0.627500332645051,decoy,HTVS
CHEMBL3718366,0,-4.66343612308785,decoy,SP
CHEMBL2359756,0,-1.28482679359663,decoy,HTVS
CHEMBL1977538,0,-2.36042507992041,decoy,HTVS
CHEMBL1977848,0,-1.51234719799809,decoy,HTVS
CHEMBL1978068,0,-4.45738992006673,decoy,SP
CHEMBL1978273,0,-3.55230044212851,decoy,HTVS
CHEMBL1978571,0,-5.05559610878371,decoy,SP
CHEMBL1714795,0,-3.290116737041,decoy,HTVS
CHEMBL3353404,0,-5.51491731835188,decoy,SP
CHEMBL3353406,0,-3.46940118781698,decoy,HTVS
CHEMBL3353409,0,-6.78517870393192,decoy,SP
CHEMBL2286338,0,-2.87998365819685,decoy,HTVS
CHEMBL2286490,0,-2.13345933713485,decoy,HTVS
CHEMBL2286492,0,-1.76813004351505,decoy,HTVS
CHEMBL2286494,0,-2.36819283221127,decoy,HTVS
CHEMBL2286497,0,-2.13455173873294,decoy,HTVS
CHEMBL2286501,0,-2.19476459437741,decoy,HTVS
CHEMBL2286505,0,-2.00316082370967,decoy,HTVS
CHEMBL1743963,0,-2.25824245790541,decoy,HTVS
CHEMBL1744243,0,-3.11833513347294,decoy,HTVS
CHEMBL1713693,0,-2.7530923793458,decoy,HTVS
CHEMBL1714109,0,-1.45872267540516,decoy,HTVS
CHEMBL3608942,0,-4.50652311129598,decoy,SP
CHEMBL3608943,0,-4.63271304932688,decoy,SP
CHEMBL557336,0,-2.80310177650455,decoy,HTVS
CHEMBL544328,0,-4.75830056859404,decoy,SP
CHEMBL553279,0,-5.2595551713544,decoy,SP
CHEMBL543162,0,-4.969151507792,decoy,SP
CHEMBL543876,0,-4.04571617936791,decoy,SP
CHEMBL1714386,0,-3.18048018169725,decoy,HTVS
CHEMBL4105365,0,-3.56994536831413,decoy,HTVS
CHEMBL1800316,0,-4.16733918775608,decoy,SP
CHEMBL4215831,0,-2.47140841025396,decoy,HTVS
CHEMBL4215889,0,-2.35621020828512,decoy,HTVS
CHEMBL3986610,0,-2.78847987151033,decoy,HTVS
CHEMBL85110,0,-4.0156908908126,decoy,SP
CHEMBL418935,0,-2.94506196057762,decoy,HTVS
CHEMBL85977,0,-2.90705379052302,decoy,HTVS
CHEMBL86028,0,-4.38975896011353,decoy,SP
CHEMBL86080,0,-1.00594556232854,decoy,HTVS
CHEMBL83563,0,-3.97847141416355,decoy,SP
CHEMBL87946,0,-3.03184664803006,decoy,HTVS
CHEMBL446669,0,-3.06745245132725,decoy,HTVS
CHEMBL87332,0,-3.15404278711834,decoy,HTVS
CHEMBL87961,0,-3.27979819258494,decoy,HTVS
CHEMBL5561081,0,-2.55130728345972,decoy,HTVS
CHEMBL2359427,0,-2.04904015198517,decoy,HTVS
CHEMBL2359455,0,-3.44793748188474,decoy,HTVS
CHEMBL1978686,0,-3.56315526814764,decoy,HTVS
CHEMBL1715064,0,-2.51906097110659,decoy,HTVS
CHEMBL1715159,0,-2.84912049358144,decoy,HTVS
CHEMBL1742029,0,-3.5607998778894,decoy,HTVS
CHEMBL1742446,0,-5.19409669904466,decoy,SP
CHEMBL1743910,0,-4.17206919557181,decoy,SP
CHEMBL1713333,0,-3.06636376179118,decoy,HTVS
CHEMBL1713507,0,-2.15590242027331,decoy,HTVS
CHEMBL1713781,0,-1.67490324338787,decoy,HTVS
CHEMBL1713796,0,-2.94580008736744,decoy,HTVS
CHEMBL1713890,0,-4.06872341882488,decoy,SP
CHEMBL3609192,0,-2.91846673834879,decoy,HTVS
CHEMBL553759,0,-3.18410493693459,decoy,HTVS
CHEMBL4104299,0,-3.65098534148737,decoy,SP
CHEMBL4104895,0,-3.48360231019347,decoy,HTVS
CHEMBL4104901,0,-3.20137955857804,decoy,HTVS
CHEMBL4105003,0,-4.73803855575305,decoy,SP
CHEMBL4105030,0,-5.05186437537004,decoy,SP
CHEMBL4105121,0,-2.4806561789451,decoy,HTVS
CHEMBL4105129,0,-3.9223858408212,decoy,SP
CHEMBL1797802,0,0.774133136389572,decoy,HTVS
CHEMBL1798084,0,1.11426050486475,decoy,HTVS
CHEMBL1800231,0,-4.58165790533408,decoy,SP
CHEMBL1800232,0,-5.34921632061963,decoy,SP
CHEMBL1800233,0,-3.24414073660083,decoy,HTVS
CHEMBL1800234,0,-4.83502118775416,decoy,SP
CHEMBL1800236,0,-2.73508806090891,decoy,HTVS
CHEMBL1800239,0,-3.35999859945528,decoy,HTVS
CHEMBL1800307,0,-4.73621213766477,decoy,SP
CHEMBL1800315,0,-3.38233792673176,decoy,HTVS
CHEMBL1800532,0,-5.39542547038374,decoy,SP
CHEMBL4215445,0,-4.12911071623824,decoy,SP
CHEMBL4541593,0,-3.5606645039977,decoy,HTVS
CHEMBL4541615,0,-2.41682823955527,decoy,HTVS
CHEMBL1978549,0,-3.46976848453913,decoy,HTVS
CHEMBL1978566,0,-2.43096042267018,decoy,HTVS
CHEMBL1714712,0,-3.32934277280509,decoy,HTVS
CHEMBL1715036,0,-3.52227659509279,decoy,HTVS
CHEMBL1715147,0,-3.53926346524998,decoy,HTVS
CHEMBL2286631,0,-3.58444411960344,decoy,SP
CHEMBL1742112,0,-2.94362421996061,decoy,HTVS
CHEMBL1742346,0,-2.70580768309471,decoy,HTVS
CHEMBL1713740,0,-4.42857621456302,decoy,SP
CHEMBL1713839,0,-2.70440480758979,decoy,HTVS
CHEMBL542170,0,-5.18292954658017,decoy,SP
CHEMBL543395,0,-5.91029976195608,decoy,SP
CHEMBL1762664,0,-2.96877462869341,decoy,HTVS
CHEMBL1762674,0,-5.07375459912758,decoy,SP
CHEMBL1762794,0,-3.20321971448531,decoy,HTVS
CHEMBL1765763,0,-4.01332835381576,decoy,SP
CHEMBL1765765,0,-5.964582554253,decoy,SP
CHEMBL1765766,0,-4.35839819183457,decoy,SP
CHEMBL1765767,0,-4.60874156898819,decoy,SP
CHEMBL1766069,0,-2.72749093509556,decoy,HTVS
CHEMBL1766070,0,-3.30178967570048,decoy,HTVS
CHEMBL4104449,0,-3.00372410284817,decoy,HTVS
CHEMBL4104510,0,-3.42747581728737,decoy,SP
CHEMBL4104601,0,-3.40121324059625,decoy,HTVS
CHEMBL4104675,0,-3.54265590390623,decoy,HTVS
CHEMBL4104809,0,-3.32517162321094,decoy,SP
CHEMBL4104816,0,-2.19713862089877,decoy,HTVS
CHEMBL4104870,0,-2.80406686477857,decoy,HTVS
CHEMBL4104889,0,-4.62512992606688,decoy,SP
CHEMBL4104933,0,-2.63223097701745,decoy,HTVS
CHEMBL4104967,0,-4.7155717935581,decoy,SP
CHEMBL4105033,0,-4.21739998148857,decoy,SP
CHEMBL4105084,0,-5.39756139075045,decoy,SP
CHEMBL4105124,0,-3.54005630086343,decoy,HTVS
CHEMBL4105170,0,-2.84271735407366,decoy,HTVS
CHEMBL4105184,0,-4.66107490091384,decoy,SP
CHEMBL4105380,0,-4.05270881551659,decoy,SP
CHEMBL4105443,0,-3.91415973001178,decoy,SP
CHEMBL4105488,0,-3.4696817681739,decoy,HTVS
CHEMBL1797900,0,-3.28528765282757,decoy,HTVS
CHEMBL1797901,0,-3.19428930588318,decoy,HTVS
CHEMBL1797965,0,-3.46814184664548,decoy,HTVS
CHEMBL1798046,0,-4.45619002981137,decoy,SP
CHEMBL1800195,0,-3.21000683170487,decoy,HTVS
CHEMBL1800196,0,-2.39450970228868,decoy,HTVS
CHEMBL1800198,0,-2.57358640267631,decoy,HTVS
CHEMBL4215304,0,-3.9359708047799,decoy,SP
CHEMBL3654606,0,-4.73498832795851,decoy,SP
CHEMBL3654662,0,-4.52965639991499,decoy,SP
CHEMBL3986244,0,-3.39306847521989,decoy,HTVS
CHEMBL3986663,0,-4.6109309283011,decoy,SP
CHEMBL5561597,0,-3.89455445877742,decoy,SP
CHEMBL4540464,0,-2.72391426979089,decoy,HTVS
CHEMBL4540980,0,-3.32220766616243,decoy,HTVS
CHEMBL3714953,0,1.65213829271908,decoy,HTVS
CHEMBL2359351,0,-2.96671799745874,decoy,HTVS
CHEMBL2359472,0,-0.567155857426178,decoy,HTVS
CHEMBL2359617,0,-2.44852216354859,decoy,HTVS
CHEMBL2359831,0,-2.98602367382813,decoy,HTVS
CHEMBL2359953,0,-3.51864544973366,decoy,SP
CHEMBL1714578,0,-2.04645793785711,decoy,HTVS
CHEMBL1714614,0,-2.45306275488841,decoy,HTVS
CHEMBL1714741,0,-3.09576766570529,decoy,HTVS
CHEMBL1714807,0,-2.66251706007144,decoy,HTVS
CHEMBL1714958,0,-0.487760905105657,decoy,HTVS
CHEMBL1715343,0,-4.12476329748004,decoy,SP
CHEMBL3350871,0,-1.52428517901876,decoy,HTVS
CHEMBL3353188,0,-7.40930218295183,decoy,SP
CHEMBL3353451,0,-4.21365160074197,decoy,SP
CHEMBL3353577,0,-2.64293676619189,decoy,HTVS
CHEMBL3353754,0,-3.18428815080005,decoy,HTVS
CHEMBL2286335,0,-1.53819048877695,decoy,HTVS
CHEMBL2286337,0,-1.88184351498425,decoy,HTVS
CHEMBL2286617,0,-2.38383630345416,decoy,HTVS
CHEMBL1743603,0,-2.1093964818107,decoy,HTVS
CHEMBL1744332,0,-0.347890153775999,decoy,HTVS
CHEMBL1713445,0,-4.31018755912321,decoy,SP
CHEMBL1713706,0,-1.54439235829462,decoy,HTVS
CHEMBL1714012,0,-4.27442964450046,decoy,SP
CHEMBL1714220,0,-3.20584517344118,decoy,HTVS
CHEMBL1714260,0,-1.84838886545324,decoy,HTVS
CHEMBL3608533,0,-2.92860434951743,decoy,HTVS
CHEMBL3608609,0,-0.635361870126932,decoy,HTVS
CHEMBL542200,0,-4.93196917099862,decoy,SP
CHEMBL544122,0,-3.27809206736883,decoy,HTVS
CHEMBL543424,0,-3.37482663404864,decoy,HTVS
CHEMBL1762550,0,-3.0568376272825,decoy,HTVS
CHEMBL4104219,0,-3.22143135566283,decoy,HTVS
CHEMBL4104464,0,-0.927951946890344,decoy,HTVS
CHEMBL4104550,0,-1.91715550047437,decoy,HTVS
CHEMBL4104746,0,-2.75890635299363,decoy,HTVS
CHEMBL4105119,0,-5.35016434568152,decoy,SP
CHEMBL4105221,0,-4.63516376347111,decoy,SP
CHEMBL4105249,0,-3.52264113717071,decoy,HTVS
CHEMBL4105366,0,-3.10830512167132,decoy,HTVS
CHEMBL4105139,0,-2.5787220197282,decoy,HTVS
CHEMBL4105449,0,-2.79864360474866,decoy,HTVS
CHEMBL4214811,0,-4.39823972836862,decoy,SP
CHEMBL4215062,0,-3.36783003908208,decoy,HTVS
CHEMBL4215297,0,-1.74228569208681,decoy,HTVS
CHEMBL4215535,0,-2.51613765369403,decoy,HTVS
CHEMBL4215647,0,-2.5065903571436,decoy,HTVS
CHEMBL4215772,0,-1.49892362282367,decoy,HTVS
CHEMBL4215915,0,-3.23627000800877,decoy,HTVS
CHEMBL4216012,0,1.26696079098822,decoy,HTVS
CHEMBL4216021,0,-4.3112394464194,decoy,SP
CHEMBL3654296,0,-4.4191542850306,decoy,SP
CHEMBL3654316,0,-4.6168590760088,decoy,SP
CHEMBL3654481,0,-5.95548603018508,decoy,SP
CHEMBL3654511,0,-5.76986997454238,decoy,SP
CHEMBL3654515,0,-5.06649763121703,decoy,SP
CHEMBL3654538,0,-6.0005704957283,decoy,SP
CHEMBL3654552,0,-5.16783679643994,decoy,SP
CHEMBL3654553,0,-5.61523948447899,decoy,SP
CHEMBL3654561,0,-6.04338216801104,decoy,SP
CHEMBL3654570,0,-5.64307560503572,decoy,SP
CHEMBL3654585,0,-5.22811604313586,decoy,SP
CHEMBL3654601,0,-6.01698143250969,decoy,SP
CHEMBL3654602,0,-5.89002172858588,decoy,SP
CHEMBL3654654,0,-4.55281586374462,decoy,SP
CHEMBL3654664,0,-5.69080582329372,decoy,SP
CHEMBL3654806,0,-4.65447496560181,decoy,SP
CHEMBL3655027,0,-2.7758824562844,decoy,HTVS
CHEMBL3655336,0,-3.19970621503996,decoy,HTVS
CHEMBL3337993,0,-2.37698945890009,decoy,HTVS
CHEMBL3337994,0,-3.39120138729805,decoy,HTVS
CHEMBL3337995,0,-2.17492181453268,decoy,HTVS
CHEMBL3338129,0,-1.87104503510356,decoy,HTVS
CHEMBL3338219,0,-2.62704577049365,decoy,HTVS
CHEMBL3338594,0,-1.54537726417135,decoy,HTVS
CHEMBL3338799,0,-4.70890506315457,decoy,SP
CHEMBL3338985,0,-2.32601935138997,decoy,HTVS
CHEMBL3338986,0,-2.74269452595304,decoy,HTVS
CHEMBL3985503,0,-2.9467827682229,decoy,HTVS
CHEMBL3985622,0,-6.02101837166163,decoy,SP
CHEMBL3985739,0,-5.87317582939014,decoy,SP
CHEMBL3985943,0,-3.26413260624893,decoy,HTVS
CHEMBL3986043,0,-2.3363977616804,decoy,HTVS
CHEMBL3986098,0,-2.09948483133256,decoy,HTVS
CHEMBL3986380,0,-1.42007323641592,decoy,HTVS
CHEMBL3986404,0,-2.44645452628076,decoy,HTVS
CHEMBL3986422,0,-2.85272092496244,decoy,HTVS
CHEMBL3986554,0,-2.11772335615267,decoy,HTVS
CHEMBL2359947,0,-6.33181125256776,decoy,SP
CHEMBL1714771,0,-1.61906787764188,decoy,HTVS
CHEMBL4104827,0,-5.59593021123651,decoy,SP
CHEMBL3654371,0,-2.27658871717566,decoy,HTVS
CHEMBL3654381,0,-4.2843735865076,decoy,SP
CHEMBL3654385,0,-4.1369875772943,decoy,SP
CHEMBL3654525,0,-5.57339225475484,decoy,SP
CHEMBL3654566,0,-4.87548434539239,decoy,SP
CHEMBL3654617,0,-4.79511843980955,decoy,SP
CHEMBL3654650,0,-5.86573670287326,decoy,SP
CHEMBL3985418,0,-3.52145259917413,decoy,HTVS
CHEMBL3985517,0,-5.18763103804871,decoy,SP
CHEMBL3985547,0,-3.00737537325344,decoy,HTVS
CHEMBL3985692,0,-2.48884070179078,decoy,HTVS
CHEMBL3985791,0,-4.18958864063968,decoy,SP
CHEMBL3985969,0,-4.11524174496941,decoy,SP
CHEMBL3986034,0,-2.56289768098739,decoy,HTVS
CHEMBL3986040,0,-5.32147402629988,decoy,SP
CHEMBL3986161,0,-4.82073165863524,decoy,SP
CHEMBL3986328,0,-5.76287766957134,decoy,SP
CHEMBL3986461,0,-3.47035293850099,decoy,HTVS
CHEMBL3986577,0,-2.98239633697671,decoy,HTVS
CHEMBL3986689,0,-1.00882168308851,decoy,HTVS
CHEMBL3986760,0,-2.51491887033044,decoy,HTVS
CHEMBL3986761,0,-3.0116069530225,decoy,HTVS
CHEMBL3986833,0,-4.32355792954657,decoy,SP
CHEMBL3986855,0,-2.33486530416107,decoy,HTVS
CHEMBL3986870,0,-2.41538207144943,decoy,HTVS
CHEMBL311607,0,-2.21323833705584,decoy,HTVS
CHEMBL313838,0,-2.01208790532842,decoy,HTVS
CHEMBL315372,0,-2.98844961017567,decoy,HTVS
CHEMBL314460,0,-2.60354324806118,decoy,HTVS
CHEMBL314683,0,-3.27347367118899,decoy,HTVS
CHEMBL313034,0,-3.44803154624783,decoy,HTVS
CHEMBL5560802,0,-4.22738786312665,decoy,SP
CHEMBL5560894,0,-3.34628342225206,decoy,HTVS
CHEMBL5560897,0,-5.47371178086353,decoy,SP
CHEMBL5560942,0,-1.12792970190769,decoy,HTVS
CHEMBL5561021,0,-3.47332335772689,decoy,HTVS
CHEMBL5561093,0,-5.17710596501088,decoy,SP
CHEMBL5561312,0,-2.38376082086458,decoy,HTVS
CHEMBL5561364,0,-4.52353798010483,decoy,SP
CHEMBL5561368,0,-3.94378973513458,decoy,SP
CHEMBL4540374,0,-3.67911837623718,decoy,SP
CHEMBL4540385,0,-2.57343799535876,decoy,HTVS
CHEMBL4540642,0,-2.55127734445407,decoy,HTVS
CHEMBL4540890,0,-2.37462703799064,decoy,HTVS
CHEMBL4541016,0,-1.87966682810724,decoy,HTVS
CHEMBL4541187,0,-4.23104857708161,decoy,SP
CHEMBL314781,0,-3.17987915997049,decoy,HTVS
CHEMBL4541120,0,-4.99396478459897,decoy,SP
CHEMBL4104616,0,-3.29448337267613,decoy,HTVS
CHEMBL3654510,0,-4.7095708253417,decoy,SP
CHEMBL3654591,0,-5.69657908003797,decoy,SP
CHEMBL3654623,0,-5.58939919693581,decoy,SP
CHEMBL3985504,0,-2.90553612186842,decoy,HTVS
CHEMBL3985704,0,-4.76504388553125,decoy,SP
CHEMBL3986630,0,-5.13768155306171,decoy,SP
CHEMBL85692,0,-5.16934531737649,decoy,SP
CHEMBL87222,0,-1.17602159976276,decoy,HTVS
CHEMBL314264,0,-1.86396111321579,decoy,HTVS
CHEMBL88105,0,-2.51845703438615,decoy,HTVS
CHEMBL5560538,0,-1.7277409264486,decoy,HTVS
CHEMBL5560784,0,-3.01012938510881,decoy,HTVS
CHEMBL5561552,0,-3.13318518992169,decoy,HTVS
CHEMBL4541421,0,-3.1864991716356,decoy,HTVS
CHEMBL4541444,0,-3.80827706727245,decoy,SP
CHEMBL4541532,0,-2.41049145795202,decoy,HTVS
CHEMBL3714857,0,-3.19604184024408,decoy,HTVS
CHEMBL2359077,0,-1.44091041826598,decoy,HTVS
CHEMBL2359104,0,-2.96109986115979,decoy,HTVS
CHEMBL2359150,0,-4.92622450477884,decoy,SP
CHEMBL2359338,0,-2.79759518588492,decoy,HTVS
CHEMBL2359412,0,-3.5358217980226,decoy,HTVS
CHEMBL2359597,0,-5.03987709168072,decoy,SP
CHEMBL2359635,0,-3.97790958457839,decoy,SP
CHEMBL2359680,0,-4.45397586032628,decoy,SP
CHEMBL2359691,0,-3.28492822267397,decoy,HTVS
CHEMBL2359755,0,-3.19787139038696,decoy,HTVS
CHEMBL2359834,0,-3.49245452465934,decoy,HTVS
CHEMBL2359916,0,-4.18220067001824,decoy,SP
CHEMBL1977407,0,-4.51960853864767,decoy,SP
CHEMBL1977634,0,-3.50628222031624,decoy,HTVS
CHEMBL1978393,0,-3.00038519824701,decoy,HTVS
CHEMBL1714581,0,-3.99275733467937,decoy,SP
CHEMBL1714764,0,-5.04413623327095,decoy,SP
CHEMBL1714991,0,-3.37045714980242,decoy,HTVS
CHEMBL1715006,0,-3.49339279675333,decoy,HTVS
CHEMBL1715190,0,-1.43986612095875,decoy,HTVS
CHEMBL1715212,0,-3.40004046299471,decoy,HTVS
CHEMBL1715327,0,-3.29730636154266,decoy,HTVS
CHEMBL1715472,0,-1.33448630425905,decoy,HTVS
CHEMBL3350686,0,-4.61045568294441,decoy,SP
CHEMBL3350687,0,-3.23961087902718,decoy,HTVS
CHEMBL3351079,0,-2.1935807134082,decoy,HTVS
CHEMBL3353517,0,-3.10242329716954,decoy,SP
CHEMBL3353528,0,1.05342436550877,decoy,HTVS
CHEMBL3654881,0,-4.96308714451188,decoy,SP
CHEMBL5561492,0,-1.50204820930289,decoy,HTVS
CHEMBL4540545,0,-2.58112036461032,decoy,HTVS
CHEMBL4541160,0,-5.91901473618185,decoy,SP
CHEMBL2359230,0,-5.56790907455199,decoy,SP
CHEMBL1978228,0,-5.67676565357904,decoy,SP
CHEMBL1762764,0,-2.80060505563168,decoy,HTVS
CHEMBL1762767,0,-3.57310799403744,decoy,HTVS
CHEMBL1765555,0,-5.29988591738829,decoy,SP
CHEMBL1765736,0,-2.88552374426476,decoy,HTVS
CHEMBL1765737,0,-4.39383233676408,decoy,SP
CHEMBL1765739,0,-4.60904252078535,decoy,SP
CHEMBL1765751,0,-3.11744661589034,decoy,HTVS
CHEMBL1766035,0,-2.59565605391932,decoy,HTVS
CHEMBL4104400,0,-5.79686466439441,decoy,SP
CHEMBL4104461,0,-1.67590622411982,decoy,HTVS
CHEMBL4104755,0,-4.85537204859821,decoy,SP
CHEMBL4104859,0,-2.54626887721943,decoy,HTVS
CHEMBL4104907,0,-2.15994721848012,decoy,HTVS
CHEMBL4105297,0,-2.73498397330764,decoy,HTVS
CHEMBL4105361,0,-4.95305153819534,decoy,SP
CHEMBL1800635,0,-4.57989002695301,decoy,SP
CHEMBL1800776,0,-2.94947889363845,decoy,HTVS
CHEMBL1801054,0,-2.58805890966019,decoy,HTVS
CHEMBL1801086,0,-3.18054109804306,decoy,HTVS
CHEMBL1801160,0,-3.95758755720955,decoy,SP
CHEMBL1801161,0,-2.70110210763462,decoy,HTVS
CHEMBL4214885,0,-4.756030169744,decoy,SP
CHEMBL4215249,0,-3.08314070936501,decoy,HTVS
CHEMBL4215266,0,-5.71980468807997,decoy,SP
CHEMBL4215480,0,-2.39465178074941,decoy,HTVS
CHEMBL4215639,0,-2.87631843888798,decoy,HTVS
CHEMBL4215731,0,-3.53988082253808,decoy,HTVS
CHEMBL4215978,0,-3.06211693490762,decoy,HTVS
CHEMBL3654360,0,-6.64833339614981,decoy,SP
CHEMBL3654377,0,-3.30458616570014,decoy,HTVS
CHEMBL3654416,0,-2.35285964230097,decoy,HTVS
CHEMBL3654466,0,-5.25638117863079,decoy,SP
CHEMBL3654472,0,-5.54789749208994,decoy,SP
CHEMBL3654486,0,-5.43557735453433,decoy,SP
CHEMBL3654500,0,-5.22946451845185,decoy,SP
CHEMBL3654501,0,-5.25382977141412,decoy,SP
CHEMBL3654508,0,-5.42233807117285,decoy,SP
CHEMBL3654509,0,-5.75174908971713,decoy,SP
CHEMBL3654514,0,-5.67063116510301,decoy,SP
CHEMBL3654527,0,-5.26364657955466,decoy,SP
CHEMBL3654530,0,-5.82568054168427,decoy,SP
CHEMBL3654531,0,-3.41423745710677,decoy,HTVS
CHEMBL3654532,0,-5.51949689747685,decoy,SP
CHEMBL4104934,0,-5.00961886216213,decoy,SP
CHEMBL1800910,0,-2.89892844099719,decoy,HTVS
CHEMBL1800914,0,-3.63988005758206,decoy,SP
CHEMBL4214902,0,-4.23968060991332,decoy,SP
CHEMBL4215876,0,-3.44393486522642,decoy,HTVS
CHEMBL3338328,0,-3.14406474820831,decoy,HTVS
CHEMBL5560635,0,-2.91455106183006,decoy,HTVS
CHEMBL2359874,0,-5.09688279760599,decoy,SP
CHEMBL3350952,0,-4.7048221392175,decoy,SP
CHEMBL2286482,0,-3.12649633166542,decoy,HTVS
CHEMBL1742359,0,-3.30168861755247,decoy,HTVS
CHEMBL1743607,0,-5.1803061193802,decoy,SP
CHEMBL3608797,0,-3.17725039363795,decoy,HTVS
CHEMBL1765251,0,-3.01671283436916,decoy,HTVS
CHEMBL1765257,0,-3.52444602226547,decoy,HTVS
CHEMBL1765265,0,-3.2198875168631,decoy,HTVS
CHEMBL1766170,0,-4.01087125837452,decoy,SP
CHEMBL1766174,0,-4.39362523739964,decoy,SP
CHEMBL4104201,0,-3.47038323956166,decoy,HTVS
CHEMBL4104204,0,-5.13702322338197,decoy,SP
CHEMBL4104206,0,-2.7142481345192,decoy,HTVS
CHEMBL4104209,0,-3.27682400233512,decoy,HTVS
CHEMBL4104272,0,-2.9630587767424,decoy,HTVS
CHEMBL4104352,0,-3.73952842943121,decoy,SP
CHEMBL4104364,0,-3.22802816052326,decoy,SP
CHEMBL4104438,0,-5.74600990640383,decoy,SP
CHEMBL4104553,0,-3.70840283622188,decoy,SP
CHEMBL4104557,0,-5.23563409006932,decoy,SP
CHEMBL4104705,0,-4.96353982385484,decoy,SP
CHEMBL4104815,0,-3.56960390412309,decoy,HTVS
CHEMBL4104822,0,-3.36402684810558,decoy,HTVS
CHEMBL4104952,0,-3.1371655011857,decoy,HTVS
CHEMBL4105512,0,-4.0843462000019,decoy,SP
CHEMBL1797956,0,-3.56550150963189,decoy,HTVS
CHEMBL1800334,0,-3.56862933058487,decoy,HTVS
CHEMBL1800362,0,-3.46764008871145,decoy,HTVS
CHEMBL1800415,0,-3.32974147621223,decoy,HTVS
CHEMBL1800430,0,-5.44411077236996,decoy,SP
CHEMBL1800431,0,-4.4602115269419,decoy,SP
CHEMBL1800439,0,-3.52463915799099,decoy,HTVS
CHEMBL1800482,0,-3.53635761566839,decoy,HTVS
CHEMBL1800483,0,-3.50191295229278,decoy,HTVS
CHEMBL1800484,0,-2.83496697009907,decoy,HTVS
CHEMBL1800491,0,-2.57044856614203,decoy,HTVS
CHEMBL1800492,0,-2.98770663120057,decoy,HTVS
CHEMBL1800515,0,-1.22142720592104,decoy,HTVS
CHEMBL1800519,0,-2.57991850700016,decoy,HTVS
CHEMBL1800521,0,-2.82116657108352,decoy,HTVS
CHEMBL1800538,0,-3.17086016348968,decoy,HTVS
CHEMBL3986596,0,-3.93032652416072,decoy,SP
CHEMBL1762808,0,-3.24807168926325,decoy,HTVS
CHEMBL1765833,0,-2.78180790267699,decoy,HTVS
CHEMBL1765839,0,-3.34382523936385,decoy,HTVS
CHEMBL1765851,0,-2.49032663031269,decoy,HTVS
CHEMBL1765857,0,-2.9254944552272,decoy,HTVS
CHEMBL1766004,0,-4.87297667413233,decoy,SP
CHEMBL1766102,0,-3.37284097950051,decoy,HTVS
CHEMBL1766105,0,-5.210989189059,decoy,SP
CHEMBL4104669,0,-3.15509699609544,decoy,HTVS
CHEMBL4104742,0,-5.26800877347969,decoy,SP
CHEMBL4104863,0,-2.30966012602882,decoy,HTVS
CHEMBL4104989,0,-3.23992787709642,decoy,HTVS
CHEMBL4105010,0,-5.8291587281954,decoy,SP
CHEMBL4105041,0,-2.11710619402277,decoy,HTVS
CHEMBL4105199,0,-2.48300393422609,decoy,HTVS
CHEMBL4105281,0,-3.06189044348505,decoy,HTVS
CHEMBL4105373,0,-3.18505399003426,decoy,HTVS
CHEMBL4105454,0,-2.85726385925428,decoy,HTVS
CHEMBL1798087,0,-1.06736446757022,decoy,HTVS
CHEMBL1798092,0,-1.98450647683707,decoy,HTVS
CHEMBL1800557,0,-3.35243643653975,decoy,HTVS
CHEMBL1800558,0,-2.39671767253814,decoy,HTVS
CHEMBL1800827,0,-3.40354068908707,decoy,HTVS
CHEMBL4214791,0,-4.45465119593413,decoy,SP
CHEMBL4214801,0,-3.41592372246721,decoy,HTVS
CHEMBL4215031,0,-3.45688792599726,decoy,HTVS
CHEMBL4215135,0,-3.00245184047702,decoy,HTVS
CHEMBL4215143,0,-1.81669209925002,decoy,HTVS
CHEMBL4215374,0,-3.16841468888686,decoy,HTVS
CHEMBL4215434,0,-2.02358929579478,decoy,HTVS
CHEMBL4215600,0,-3.34561007221929,decoy,SP
CHEMBL4215724,0,-2.16890839013752,decoy,HTVS
CHEMBL4215725,0,-2.17280651447115,decoy,HTVS
CHEMBL4215762,0,-2.70913253271341,decoy,HTVS
CHEMBL4215780,0,-4.47307073942274,decoy,SP
CHEMBL4215985,0,-2.45763867962027,decoy,HTVS
CHEMBL3654441,0,-3.39080632141152,decoy,HTVS
CHEMBL3654442,0,-2.6500859154857,decoy,HTVS
CHEMBL3654469,0,-5.44718287390435,decoy,SP
CHEMBL3654470,0,-5.58665057751048,decoy,SP
CHEMBL3654478,0,-5.81423630078537,decoy,SP
CHEMBL3654571,0,-6.08487981000472,decoy,SP
CHEMBL3654572,0,-5.89072958182681,decoy,SP
CHEMBL3655148,0,-4.7960201759135,decoy,SP
CHEMBL3655223,0,-3.15137810241756,decoy,HTVS
CHEMBL3655227,0,-5.1146148644683,decoy,SP
CHEMBL4104293,0,-3.13275613647949,decoy,SP
CHEMBL4104505,0,-5.16410730396355,decoy,SP
CHEMBL4104634,0,-2.89122463199696,decoy,HTVS
CHEMBL4104647,0,-6.21629906250498,decoy,SP
CHEMBL4104706,0,-5.67478340000663,decoy,SP
CHEMBL4105002,0,-3.2221617528497,decoy,HTVS
CHEMBL4105004,0,-3.30524118960712,decoy,HTVS
CHEMBL4105015,0,-3.83014811548583,decoy,SP
CHEMBL1797806,0,-2.89571084246983,decoy,HTVS
CHEMBL4216017,0,-3.85856006268938,decoy,SP
CHEMBL4216034,0,-3.43529942934644,decoy,HTVS
CHEMBL3654710,0,-3.45425306644657,decoy,HTVS
CHEMBL3654723,0,-3.55120926189816,decoy,HTVS
CHEMBL3654739,0,-5.45891898355484,decoy,SP
CHEMBL3654844,0,-5.89316363125361,decoy,SP
CHEMBL3654845,0,-6.36434975960492,decoy,SP
CHEMBL3654850,0,-5.27171663910634,decoy,SP
CHEMBL3654852,0,-6.23068437489426,decoy,SP
CHEMBL3654856,0,-6.15399341851764,decoy,SP
CHEMBL3654858,0,-6.34979426219968,decoy,SP
CHEMBL3654859,0,-5.15616471629409,decoy,SP
CHEMBL3654860,0,-5.65520773907595,decoy,SP
CHEMBL3654869,0,-5.71400486184086,decoy,SP
CHEMBL3654872,0,-5.70687329384579,decoy,SP
CHEMBL3654879,0,-5.85358239991556,decoy,SP
CHEMBL3654880,0,-5.45506425681722,decoy,SP
CHEMBL3654884,0,-5.99383358083752,decoy,SP
CHEMBL3654887,0,-5.98046568924391,decoy,SP
CHEMBL3655239,0,-5.37942347040715,decoy,SP
CHEMBL3655244,0,-6.65614752837962,decoy,SP
CHEMBL3655278,0,-6.39501011303123,decoy,SP
CHEMBL3655295,0,-5.76031526300412,decoy,SP
CHEMBL3338007,0,-3.08029469197277,decoy,HTVS
CHEMBL3338020,0,-5.06409210238037,decoy,SP
CHEMBL3338021,0,-4.75637227567109,decoy,SP
CHEMBL3338023,0,-5.07300386006103,decoy,SP
CHEMBL3338396,0,-3.30284068985797,decoy,HTVS
CHEMBL3339040,0,-5.1548386291337,decoy,SP
CHEMBL3985762,0,-2.7453362965037,decoy,HTVS
CHEMBL5561384,0,-5.09190302320966,decoy,SP
CHEMBL5561392,0,-5.20713997879754,decoy,SP
CHEMBL4540408,0,-2.97799461647077,decoy,HTVS
CHEMBL4540626,0,-4.57732056390004,decoy,SP
CHEMBL4540791,0,-4.45092901361232,decoy,SP
CHEMBL4541443,0,-3.32427302406399,decoy,HTVS
CHEMBL3718856,0,0.31204409307206,decoy,HTVS
CHEMBL3716584,0,-1.25636743949678,decoy,HTVS
CHEMBL3715369,0,-0.461030043545737,decoy,HTVS
CHEMBL3718337,0,0.538498304196933,decoy,HTVS
CHEMBL3718844,0,1.2804658234467,decoy,HTVS
CHEMBL3718052,0,-3.40849950262673,decoy,HTVS
CHEMBL3715393,0,-5.62592202761512,decoy,SP
CHEMBL3715188,0,-2.30435053678189,decoy,HTVS
CHEMBL3715352,0,-2.66275375383956,decoy,HTVS
CHEMBL2359362,0,-2.1862689512852,decoy,HTVS
CHEMBL1765366,0,-3.20256912047417,decoy,HTVS
CHEMBL4214756,0,-3.37274912638268,decoy,HTVS
CHEMBL4215084,0,-2.2893882042058,decoy,HTVS
CHEMBL4215888,0,-3.02413007290086,decoy,HTVS
CHEMBL4215957,0,-3.38688775161073,decoy,HTVS
CHEMBL3654384,0,-4.19064615300448,decoy,SP
CHEMBL3654387,0,-2.8539019282189,decoy,HTVS
CHEMBL3654528,0,-6.01682609980801,decoy,SP
CHEMBL3654588,0,-5.26371107638668,decoy,SP
CHEMBL3654652,0,-4.54265855344799,decoy,SP
CHEMBL3986792,0,-2.87283879171312,decoy,HTVS
CHEMBL5560344,0,-5.4250810213987,decoy,SP
CHEMBL5560353,0,-3.27568872254482,decoy,HTVS
CHEMBL5560376,0,-3.12832869887542,decoy,SP
CHEMBL5561403,0,-3.03453055525635,decoy,HTVS
CHEMBL5561410,0,-2.40996723987422,decoy,HTVS
CHEMBL5561554,0,-2.05139166578377,decoy,HTVS
CHEMBL5561574,0,-4.79976660569622,decoy,SP
CHEMBL5561605,0,-2.34311945349807,decoy,HTVS
CHEMBL5561695,0,-3.56645064334543,decoy,HTVS
CHEMBL4540794,0,-3.13554671246519,decoy,HTVS
CHEMBL3715512,0,-1.20608480559763,decoy,HTVS
CHEMBL3716740,0,2.59919820547224,decoy,HTVS
CHEMBL3717836,0,1.69687087361811,decoy,HTVS
CHEMBL3715087,0,-3.26301234524295,decoy,HTVS
CHEMBL3717270,0,-5.12440057430189,decoy,SP
CHEMBL3716683,0,-4.37531745546129,decoy,SP
CHEMBL3715152,0,-4.20603909596591,decoy,SP
CHEMBL3716577,0,-4.40923125329994,decoy,SP
CHEMBL3719149,0,-5.79500368856471,decoy,SP
CHEMBL3718314,0,-3.50995835608461,decoy,HTVS
CHEMBL3716409,0,-2.735756333994,decoy,HTVS
CHEMBL3715787,0,-3.33230226873208,decoy,HTVS
CHEMBL3719027,0,-3.43488820446531,decoy,HTVS
CHEMBL3717357,0,-3.01368624603462,decoy,HTVS
CHEMBL2358946,0,-4.85349752515348,decoy,SP
CHEMBL2359003,0,-3.11989270120577,decoy,HTVS
CHEMBL2359102,0,-2.08904661533333,decoy,HTVS
CHEMBL2359105,0,-0.924383917178769,decoy,HTVS
CHEMBL2359109,0,-2.69274462345492,decoy,HTVS
CHEMBL2359149,0,-2.53520415795228,decoy,HTVS
CHEMBL2359156,0,-4.39984108378401,decoy,SP
CHEMBL2359185,0,-3.13105582728951,decoy,HTVS
CHEMBL2359303,0,-2.76441707756763,decoy,HTVS
CHEMBL2359312,0,-2.38513582316467,decoy,HTVS
CHEMBL1715210,0,-3.30962487110502,decoy,HTVS
CHEMBL1762722,0,-2.27115700910583,decoy,HTVS
CHEMBL1765306,0,-2.92878739977409,decoy,HTVS
CHEMBL1765374,0,-3.75758326724613,decoy,SP
CHEMBL1765732,0,-4.13418409498611,decoy,SP
CHEMBL1765733,0,-3.56286534570214,decoy,HTVS
CHEMBL1765734,0,-5.6782136154223,decoy,SP
CHEMBL1765735,0,-5.89316862665703,decoy,SP
CHEMBL1765745,0,-4.89061349110165,decoy,SP
CHEMBL1766087,0,-3.34513313485303,decoy,HTVS
CHEMBL4105061,0,-4.70782103526904,decoy,SP
CHEMBL4105185,0,-5.97832952057454,decoy,SP
CHEMBL1800453,0,-5.06753861911488,decoy,SP
CHEMBL1801048,0,-3.524779705243,decoy,SP
CHEMBL4215039,0,-6.05514882201963,decoy,SP
CHEMBL4215096,0,-2.83945561092874,decoy,HTVS
CHEMBL4215444,0,-3.47194642356483,decoy,HTVS
CHEMBL4215502,0,-2.69758593975353,decoy,HTVS
CHEMBL4215914,0,-5.50064112788483,decoy,SP
CHEMBL3654417,0,-2.34500560092841,decoy,HTVS
CHEMBL3654562,0,-6.02977563344435,decoy,SP
CHEMBL3654668,0,-5.79518413987146,decoy,SP
CHEMBL3654694,0,-5.16905617883502,decoy,SP
CHEMBL3654698,0,-6.7771174485279,decoy,SP
CHEMBL3654700,0,-5.95552916641345,decoy,SP
CHEMBL3654702,0,-6.10352389961657,decoy,SP
CHEMBL3654711,0,-5.51661671637068,decoy,SP
CHEMBL3654722,0,-5.46190244442255,decoy,SP
CHEMBL3654742,0,-5.70046609774752,decoy,SP
CHEMBL3654751,0,-3.03668235053531,decoy,HTVS
CHEMBL3654754,0,-5.5749718093659,decoy,SP
CHEMBL3654755,0,-5.39463908068763,decoy,SP
CHEMBL3654766,0,-4.63801655988158,decoy,SP
CHEMBL3654800,0,-6.59154083304108,decoy,SP
CHEMBL3654804,0,-6.00078560139748,decoy,SP
CHEMBL3654805,0,-6.10705454616087,decoy,SP
CHEMBL3654808,0,-5.2941373865195,decoy,SP
CHEMBL3654809,0,-5.66416498475313,decoy,SP
CHEMBL3654810,0,-5.42963563659662,decoy,SP
CHEMBL3654819,0,-5.11985994931545,decoy,SP
CHEMBL3654821,0,-5.6247840650599,decoy,SP
CHEMBL3654822,0,-5.80336372420713,decoy,SP
CHEMBL3654825,0,-5.78113672045067,decoy,SP
CHEMBL3654836,0,-5.25279058982806,decoy,SP
CHEMBL3654837,0,-5.37503015893872,decoy,SP
CHEMBL3654853,0,-4.646139348704,decoy,SP
CHEMBL3639537,0,-7.05887275225209,decoy,SP
CHEMBL3654857,0,-5.8508382949625,decoy,SP
CHEMBL3654861,0,-6.4417801296591,decoy,SP
CHEMBL3654862,0,-6.01257771017637,decoy,SP
CHEMBL4104831,0,-3.26739591040716,decoy,SP
CHEMBL1800679,0,-4.75494851199954,decoy,SP
CHEMBL4215144,0,-3.42015904047541,decoy,HTVS
CHEMBL4215211,0,-2.61364704515303,decoy,HTVS
CHEMBL4215627,0,-3.55368405723697,decoy,HTVS
CHEMBL4215788,0,-3.5654488148127,decoy,HTVS
CHEMBL3985956,0,-3.08313966793846,decoy,HTVS
CHEMBL3986105,0,-3.49000747913051,decoy,HTVS
CHEMBL315853,0,-2.73709249256859,decoy,HTVS
CHEMBL87712,0,-2.38824286636764,decoy,HTVS
CHEMBL5561359,0,-4.77254925618533,decoy,SP
CHEMBL4540576,0,-5.28755360048305,decoy,SP
CHEMBL4540803,0,-3.08459770737997,decoy,HTVS
CHEMBL3715989,0,-5.11106779185975,decoy,SP
CHEMBL3716423,0,-5.23362572546587,decoy,SP
CHEMBL3717367,0,-4.90275595212719,decoy,SP
CHEMBL3715996,0,-5.77251563077437,decoy,SP
CHEMBL3717735,0,-5.08630328692322,decoy,SP
CHEMBL3717309,0,-4.32371012253756,decoy,SP
CHEMBL2358971,0,-3.47007862741678,decoy,HTVS
CHEMBL2358975,0,-2.92814108798887,decoy,HTVS
CHEMBL2360024,0,-2.68464202213711,decoy,HTVS
CHEMBL1977480,0,-5.18305737058743,decoy,SP
CHEMBL1977704,0,-4.39969407852665,decoy,SP
CHEMBL1977749,0,-4.7360957757647,decoy,SP
CHEMBL1978605,0,-3.22988737266884,decoy,HTVS
CHEMBL1714478,0,-4.91086349211882,decoy,SP
CHEMBL1714487,0,-1.96988610840279,decoy,HTVS
CHEMBL1714672,0,-2.53726785425588,decoy,HTVS
CHEMBL3353690,0,-2.9382566692374,decoy,HTVS
CHEMBL2286453,0,-4.28581605358839,decoy,SP
CHEMBL2286456,0,-3.27499161389682,decoy,SP
CHEMBL2286801,0,-3.50740009791078,decoy,HTVS
CHEMBL2286802,0,-4.14011104183047,decoy,SP
CHEMBL2286805,0,-3.9141166756611,decoy,SP
CHEMBL2286816,0,-3.28747206576438,decoy,HTVS
CHEMBL2286909,0,-3.55489040310402,decoy,HTVS
CHEMBL1743743,0,-5.04247338701571,decoy,SP
CHEMBL1713332,0,-3.22053654735296,decoy,HTVS
CHEMBL1713337,0,-3.21160203348533,decoy,HTVS
CHEMBL1713425,0,-3.16358564113836,decoy,HTVS
CHEMBL1713782,0,-2.67916527473141,decoy,HTVS
CHEMBL3608512,0,-5.39713168901143,decoy,SP
CHEMBL3608516,0,-5.33733695259347,decoy,SP
CHEMBL3609531,0,-2.27728873683239,decoy,HTVS
CHEMBL3608323,0,-4.53960584305307,decoy,SP
CHEMBL3609741,0,-3.41629872603555,decoy,HTVS
CHEMBL3609742,0,-3.30453162269874,decoy,HTVS
CHEMBL1762553,0,-3.10881631087877,decoy,HTVS
CHEMBL1762554,0,-3.62656070572427,decoy,SP
CHEMBL1762766,0,-3.83732751799967,decoy,SP
CHEMBL2359634,0,-2.14070891554575,decoy,HTVS
CHEMBL1762768,0,-2.55881769922853,decoy,HTVS
CHEMBL1762769,0,-2.73028689983694,decoy,HTVS
CHEMBL1762772,0,-4.1362044769529,decoy,SP
CHEMBL1765316,0,-3.51028065009629,decoy,HTVS
CHEMBL1765741,0,-4.55868268848667,decoy,SP
CHEMBL1765749,0,-4.6941429907477,decoy,SP
CHEMBL1765750,0,-5.26199966645827,decoy,SP
CHEMBL3654235,0,-2.92335118965573,decoy,HTVS
CHEMBL3654415,0,-3.11280351281811,decoy,HTVS
CHEMBL3654807,0,-5.7239125540831,decoy,SP
CHEMBL3654910,0,-3.35552615030588,decoy,HTVS
CHEMBL3654912,0,-4.17459956760513,decoy,SP
CHEMBL3654914,0,-4.32266899625939,decoy,SP
CHEMBL3654923,0,-2.37130782390279,decoy,HTVS
CHEMBL3654935,0,-4.24057014869393,decoy,SP
CHEMBL3338005,0,-2.96672144984112,decoy,HTVS
CHEMBL3985391,0,-3.48839494742924,decoy,HTVS
CHEMBL3985406,0,-4.47899400209749,decoy,SP
CHEMBL3985561,0,-6.17044955966684,decoy,SP
CHEMBL3985948,0,-5.31255751600838,decoy,SP
CHEMBL3985982,0,-4.21615224850371,decoy,SP
CHEMBL3986015,0,-5.55541333333315,decoy,SP
CHEMBL3986237,0,-3.82788281390254,decoy,SP
CHEMBL3986242,0,-5.43424508481759,decoy,SP
CHEMBL3986395,0,-5.3396591794229,decoy,SP
CHEMBL3986677,0,-5.23938916380335,decoy,SP
CHEMBL313587,0,-2.61364335732171,decoy,HTVS
CHEMBL85938,0,-4.95808949545128,decoy,SP
CHEMBL86026,0,-3.92028899170407,decoy,SP
CHEMBL5560688,0,-2.55674642046077,decoy,HTVS
CHEMBL5560960,0,-6.0569557975016,decoy,SP
CHEMBL5561008,0,-5.04686965724407,decoy,SP
CHEMBL4540452,0,-6.19265127040492,decoy,SP
CHEMBL4540691,0,-2.12301190998305,decoy,HTVS
CHEMBL4540938,0,-6.59587555954286,decoy,SP
CHEMBL4541184,0,-2.92089079343973,decoy,HTVS
CHEMBL4541235,0,-5.59466927637355,decoy,SP
CHEMBL4541330,0,-2.82493027638764,decoy,HTVS
CHEMBL4541510,0,-1.50315270471448,decoy,HTVS
CHEMBL3717031,0,0.00190371380844034,decoy,HTVS
CHEMBL3719338,0,-0.518054191740166,decoy,HTVS
CHEMBL3718524,0,-6.45392120225125,decoy,SP
CHEMBL3717382,0,-5.87302806485319,decoy,SP
CHEMBL3719200,0,-4.67575932774766,decoy,SP
CHEMBL2359336,0,-3.04158733749149,decoy,HTVS
CHEMBL2359880,0,-2.80776213415968,decoy,HTVS
CHEMBL1977618,0,-5.67704501147424,decoy,SP
CHEMBL1977771,0,-1.18478668550216,decoy,HTVS
CHEMBL3714996,0,-4.30214217392311,decoy,SP
CHEMBL3716664,0,-6.90773894073214,decoy,SP
CHEMBL3715116,0,-3.05805791303284,decoy,HTVS
CHEMBL3717220,0,-4.6665827673201,decoy,SP
CHEMBL3718320,0,-5.2736152675993,decoy,SP
CHEMBL3717486,0,-4.09272272800932,decoy,SP
CHEMBL3716332,0,-4.74548834081273,decoy,SP
CHEMBL3716837,0,-4.64434012203019,decoy,SP
CHEMBL3719264,0,-4.78774586554433,decoy,SP
CHEMBL3715154,0,-5.5367082507641,decoy,SP
CHEMBL3716819,0,-4.65566119004198,decoy,SP
CHEMBL3717982,0,-3.33158185556102,decoy,HTVS
CHEMBL3719053,0,-5.02070328557029,decoy,SP
CHEMBL3718420,0,-3.95198199803305,decoy,SP
CHEMBL2359955,0,-2.13109012480926,decoy,HTVS
CHEMBL1977350,0,-3.07228904217007,decoy,HTVS
CHEMBL1977467,0,-3.97942822049405,decoy,SP
CHEMBL1978258,0,-1.21532653461294,decoy,HTVS
CHEMBL1978296,0,-2.38715004101543,decoy,HTVS
CHEMBL1978721,0,-2.19534507623175,decoy,HTVS
CHEMBL1714785,0,-4.57272207368818,decoy,SP
CHEMBL1714902,0,-2.47384029065067,decoy,HTVS
CHEMBL3353132,0,-2.32106588414219,decoy,HTVS
CHEMBL3353516,0,-3.42836603046725,decoy,HTVS
CHEMBL3353533,0,-0.816084645740755,decoy,HTVS
CHEMBL3353561,0,-3.30483623281235,decoy,HTVS
CHEMBL3353562,0,-4.08785255173723,decoy,SP
CHEMBL2286488,0,-1.95159814910822,decoy,HTVS
CHEMBL1743636,0,-3.14948049558814,decoy,HTVS
CHEMBL1743836,0,-2.67319872098948,decoy,HTVS
CHEMBL1713885,0,-2.93018571814597,decoy,HTVS
CHEMBL1714344,0,-5.34249771832986,decoy,SP
CHEMBL3608309,0,-3.14360324020632,decoy,HTVS
CHEMBL3609418,0,-1.45423684302135,decoy,HTVS
CHEMBL3609513,0,-3.09800005297938,decoy,HTVS
CHEMBL3609664,0,-5.15127250226831,decoy,SP
CHEMBL3609745,0,-4.45070464507801,decoy,SP
CHEMBL3609746,0,-3.66282109802323,decoy,SP
CHEMBL555304,0,-4.88132936889218,decoy,SP
CHEMBL1762578,0,-5.45999865713083,decoy,SP
CHEMBL1762579,0,-4.49942717461603,decoy,SP
CHEMBL1762580,0,-4.68954376011434,decoy,SP
CHEMBL1762765,0,-3.24876050828145,decoy,HTVS
CHEMBL1762810,0,-3.30587254224818,decoy,HTVS
CHEMBL1762817,0,-2.73909206761493,decoy,HTVS
CHEMBL1765181,0,-4.53338167270512,decoy,SP
CHEMBL1765182,0,-2.9088316616508,decoy,HTVS
CHEMBL1765334,0,-2.52404453542163,decoy,HTVS
CHEMBL1765538,0,-2.44227851265267,decoy,HTVS
CHEMBL1765539,0,-3.245840854886,decoy,HTVS
CHEMBL4104330,0,-0.97722196687644,decoy,HTVS
CHEMBL4105018,0,-3.00906359679573,decoy,HTVS
CHEMBL4105470,0,-3.13716317249121,decoy,HTVS
CHEMBL1801006,0,-1.79564793537861,decoy,HTVS
CHEMBL3338720,0,-3.54199524104296,decoy,HTVS
CHEMBL3339112,0,-3.24960937560708,decoy,HTVS
CHEMBL3339143,0,-3.23397503166929,decoy,HTVS
CHEMBL313173,0,-3.44738761904342,decoy,HTVS
CHEMBL5560327,0,-3.25047449496618,decoy,HTVS
CHEMBL1714583,0,-4.04853482129948,decoy,SP
CHEMBL2286990,0,-4.00120345907392,decoy,SP
CHEMBL2286991,0,-3.42899699788226,decoy,HTVS
CHEMBL2286992,0,-3.41862388252477,decoy,HTVS
CHEMBL1713429,0,-4.0042765937401,decoy,SP
CHEMBL1762833,0,-3.39813610353744,decoy,HTVS
CHEMBL1765165,0,-3.07308084857225,decoy,HTVS
CHEMBL1765166,0,-3.45192497310273,decoy,HTVS
CHEMBL1765167,0,-3.48571233879406,decoy,HTVS
CHEMBL1765168,0,-3.43413960741376,decoy,HTVS
CHEMBL1765169,0,-4.5397400699605,decoy,SP
CHEMBL1765170,0,-4.45545105777982,decoy,SP
CHEMBL1765171,0,-4.07956095901722,decoy,SP
CHEMBL1765172,0,-2.83108693987785,decoy,HTVS
CHEMBL1765173,0,-3.43998680452095,decoy,HTVS
CHEMBL1765174,0,-3.23760543494672,decoy,HTVS
CHEMBL1765175,0,-4.70932462189293,decoy,SP
CHEMBL1765353,0,-1.71657358503709,decoy,HTVS
CHEMBL1765354,0,-2.46607339171072,decoy,HTVS
CHEMBL1765355,0,-1.72677155344945,decoy,HTVS
CHEMBL1765417,0,-2.39225121772436,decoy,HTVS
CHEMBL1765519,0,-3.32616641759771,decoy,HTVS
CHEMBL1765520,0,-3.0530259416829,decoy,HTVS
CHEMBL1765553,0,-4.92841465370871,decoy,SP
CHEMBL1765715,0,-4.81865261975021,decoy,SP
CHEMBL1765807,0,-4.60384961167835,decoy,SP
CHEMBL1765827,0,-2.99409003220643,decoy,HTVS
CHEMBL1765845,0,-2.83979933781606,decoy,HTVS
CHEMBL1766003,0,-3.36611689967552,decoy,HTVS
CHEMBL1766005,0,-2.42648247654247,decoy,HTVS
CHEMBL1766026,0,-2.47827376699199,decoy,HTVS
CHEMBL1766027,0,-2.62625831886703,decoy,HTVS
CHEMBL1766028,0,-2.76353060862507,decoy,HTVS
CHEMBL1766033,0,-2.27759255508383,decoy,HTVS
CHEMBL1766034,0,-2.12710853215287,decoy,HTVS
CHEMBL1766040,0,-2.44633846783318,decoy,HTVS
CHEMBL1766042,0,-2.63030003137749,decoy,HTVS
CHEMBL1766043,0,-2.51417284773474,decoy,HTVS
CHEMBL1766044,0,-2.14878835577562,decoy,HTVS
CHEMBL1766049,0,-2.43003956595193,decoy,HTVS
CHEMBL1766051,0,-2.3408591270839,decoy,HTVS
CHEMBL1762564,0,-2.56952723095355,decoy,HTVS
CHEMBL1762828,0,-3.4024968734635,decoy,HTVS
CHEMBL1762829,0,-3.41315027936719,decoy,HTVS
CHEMBL1762830,0,-3.63401399313046,decoy,SP
CHEMBL1765521,0,-2.51518262715292,decoy,HTVS
CHEMBL1765707,0,-2.13284848820293,decoy,HTVS
CHEMBL4104202,0,-3.27306734862734,decoy,HTVS
CHEMBL4104441,0,-2.86078183393906,decoy,HTVS
CHEMBL4104466,0,-2.99803136166107,decoy,HTVS
CHEMBL4104525,0,-4.72938726167142,decoy,SP
CHEMBL4104754,0,-3.6815906742019,decoy,SP
CHEMBL4104783,0,-3.31155359648535,decoy,HTVS
CHEMBL4104792,0,-5.11706740331665,decoy,SP
CHEMBL4105122,0,-3.16377412504293,decoy,HTVS
CHEMBL4105523,0,-3.21789008297874,decoy,HTVS
CHEMBL1800079,0,-3.30546236366608,decoy,HTVS
CHEMBL1800438,0,-4.33064300315089,decoy,SP
CHEMBL1800690,0,-4.52456578916561,decoy,SP
CHEMBL4214805,0,-4.99064055058778,decoy,SP
CHEMBL4215082,0,-5.34663297499628,decoy,SP
CHEMBL4215167,0,-1.64932086122356,decoy,HTVS
CHEMBL4215446,0,-2.43006942340745,decoy,HTVS
CHEMBL4216011,0,-4.8665291640354,decoy,SP
CHEMBL3654727,0,-5.8954247915654,decoy,SP
CHEMBL3655069,0,-2.13276522385962,decoy,HTVS
CHEMBL3338084,0,-3.73766058845703,decoy,HTVS
CHEMBL3338290,0,-3.03704338951474,decoy,HTVS
CHEMBL3338331,0,-2.4221814167536,decoy,HTVS
CHEMBL3338435,0,-2.32037778391752,decoy,HTVS
CHEMBL3338593,0,-1.34198373452896,decoy,HTVS
CHEMBL3338815,0,-1.97909358339099,decoy,HTVS
CHEMBL3339094,0,-2.71401487424186,decoy,HTVS
CHEMBL3339106,0,-4.93752906881396,decoy,SP
CHEMBL3339107,0,-3.38640415114498,decoy,SP
CHEMBL3339111,0,-2.54856577188672,decoy,HTVS
CHEMBL3339135,0,-3.46326616781663,decoy,HTVS
CHEMBL3339140,0,-2.96003278491029,decoy,HTVS
CHEMBL3985400,0,-2.28542396676548,decoy,HTVS
CHEMBL3985793,0,-3.99738210201975,decoy,SP
CHEMBL3986018,0,-2.56480836464424,decoy,HTVS
CHEMBL3986027,0,-3.14927539617008,decoy,HTVS
CHEMBL3986372,0,-6.42719569831755,decoy,SP
CHEMBL3986373,0,-2.28173560209032,decoy,HTVS
CHEMBL3986713,0,-3.67545094077282,decoy,SP
CHEMBL3986744,0,-3.1818530756881,decoy,HTVS
CHEMBL3986869,0,-3.0387712820428,decoy,HTVS
CHEMBL84917,0,-3.44165867916444,decoy,HTVS
CHEMBL84659,0,-4.24983526063705,decoy,SP
CHEMBL85393,0,-2.77250323016922,decoy,HTVS
CHEMBL315532,0,-3.50656479901294,decoy,HTVS
CHEMBL4541737,0,-2.74074189642417,decoy,HTVS
CHEMBL3715794,0,-1.74577235662721,decoy,HTVS
CHEMBL3715776,0,-3.31249935572976,decoy,HTVS
CHEMBL3719347,0,-3.25052574169763,decoy,HTVS
CHEMBL2359106,0,-1.95995132375289,decoy,HTVS
CHEMBL2359332,0,-1.39789943961032,decoy,HTVS
CHEMBL2359890,0,-3.00140734139111,decoy,HTVS
CHEMBL2359909,0,-3.2575646896065,decoy,HTVS
CHEMBL3350850,0,-1.82337572562319,decoy,HTVS
CHEMBL3350858,0,-2.97716264867854,decoy,HTVS
CHEMBL3350859,0,-3.52694327308409,decoy,HTVS
CHEMBL3353224,0,-1.95595860306407,decoy,HTVS
CHEMBL3353341,0,-3.09195581713761,decoy,HTVS
CHEMBL1743633,0,-3.47259268351464,decoy,HTVS
CHEMBL1713545,0,-2.42373807644169,decoy,HTVS
CHEMBL3608519,0,-1.92931471337277,decoy,HTVS
CHEMBL3608520,0,-3.1256376721941,decoy,HTVS
CHEMBL4104538,0,-4.48844575354472,decoy,SP
CHEMBL4104670,0,-1.72661366579849,decoy,HTVS
CHEMBL1798080,0,-2.3812008449424,decoy,HTVS
CHEMBL1798081,0,-1.54602956104735,decoy,HTVS
CHEMBL1800350,0,-4.65185763406388,decoy,SP
CHEMBL1800354,0,-2.91268559256,decoy,HTVS
CHEMBL1800792,0,-3.51418109095441,decoy,HTVS
CHEMBL4214894,0,-4.35188133940431,decoy,SP
CHEMBL4215029,0,-1.95586145127528,decoy,HTVS
CHEMBL4215155,0,-2.37012658396252,decoy,HTVS
CHEMBL4215248,0,-5.07183815714701,decoy,SP
CHEMBL4215354,0,-3.8035276299128,decoy,SP
CHEMBL4215566,0,-4.9384719627823,decoy,SP
CHEMBL4216022,0,-2.93649875335272,decoy,HTVS
CHEMBL4216043,0,-3.56081875716639,decoy,HTVS
CHEMBL3654365,0,-2.49918704018026,decoy,HTVS
CHEMBL3654367,0,-2.88376962080031,decoy,HTVS
CHEMBL3654504,0,-6.14454679711555,decoy,SP
CHEMBL3654516,0,-4.75209482400691,decoy,SP
CHEMBL3654550,0,-5.3899005967799,decoy,SP
CHEMBL3654554,0,-5.19994077432751,decoy,SP
CHEMBL3654565,0,-4.85720306803995,decoy,SP
CHEMBL3654567,0,-4.91587300592283,decoy,SP
CHEMBL3654655,0,-4.47070508333456,decoy,SP
CHEMBL3654737,0,-5.2107892062283,decoy,SP
CHEMBL3655256,0,-4.68997901435095,decoy,SP
CHEMBL3338136,0,-2.9077656471788,decoy,HTVS
CHEMBL3338177,0,-2.98674817865848,decoy,HTVS
CHEMBL3338189,0,-2.56864734209728,decoy,HTVS
CHEMBL3338190,0,-2.42923553890214,decoy,HTVS
CHEMBL3338191,0,-2.47949117278086,decoy,HTVS
CHEMBL3338218,0,-2.62704577049365,decoy,HTVS
CHEMBL3338388,0,-2.70061656444402,decoy,HTVS
CHEMBL3718742,0,-2.88860252850206,decoy,HTVS
CHEMBL3716747,0,-2.89638273826588,decoy,HTVS
CHEMBL4104701,0,-3.50484745275671,decoy,HTVS
CHEMBL4105013,0,-3.05559628180795,decoy,HTVS
CHEMBL1798041,0,-4.53048072261929,decoy,SP
CHEMBL1798044,0,-3.31241407003119,decoy,HTVS
CHEMBL1800416,0,-2.61213260901549,decoy,HTVS
CHEMBL1800417,0,-2.08558179521796,decoy,HTVS
CHEMBL1800418,0,-2.2035583999532,decoy,HTVS
CHEMBL1800476,0,-1.92510374310824,decoy,HTVS
CHEMBL1800477,0,-2.35349545814926,decoy,HTVS
CHEMBL1800481,0,-2.91207616646334,decoy,HTVS
CHEMBL1800494,0,-2.99920098205306,decoy,HTVS
CHEMBL1800495,0,-2.46123296499715,decoy,HTVS
CHEMBL1800496,0,-1.98172277504292,decoy,HTVS
CHEMBL1800505,0,-1.5931026571707,decoy,HTVS
CHEMBL1800507,0,-1.88479197372698,decoy,HTVS
CHEMBL1800508,0,-3.05367437223139,decoy,HTVS
CHEMBL1800512,0,-1.80711694138439,decoy,HTVS
CHEMBL1800513,0,-2.83385821609506,decoy,HTVS
CHEMBL1800714,0,-2.86094033670908,decoy,HTVS
CHEMBL1800715,0,-2.02681272262451,decoy,HTVS
CHEMBL1800909,0,-5.2953021633465,decoy,SP
CHEMBL1800925,0,-3.17379026608068,decoy,HTVS
CHEMBL1800928,0,-4.80117676521063,decoy,SP
CHEMBL1800979,0,-2.35109298875213,decoy,HTVS
CHEMBL4214787,0,-2.98101380525382,decoy,HTVS
CHEMBL4214867,0,-3.69486707021344,decoy,SP
CHEMBL4214881,0,-3.32010303292711,decoy,HTVS
CHEMBL4214904,0,-2.35776482184085,decoy,HTVS
CHEMBL4214930,0,-2.30290004191782,decoy,HTVS
CHEMBL4215006,0,-3.31175725411496,decoy,HTVS
CHEMBL4215012,0,-2.91750029865212,decoy,HTVS
CHEMBL4215061,0,-3.1651805908202,decoy,HTVS
CHEMBL4215165,0,-3.35628480762275,decoy,HTVS
CHEMBL4215250,0,-2.82128420800557,decoy,HTVS
CHEMBL4215324,0,-3.48169955835622,decoy,HTVS
CHEMBL4215328,0,-2.963519499545,decoy,HTVS
CHEMBL4215352,0,-3.99482447849501,decoy,SP
CHEMBL4215382,0,-4.60065279926836,decoy,SP
CHEMBL4215441,0,-2.77302150742848,decoy,HTVS
CHEMBL4215532,0,-3.11255842825847,decoy,HTVS
CHEMBL4215556,0,-3.47579620252982,decoy,HTVS
CHEMBL4215602,0,-5.39169619469558,decoy,SP
CHEMBL4215655,0,-4.55709012182936,decoy,SP
CHEMBL4215683,0,-1.09894242976625,decoy,HTVS
CHEMBL4215726,0,-3.3617341609541,decoy,HTVS
CHEMBL4215734,0,-2.82767024283641,decoy,HTVS
CHEMBL1762566,0,-3.04131163388825,decoy,HTVS
CHEMBL4105025,0,-2.47878023518176,decoy,HTVS
CHEMBL4105241,0,-3.16891377102578,decoy,HTVS
CHEMBL1800144,0,-3.56552694731713,decoy,HTVS
CHEMBL1800479,0,-2.48576284113631,decoy,HTVS
CHEMBL1800480,0,-2.285265969351,decoy,HTVS
CHEMBL3338750,0,-4.44360801910209,decoy,SP
CHEMBL3338762,0,-5.51166282102815,decoy,SP
CHEMBL3339088,0,-4.70203586861466,decoy,SP
CHEMBL3339098,0,-2.96403871898567,decoy,HTVS
CHEMBL3339102,0,-3.22994196704321,decoy,HTVS
CHEMBL3339105,0,-3.26598847735766,decoy,HTVS
CHEMBL3339118,0,-2.88644341905303,decoy,HTVS
CHEMBL3986563,0,-5.05702292658166,decoy,SP
CHEMBL3986846,0,-2.82231271694615,decoy,HTVS
CHEMBL84373,0,-4.14896337230693,decoy,SP
CHEMBL312873,0,-5.42297918490809,decoy,SP
CHEMBL87588,0,-4.58885922192194,decoy,SP
CHEMBL85047,0,-3.81799067089754,decoy,SP
CHEMBL87365,0,-5.35342986474069,decoy,SP
CHEMBL85534,0,-4.65522566510804,decoy,SP
CHEMBL314181,0,-3.55967247348152,decoy,HTVS
CHEMBL5560702,0,-3.24157164021552,decoy,HTVS
CHEMBL5560923,0,-3.61830523747716,decoy,SP
CHEMBL5560949,0,-2.24587055178808,decoy,HTVS
CHEMBL5561112,0,-2.4794221477302,decoy,HTVS
CHEMBL5561437,0,-3.18259534766852,decoy,HTVS
CHEMBL5561694,0,-4.02989673592809,decoy,SP
CHEMBL4541392,0,-2.92323899827407,decoy,HTVS
CHEMBL3716200,0,-2.4709500867898,decoy,HTVS
CHEMBL3719107,0,-2.0762745363634,decoy,HTVS
CHEMBL1977361,0,-5.98737072500328,decoy,SP
CHEMBL1978170,0,-3.45380433640169,decoy,SP
CHEMBL1714520,0,-2.85659992076851,decoy,HTVS
CHEMBL1714850,0,-5.03467813909038,decoy,SP
CHEMBL3350827,0,-2.49360159495395,decoy,HTVS
CHEMBL3350836,0,-2.23074228260428,decoy,HTVS
CHEMBL3350837,0,-2.39681077631693,decoy,HTVS
CHEMBL3350838,0,-2.30322714284255,decoy,HTVS
CHEMBL3350839,0,-1.90296635517602,decoy,HTVS
CHEMBL3350860,0,-1.36479700278781,decoy,HTVS
CHEMBL3350861,0,-1.2059038531909,decoy,HTVS
CHEMBL3350875,0,-2.23303194723595,decoy,HTVS
CHEMBL3351005,0,-2.35715632113919,decoy,HTVS
CHEMBL3351006,0,-1.94267146113143,decoy,HTVS
CHEMBL3351007,0,-2.44271978973483,decoy,HTVS
CHEMBL3351008,0,-1.95309941033025,decoy,HTVS
CHEMBL3351010,0,-2.06726075676129,decoy,HTVS
CHEMBL3351011,0,-2.44183863114575,decoy,HTVS
CHEMBL3351073,0,-2.80845497969774,decoy,HTVS
CHEMBL4104303,0,-3.33141350807136,decoy,HTVS
CHEMBL4104905,0,-4.12456359079842,decoy,SP
CHEMBL4105171,0,-3.11012680706642,decoy,HTVS
CHEMBL4105348,0,-2.38029273441339,decoy,HTVS
CHEMBL4105527,0,-3.20651369796017,decoy,HTVS
CHEMBL1800140,0,-4.81603443804542,decoy,SP
CHEMBL4214944,0,-2.73376622621235,decoy,HTVS
CHEMBL4215557,0,-2.84610131798741,decoy,HTVS
CHEMBL4215580,0,-3.96797204630487,decoy,SP
CHEMBL4216059,0,-2.76447158283601,decoy,HTVS
CHEMBL3654724,0,-5.64299557741174,decoy,SP
CHEMBL3338145,0,-2.22598108169083,decoy,HTVS
CHEMBL3339068,0,-3.26546143883559,decoy,SP
CHEMBL3339082,0,-3.47687585330142,decoy,HTVS
CHEMBL3339086,0,-3.55912028745523,decoy,HTVS
CHEMBL3339124,0,-3.18926307064411,decoy,SP
CHEMBL3339126,0,-2.52538710380313,decoy,SP
CHEMBL3339127,0,-2.59041985358201,decoy,HTVS
CHEMBL3339129,0,-3.16596374019295,decoy,HTVS
CHEMBL3339130,0,-3.24012347185636,decoy,HTVS
CHEMBL3339131,0,-2.59794766699759,decoy,HTVS
CHEMBL3339133,0,-4.15380775738194,decoy,SP
CHEMBL3339139,0,-3.4781264448018,decoy,HTVS
CHEMBL3339141,0,-3.77201686607136,decoy,SP
CHEMBL3339146,0,-2.51147724995677,decoy,HTVS
CHEMBL3985864,0,-5.00981735169796,decoy,SP
CHEMBL3985939,0,-3.51127803088795,decoy,HTVS
CHEMBL3986143,0,-3.47458867913732,decoy,HTVS
CHEMBL3986440,0,-3.07707173796938,decoy,HTVS
CHEMBL3986638,0,-3.94903494986889,decoy,SP
CHEMBL84588,0,-4.04445025977412,decoy,SP
CHEMBL87248,0,-3.50569414599554,decoy,HTVS
CHEMBL5560820,0,-3.00830881624808,decoy,HTVS
CHEMBL5560874,0,-4.65031307822529,decoy,SP
CHEMBL5560936,0,-4.01754362336939,decoy,SP
CHEMBL5561121,0,-2.78160301920483,decoy,HTVS
CHEMBL5561136,0,-5.37580285595027,decoy,SP
CHEMBL4540446,0,-2.06359678056443,decoy,HTVS
CHEMBL4540694,0,-3.38000615082021,decoy,HTVS
CHEMBL4540872,0,-3.10446449638451,decoy,HTVS
CHEMBL4540905,0,-2.55313601560518,decoy,HTVS
CHEMBL4541335,0,-2.1768669356636,decoy,HTVS
CHEMBL3717637,0,-4.52691706172842,decoy,SP
CHEMBL3718216,0,-3.42635977146732,decoy,HTVS
CHEMBL3716592,0,-3.03804032112867,decoy,HTVS
CHEMBL2359439,0,-2.93482924269093,decoy,HTVS
CHEMBL2359501,0,-3.00172926275734,decoy,HTVS
CHEMBL2359642,0,-3.51542641218478,decoy,HTVS
CHEMBL2359739,0,-3.30255110040564,decoy,HTVS
CHEMBL5561514,0,-3.44008512505449,decoy,HTVS
CHEMBL3339027,0,-3.33352138504789,decoy,HTVS
CHEMBL3986779,0,-4.61016966750137,decoy,SP
CHEMBL4541381,0,-4.33330769044333,decoy,SP
CHEMBL1978707,0,-5.67349364636154,decoy,SP
CHEMBL1714450,0,-3.39754702276914,decoy,HTVS
CHEMBL3353195,0,-5.38339722396184,decoy,SP
CHEMBL3353319,0,-5.81129468565815,decoy,SP
CHEMBL3353320,0,-5.52680301294508,decoy,SP
CHEMBL3609374,0,-2.11649398010357,decoy,HTVS
CHEMBL3609375,0,-3.14714296517453,decoy,HTVS
CHEMBL544558,0,-5.45175715412024,decoy,SP
CHEMBL544792,0,-5.9277827003979,decoy,SP
CHEMBL1762777,0,-6.31791918643562,decoy,SP
CHEMBL1765558,0,-4.34210525741761,decoy,SP
CHEMBL1766062,0,-2.30892443403969,decoy,HTVS
CHEMBL4104598,0,-3.35751773068093,decoy,HTVS
CHEMBL4104844,0,-5.02477434764744,decoy,SP
CHEMBL4104902,0,-2.57870585696632,decoy,HTVS
CHEMBL4105035,0,-4.61304686727088,decoy,SP
CHEMBL1797805,0,-4.58858048361514,decoy,SP
CHEMBL1797979,0,-2.7191050294876,decoy,HTVS
CHEMBL1797985,0,1.04790732613994,decoy,HTVS
CHEMBL4215315,0,-2.72044578700633,decoy,HTVS
CHEMBL4215483,0,-6.17677774058468,decoy,SP
CHEMBL3654333,0,-2.81699265090465,decoy,HTVS
CHEMBL3655258,0,-4.45617620156439,decoy,SP
CHEMBL3338067,0,-6.19711464820382,decoy,SP
CHEMBL3338068,0,-6.28294996841927,decoy,SP
CHEMBL3338069,0,-6.12369555493349,decoy,SP
CHEMBL3338397,0,-2.97363587764764,decoy,HTVS
CHEMBL3338398,0,-2.44958265005167,decoy,HTVS
CHEMBL3985559,0,-2.85674853140256,decoy,HTVS
CHEMBL3985702,0,-5.64324559731389,decoy,SP
CHEMBL3985715,0,-5.61572984238656,decoy,SP
CHEMBL3986152,0,-5.20195067358273,decoy,SP
CHEMBL3986190,0,-2.51989281251149,decoy,HTVS
CHEMBL3986270,0,-4.51326936394253,decoy,SP
CHEMBL3986286,0,-2.77442369222089,decoy,HTVS
CHEMBL3986321,0,-5.25722954585602,decoy,SP
CHEMBL3986363,0,-2.51509787823978,decoy,HTVS
CHEMBL3986411,0,-4.29310852064105,decoy,HTVS
CHEMBL3986460,0,-3.50922503408059,decoy,HTVS
CHEMBL3986559,0,-4.24966698566934,decoy,HTVS
CHEMBL3986629,0,-3.49414875039389,decoy,HTVS
CHEMBL3986770,0,-4.2065685312816,decoy,HTVS
CHEMBL3986797,0,-1.60926654317548,decoy,HTVS
CHEMBL3986829,0,-3.04638600808807,decoy,HTVS
CHEMBL3986849,0,-2.98534969093647,decoy,HTVS
CHEMBL3716452,0,-2.98819231629458,decoy,HTVS
CHEMBL2359350,0,-1.3378348661637,decoy,HTVS
CHEMBL2359409,0,-2.79243983944767,decoy,HTVS
CHEMBL2359747,0,-2.60297831100049,decoy,HTVS
CHEMBL2359777,0,-3.35783117012807,decoy,HTVS
CHEMBL1978652,0,-4.00612495286544,decoy,HTVS
CHEMBL543852,0,-3.66174060087686,decoy,HTVS
CHEMBL545055,0,-3.983336787761,decoy,HTVS
CHEMBL5560749,0,-3.14325009874401,decoy,HTVS
CHEMBL3716541,0,-3.33766519614183,decoy,HTVS
CHEMBL2359453,0,-2.0421705718202,decoy,HTVS
CHEMBL2359620,0,-3.86540591435612,decoy,HTVS
CHEMBL2359660,0,-1.51301224267872,decoy,HTVS
CHEMBL2359980,0,-4.6897043184977,decoy,HTVS
CHEMBL1978240,0,-5.06968008106903,decoy,HTVS
CHEMBL1714834,0,-3.3472582528043,decoy,HTVS
CHEMBL1743886,0,-1.24516052523978,decoy,HTVS
CHEMBL1744100,0,-4.40889785502011,decoy,HTVS
CHEMBL1744167,0,-2.44682905959475,decoy,HTVS
CHEMBL1744170,0,-2.69916444628502,decoy,HTVS
CHEMBL1744186,0,-2.96649232079521,decoy,HTVS
CHEMBL1744302,0,-3.33432715402784,decoy,HTVS
CHEMBL1714007,0,-3.688720817773,decoy,HTVS
CHEMBL1714300,0,-3.31841545602883,decoy,HTVS
CHEMBL1714315,0,-1.67707910385709,decoy,HTVS
CHEMBL545044,0,-2.96916158067201,decoy,HTVS
CHEMBL553310,0,-3.07984797873316,decoy,HTVS
CHEMBL545764,0,-2.80423067887118,decoy,HTVS
CHEMBL4104650,0,-2.12196325032565,decoy,HTVS
CHEMBL4105374,0,-4.12441039242066,decoy,HTVS
CHEMBL4105476,0,-4.08929477551892,decoy,HTVS
CHEMBL4105522,0,-3.6972073761552,decoy,HTVS
CHEMBL4216014,0,-3.05774623675733,decoy,HTVS
CHEMBL3654254,0,-1.34841663570067,decoy,HTVS
CHEMBL3985839,0,-2.88338959995369,decoy,HTVS
CHEMBL3986566,0,-4.23103170530641,decoy,HTVS
CHEMBL3986640,0,-2.95393892577372,decoy,HTVS
CHEMBL5560459,0,-3.52693021434674,decoy,HTVS
CHEMBL5560494,0,-3.92064732422539,decoy,HTVS
CHEMBL5560644,0,-4.58191670258083,decoy,HTVS
CHEMBL5561594,0,-3.71236629765832,decoy,HTVS
CHEMBL4540852,0,-3.96796133193373,decoy,HTVS
CHEMBL4541640,0,-3.02538418325992,decoy,HTVS
CHEMBL3716826,0,-2.19166193573745,decoy,HTVS
CHEMBL3717381,0,-2.5988730783157,decoy,HTVS
CHEMBL3719293,0,-3.28008332095026,decoy,HTVS
CHEMBL3985876,0,-2.77807458378274,decoy,HTVS
CHEMBL3986164,0,-5.39744387698972,decoy,HTVS
CHEMBL4540808,0,-4.69900672246738,decoy,HTVS
CHEMBL1762773,0,-3.00921536727614,decoy,HTVS
CHEMBL1762776,0,-3.88277968853297,decoy,HTVS
CHEMBL1765307,0,-5.18411759116528,decoy,HTVS
CHEMBL1765556,0,-3.97551265026211,decoy,HTVS
CHEMBL1765617,0,-5.32661383970949,decoy,HTVS
CHEMBL4104358,0,-4.64457269915633,decoy,HTVS
CHEMBL4104470,0,-3.58987965669228,decoy,HTVS
CHEMBL4104605,0,-3.51848269954663,decoy,HTVS
CHEMBL4104657,0,-4.72611434502038,decoy,HTVS
CHEMBL4104727,0,-2.32701566303781,decoy,HTVS
CHEMBL4104802,0,-3.5402725506686,decoy,HTVS
CHEMBL4104883,0,-5.15115712626276,decoy,HTVS
CHEMBL4105001,0,-3.90914489717274,decoy,HTVS
CHEMBL4105047,0,-2.02756441881598,decoy,HTVS
CHEMBL4105394,0,-3.37711969690392,decoy,HTVS
CHEMBL4105502,0,-3.52036062896073,decoy,HTVS
CHEMBL1797935,0,-4.49964176606892,decoy,HTVS
CHEMBL1800766,0,-3.95994572069982,decoy,HTVS
CHEMBL1800939,0,-3.53694252393039,decoy,HTVS
CHEMBL1800942,0,-3.28414180679263,decoy,HTVS
CHEMBL1800948,0,-3.96340032976528,decoy,HTVS
CHEMBL1801049,0,-2.70687872543006,decoy,HTVS
CHEMBL1801053,0,-2.94756191081772,decoy,HTVS
CHEMBL1801135,0,-4.26862734731328,decoy,HTVS
CHEMBL4215017,0,-4.15648723164475,decoy,HTVS
CHEMBL4215091,0,-3.99700198583697,decoy,HTVS
CHEMBL4215310,0,-4.02081807983622,decoy,HTVS
CHEMBL4215618,0,-5.37305101117008,decoy,HTVS
CHEMBL4215803,0,-4.04083799655674,decoy,HTVS
CHEMBL3654236,0,-4.49374592441446,decoy,HTVS
CHEMBL3654239,0,-3.90966639664056,decoy,HTVS
CHEMBL3654242,0,-2.8492071363026,decoy,HTVS
CHEMBL3654245,0,-4.17820794810611,decoy,HTVS
CHEMBL3654248,0,-3.42038200718734,decoy,HTVS
CHEMBL3654249,0,-3.77471122229294,decoy,HTVS
CHEMBL3654251,0,-4.64528493268534,decoy,HTVS
CHEMBL3654252,0,-3.91489385158447,decoy,HTVS
CHEMBL3639531,0,-4.04737409188287,decoy,HTVS
CHEMBL3654359,0,-3.33363886034903,decoy,HTVS
CHEMBL3654428,0,-4.3792305442012,decoy,HTVS
CHEMBL3654578,0,-5.10433963513985,decoy,HTVS
CHEMBL3654731,0,-4.08139424109103,decoy,HTVS
CHEMBL3654877,0,-4.03311197743549,decoy,HTVS
CHEMBL3654878,0,-4.75241617404943,decoy,HTVS
CHEMBL3654886,0,-4.80936837030498,decoy,HTVS
CHEMBL3655110,0,-3.40278985760921,decoy,HTVS
CHEMBL3338896,0,-3.55889595470012,decoy,HTVS
CHEMBL3985468,0,-3.62681190233222,decoy,HTVS
CHEMBL3986334,0,-2.89599058765422,decoy,HTVS
CHEMBL4541409,0,-2.36585800068222,decoy,HTVS
CHEMBL4541485,0,-5.02179349504528,decoy,HTVS
CHEMBL4541587,0,-2.43551570063855,decoy,HTVS
CHEMBL2359165,0,-3.62029734296335,decoy,HTVS
CHEMBL2359959,0,-3.67691052495589,decoy,HTVS
CHEMBL2360039,0,-2.30713867110484,decoy,HTVS
CHEMBL1977584,0,-3.91932104750347,decoy,HTVS
CHEMBL1714898,0,-2.42717456056233,decoy,HTVS
CHEMBL1715418,0,-3.45711729108303,decoy,HTVS
CHEMBL3353405,0,-4.01244688206752,decoy,HTVS
CHEMBL3353410,0,-3.91430272826137,decoy,HTVS
CHEMBL1744347,0,-3.8564262186867,decoy,HTVS
CHEMBL1713744,0,-3.21860660579322,decoy,HTVS
CHEMBL3608521,0,-2.99064565679794,decoy,HTVS
CHEMBL3608524,0,-2.98423580526073,decoy,HTVS
CHEMBL3608525,0,-3.83458847869558,decoy,HTVS
CHEMBL3608587,0,-2.42650345295632,decoy,HTVS
CHEMBL3608589,0,-2.49881641079747,decoy,HTVS
CHEMBL3608641,0,-2.75108057226463,decoy,HTVS
CHEMBL3608923,0,-1.87820500314503,decoy,HTVS
CHEMBL3609119,0,-3.29412267029784,decoy,HTVS
CHEMBL3609300,0,-2.47551317619335,decoy,HTVS
CHEMBL3609881,0,-3.0493066228463,decoy,HTVS
CHEMBL545715,0,-2.42575091949056,decoy,HTVS
CHEMBL542899,0,-3.88303893676387,decoy,HTVS
CHEMBL544346,0,-2.59590583443089,decoy,HTVS
CHEMBL4104846,0,-3.5001456387584,decoy,HTVS
CHEMBL1798060,0,-1.71452848582771,decoy,HTVS
CHEMBL1798071,0,-1.92658303582088,decoy,HTVS
CHEMBL1800303,0,-3.07043102216561,decoy,HTVS
CHEMBL1800306,0,-3.06185080039672,decoy,HTVS
CHEMBL1800309,0,-3.3803078510647,decoy,HTVS
CHEMBL1800313,0,-2.86218735235464,decoy,HTVS
CHEMBL1800355,0,-3.84035077763368,decoy,HTVS
CHEMBL1801000,0,-3.05826431724212,decoy,HTVS
CHEMBL1801002,0,-0.49639159746361,decoy,HTVS
CHEMBL4215325,0,-5.45080901858442,decoy,HTVS
CHEMBL4215390,0,-2.82326566612307,decoy,HTVS
CHEMBL4215497,0,-4.08606878202588,decoy,HTVS
CHEMBL4215828,0,-2.21824008798661,decoy,HTVS
CHEMBL4215841,0,-1.92626281592719,decoy,HTVS
CHEMBL3654237,0,-2.78287315815337,decoy,HTVS
CHEMBL3654240,0,-2.62588281785509,decoy,HTVS
CHEMBL3654259,0,-3.5720868544399,decoy,HTVS
CHEMBL3654364,0,-3.17967469065332,decoy,HTVS
CHEMBL3654373,0,-2.76587061184864,decoy,HTVS
CHEMBL1765618,0,-4.55624125288638,decoy,HTVS
CHEMBL1800284,0,-2.78782001150212,decoy,HTVS
CHEMBL1800893,0,-3.32750130339813,decoy,HTVS
CHEMBL4216058,0,-4.3963759396861,decoy,HTVS
CHEMBL4216079,0,-2.65134331037728,decoy,HTVS
CHEMBL3338381,0,-3.11516426230629,decoy,HTVS
CHEMBL3338863,0,-5.27675949145971,decoy,HTVS
CHEMBL3338967,0,-4.82182160419308,decoy,HTVS
CHEMBL3338970,0,-3.5819039790414,decoy,HTVS
CHEMBL3338974,0,-3.11423072969657,decoy,HTVS
CHEMBL3338978,0,-3.22666569413295,decoy,HTVS
CHEMBL3986765,0,-2.81750750884485,decoy,HTVS
CHEMBL84218,0,-1.98309148177017,decoy,HTVS
CHEMBL311233,0,-2.50943760818386,decoy,HTVS
CHEMBL84823,0,-3.64471571042494,decoy,HTVS
CHEMBL315698,0,-2.90738536594138,decoy,HTVS
CHEMBL85034,0,-2.20370104634201,decoy,HTVS
CHEMBL418932,0,-2.89385767308989,decoy,HTVS
CHEMBL85137,0,-2.7649422464712,decoy,HTVS
CHEMBL2359004,0,-5.18068276830357,decoy,HTVS
CHEMBL2359160,0,-3.76890843417135,decoy,HTVS
CHEMBL2359196,0,-3.79969428692422,decoy,HTVS
CHEMBL2359996,0,-4.86724944400234,decoy,HTVS
CHEMBL1714510,0,-2.59583832126835,decoy,HTVS
CHEMBL1714605,0,-2.80076355829045,decoy,HTVS
CHEMBL1714989,0,-3.70930236871286,decoy,HTVS
CHEMBL1713501,0,-3.78870335402306,decoy,HTVS
CHEMBL1714051,0,-2.62938021701954,decoy,HTVS
CHEMBL543845,0,-3.17281763208756,decoy,HTVS
CHEMBL1762822,0,-3.30965917631302,decoy,HTVS
CHEMBL1765463,0,-3.83770771258311,decoy,HTVS
CHEMBL1765464,0,-3.8654360227334,decoy,HTVS
CHEMBL1765625,0,-3.77420721160222,decoy,HTVS
CHEMBL1766082,0,-2.99605087620639,decoy,HTVS
CHEMBL1766083,0,-2.46152200167055,decoy,HTVS
CHEMBL4104174,0,-2.75468227934371,decoy,HTVS
CHEMBL4104236,0,-3.35779690859939,decoy,HTVS
CHEMBL4104562,0,-3.57844636351207,decoy,HTVS
CHEMBL4104565,0,-4.05161185692101,decoy,HTVS
CHEMBL4104585,0,-1.86983410872937,decoy,HTVS
CHEMBL4104602,0,-2.69506681190028,decoy,HTVS
CHEMBL4104711,0,-3.29053920604338,decoy,HTVS
CHEMBL4104776,0,-4.55820657494208,decoy,HTVS
CHEMBL4104812,0,-3.26043359040377,decoy,HTVS
CHEMBL4104876,0,-4.00096157463264,decoy,HTVS
CHEMBL4104921,0,-2.50924787978269,decoy,HTVS
CHEMBL4104979,0,-4.61765020276181,decoy,HTVS
CHEMBL4105009,0,-1.9891076694782,decoy,HTVS
CHEMBL4105081,0,-3.60868848778345,decoy,HTVS
CHEMBL3338453,0,-3.37884701256776,decoy,HTVS
CHEMBL4541559,0,-2.2797662412393,decoy,HTVS
CHEMBL2359778,0,-2.81450166577935,decoy,HTVS
CHEMBL2359919,0,-3.40732665921183,decoy,HTVS
CHEMBL1715372,0,-3.15806631702869,decoy,HTVS
CHEMBL3353012,0,-3.03336488353867,decoy,HTVS
CHEMBL3608532,0,-3.02354134127035,decoy,HTVS
CHEMBL4104336,0,-4.15322070450099,decoy,HTVS
CHEMBL4104412,0,-4.21806758909838,decoy,HTVS
CHEMBL4105378,0,-2.77743001332265,decoy,HTVS
CHEMBL1797804,0,-1.54292851462743,decoy,HTVS
CHEMBL4215614,0,-2.69326542235277,decoy,HTVS
CHEMBL3654284,0,-3.22031798456098,decoy,HTVS
CHEMBL3338183,0,-2.08463090141695,decoy,HTVS
CHEMBL3338184,0,-2.95599956533979,decoy,HTVS
CHEMBL3338185,0,-2.03289088165032,decoy,HTVS
CHEMBL3338188,0,-2.11650243611592,decoy,HTVS
CHEMBL3338192,0,-2.72570219379474,decoy,HTVS
CHEMBL3338193,0,-2.57680454777189,decoy,HTVS
CHEMBL3338194,0,-2.85000124710177,decoy,HTVS
CHEMBL3338445,0,-4.47252125486322,decoy,HTVS
CHEMBL3338447,0,-3.9831227775441,decoy,HTVS
CHEMBL3338451,0,-3.53115347456928,decoy,HTVS
CHEMBL3338711,0,-0.876589572715915,decoy,HTVS
CHEMBL3985483,0,-4.67187771754715,decoy,HTVS
CHEMBL3985499,0,-4.97630269995083,decoy,HTVS
CHEMBL3985540,0,-3.89672523431612,decoy,HTVS
CHEMBL3985549,0,-3.05753652713774,decoy,HTVS
CHEMBL3985931,0,-3.32084901342942,decoy,HTVS
CHEMBL3986089,0,-3.8029245126874,decoy,HTVS
CHEMBL3986198,0,-4.22745993484365,decoy,HTVS
CHEMBL3986433,0,-3.51279036155732,decoy,HTVS
CHEMBL3986474,0,-2.48881174414095,decoy,HTVS
CHEMBL3986532,0,-3.52168966897699,decoy,HTVS
CHEMBL3986579,0,-3.54183691717589,decoy,HTVS
CHEMBL3986631,0,-1.90029734562898,decoy,HTVS
CHEMBL3986700,0,-2.37014990231541,decoy,HTVS
CHEMBL3986781,0,-4.00685262831369,decoy,HTVS
CHEMBL3986783,0,-4.75818504018122,decoy,HTVS
CHEMBL3986852,0,-5.13273588757781,decoy,HTVS
CHEMBL85095,0,-2.38873387165074,decoy,HTVS
CHEMBL313064,0,-3.02353888056591,decoy,HTVS
CHEMBL263276,0,-3.09060124176846,decoy,HTVS
CHEMBL83305,0,-3.69148952624062,decoy,HTVS
CHEMBL5560387,0,-3.09577450224466,decoy,HTVS
CHEMBL5560394,0,-4.14676140501521,decoy,HTVS
CHEMBL5560545,0,-3.05719682126371,decoy,HTVS
CHEMBL1800604,0,-2.94477224560918,decoy,HTVS
CHEMBL1800609,0,-2.89859698918033,decoy,HTVS
CHEMBL1743737,0,-2.19465799026223,decoy,HTVS
CHEMBL1713371,0,-3.55619895981464,decoy,HTVS
CHEMBL1762687,0,-2.46470901602303,decoy,HTVS
CHEMBL1762688,0,-1.29402978175378,decoy,HTVS
CHEMBL1762801,0,-2.90054770648166,decoy,HTVS
CHEMBL1762802,0,-3.25490295494123,decoy,HTVS
CHEMBL1765388,0,-2.65215992524538,decoy,HTVS
CHEMBL1765723,0,-1.4217464668887,decoy,HTVS
CHEMBL1765724,0,-1.88110503490999,decoy,HTVS
CHEMBL1765804,0,-3.52425361031935,decoy,HTVS
CHEMBL1765809,0,-3.14818245218211,decoy,HTVS
CHEMBL1765825,0,-3.13278873229891,decoy,HTVS
CHEMBL1765831,0,-3.56203329893273,decoy,HTVS
CHEMBL1765843,0,-3.04068355141607,decoy,HTVS
CHEMBL1765849,0,-3.6781116721869,decoy,HTVS
CHEMBL1765862,0,-3.0726299514702,decoy,HTVS
CHEMBL1765866,0,-2.82489230013842,decoy,HTVS
CHEMBL1765870,0,-3.39103084344138,decoy,HTVS
CHEMBL1765873,0,-2.25593073058749,decoy,HTVS
CHEMBL1765875,0,-2.86915385573852,decoy,HTVS
CHEMBL1765979,0,-3.86317560777032,decoy,HTVS
CHEMBL1765998,0,-2.86915385573852,decoy,HTVS
CHEMBL1766012,0,-3.01358816819247,decoy,HTVS
CHEMBL1766013,0,-3.22481128679943,decoy,HTVS
CHEMBL1766014,0,-2.13270236285448,decoy,HTVS
CHEMBL1766015,0,-2.55339723002343,decoy,HTVS
CHEMBL1766025,0,-2.52641143345791,decoy,HTVS
CHEMBL1766045,0,-3.45071926945114,decoy,HTVS
CHEMBL1766159,0,-3.12262038669756,decoy,HTVS
CHEMBL1766161,0,-2.13179976662939,decoy,HTVS
CHEMBL4104304,0,-4.21382854359755,decoy,HTVS
CHEMBL4104362,0,-2.96090766469264,decoy,HTVS
CHEMBL4104374,0,-2.16191808952094,decoy,HTVS
CHEMBL4104410,0,-3.07808753647312,decoy,HTVS
CHEMBL4104530,0,-3.61453367429466,decoy,HTVS
CHEMBL4104715,0,-4.31534571729682,decoy,HTVS
CHEMBL4104730,0,-3.71345984523365,decoy,HTVS
CHEMBL4104801,0,-2.79632887790407,decoy,HTVS
CHEMBL4104813,0,-3.85950387466837,decoy,HTVS
CHEMBL4104852,0,-3.77639691156616,decoy,HTVS
CHEMBL4104872,0,-3.07010322468452,decoy,HTVS
CHEMBL4104942,0,-3.79167793498474,decoy,HTVS
CHEMBL4105085,0,-3.51524379181388,decoy,HTVS
CHEMBL4105197,0,-3.25942781832188,decoy,HTVS
CHEMBL4105272,0,-3.30306512844092,decoy,HTVS
CHEMBL4105352,0,-4.46420332030158,decoy,HTVS
CHEMBL4105423,0,-4.32001530176096,decoy,HTVS
CHEMBL2359761,0,-2.72929628365325,decoy,HTVS
CHEMBL2360088,0,-1.15249332925002,decoy,HTVS
CHEMBL3350614,0,-1.92643817526231,decoy,HTVS
CHEMBL2286517,0,-3.60786208502422,decoy,HTVS
CHEMBL545063,0,-4.51990630225717,decoy,HTVS
CHEMBL542940,0,-3.24757793015936,decoy,HTVS
CHEMBL316241,0,-2.78837962566848,decoy,HTVS
CHEMBL2359707,0,-3.27069830294533,decoy,HTVS
CHEMBL1714829,0,-2.32838283537346,decoy,HTVS
CHEMBL1715315,0,-2.70223721158141,decoy,HTVS
CHEMBL3353540,0,-3.55793339502313,decoy,HTVS
CHEMBL1743880,0,-5.02255138716636,decoy,HTVS
CHEMBL1713641,0,-3.6057320399141,decoy,HTVS
CHEMBL1713648,0,-1.75313266569207,decoy,HTVS
CHEMBL1714082,0,-1.16259852774591,decoy,HTVS
CHEMBL1714377,0,-2.04967163736004,decoy,HTVS
CHEMBL542713,0,-3.03679100171242,decoy,HTVS
CHEMBL1797997,0,-2.77292326080062,decoy,HTVS
CHEMBL4215419,0,-2.58471728779123,decoy,HTVS
CHEMBL4215514,0,-2.51406523273402,decoy,HTVS
CHEMBL3654335,0,-3.11950865694762,decoy,HTVS
CHEMBL3654344,0,-3.03417833836994,decoy,HTVS
CHEMBL3338519,0,-4.22710727388894,decoy,HTVS
CHEMBL3338521,0,-3.44777780368126,decoy,HTVS
CHEMBL3338524,0,-3.7585699781142,decoy,HTVS
CHEMBL3985416,0,-1.79612809978917,decoy,HTVS
CHEMBL3985759,0,-4.182209689685,decoy,HTVS
CHEMBL3985871,0,-4.44541876977908,decoy,HTVS
CHEMBL3986066,0,-2.52433432684215,decoy,HTVS
CHEMBL3986120,0,-2.22807748553591,decoy,HTVS
CHEMBL3986134,0,-2.62598139366073,decoy,HTVS
CHEMBL3986266,0,-3.04988953610181,decoy,HTVS
CHEMBL3986397,0,-3.71065514660031,decoy,HTVS
CHEMBL3986399,0,-2.56377988912815,decoy,HTVS
CHEMBL3986529,0,-3.46019378505977,decoy,HTVS
CHEMBL3986533,0,-5.53731602497573,decoy,HTVS
CHEMBL3986607,0,-3.54727329974955,decoy,HTVS
CHEMBL3986782,0,-3.76465670032508,decoy,HTVS
CHEMBL84820,0,-2.111026173138,decoy,HTVS
CHEMBL85531,0,-2.26958627886422,decoy,HTVS
CHEMBL85736,0,-2.82514572225152,decoy,HTVS
CHEMBL85152,0,-2.80405852880918,decoy,HTVS
CHEMBL314609,0,-2.51506123014822,decoy,HTVS
CHEMBL87225,0,-2.05603489234282,decoy,HTVS
CHEMBL85630,0,-3.25425136465008,decoy,HTVS
CHEMBL85435,0,-4.36989014234755,decoy,HTVS
CHEMBL419672,0,-3.82131887407034,decoy,HTVS
CHEMBL82814,0,-5.50009048179155,decoy,HTVS
CHEMBL83399,0,-4.3331137671417,decoy,HTVS
CHEMBL5560356,0,-3.81439301440291,decoy,HTVS
CHEMBL5560438,0,-4.10503170039295,decoy,HTVS
CHEMBL5560484,0,-2.8976874383358,decoy,HTVS
CHEMBL5560694,0,-5.8551757309276,decoy,HTVS
CHEMBL5561131,0,-2.99578370182131,decoy,HTVS
CHEMBL5561207,0,-3.53668668958641,decoy,HTVS
CHEMBL3339095,0,-2.69984574023003,decoy,HTVS
CHEMBL3339097,0,-2.17569539374404,decoy,HTVS
CHEMBL3339099,0,-2.90653242262379,decoy,HTVS
CHEMBL3339101,0,-2.84461333994863,decoy,HTVS
CHEMBL3339113,0,-2.8359301719508,decoy,HTVS
CHEMBL3339114,0,-2.7911980427261,decoy,HTVS
CHEMBL3339120,0,-4.3933628889802,decoy,HTVS
CHEMBL3339123,0,-3.53453370902258,decoy,HTVS
CHEMBL3339125,0,-4.38525805733798,decoy,HTVS
CHEMBL3339128,0,-3.96035295330828,decoy,HTVS
CHEMBL3339132,0,-3.21638090100655,decoy,HTVS
CHEMBL3339137,0,-3.5595098703603,decoy,HTVS
CHEMBL3339138,0,-3.35998515758012,decoy,HTVS
CHEMBL3339145,0,-3.96946123162542,decoy,HTVS
CHEMBL87610,0,-2.70924863857252,decoy,HTVS
CHEMBL87289,0,-3.41651376448729,decoy,HTVS
CHEMBL1766039,0,-3.57457509861167,decoy,HTVS
CHEMBL1766047,0,-3.02475666246619,decoy,HTVS
CHEMBL4104747,0,-2.46010733631067,decoy,HTVS
CHEMBL4104877,0,0.461614135950853,decoy,HTVS
CHEMBL4105080,0,-2.77610226113468,decoy,HTVS
CHEMBL4105436,0,-2.19438038238808,decoy,HTVS
CHEMBL4105475,0,-3.59964748141179,decoy,HTVS
CHEMBL4105517,0,-2.55162819787576,decoy,HTVS
CHEMBL4105538,0,-2.11913232621977,decoy,HTVS
CHEMBL1800222,0,-2.85321003896225,decoy,HTVS
CHEMBL1800478,0,-2.62094856602068,decoy,HTVS
CHEMBL1800485,0,-3.73367532569211,decoy,HTVS
CHEMBL1800486,0,-3.25822457541095,decoy,HTVS
CHEMBL1800489,0,-2.45760021543568,decoy,HTVS
CHEMBL1800490,0,-1.83208733062375,decoy,HTVS
CHEMBL1800497,0,-3.27734519459931,decoy,HTVS
CHEMBL1800498,0,-3.57732474518953,decoy,HTVS
CHEMBL1800499,0,-2.20653662073689,decoy,HTVS
CHEMBL1800501,0,-2.6103741160473,decoy,HTVS
CHEMBL1800502,0,-2.34407260117333,decoy,HTVS
CHEMBL1800506,0,-3.17275904749819,decoy,HTVS
CHEMBL1800509,0,-3.67472765488921,decoy,HTVS
CHEMBL1800510,0,-2.18106768822867,decoy,HTVS
CHEMBL1800511,0,-2.23117624113425,decoy,HTVS
CHEMBL1800514,0,-3.48607771357317,decoy,HTVS
CHEMBL1800516,0,-2.27077403217368,decoy,HTVS
CHEMBL1800980,0,-2.29836267505647,decoy,HTVS
CHEMBL1801007,0,-3.75078130613188,decoy,HTVS
CHEMBL1801008,0,-1.92931116341697,decoy,HTVS
CHEMBL1801009,0,-2.53575939258251,decoy,HTVS
CHEMBL1801010,0,-3.41500232275713,decoy,HTVS
CHEMBL4214948,0,-5.38914948503899,decoy,HTVS
CHEMBL545475,0,-1.45671283291862,decoy,HTVS
CHEMBL1766135,0,-2.60623104079399,decoy,HTVS
CHEMBL1798057,0,1.39822205838109,decoy,HTVS
CHEMBL1798058,0,-1.76957687611315,decoy,HTVS
CHEMBL1798062,0,-2.56801902134246,decoy,HTVS
CHEMBL1798072,0,-3.10902550817452,decoy,HTVS
CHEMBL1798073,0,1.6857452113405,decoy,HTVS
CHEMBL1800107,0,-1.83187654410868,decoy,HTVS
CHEMBL4215022,0,-3.5292031933431,decoy,HTVS
CHEMBL4215635,0,-4.5720527275775,decoy,HTVS
CHEMBL4215909,0,-4.25111402060154,decoy,HTVS
CHEMBL4216039,0,-3.27523672174679,decoy,HTVS
CHEMBL3654362,0,-3.95116857317844,decoy,HTVS
CHEMBL3654374,0,-3.16938370332852,decoy,HTVS
CHEMBL3654376,0,-3.90489596083401,decoy,HTVS
CHEMBL3338199,0,-3.60282484810141,decoy,HTVS
CHEMBL3338210,0,-2.66704683849757,decoy,HTVS
CHEMBL3338441,0,-3.13341985044212,decoy,HTVS
CHEMBL3985678,0,-3.4282764241782,decoy,HTVS
CHEMBL3985848,0,-3.94443350440625,decoy,HTVS
CHEMBL3986163,0,-1.11865791992611,decoy,HTVS
CHEMBL3986464,0,-3.63126579532135,decoy,HTVS
CHEMBL84617,0,-2.94924175913979,decoy,HTVS
CHEMBL314368,0,0.0970909444636443,decoy,HTVS
CHEMBL310967,0,-3.14626695110673,decoy,HTVS
CHEMBL313130,0,-4.00924025728291,decoy,HTVS
CHEMBL420778,0,-2.67121741374678,decoy,HTVS
CHEMBL313779,0,-2.61253574726559,decoy,HTVS
CHEMBL5560427,0,-4.42267079074008,decoy,HTVS
CHEMBL5560473,0,-3.64518872552724,decoy,HTVS
CHEMBL5560643,0,-2.48065536503121,decoy,HTVS
CHEMBL5561584,0,-5.27255457728411,decoy,HTVS
CHEMBL5561607,0,-2.73474228637978,decoy,HTVS
CHEMBL4540457,0,-3.82117899945364,decoy,HTVS
CHEMBL4540572,0,-1.45958551442676,decoy,HTVS
CHEMBL4540709,0,-3.0301881695043,decoy,HTVS
CHEMBL4541002,0,-3.27082118679123,decoy,HTVS
CHEMBL4541037,0,-3.31523987920057,decoy,HTVS
CHEMBL4541297,0,-3.28233351414782,decoy,HTVS
CHEMBL3717506,0,-3.94525514775973,decoy,HTVS
CHEMBL3715212,0,-2.19675615254352,decoy,HTVS
CHEMBL3714901,0,-1.97887455532204,decoy,HTVS
CHEMBL3719219,0,-3.69477543160948,decoy,HTVS
CHEMBL2359463,0,-2.99245158320142,decoy,HTVS
CHEMBL2359511,0,-2.53936416261705,decoy,HTVS
CHEMBL2359883,0,-2.95249042685749,decoy,HTVS
CHEMBL2360105,0,-4.81344478867656,decoy,HTVS
CHEMBL1977421,0,-3.65973829507931,decoy,HTVS
CHEMBL1977927,0,-3.44061111262797,decoy,HTVS
CHEMBL1978322,0,-3.39227354922462,decoy,HTVS
CHEMBL1765886,0,-3.38068032562255,decoy,HTVS
CHEMBL1765903,0,-3.56566279826158,decoy,HTVS
CHEMBL1765905,0,-2.98197672295152,decoy,HTVS
CHEMBL1766020,0,-3.17039828513703,decoy,HTVS
CHEMBL4104421,0,-2.91727093216514,decoy,HTVS
CHEMBL3337984,0,-3.67706476777064,decoy,HTVS
CHEMBL3338574,0,-2.39920443159398,decoy,HTVS
CHEMBL85724,0,-3.28513288822254,decoy,HTVS
CHEMBL83469,0,-3.00908168391281,decoy,HTVS
CHEMBL85114,0,-2.81351935832167,decoy,HTVS
CHEMBL420046,0,-3.04257281967373,decoy,HTVS
CHEMBL313909,0,-3.18596390381696,decoy,HTVS
CHEMBL85539,0,-3.7802917758624,decoy,HTVS
CHEMBL316370,0,-2.30230903670955,decoy,HTVS
CHEMBL310803,0,-4.36692716486355,decoy,HTVS
CHEMBL84602,0,-2.88378573512635,decoy,HTVS
CHEMBL314804,0,-3.89133820785689,decoy,HTVS
CHEMBL83352,0,-3.44132697094176,decoy,HTVS
CHEMBL87393,0,-4.54018579123404,decoy,HTVS
CHEMBL85579,0,-3.28001318543774,decoy,HTVS
CHEMBL430446,0,-2.61716050880912,decoy,HTVS
CHEMBL87440,0,-2.92682172638228,decoy,HTVS
CHEMBL87974,0,-3.52529106379976,decoy,HTVS
CHEMBL5560330,0,-2.96900590160955,decoy,HTVS
CHEMBL5560648,0,-3.35992754487267,decoy,HTVS
CHEMBL5561056,0,-2.88391673806245,decoy,HTVS
CHEMBL5561561,0,-2.63067525459804,decoy,HTVS
CHEMBL4540450,0,-3.69775801702977,decoy,HTVS
CHEMBL4541278,0,-3.72582093624931,decoy,HTVS
CHEMBL4541700,0,-3.49443569252851,decoy,HTVS
CHEMBL3717599,0,-3.32646162806455,decoy,HTVS
CHEMBL3715165,0,-5.35045832515165,decoy,HTVS
CHEMBL3715424,0,-4.70710634934745,decoy,HTVS
CHEMBL3716948,0,-3.87167876340203,decoy,HTVS
CHEMBL3717856,0,-3.06028802670822,decoy,HTVS
CHEMBL3718708,0,-2.91163445400611,decoy,HTVS
CHEMBL2359119,0,-3.05194030001286,decoy,HTVS
CHEMBL2359458,0,-3.35805066522956,decoy,HTVS
CHEMBL2359545,0,-4.04493641748661,decoy,HTVS
CHEMBL2359573,0,-2.78214238201085,decoy,HTVS
CHEMBL2359760,0,-3.80894493005474,decoy,HTVS
CHEMBL2359838,0,-3.53702540013517,decoy,HTVS
CHEMBL2359856,0,-3.09837459411375,decoy,HTVS
CHEMBL2360087,0,-2.77141633219504,decoy,HTVS
CHEMBL1977355,0,-2.65459942976848,decoy,HTVS
CHEMBL1977775,0,-3.17148870688089,decoy,HTVS
CHEMBL1978717,0,-4.04089111480848,decoy,HTVS
CHEMBL1714818,0,-3.54392135680758,decoy,HTVS
CHEMBL1715196,0,-3.67800752647523,decoy,HTVS
CHEMBL1715233,0,-3.43440149561222,decoy,HTVS
CHEMBL3654246,0,-3.25331654903601,decoy,HTVS
CHEMBL4105387,0,-4.5717546525249,decoy,HTVS
CHEMBL1800351,0,-4.10869933964802,decoy,HTVS
CHEMBL4215092,0,-3.70916370584536,decoy,HTVS
CHEMBL4215128,0,-2.15133569824128,decoy,HTVS
CHEMBL4215429,0,-4.6277195189663,decoy,HTVS
CHEMBL4215621,0,-3.16383316716385,decoy,HTVS
CHEMBL4216078,0,-4.30529568786273,decoy,HTVS
CHEMBL4216088,0,-4.81417264326392,decoy,HTVS
CHEMBL3654238,0,-5.58810428262616,decoy,HTVS
CHEMBL3654253,0,-3.01346651436386,decoy,HTVS
CHEMBL3338181,0,-3.22426863073037,decoy,HTVS
CHEMBL3338182,0,-2.10207581650273,decoy,HTVS
CHEMBL3985798,0,-4.56800982026338,decoy,HTVS
CHEMBL3985951,0,-3.44210238529487,decoy,HTVS
CHEMBL3986550,0,-2.75752750834693,decoy,HTVS
CHEMBL3986848,0,-5.22719180089027,decoy,HTVS
CHEMBL85245,0,-3.53408177635001,decoy,HTVS
CHEMBL85587,0,-1.14716157950442,decoy,HTVS
CHEMBL314332,0,-2.55052287071323,decoy,HTVS
CHEMBL5560358,0,-1.71253646124412,decoy,HTVS
CHEMBL5560637,0,-4.43282159246025,decoy,HTVS
CHEMBL5560919,0,-3.70910292094576,decoy,HTVS
CHEMBL5561141,0,-2.16815158901818,decoy,HTVS
CHEMBL5561226,0,-3.37052213188671,decoy,HTVS
CHEMBL5561406,0,-5.45691726755859,decoy,HTVS
CHEMBL5561503,0,-2.69316279277852,decoy,HTVS
CHEMBL5561642,0,-3.75485672856967,decoy,HTVS
CHEMBL5561691,0,-2.5625224553102,decoy,HTVS
CHEMBL4541112,0,-3.71826758544395,decoy,HTVS
CHEMBL4541118,0,-4.00153358631017,decoy,HTVS
CHEMBL3715711,0,-3.39108302156017,decoy,HTVS
CHEMBL3717931,0,-3.05788694960604,decoy,HTVS
CHEMBL3717674,0,-2.7728772080046,decoy,HTVS
CHEMBL2359286,0,-2.45343643402005,decoy,HTVS
CHEMBL2359404,0,-3.35989657809026,decoy,HTVS
CHEMBL2359477,0,-3.8668977517082,decoy,HTVS
CHEMBL2359703,0,-3.7183983493128,decoy,HTVS
CHEMBL1977709,0,-2.01988602734873,decoy,HTVS
CHEMBL1978025,0,-3.30797175371685,decoy,HTVS
CHEMBL1978173,0,-3.62363923924002,decoy,HTVS
CHEMBL1978324,0,-2.82071815026827,decoy,HTVS
CHEMBL1714915,0,-2.21502408255614,decoy,HTVS
CHEMBL1714954,0,-3.44785543500365,decoy,HTVS
CHEMBL1715253,0,-3.9517358195201,decoy,HTVS
CHEMBL3353013,0,-2.28534824067287,decoy,HTVS
CHEMBL5561068,0,-2.80242379814354,decoy,HTVS
CHEMBL4215811,0,-4.30448312109925,decoy,HTVS
CHEMBL3339069,0,-3.44106127285674,decoy,HTVS
CHEMBL3339076,0,-3.33434145586424,decoy,HTVS
CHEMBL3339083,0,-2.96818726400211,decoy,HTVS
CHEMBL3339084,0,-3.5641306670025,decoy,HTVS
CHEMBL3339085,0,-3.07315146619605,decoy,HTVS
CHEMBL3339116,0,-2.82051772075398,decoy,HTVS
CHEMBL3339117,0,-2.92115030181499,decoy,HTVS
CHEMBL3339142,0,-3.68107343308382,decoy,HTVS
CHEMBL3986047,0,-3.36840427781845,decoy,HTVS
CHEMBL3986311,0,-4.60393388423981,decoy,HTVS
CHEMBL3986784,0,-4.32860242066288,decoy,HTVS
CHEMBL315836,0,-4.0383700393183,decoy,HTVS
CHEMBL84759,0,-4.16537877935964,decoy,HTVS
CHEMBL85461,0,-5.21073931958412,decoy,HTVS
CHEMBL84882,0,-4.82871863899003,decoy,HTVS
CHEMBL87858,0,-3.99677140285619,decoy,HTVS
CHEMBL85609,0,-5.05327379586554,decoy,HTVS
CHEMBL85860,0,-5.08733477073089,decoy,HTVS
CHEMBL84777,0,-5.14888096266088,decoy,HTVS
CHEMBL86318,0,-4.04795032985279,decoy,HTVS
CHEMBL315100,0,-5.20924538238939,decoy,HTVS
CHEMBL314238,0,-3.92145284563651,decoy,HTVS
CHEMBL86134,0,-3.47331337501697,decoy,HTVS
CHEMBL4540559,0,-3.44568626505013,decoy,HTVS
CHEMBL4540647,0,-3.50109612160274,decoy,HTVS
CHEMBL4541494,0,-4.3678861658409,decoy,HTVS
CHEMBL4541529,0,-4.47167115963229,decoy,HTVS
CHEMBL3717376,0,-2.54631717188346,decoy,HTVS
CHEMBL3718702,0,-4.61279249490047,decoy,HTVS
CHEMBL3717879,0,-2.04696525608815,decoy,HTVS
CHEMBL2359001,0,-3.54930783841685,decoy,HTVS
CHEMBL2359377,0,-3.4511033027994,decoy,HTVS
CHEMBL2359877,0,-2.5097085498657,decoy,HTVS
CHEMBL2359956,0,-4.79433909461561,decoy,HTVS
CHEMBL1977602,0,-3.00101464743667,decoy,HTVS
CHEMBL1978030,0,-2.23180581182744,decoy,HTVS
CHEMBL1978350,0,-3.8082000450424,decoy,HTVS
CHEMBL1978520,0,-4.11370908021496,decoy,HTVS
CHEMBL1978708,0,-5.3919858683659,decoy,HTVS
CHEMBL1714491,0,-2.76089834294912,decoy,HTVS
CHEMBL1714887,0,-3.450376051241,decoy,HTVS
CHEMBL1714966,0,-1.53033242680947,decoy,HTVS
CHEMBL1715455,0,-3.06231776039658,decoy,HTVS
CHEMBL3353167,0,-3.08879755170635,decoy,HTVS
CHEMBL3353171,0,-3.12799178297595,decoy,HTVS
CHEMBL3353239,0,-4.32308624279536,decoy,HTVS
CHEMBL3353344,0,-3.38890222210841,decoy,HTVS
CHEMBL2286040,0,-2.4069565439075,decoy,HTVS
CHEMBL3654690,0,-4.60536623386472,decoy,HTVS
CHEMBL1765469,0,-4.43037990865806,decoy,HTVS
CHEMBL1765598,0,-2.26303382967808,decoy,HTVS
CHEMBL1765761,0,-3.75866252202024,decoy,HTVS
CHEMBL1765878,0,-3.7042424656772,decoy,HTVS
CHEMBL1765879,0,-3.84003616355993,decoy,HTVS
CHEMBL4104853,0,-3.89532923637388,decoy,HTVS
CHEMBL1800275,0,-2.85621737622257,decoy,HTVS
CHEMBL1800328,0,-2.86336846043098,decoy,HTVS
CHEMBL1800342,0,-4.4440370909052,decoy,HTVS
CHEMBL1800344,0,-3.94275971113221,decoy,HTVS
CHEMBL1800447,0,-4.8615358317711,decoy,HTVS
CHEMBL4215083,0,-4.62164026831715,decoy,HTVS
CHEMBL4215589,0,-3.64842630013446,decoy,HTVS
CHEMBL4215904,0,-2.66984291300835,decoy,HTVS
CHEMBL4215934,0,-3.13091318129043,decoy,HTVS
CHEMBL4215965,0,-4.0845640848057,decoy,HTVS
CHEMBL4216108,0,-2.48139593413115,decoy,HTVS
CHEMBL3654555,0,-4.81037771968987,decoy,HTVS
CHEMBL3654688,0,-4.34323896914661,decoy,HTVS
CHEMBL3654691,0,-4.87564212135751,decoy,HTVS
CHEMBL3654767,0,-4.89753675251056,decoy,HTVS
CHEMBL3654813,0,-5.03021410252121,decoy,HTVS
CHEMBL3654827,0,-5.15421902153693,decoy,HTVS
CHEMBL3654830,0,-5.43839440379253,decoy,HTVS
CHEMBL3654831,0,-4.74043853357867,decoy,HTVS
CHEMBL3338003,0,-2.50864613588292,decoy,HTVS
CHEMBL3338004,0,-4.19171682154087,decoy,HTVS
CHEMBL3338226,0,-2.90895881509836,decoy,HTVS
CHEMBL3338250,0,-3.1312641086054,decoy,HTVS
CHEMBL3338790,0,-3.64559708862101,decoy,HTVS
CHEMBL3338791,0,-3.96010783590612,decoy,HTVS
CHEMBL3338793,0,-3.60544165724471,decoy,HTVS
CHEMBL3985567,0,-5.12183725127573,decoy,HTVS
CHEMBL3985647,0,-4.40722847430067,decoy,HTVS
CHEMBL3985763,0,-3.91813474093933,decoy,HTVS
CHEMBL87710,0,-3.39250636745025,decoy,HTVS
CHEMBL313845,0,-3.15764762258575,decoy,HTVS
CHEMBL85542,0,-3.40002132800219,decoy,HTVS
CHEMBL312213,0,-3.50346366124062,decoy,HTVS
CHEMBL84987,0,-4.22540125194883,decoy,HTVS
CHEMBL84432,0,-4.53358367805248,decoy,HTVS
CHEMBL5560511,0,-3.8366687593158,decoy,HTVS
CHEMBL5560581,0,-5.01764849888366,decoy,HTVS
CHEMBL5561499,0,-2.13135687563086,decoy,HTVS
CHEMBL5561670,0,-3.05325493510305,decoy,HTVS
CHEMBL4540542,0,-4.73805286217343,decoy,HTVS
CHEMBL4540636,0,-3.24955713321861,decoy,HTVS
CHEMBL4214809,0,-3.30081610607217,decoy,HTVS
CHEMBL4215672,0,-3.60716405361953,decoy,HTVS
CHEMBL4215858,0,-3.67080504684135,decoy,HTVS
CHEMBL5561159,0,-2.96936895303993,decoy,HTVS
CHEMBL3715028,0,-2.70119258350116,decoy,HTVS
CHEMBL3715529,0,-4.50536477184961,decoy,HTVS
CHEMBL1978295,0,-3.6495030765547,decoy,HTVS
CHEMBL1714436,0,-3.55557314093507,decoy,HTVS
CHEMBL1715189,0,-2.98079215339976,decoy,HTVS
CHEMBL1744217,0,-2.94649951621672,decoy,HTVS
CHEMBL3608669,0,-5.18066176897947,decoy,HTVS
CHEMBL3608976,0,-4.06656154977595,decoy,HTVS
CHEMBL3609158,0,-4.69536111858174,decoy,HTVS
CHEMBL3609165,0,-2.65489961314195,decoy,HTVS
CHEMBL3609205,0,-4.59584567824901,decoy,HTVS
CHEMBL3609208,0,-3.1438694913369,decoy,HTVS
CHEMBL3609537,0,-2.69171250484829,decoy,HTVS
CHEMBL543901,0,-4.33055583570492,decoy,HTVS
CHEMBL1762571,0,-3.7719934838402,decoy,HTVS
CHEMBL1762574,0,-3.81562869071306,decoy,HTVS
CHEMBL1762576,0,-3.42442823942384,decoy,HTVS
CHEMBL1762728,0,-1.56936787958531,decoy,HTVS
CHEMBL1762770,0,-3.93140400725529,decoy,HTVS
CHEMBL1765237,0,-5.91424640005312,decoy,HTVS
CHEMBL1765238,0,-3.16840452631548,decoy,HTVS
CHEMBL1765245,0,-4.62701657674263,decoy,HTVS
CHEMBL1765297,0,-3.57196487508247,decoy,HTVS
CHEMBL1765300,0,-4.25954666948132,decoy,HTVS
CHEMBL3338866,0,-4.65350695787528,decoy,HTVS
CHEMBL3339075,0,-3.30265252508884,decoy,HTVS
CHEMBL3985940,0,-2.87432105438446,decoy,HTVS
CHEMBL3985966,0,-3.63060868313097,decoy,HTVS
CHEMBL3986090,0,-3.71118632779702,decoy,HTVS
CHEMBL3986109,0,-4.81948530821207,decoy,HTVS
CHEMBL3986149,0,-4.9000003225172,decoy,HTVS
CHEMBL3986241,0,-3.01548296999581,decoy,HTVS
CHEMBL3986260,0,-2.51552267744996,decoy,HTVS
CHEMBL3986279,0,-3.9709157679301,decoy,HTVS
CHEMBL3986281,0,-3.73980699198389,decoy,HTVS
CHEMBL3986304,0,-4.69893211163569,decoy,HTVS
