subset,index,fpr,tpr,recall,precision
all_actives,0,0.0,0.0,0.003802,1.0
all_actives,1,0.0,0.003802,0.003802,1.0
all_actives,2,0.0,0.007605,0.007605,1.0
all_actives,3,0.001147,0.007605,0.007605,0.666667
all_actives,4,0.002294,0.007605,0.007605,0.5
all_actives,5,0.00344,0.007605,0.007605,0.4
all_actives,6,0.00344,0.011407,0.011407,0.5
all_actives,7,0.004587,0.011407,0.011407,0.428571
all_actives,8,0.004587,0.015209,0.015209,0.5
all_actives,9,0.005734,0.015209,0.015209,0.444444
all_actives,10,0.005734,0.019011,0.019011,0.5
all_actives,11,0.005734,0.022814,0.022814,0.545455
all_actives,12,0.005734,0.026616,0.026616,0.583333
all_actives,13,0.006881,0.026616,0.026616,0.538462
all_actives,14,0.006881,0.030418,0.030418,0.571429
all_actives,15,0.008028,0.030418,0.030418,0.533333
all_actives,16,0.009174,0.030418,0.030418,0.5
all_actives,17,0.009174,0.034221,0.034221,0.529412
all_actives,18,0.010321,0.034221,0.034221,0.5
all_actives,19,0.011468,0.034221,0.034221,0.473684
all_actives,20,0.012615,0.034221,0.034221,0.45
all_actives,21,0.012615,0.038023,0.038023,0.47619
all_actives,22,0.013761,0.038023,0.038023,0.454545
all_actives,23,0.013761,0.041825,0.041825,0.478261
all_actives,24,0.014908,0.041825,0.041825,0.458333
all_actives,25,0.016055,0.041825,0.041825,0.44
all_actives,26,0.017202,0.041825,0.041825,0.423077
all_actives,27,0.017202,0.045627,0.045627,0.444444
all_actives,28,0.018349,0.045627,0.045627,0.428571
all_actives,29,0.018349,0.04943,0.04943,0.448276
all_actives,30,0.018349,0.053232,0.053232,0.466667
all_actives,31,0.018349,0.057034,0.057034,0.483871
all_actives,32,0.018349,0.060837,0.060837,0.5
all_actives,33,0.019495,0.060837,0.060837,0.484848
all_actives,34,0.019495,0.064639,0.064639,0.5
all_actives,35,0.019495,0.068441,0.068441,0.514286
all_actives,36,0.020642,0.068441,0.068441,0.5
all_actives,37,0.021789,0.068441,0.068441,0.486486
all_actives,38,0.022936,0.068441,0.068441,0.473684
all_actives,39,0.024083,0.068441,0.068441,0.461538
all_actives,40,0.025229,0.068441,0.068441,0.45
all_actives,41,0.026376,0.068441,0.068441,0.439024
all_actives,42,0.026376,0.072243,0.072243,0.452381
all_actives,43,0.027523,0.072243,0.072243,0.44186
all_actives,44,0.02867,0.072243,0.072243,0.431818
all_actives,45,0.029817,0.072243,0.072243,0.422222
all_actives,46,0.029817,0.076046,0.076046,0.434783
all_actives,47,0.030963,0.076046,0.076046,0.425532
all_actives,48,0.030963,0.079848,0.079848,0.4375
all_actives,49,0.030963,0.08365,0.08365,0.44898
all_actives,50,0.03211,0.08365,0.08365,0.44
all_actives,51,0.033257,0.08365,0.08365,0.431373
all_actives,52,0.034404,0.08365,0.08365,0.423077
all_actives,53,0.03555,0.08365,0.08365,0.415094
all_actives,54,0.03555,0.087452,0.087452,0.425926
all_actives,55,0.036697,0.087452,0.087452,0.418182
all_actives,56,0.037844,0.087452,0.087452,0.410714
all_actives,57,0.037844,0.091255,0.091255,0.421053
all_actives,58,0.038991,0.091255,0.091255,0.413793
all_actives,59,0.040138,0.091255,0.091255,0.40678
all_actives,60,0.040138,0.095057,0.095057,0.416667
all_actives,61,0.041284,0.095057,0.095057,0.409836
all_actives,62,0.041284,0.098859,0.098859,0.419355
all_actives,63,0.042431,0.098859,0.098859,0.412698
all_actives,64,0.042431,0.102662,0.102662,0.421875
all_actives,65,0.042431,0.106464,0.106464,0.430769
all_actives,66,0.043578,0.106464,0.106464,0.424242
all_actives,67,0.044725,0.106464,0.106464,0.41791
all_actives,68,0.044725,0.110266,0.110266,0.426471
all_actives,69,0.045872,0.110266,0.110266,0.42029
all_actives,70,0.047018,0.110266,0.110266,0.414286
all_actives,71,0.047018,0.114068,0.114068,0.422535
all_actives,72,0.048165,0.114068,0.114068,0.416667
all_actives,73,0.048165,0.117871,0.117871,0.424658
all_actives,74,0.049312,0.117871,0.117871,0.418919
all_actives,75,0.050459,0.117871,0.117871,0.413333
all_actives,76,0.050459,0.121673,0.121673,0.421053
all_actives,77,0.051606,0.121673,0.121673,0.415584
all_actives,78,0.051606,0.125475,0.125475,0.423077
all_actives,79,0.052752,0.125475,0.125475,0.417722
all_actives,80,0.053899,0.125475,0.125475,0.4125
all_actives,81,0.055046,0.125475,0.125475,0.407407
all_actives,82,0.055046,0.129278,0.129278,0.414634
all_actives,83,0.055046,0.13308,0.13308,0.421687
all_actives,84,0.055046,0.136882,0.136882,0.428571
all_actives,85,0.056193,0.136882,0.136882,0.423529
all_actives,86,0.056193,0.140684,0.140684,0.430233
all_actives,87,0.057339,0.140684,0.140684,0.425287
all_actives,88,0.057339,0.144487,0.144487,0.431818
all_actives,89,0.058486,0.144487,0.144487,0.426966
all_actives,90,0.058486,0.148289,0.148289,0.433333
all_actives,91,0.058486,0.152091,0.152091,0.43956
all_actives,92,0.059633,0.152091,0.152091,0.434783
all_actives,93,0.06078,0.152091,0.152091,0.430108
all_actives,94,0.06078,0.155894,0.155894,0.43617
all_actives,95,0.061927,0.155894,0.155894,0.431579
all_actives,96,0.063073,0.155894,0.155894,0.427083
all_actives,97,0.06422,0.155894,0.155894,0.42268
all_actives,98,0.065367,0.155894,0.155894,0.418367
all_actives,99,0.065367,0.159696,0.159696,0.424242
all_actives,100,0.066514,0.159696,0.159696,0.42
all_actives,101,0.067661,0.159696,0.159696,0.415842
all_actives,102,0.068807,0.159696,0.159696,0.411765
all_actives,103,0.068807,0.163498,0.163498,0.417476
all_actives,104,0.069954,0.163498,0.163498,0.413462
all_actives,105,0.071101,0.163498,0.163498,0.409524
all_actives,106,0.072248,0.163498,0.163498,0.40566
all_actives,107,0.072248,0.1673,0.1673,0.411215
all_actives,108,0.072248,0.171103,0.171103,0.416667
all_actives,109,0.073394,0.171103,0.171103,0.412844
all_actives,110,0.074541,0.171103,0.171103,0.409091
all_actives,111,0.075688,0.171103,0.171103,0.405405
all_actives,112,0.075688,0.174905,0.174905,0.410714
all_actives,113,0.075688,0.178707,0.178707,0.415929
all_actives,114,0.076835,0.178707,0.178707,0.412281
all_actives,115,0.077982,0.178707,0.178707,0.408696
all_actives,116,0.079128,0.178707,0.178707,0.405172
all_actives,117,0.080275,0.178707,0.178707,0.401709
all_actives,118,0.081422,0.178707,0.178707,0.398305
all_actives,119,0.081422,0.18251,0.18251,0.403361
all_actives,120,0.082569,0.18251,0.18251,0.4
all_actives,121,0.083716,0.18251,0.18251,0.396694
all_actives,122,0.084862,0.18251,0.18251,0.393443
all_actives,123,0.086009,0.18251,0.18251,0.390244
all_actives,124,0.087156,0.18251,0.18251,0.387097
all_actives,125,0.088303,0.18251,0.18251,0.384
all_actives,126,0.08945,0.18251,0.18251,0.380952
all_actives,127,0.090596,0.18251,0.18251,0.377953
all_actives,128,0.091743,0.18251,0.18251,0.375
all_actives,129,0.09289,0.18251,0.18251,0.372093
all_actives,130,0.094037,0.18251,0.18251,0.369231
all_actives,131,0.095183,0.18251,0.18251,0.366412
all_actives,132,0.09633,0.18251,0.18251,0.363636
all_actives,133,0.097477,0.18251,0.18251,0.360902
all_actives,134,0.098624,0.18251,0.18251,0.358209
all_actives,135,0.099771,0.18251,0.18251,0.355556
all_actives,136,0.100917,0.18251,0.18251,0.352941
all_actives,137,0.100917,0.186312,0.186312,0.357664
all_actives,138,0.102064,0.186312,0.186312,0.355072
all_actives,139,0.103211,0.186312,0.186312,0.352518
all_actives,140,0.103211,0.190114,0.190114,0.357143
all_actives,141,0.103211,0.193916,0.193916,0.361702
all_actives,142,0.104358,0.193916,0.193916,0.359155
all_actives,143,0.105505,0.193916,0.193916,0.356643
all_actives,144,0.105505,0.197719,0.197719,0.361111
all_actives,145,0.106651,0.197719,0.197719,0.358621
all_actives,146,0.107798,0.197719,0.197719,0.356164
all_actives,147,0.107798,0.201521,0.201521,0.360544
all_actives,148,0.108945,0.201521,0.201521,0.358108
all_actives,149,0.110092,0.201521,0.201521,0.355705
all_actives,150,0.111239,0.201521,0.201521,0.353333
all_actives,151,0.112385,0.201521,0.201521,0.350993
all_actives,152,0.112385,0.205323,0.205323,0.355263
all_actives,153,0.113532,0.205323,0.205323,0.352941
all_actives,154,0.113532,0.209125,0.209125,0.357143
all_actives,155,0.114679,0.209125,0.209125,0.354839
all_actives,156,0.115826,0.209125,0.209125,0.352564
all_actives,157,0.116972,0.209125,0.209125,0.350318
all_actives,158,0.118119,0.209125,0.209125,0.348101
all_actives,159,0.119266,0.209125,0.209125,0.345912
all_actives,160,0.120413,0.209125,0.209125,0.34375
all_actives,161,0.12156,0.209125,0.209125,0.341615
all_actives,162,0.122706,0.209125,0.209125,0.339506
all_actives,163,0.123853,0.209125,0.209125,0.337423
all_actives,164,0.125,0.209125,0.209125,0.335366
all_actives,165,0.126147,0.209125,0.209125,0.333333
all_actives,166,0.127294,0.209125,0.209125,0.331325
all_actives,167,0.12844,0.209125,0.209125,0.329341
all_actives,168,0.12844,0.212928,0.212928,0.333333
all_actives,169,0.12844,0.21673,0.21673,0.337278
all_actives,170,0.12844,0.220532,0.220532,0.341176
all_actives,171,0.129587,0.220532,0.220532,0.339181
all_actives,172,0.130734,0.220532,0.220532,0.337209
all_actives,173,0.131881,0.220532,0.220532,0.33526
all_actives,174,0.133028,0.220532,0.220532,0.333333
all_actives,175,0.133028,0.224335,0.224335,0.337143
all_actives,176,0.133028,0.228137,0.228137,0.340909
all_actives,177,0.133028,0.231939,0.231939,0.344633
all_actives,178,0.134174,0.231939,0.231939,0.342697
all_actives,179,0.135321,0.231939,0.231939,0.340782
all_actives,180,0.136468,0.231939,0.231939,0.338889
all_actives,181,0.137615,0.231939,0.231939,0.337017
all_actives,182,0.138761,0.231939,0.231939,0.335165
all_actives,183,0.139908,0.231939,0.231939,0.333333
all_actives,184,0.139908,0.235741,0.235741,0.336957
all_actives,185,0.141055,0.235741,0.235741,0.335135
all_actives,186,0.141055,0.239544,0.239544,0.33871
all_actives,187,0.142202,0.239544,0.239544,0.336898
all_actives,188,0.142202,0.243346,0.243346,0.340426
all_actives,189,0.143349,0.243346,0.243346,0.338624
all_actives,190,0.144495,0.243346,0.243346,0.336842
all_actives,191,0.145642,0.243346,0.243346,0.335079
all_actives,192,0.146789,0.243346,0.243346,0.333333
all_actives,193,0.147936,0.243346,0.243346,0.331606
all_actives,194,0.147936,0.247148,0.247148,0.335052
all_actives,195,0.149083,0.247148,0.247148,0.333333
all_actives,196,0.149083,0.250951,0.250951,0.336735
all_actives,197,0.150229,0.250951,0.250951,0.335025
all_actives,198,0.151376,0.250951,0.250951,0.333333
all_actives,199,0.152523,0.250951,0.250951,0.331658
all_actives,200,0.15367,0.250951,0.250951,0.33
all_actives,201,0.154817,0.250951,0.250951,0.328358
all_actives,202,0.155963,0.250951,0.250951,0.326733
all_actives,203,0.15711,0.250951,0.250951,0.325123
all_actives,204,0.158257,0.250951,0.250951,0.323529
all_actives,205,0.159404,0.250951,0.250951,0.321951
all_actives,206,0.16055,0.250951,0.250951,0.320388
all_actives,207,0.16055,0.254753,0.254753,0.323671
all_actives,208,0.161697,0.254753,0.254753,0.322115
all_actives,209,0.161697,0.258555,0.258555,0.325359
all_actives,210,0.162844,0.258555,0.258555,0.32381
all_actives,211,0.163991,0.258555,0.258555,0.322275
all_actives,212,0.165138,0.258555,0.258555,0.320755
all_actives,213,0.166284,0.258555,0.258555,0.319249
all_actives,214,0.167431,0.258555,0.258555,0.317757
all_actives,215,0.168578,0.258555,0.258555,0.316279
all_actives,216,0.169725,0.258555,0.258555,0.314815
all_actives,217,0.170872,0.258555,0.258555,0.313364
all_actives,218,0.170872,0.262357,0.262357,0.316514
all_actives,219,0.172018,0.262357,0.262357,0.315068
all_actives,220,0.173165,0.262357,0.262357,0.313636
all_actives,221,0.174312,0.262357,0.262357,0.312217
all_actives,222,0.175459,0.262357,0.262357,0.310811
all_actives,223,0.175459,0.26616,0.26616,0.313901
all_actives,224,0.176606,0.26616,0.26616,0.3125
all_actives,225,0.177752,0.26616,0.26616,0.311111
all_actives,226,0.178899,0.26616,0.26616,0.309735
all_actives,227,0.180046,0.26616,0.26616,0.30837
all_actives,228,0.181193,0.26616,0.26616,0.307018
all_actives,229,0.182339,0.26616,0.26616,0.305677
all_actives,230,0.182339,0.269962,0.269962,0.308696
all_actives,231,0.182339,0.273764,0.273764,0.311688
all_actives,232,0.183486,0.273764,0.273764,0.310345
all_actives,233,0.184633,0.273764,0.273764,0.309013
all_actives,234,0.18578,0.273764,0.273764,0.307692
all_actives,235,0.186927,0.273764,0.273764,0.306383
all_actives,236,0.186927,0.277567,0.277567,0.309322
all_actives,237,0.188073,0.277567,0.277567,0.308017
all_actives,238,0.18922,0.277567,0.277567,0.306723
all_actives,239,0.190367,0.277567,0.277567,0.305439
all_actives,240,0.191514,0.277567,0.277567,0.304167
all_actives,241,0.192661,0.277567,0.277567,0.302905
all_actives,242,0.193807,0.277567,0.277567,0.301653
all_actives,243,0.194954,0.277567,0.277567,0.300412
all_actives,244,0.196101,0.277567,0.277567,0.29918
all_actives,245,0.197248,0.277567,0.277567,0.297959
all_actives,246,0.198394,0.277567,0.277567,0.296748
all_actives,247,0.199541,0.277567,0.277567,0.295547
all_actives,248,0.200688,0.277567,0.277567,0.294355
all_actives,249,0.200688,0.281369,0.281369,0.297189
all_actives,250,0.201835,0.281369,0.281369,0.296
all_actives,251,0.201835,0.285171,0.285171,0.298805
all_actives,252,0.202982,0.285171,0.285171,0.297619
all_actives,253,0.202982,0.288973,0.288973,0.300395
all_actives,254,0.204128,0.288973,0.288973,0.299213
all_actives,255,0.205275,0.288973,0.288973,0.298039
all_actives,256,0.205275,0.292776,0.292776,0.300781
all_actives,257,0.206422,0.292776,0.292776,0.299611
all_actives,258,0.207569,0.292776,0.292776,0.29845
all_actives,259,0.208716,0.292776,0.292776,0.297297
all_actives,260,0.208716,0.296578,0.296578,0.3
all_actives,261,0.209862,0.296578,0.296578,0.298851
all_actives,262,0.211009,0.296578,0.296578,0.29771
all_actives,263,0.212156,0.296578,0.296578,0.296578
all_actives,264,0.213303,0.296578,0.296578,0.295455
all_actives,265,0.21445,0.296578,0.296578,0.29434
all_actives,266,0.215596,0.296578,0.296578,0.293233
all_actives,267,0.216743,0.296578,0.296578,0.292135
all_actives,268,0.216743,0.30038,0.30038,0.294776
all_actives,269,0.21789,0.30038,0.30038,0.29368
all_actives,270,0.219037,0.30038,0.30038,0.292593
all_actives,271,0.220183,0.30038,0.30038,0.291513
all_actives,272,0.22133,0.30038,0.30038,0.290441
all_actives,273,0.222477,0.30038,0.30038,0.289377
all_actives,274,0.223624,0.30038,0.30038,0.288321
all_actives,275,0.224771,0.30038,0.30038,0.287273
all_actives,276,0.225917,0.30038,0.30038,0.286232
all_actives,277,0.225917,0.304183,0.304183,0.288809
all_actives,278,0.227064,0.304183,0.304183,0.28777
all_actives,279,0.228211,0.304183,0.304183,0.286738
all_actives,280,0.228211,0.307985,0.307985,0.289286
all_actives,281,0.228211,0.311787,0.311787,0.291815
all_actives,282,0.229358,0.311787,0.311787,0.29078
all_actives,283,0.229358,0.315589,0.315589,0.293286
all_actives,284,0.230505,0.315589,0.315589,0.292254
all_actives,285,0.231651,0.315589,0.315589,0.291228
all_actives,286,0.232798,0.315589,0.315589,0.29021
all_actives,287,0.233945,0.315589,0.315589,0.289199
all_actives,288,0.235092,0.315589,0.315589,0.288194
all_actives,289,0.236239,0.315589,0.315589,0.287197
all_actives,290,0.237385,0.315589,0.315589,0.286207
all_actives,291,0.237385,0.319392,0.319392,0.28866
all_actives,292,0.238532,0.319392,0.319392,0.287671
all_actives,293,0.239679,0.319392,0.319392,0.286689
all_actives,294,0.240826,0.319392,0.319392,0.285714
all_actives,295,0.241972,0.319392,0.319392,0.284746
all_actives,296,0.243119,0.319392,0.319392,0.283784
all_actives,297,0.244266,0.319392,0.319392,0.282828
all_actives,298,0.245413,0.319392,0.319392,0.281879
all_actives,299,0.24656,0.319392,0.319392,0.280936
all_actives,300,0.24656,0.323194,0.323194,0.283333
all_actives,301,0.247706,0.323194,0.323194,0.282392
all_actives,302,0.248853,0.323194,0.323194,0.281457
all_actives,303,0.25,0.323194,0.323194,0.280528
all_actives,304,0.25,0.326996,0.326996,0.282895
all_actives,305,0.25,0.330798,0.330798,0.285246
all_actives,306,0.251147,0.330798,0.330798,0.284314
all_actives,307,0.251147,0.334601,0.334601,0.286645
all_actives,308,0.252294,0.334601,0.334601,0.285714
all_actives,309,0.25344,0.334601,0.334601,0.28479
all_actives,310,0.25344,0.338403,0.338403,0.287097
all_actives,311,0.254587,0.338403,0.338403,0.286174
all_actives,312,0.255734,0.338403,0.338403,0.285256
all_actives,313,0.256881,0.338403,0.338403,0.284345
all_actives,314,0.258028,0.338403,0.338403,0.283439
all_actives,315,0.259174,0.338403,0.338403,0.28254
all_actives,316,0.259174,0.342205,0.342205,0.28481
all_actives,317,0.260321,0.342205,0.342205,0.283912
all_actives,318,0.261468,0.342205,0.342205,0.283019
all_actives,319,0.262615,0.342205,0.342205,0.282132
all_actives,320,0.263761,0.342205,0.342205,0.28125
all_actives,321,0.263761,0.346008,0.346008,0.283489
all_actives,322,0.264908,0.346008,0.346008,0.282609
all_actives,323,0.266055,0.346008,0.346008,0.281734
all_actives,324,0.267202,0.346008,0.346008,0.280864
all_actives,325,0.268349,0.346008,0.346008,0.28
all_actives,326,0.269495,0.346008,0.346008,0.279141
all_actives,327,0.270642,0.346008,0.346008,0.278287
all_actives,328,0.271789,0.346008,0.346008,0.277439
all_actives,329,0.272936,0.346008,0.346008,0.276596
all_actives,330,0.274083,0.346008,0.346008,0.275758
all_actives,331,0.275229,0.346008,0.346008,0.274924
all_actives,332,0.276376,0.346008,0.346008,0.274096
all_actives,333,0.277523,0.346008,0.346008,0.273273
all_actives,334,0.27867,0.346008,0.346008,0.272455
all_actives,335,0.279817,0.346008,0.346008,0.271642
all_actives,336,0.280963,0.346008,0.346008,0.270833
all_actives,337,0.280963,0.34981,0.34981,0.272997
all_actives,338,0.28211,0.34981,0.34981,0.272189
all_actives,339,0.283257,0.34981,0.34981,0.271386
all_actives,340,0.284404,0.34981,0.34981,0.270588
all_actives,341,0.28555,0.34981,0.34981,0.269795
all_actives,342,0.28555,0.353612,0.353612,0.27193
all_actives,343,0.286697,0.353612,0.353612,0.271137
all_actives,344,0.287844,0.353612,0.353612,0.270349
all_actives,345,0.288991,0.353612,0.353612,0.269565
all_actives,346,0.290138,0.353612,0.353612,0.268786
all_actives,347,0.291284,0.353612,0.353612,0.268012
all_actives,348,0.291284,0.357414,0.357414,0.270115
all_actives,349,0.292431,0.357414,0.357414,0.269341
all_actives,350,0.293578,0.357414,0.357414,0.268571
all_actives,351,0.294725,0.357414,0.357414,0.267806
all_actives,352,0.295872,0.357414,0.357414,0.267045
all_actives,353,0.297018,0.357414,0.357414,0.266289
all_actives,354,0.298165,0.357414,0.357414,0.265537
all_actives,355,0.299312,0.357414,0.357414,0.264789
all_actives,356,0.300459,0.357414,0.357414,0.264045
all_actives,357,0.301606,0.357414,0.357414,0.263305
all_actives,358,0.302752,0.357414,0.357414,0.26257
all_actives,359,0.302752,0.361217,0.361217,0.264624
all_actives,360,0.303899,0.361217,0.361217,0.263889
all_actives,361,0.305046,0.361217,0.361217,0.263158
all_actives,362,0.306193,0.361217,0.361217,0.262431
all_actives,363,0.307339,0.361217,0.361217,0.261708
all_actives,364,0.308486,0.361217,0.361217,0.260989
all_actives,365,0.308486,0.365019,0.365019,0.263014
all_actives,366,0.309633,0.365019,0.365019,0.262295
all_actives,367,0.31078,0.365019,0.365019,0.26158
all_actives,368,0.31078,0.368821,0.368821,0.263587
all_actives,369,0.31078,0.372624,0.372624,0.265583
all_actives,370,0.311927,0.372624,0.372624,0.264865
all_actives,371,0.313073,0.372624,0.372624,0.264151
all_actives,372,0.31422,0.372624,0.372624,0.263441
all_actives,373,0.315367,0.372624,0.372624,0.262735
all_actives,374,0.316514,0.372624,0.372624,0.262032
all_actives,375,0.317661,0.372624,0.372624,0.261333
all_actives,376,0.317661,0.376426,0.376426,0.263298
all_actives,377,0.318807,0.376426,0.376426,0.262599
all_actives,378,0.319954,0.376426,0.376426,0.261905
all_actives,379,0.321101,0.376426,0.376426,0.261214
all_actives,380,0.322248,0.376426,0.376426,0.260526
all_actives,381,0.323394,0.376426,0.376426,0.259843
all_actives,382,0.324541,0.376426,0.376426,0.259162
all_actives,383,0.324541,0.380228,0.380228,0.261097
all_actives,384,0.325688,0.380228,0.380228,0.260417
all_actives,385,0.325688,0.38403,0.38403,0.262338
all_actives,386,0.326835,0.38403,0.38403,0.261658
all_actives,387,0.326835,0.387833,0.387833,0.263566
all_actives,388,0.327982,0.387833,0.387833,0.262887
all_actives,389,0.329128,0.387833,0.387833,0.262211
all_actives,390,0.329128,0.391635,0.391635,0.264103
all_actives,391,0.329128,0.395437,0.395437,0.265985
all_actives,392,0.330275,0.395437,0.395437,0.265306
all_actives,393,0.331422,0.395437,0.395437,0.264631
all_actives,394,0.332569,0.395437,0.395437,0.263959
all_actives,395,0.333716,0.395437,0.395437,0.263291
all_actives,396,0.334862,0.395437,0.395437,0.262626
all_actives,397,0.334862,0.39924,0.39924,0.264484
all_actives,398,0.336009,0.39924,0.39924,0.263819
all_actives,399,0.337156,0.39924,0.39924,0.263158
all_actives,400,0.338303,0.39924,0.39924,0.2625
all_actives,401,0.33945,0.39924,0.39924,0.261845
all_actives,402,0.340596,0.39924,0.39924,0.261194
all_actives,403,0.340596,0.403042,0.403042,0.263027
all_actives,404,0.341743,0.403042,0.403042,0.262376
all_actives,405,0.341743,0.406844,0.406844,0.264198
all_actives,406,0.34289,0.406844,0.406844,0.263547
all_actives,407,0.344037,0.406844,0.406844,0.262899
all_actives,408,0.344037,0.410646,0.410646,0.264706
all_actives,409,0.345183,0.410646,0.410646,0.264059
all_actives,410,0.34633,0.410646,0.410646,0.263415
all_actives,411,0.347477,0.410646,0.410646,0.262774
all_actives,412,0.347477,0.414449,0.414449,0.264563
all_actives,413,0.348624,0.414449,0.414449,0.263923
all_actives,414,0.349771,0.414449,0.414449,0.263285
all_actives,415,0.350917,0.414449,0.414449,0.262651
all_actives,416,0.350917,0.418251,0.418251,0.264423
all_actives,417,0.352064,0.418251,0.418251,0.263789
all_actives,418,0.352064,0.422053,0.422053,0.26555
all_actives,419,0.353211,0.422053,0.422053,0.264916
all_actives,420,0.353211,0.425856,0.425856,0.266667
all_actives,421,0.354358,0.425856,0.425856,0.266033
all_actives,422,0.355505,0.425856,0.425856,0.265403
all_actives,423,0.356651,0.425856,0.425856,0.264775
all_actives,424,0.357798,0.425856,0.425856,0.264151
all_actives,425,0.358945,0.425856,0.425856,0.263529
all_actives,426,0.360092,0.425856,0.425856,0.262911
all_actives,427,0.361239,0.425856,0.425856,0.262295
all_actives,428,0.362385,0.425856,0.425856,0.261682
all_actives,429,0.363532,0.425856,0.425856,0.261072
all_actives,430,0.364679,0.425856,0.425856,0.260465
all_actives,431,0.364679,0.429658,0.429658,0.262181
all_actives,432,0.364679,0.43346,0.43346,0.263889
all_actives,433,0.365826,0.43346,0.43346,0.263279
all_actives,434,0.366972,0.43346,0.43346,0.262673
all_actives,435,0.368119,0.43346,0.43346,0.262069
all_actives,436,0.369266,0.43346,0.43346,0.261468
all_actives,437,0.370413,0.43346,0.43346,0.26087
all_actives,438,0.37156,0.43346,0.43346,0.260274
all_actives,439,0.37156,0.437262,0.437262,0.261959
all_actives,440,0.372706,0.437262,0.437262,0.261364
all_actives,441,0.373853,0.437262,0.437262,0.260771
all_actives,442,0.375,0.437262,0.437262,0.260181
all_actives,443,0.376147,0.437262,0.437262,0.259594
all_actives,444,0.377294,0.437262,0.437262,0.259009
all_actives,445,0.37844,0.437262,0.437262,0.258427
all_actives,446,0.37844,0.441065,0.441065,0.26009
all_actives,447,0.379587,0.441065,0.441065,0.259508
all_actives,448,0.379587,0.444867,0.444867,0.261161
all_actives,449,0.379587,0.448669,0.448669,0.262806
all_actives,450,0.380734,0.448669,0.448669,0.262222
all_actives,451,0.381881,0.448669,0.448669,0.261641
all_actives,452,0.381881,0.452471,0.452471,0.263274
all_actives,453,0.381881,0.456274,0.456274,0.264901
all_actives,454,0.381881,0.460076,0.460076,0.26652
all_actives,455,0.383028,0.460076,0.460076,0.265934
all_actives,456,0.383028,0.463878,0.463878,0.267544
all_actives,457,0.384174,0.463878,0.463878,0.266958
all_actives,458,0.384174,0.467681,0.467681,0.268559
all_actives,459,0.385321,0.467681,0.467681,0.267974
all_actives,460,0.386468,0.467681,0.467681,0.267391
all_actives,461,0.386468,0.471483,0.471483,0.26898
all_actives,462,0.387615,0.471483,0.471483,0.268398
all_actives,463,0.388761,0.471483,0.471483,0.267819
all_actives,464,0.388761,0.475285,0.475285,0.269397
all_actives,465,0.389908,0.475285,0.475285,0.268817
all_actives,466,0.391055,0.475285,0.475285,0.26824
all_actives,467,0.392202,0.475285,0.475285,0.267666
all_actives,468,0.392202,0.479087,0.479087,0.269231
all_actives,469,0.392202,0.48289,0.48289,0.270789
all_actives,470,0.392202,0.486692,0.486692,0.27234
all_actives,471,0.392202,0.490494,0.490494,0.273885
all_actives,472,0.393349,0.490494,0.490494,0.273305
all_actives,473,0.393349,0.494297,0.494297,0.274841
all_actives,474,0.394495,0.494297,0.494297,0.274262
all_actives,475,0.394495,0.498099,0.498099,0.275789
all_actives,476,0.395642,0.498099,0.498099,0.27521
all_actives,477,0.396789,0.498099,0.498099,0.274633
all_actives,478,0.397936,0.498099,0.498099,0.274059
all_actives,479,0.399083,0.498099,0.498099,0.273486
all_actives,480,0.400229,0.498099,0.498099,0.272917
all_actives,481,0.401376,0.498099,0.498099,0.272349
all_actives,482,0.402523,0.498099,0.498099,0.271784
all_actives,483,0.40367,0.498099,0.498099,0.271222
all_actives,484,0.404817,0.498099,0.498099,0.270661
all_actives,485,0.405963,0.498099,0.498099,0.270103
all_actives,486,0.40711,0.498099,0.498099,0.269547
all_actives,487,0.40711,0.501901,0.501901,0.271047
all_actives,488,0.408257,0.501901,0.501901,0.270492
all_actives,489,0.409404,0.501901,0.501901,0.269939
all_actives,490,0.41055,0.501901,0.501901,0.269388
all_actives,491,0.411697,0.501901,0.501901,0.268839
all_actives,492,0.412844,0.501901,0.501901,0.268293
all_actives,493,0.413991,0.501901,0.501901,0.267748
all_actives,494,0.415138,0.501901,0.501901,0.267206
all_actives,495,0.416284,0.501901,0.501901,0.266667
all_actives,496,0.417431,0.501901,0.501901,0.266129
all_actives,497,0.418578,0.501901,0.501901,0.265594
all_actives,498,0.418578,0.505703,0.505703,0.267068
all_actives,499,0.419725,0.505703,0.505703,0.266533
all_actives,500,0.420872,0.505703,0.505703,0.266
all_actives,501,0.422018,0.505703,0.505703,0.265469
all_actives,502,0.423165,0.505703,0.505703,0.26494
all_actives,503,0.423165,0.509506,0.509506,0.266402
all_actives,504,0.424312,0.509506,0.509506,0.265873
all_actives,505,0.425459,0.509506,0.509506,0.265347
all_actives,506,0.426606,0.509506,0.509506,0.264822
all_actives,507,0.427752,0.509506,0.509506,0.2643
all_actives,508,0.428899,0.509506,0.509506,0.26378
all_actives,509,0.430046,0.509506,0.509506,0.263261
all_actives,510,0.431193,0.509506,0.509506,0.262745
all_actives,511,0.432339,0.509506,0.509506,0.262231
all_actives,512,0.433486,0.509506,0.509506,0.261719
all_actives,513,0.433486,0.513308,0.513308,0.263158
all_actives,514,0.434633,0.513308,0.513308,0.262646
all_actives,515,0.43578,0.513308,0.513308,0.262136
all_actives,516,0.436927,0.513308,0.513308,0.261628
all_actives,517,0.436927,0.51711,0.51711,0.263056
all_actives,518,0.438073,0.51711,0.51711,0.262548
all_actives,519,0.43922,0.51711,0.51711,0.262042
all_actives,520,0.440367,0.51711,0.51711,0.261538
all_actives,521,0.441514,0.51711,0.51711,0.261036
all_actives,522,0.441514,0.520913,0.520913,0.262452
all_actives,523,0.441514,0.524715,0.524715,0.263862
all_actives,524,0.442661,0.524715,0.524715,0.263359
all_actives,525,0.442661,0.528517,0.528517,0.264762
all_actives,526,0.443807,0.528517,0.528517,0.264259
all_actives,527,0.444954,0.528517,0.528517,0.263757
all_actives,528,0.446101,0.528517,0.528517,0.263258
all_actives,529,0.447248,0.528517,0.528517,0.26276
all_actives,530,0.448394,0.528517,0.528517,0.262264
all_actives,531,0.449541,0.528517,0.528517,0.26177
all_actives,532,0.450688,0.528517,0.528517,0.261278
all_actives,533,0.450688,0.532319,0.532319,0.262664
all_actives,534,0.451835,0.532319,0.532319,0.262172
all_actives,535,0.452982,0.532319,0.532319,0.261682
all_actives,536,0.454128,0.532319,0.532319,0.261194
all_actives,537,0.455275,0.532319,0.532319,0.260708
all_actives,538,0.456422,0.532319,0.532319,0.260223
all_actives,539,0.457569,0.532319,0.532319,0.25974
all_actives,540,0.458716,0.532319,0.532319,0.259259
all_actives,541,0.459862,0.532319,0.532319,0.25878
all_actives,542,0.461009,0.532319,0.532319,0.258303
all_actives,543,0.461009,0.536122,0.536122,0.259669
all_actives,544,0.462156,0.536122,0.536122,0.259191
all_actives,545,0.463303,0.536122,0.536122,0.258716
all_actives,546,0.46445,0.536122,0.536122,0.258242
all_actives,547,0.465596,0.536122,0.536122,0.25777
all_actives,548,0.465596,0.539924,0.539924,0.259124
all_actives,549,0.466743,0.539924,0.539924,0.258652
all_actives,550,0.46789,0.539924,0.539924,0.258182
all_actives,551,0.469037,0.539924,0.539924,0.257713
all_actives,552,0.470183,0.539924,0.539924,0.257246
all_actives,553,0.47133,0.539924,0.539924,0.256781
all_actives,554,0.472477,0.539924,0.539924,0.256318
all_actives,555,0.473624,0.539924,0.539924,0.255856
all_actives,556,0.474771,0.539924,0.539924,0.255396
all_actives,557,0.474771,0.543726,0.543726,0.256732
all_actives,558,0.475917,0.543726,0.543726,0.256272
all_actives,559,0.477064,0.543726,0.543726,0.255814
all_actives,560,0.478211,0.543726,0.543726,0.255357
all_actives,561,0.479358,0.543726,0.543726,0.254902
all_actives,562,0.480505,0.543726,0.543726,0.254448
all_actives,563,0.481651,0.543726,0.543726,0.253996
all_actives,564,0.482798,0.543726,0.543726,0.253546
all_actives,565,0.483945,0.543726,0.543726,0.253097
all_actives,566,0.485092,0.543726,0.543726,0.25265
all_actives,567,0.485092,0.547529,0.547529,0.253968
all_actives,568,0.486239,0.547529,0.547529,0.253521
all_actives,569,0.487385,0.547529,0.547529,0.253076
all_actives,570,0.487385,0.551331,0.551331,0.254386
all_actives,571,0.488532,0.551331,0.551331,0.25394
all_actives,572,0.489679,0.551331,0.551331,0.253497
all_actives,573,0.490826,0.551331,0.551331,0.253054
all_actives,574,0.490826,0.555133,0.555133,0.254355
all_actives,575,0.490826,0.558935,0.558935,0.255652
all_actives,576,0.491972,0.558935,0.558935,0.255208
all_actives,577,0.493119,0.558935,0.558935,0.254766
all_actives,578,0.494266,0.558935,0.558935,0.254325
all_actives,579,0.495413,0.558935,0.558935,0.253886
all_actives,580,0.495413,0.562738,0.562738,0.255172
all_actives,581,0.49656,0.562738,0.562738,0.254733
all_actives,582,0.49656,0.56654,0.56654,0.256014
all_actives,583,0.497706,0.56654,0.56654,0.255575
all_actives,584,0.498853,0.56654,0.56654,0.255137
all_actives,585,0.5,0.56654,0.56654,0.254701
all_actives,586,0.501147,0.56654,0.56654,0.254266
all_actives,587,0.501147,0.570342,0.570342,0.255537
all_actives,588,0.501147,0.574144,0.574144,0.256803
all_actives,589,0.501147,0.577947,0.577947,0.258065
all_actives,590,0.502294,0.577947,0.577947,0.257627
all_actives,591,0.50344,0.577947,0.577947,0.257191
all_actives,592,0.504587,0.577947,0.577947,0.256757
all_actives,593,0.505734,0.577947,0.577947,0.256324
all_actives,594,0.505734,0.581749,0.581749,0.257576
all_actives,595,0.506881,0.581749,0.581749,0.257143
all_actives,596,0.508028,0.581749,0.581749,0.256711
all_actives,597,0.509174,0.581749,0.581749,0.256281
all_actives,598,0.509174,0.585551,0.585551,0.257525
all_actives,599,0.510321,0.585551,0.585551,0.257095
all_actives,600,0.511468,0.585551,0.585551,0.256667
all_actives,601,0.512615,0.585551,0.585551,0.25624
all_actives,602,0.512615,0.589354,0.589354,0.257475
all_actives,603,0.513761,0.589354,0.589354,0.257048
all_actives,604,0.514908,0.589354,0.589354,0.256623
all_actives,605,0.516055,0.589354,0.589354,0.256198
all_actives,606,0.517202,0.589354,0.589354,0.255776
all_actives,607,0.518349,0.589354,0.589354,0.255354
all_actives,608,0.519495,0.589354,0.589354,0.254934
all_actives,609,0.519495,0.593156,0.593156,0.256158
all_actives,610,0.520642,0.593156,0.593156,0.255738
all_actives,611,0.521789,0.593156,0.593156,0.255319
all_actives,612,0.522936,0.593156,0.593156,0.254902
all_actives,613,0.524083,0.593156,0.593156,0.254486
all_actives,614,0.525229,0.593156,0.593156,0.254072
all_actives,615,0.526376,0.593156,0.593156,0.253659
all_actives,616,0.527523,0.593156,0.593156,0.253247
all_actives,617,0.52867,0.593156,0.593156,0.252836
all_actives,618,0.529817,0.593156,0.593156,0.252427
all_actives,619,0.530963,0.593156,0.593156,0.252019
all_actives,620,0.53211,0.593156,0.593156,0.251613
all_actives,621,0.533257,0.593156,0.593156,0.251208
all_actives,622,0.534404,0.593156,0.593156,0.250804
all_actives,623,0.53555,0.593156,0.593156,0.250401
all_actives,624,0.53555,0.596958,0.596958,0.251603
all_actives,625,0.536697,0.596958,0.596958,0.2512
all_actives,626,0.536697,0.60076,0.60076,0.252396
all_actives,627,0.536697,0.604563,0.604563,0.253589
all_actives,628,0.537844,0.604563,0.604563,0.253185
all_actives,629,0.538991,0.604563,0.604563,0.252782
all_actives,630,0.540138,0.604563,0.604563,0.252381
all_actives,631,0.541284,0.604563,0.604563,0.251981
all_actives,632,0.542431,0.604563,0.604563,0.251582
all_actives,633,0.543578,0.604563,0.604563,0.251185
all_actives,634,0.544725,0.604563,0.604563,0.250789
all_actives,635,0.544725,0.608365,0.608365,0.251969
all_actives,636,0.545872,0.608365,0.608365,0.251572
all_actives,637,0.547018,0.608365,0.608365,0.251177
all_actives,638,0.548165,0.608365,0.608365,0.250784
all_actives,639,0.549312,0.608365,0.608365,0.250391
all_actives,640,0.550459,0.608365,0.608365,0.25
all_actives,641,0.551606,0.608365,0.608365,0.24961
all_actives,642,0.552752,0.608365,0.608365,0.249221
all_actives,643,0.553899,0.608365,0.608365,0.248834
all_actives,644,0.555046,0.608365,0.608365,0.248447
all_actives,645,0.556193,0.608365,0.608365,0.248062
all_actives,646,0.557339,0.608365,0.608365,0.247678
all_actives,647,0.558486,0.608365,0.608365,0.247295
all_actives,648,0.559633,0.608365,0.608365,0.246914
all_actives,649,0.559633,0.612167,0.612167,0.248074
all_actives,650,0.56078,0.612167,0.612167,0.247692
all_actives,651,0.561927,0.612167,0.612167,0.247312
all_actives,652,0.563073,0.612167,0.612167,0.246933
all_actives,653,0.563073,0.61597,0.61597,0.248086
all_actives,654,0.56422,0.61597,0.61597,0.247706
all_actives,655,0.56422,0.619772,0.619772,0.248855
all_actives,656,0.56422,0.623574,0.623574,0.25
all_actives,657,0.565367,0.623574,0.623574,0.249619
all_actives,658,0.566514,0.623574,0.623574,0.24924
all_actives,659,0.567661,0.623574,0.623574,0.248862
all_actives,660,0.568807,0.623574,0.623574,0.248485
all_actives,661,0.569954,0.623574,0.623574,0.248109
all_actives,662,0.569954,0.627376,0.627376,0.249245
all_actives,663,0.571101,0.627376,0.627376,0.248869
all_actives,664,0.572248,0.627376,0.627376,0.248494
all_actives,665,0.573394,0.627376,0.627376,0.24812
all_actives,666,0.574541,0.627376,0.627376,0.247748
all_actives,667,0.575688,0.627376,0.627376,0.247376
all_actives,668,0.576835,0.627376,0.627376,0.247006
all_actives,669,0.576835,0.631179,0.631179,0.248132
all_actives,670,0.577982,0.631179,0.631179,0.247761
all_actives,671,0.577982,0.634981,0.634981,0.248882
all_actives,672,0.579128,0.634981,0.634981,0.248512
all_actives,673,0.580275,0.634981,0.634981,0.248143
all_actives,674,0.581422,0.634981,0.634981,0.247774
all_actives,675,0.582569,0.634981,0.634981,0.247407
all_actives,676,0.583716,0.634981,0.634981,0.247041
all_actives,677,0.584862,0.634981,0.634981,0.246677
all_actives,678,0.586009,0.634981,0.634981,0.246313
all_actives,679,0.586009,0.638783,0.638783,0.247423
all_actives,680,0.587156,0.638783,0.638783,0.247059
all_actives,681,0.588303,0.638783,0.638783,0.246696
all_actives,682,0.58945,0.638783,0.638783,0.246334
all_actives,683,0.590596,0.638783,0.638783,0.245974
all_actives,684,0.591743,0.638783,0.638783,0.245614
all_actives,685,0.59289,0.638783,0.638783,0.245255
all_actives,686,0.59289,0.642586,0.642586,0.246356
all_actives,687,0.594037,0.642586,0.642586,0.245997
all_actives,688,0.594037,0.646388,0.646388,0.247093
all_actives,689,0.595183,0.646388,0.646388,0.246734
all_actives,690,0.59633,0.646388,0.646388,0.246377
all_actives,691,0.59633,0.65019,0.65019,0.247467
all_actives,692,0.597477,0.65019,0.65019,0.24711
all_actives,693,0.598624,0.65019,0.65019,0.246753
all_actives,694,0.599771,0.65019,0.65019,0.246398
all_actives,695,0.600917,0.65019,0.65019,0.246043
all_actives,696,0.602064,0.65019,0.65019,0.24569
all_actives,697,0.603211,0.65019,0.65019,0.245337
all_actives,698,0.604358,0.65019,0.65019,0.244986
all_actives,699,0.605505,0.65019,0.65019,0.244635
all_actives,700,0.605505,0.653992,0.653992,0.245714
all_actives,701,0.606651,0.653992,0.653992,0.245364
all_actives,702,0.607798,0.653992,0.653992,0.245014
all_actives,703,0.608945,0.653992,0.653992,0.244666
all_actives,704,0.610092,0.653992,0.653992,0.244318
all_actives,705,0.610092,0.657795,0.657795,0.24539
all_actives,706,0.611239,0.657795,0.657795,0.245042
all_actives,707,0.612385,0.657795,0.657795,0.244696
all_actives,708,0.612385,0.661597,0.661597,0.245763
all_actives,709,0.613532,0.661597,0.661597,0.245416
all_actives,710,0.614679,0.661597,0.661597,0.24507
all_actives,711,0.615826,0.661597,0.661597,0.244726
all_actives,712,0.615826,0.665399,0.665399,0.245787
all_actives,713,0.616972,0.665399,0.665399,0.245442
all_actives,714,0.618119,0.665399,0.665399,0.245098
all_actives,715,0.619266,0.665399,0.665399,0.244755
all_actives,716,0.620413,0.665399,0.665399,0.244413
all_actives,717,0.62156,0.665399,0.665399,0.244073
all_actives,718,0.622706,0.665399,0.665399,0.243733
all_actives,719,0.623853,0.665399,0.665399,0.243394
all_actives,720,0.623853,0.669202,0.669202,0.244444
all_actives,721,0.625,0.669202,0.669202,0.244105
all_actives,722,0.625,0.673004,0.673004,0.245152
all_actives,723,0.626147,0.673004,0.673004,0.244813
all_actives,724,0.627294,0.673004,0.673004,0.244475
all_actives,725,0.62844,0.673004,0.673004,0.244138
all_actives,726,0.629587,0.673004,0.673004,0.243802
all_actives,727,0.630734,0.673004,0.673004,0.243466
all_actives,728,0.630734,0.676806,0.676806,0.244505
all_actives,729,0.631881,0.676806,0.676806,0.24417
all_actives,730,0.633028,0.676806,0.676806,0.243836
all_actives,731,0.633028,0.680608,0.680608,0.24487
all_actives,732,0.634174,0.680608,0.680608,0.244536
all_actives,733,0.635321,0.680608,0.680608,0.244202
all_actives,734,0.636468,0.680608,0.680608,0.243869
all_actives,735,0.637615,0.680608,0.680608,0.243537
all_actives,736,0.638761,0.680608,0.680608,0.243207
all_actives,737,0.638761,0.684411,0.684411,0.244233
all_actives,738,0.639908,0.684411,0.684411,0.243902
all_actives,739,0.639908,0.688213,0.688213,0.244926
all_actives,740,0.641055,0.688213,0.688213,0.244595
all_actives,741,0.642202,0.688213,0.688213,0.244265
all_actives,742,0.643349,0.688213,0.688213,0.243935
all_actives,743,0.644495,0.688213,0.688213,0.243607
all_actives,744,0.644495,0.692015,0.692015,0.244624
all_actives,745,0.644495,0.695817,0.695817,0.245638
all_actives,746,0.645642,0.695817,0.695817,0.245308
all_actives,747,0.646789,0.695817,0.695817,0.24498
all_actives,748,0.647936,0.695817,0.695817,0.244652
all_actives,749,0.647936,0.69962,0.69962,0.245661
all_actives,750,0.649083,0.69962,0.69962,0.245333
all_actives,751,0.650229,0.69962,0.69962,0.245007
all_actives,752,0.651376,0.69962,0.69962,0.244681
all_actives,753,0.652523,0.69962,0.69962,0.244356
all_actives,754,0.65367,0.69962,0.69962,0.244032
all_actives,755,0.654817,0.69962,0.69962,0.243709
all_actives,756,0.655963,0.69962,0.69962,0.243386
all_actives,757,0.65711,0.69962,0.69962,0.243065
all_actives,758,0.658257,0.69962,0.69962,0.242744
all_actives,759,0.659404,0.69962,0.69962,0.242424
all_actives,760,0.659404,0.703422,0.703422,0.243421
all_actives,761,0.66055,0.703422,0.703422,0.243101
all_actives,762,0.661697,0.703422,0.703422,0.242782
all_actives,763,0.661697,0.707224,0.707224,0.243775
all_actives,764,0.662844,0.707224,0.707224,0.243455
all_actives,765,0.663991,0.707224,0.707224,0.243137
all_actives,766,0.665138,0.707224,0.707224,0.24282
all_actives,767,0.666284,0.707224,0.707224,0.242503
all_actives,768,0.667431,0.707224,0.707224,0.242188
all_actives,769,0.668578,0.707224,0.707224,0.241873
all_actives,770,0.669725,0.707224,0.707224,0.241558
all_actives,771,0.670872,0.707224,0.707224,0.241245
all_actives,772,0.672018,0.707224,0.707224,0.240933
all_actives,773,0.673165,0.707224,0.707224,0.240621
all_actives,774,0.674312,0.707224,0.707224,0.24031
all_actives,775,0.675459,0.707224,0.707224,0.24
all_actives,776,0.676606,0.707224,0.707224,0.239691
all_actives,777,0.677752,0.707224,0.707224,0.239382
all_actives,778,0.677752,0.711027,0.711027,0.24036
all_actives,779,0.677752,0.714829,0.714829,0.241335
all_actives,780,0.678899,0.714829,0.714829,0.241026
all_actives,781,0.680046,0.714829,0.714829,0.240717
all_actives,782,0.681193,0.714829,0.714829,0.240409
all_actives,783,0.682339,0.714829,0.714829,0.240102
all_actives,784,0.682339,0.718631,0.718631,0.241071
all_actives,785,0.683486,0.718631,0.718631,0.240764
all_actives,786,0.683486,0.722433,0.722433,0.24173
all_actives,787,0.684633,0.722433,0.722433,0.241423
all_actives,788,0.68578,0.722433,0.722433,0.241117
all_actives,789,0.686927,0.722433,0.722433,0.240811
all_actives,790,0.688073,0.722433,0.722433,0.240506
all_actives,791,0.688073,0.726236,0.726236,0.241466
all_actives,792,0.68922,0.726236,0.726236,0.241162
all_actives,793,0.690367,0.726236,0.726236,0.240858
all_actives,794,0.691514,0.726236,0.726236,0.240554
all_actives,795,0.692661,0.726236,0.726236,0.240252
all_actives,796,0.693807,0.726236,0.726236,0.23995
all_actives,797,0.694954,0.726236,0.726236,0.239649
all_actives,798,0.696101,0.726236,0.726236,0.239348
all_actives,799,0.697248,0.726236,0.726236,0.239049
all_actives,800,0.698394,0.726236,0.726236,0.23875
all_actives,801,0.699541,0.726236,0.726236,0.238452
all_actives,802,0.700688,0.726236,0.726236,0.238155
all_actives,803,0.701835,0.726236,0.726236,0.237858
all_actives,804,0.701835,0.730038,0.730038,0.238806
all_actives,805,0.702982,0.730038,0.730038,0.238509
all_actives,806,0.704128,0.730038,0.730038,0.238213
all_actives,807,0.704128,0.73384,0.73384,0.239157
all_actives,808,0.705275,0.73384,0.73384,0.238861
all_actives,809,0.706422,0.73384,0.73384,0.238566
all_actives,810,0.707569,0.73384,0.73384,0.238272
all_actives,811,0.708716,0.73384,0.73384,0.237978
all_actives,812,0.709862,0.73384,0.73384,0.237685
all_actives,813,0.711009,0.73384,0.73384,0.237392
all_actives,814,0.712156,0.73384,0.73384,0.237101
all_actives,815,0.713303,0.73384,0.73384,0.23681
all_actives,816,0.71445,0.73384,0.73384,0.23652
all_actives,817,0.715596,0.73384,0.73384,0.23623
all_actives,818,0.716743,0.73384,0.73384,0.235941
all_actives,819,0.71789,0.73384,0.73384,0.235653
all_actives,820,0.719037,0.73384,0.73384,0.235366
all_actives,821,0.720183,0.73384,0.73384,0.235079
all_actives,822,0.72133,0.73384,0.73384,0.234793
all_actives,823,0.72133,0.737643,0.737643,0.235723
all_actives,824,0.722477,0.737643,0.737643,0.235437
all_actives,825,0.722477,0.741445,0.741445,0.236364
all_actives,826,0.723624,0.741445,0.741445,0.236077
all_actives,827,0.723624,0.745247,0.745247,0.237001
all_actives,828,0.724771,0.745247,0.745247,0.236715
all_actives,829,0.725917,0.745247,0.745247,0.236429
all_actives,830,0.725917,0.749049,0.749049,0.237349
all_actives,831,0.727064,0.749049,0.749049,0.237064
all_actives,832,0.728211,0.749049,0.749049,0.236779
all_actives,833,0.729358,0.749049,0.749049,0.236495
all_actives,834,0.730505,0.749049,0.749049,0.236211
all_actives,835,0.731651,0.749049,0.749049,0.235928
all_actives,836,0.732798,0.749049,0.749049,0.235646
all_actives,837,0.733945,0.749049,0.749049,0.235364
all_actives,838,0.735092,0.749049,0.749049,0.235084
all_actives,839,0.736239,0.749049,0.749049,0.234803
all_actives,840,0.737385,0.749049,0.749049,0.234524
all_actives,841,0.738532,0.749049,0.749049,0.234245
all_actives,842,0.739679,0.749049,0.749049,0.233967
all_actives,843,0.740826,0.749049,0.749049,0.233689
all_actives,844,0.741972,0.749049,0.749049,0.233412
all_actives,845,0.743119,0.749049,0.749049,0.233136
all_actives,846,0.744266,0.749049,0.749049,0.232861
all_actives,847,0.744266,0.752852,0.752852,0.233766
all_actives,848,0.745413,0.752852,0.752852,0.233491
all_actives,849,0.74656,0.752852,0.752852,0.233216
all_actives,850,0.74656,0.756654,0.756654,0.234118
all_actives,851,0.747706,0.756654,0.756654,0.233843
all_actives,852,0.748853,0.756654,0.756654,0.233568
all_actives,853,0.75,0.756654,0.756654,0.233294
all_actives,854,0.751147,0.756654,0.756654,0.233021
all_actives,855,0.752294,0.756654,0.756654,0.232749
all_actives,856,0.75344,0.756654,0.756654,0.232477
all_actives,857,0.754587,0.756654,0.756654,0.232205
all_actives,858,0.755734,0.756654,0.756654,0.231935
all_actives,859,0.756881,0.756654,0.756654,0.231665
all_actives,860,0.758028,0.756654,0.756654,0.231395
all_actives,861,0.758028,0.760456,0.760456,0.232288
all_actives,862,0.758028,0.764259,0.764259,0.233179
all_actives,863,0.758028,0.768061,0.768061,0.234067
all_actives,864,0.759174,0.768061,0.768061,0.233796
all_actives,865,0.760321,0.768061,0.768061,0.233526
all_actives,866,0.761468,0.768061,0.768061,0.233256
all_actives,867,0.762615,0.768061,0.768061,0.232987
all_actives,868,0.763761,0.768061,0.768061,0.232719
all_actives,869,0.764908,0.768061,0.768061,0.232451
all_actives,870,0.766055,0.768061,0.768061,0.232184
all_actives,871,0.767202,0.768061,0.768061,0.231917
all_actives,872,0.768349,0.768061,0.768061,0.231651
all_actives,873,0.769495,0.768061,0.768061,0.231386
all_actives,874,0.769495,0.771863,0.771863,0.232265
all_actives,875,0.770642,0.771863,0.771863,0.232
all_actives,876,0.771789,0.771863,0.771863,0.231735
all_actives,877,0.771789,0.775665,0.775665,0.232611
all_actives,878,0.772936,0.775665,0.775665,0.232346
all_actives,879,0.774083,0.775665,0.775665,0.232082
all_actives,880,0.775229,0.775665,0.775665,0.231818
all_actives,881,0.776376,0.775665,0.775665,0.231555
all_actives,882,0.777523,0.775665,0.775665,0.231293
all_actives,883,0.77867,0.775665,0.775665,0.231031
all_actives,884,0.77867,0.779468,0.779468,0.2319
all_actives,885,0.779817,0.779468,0.779468,0.231638
all_actives,886,0.780963,0.779468,0.779468,0.231377
all_actives,887,0.780963,0.78327,0.78327,0.232244
all_actives,888,0.78211,0.78327,0.78327,0.231982
all_actives,889,0.783257,0.78327,0.78327,0.231721
all_actives,890,0.784404,0.78327,0.78327,0.231461
all_actives,891,0.78555,0.78327,0.78327,0.231201
all_actives,892,0.786697,0.78327,0.78327,0.230942
all_actives,893,0.787844,0.78327,0.78327,0.230683
all_actives,894,0.787844,0.787072,0.787072,0.231544
all_actives,895,0.788991,0.787072,0.787072,0.231285
all_actives,896,0.790138,0.787072,0.787072,0.231027
all_actives,897,0.791284,0.787072,0.787072,0.230769
all_actives,898,0.792431,0.787072,0.787072,0.230512
all_actives,899,0.792431,0.790875,0.790875,0.231368
all_actives,900,0.793578,0.790875,0.790875,0.231111
all_actives,901,0.794725,0.790875,0.790875,0.230855
all_actives,902,0.795872,0.790875,0.790875,0.230599
all_actives,903,0.797018,0.790875,0.790875,0.230343
all_actives,904,0.798165,0.790875,0.790875,0.230088
all_actives,905,0.799312,0.790875,0.790875,0.229834
all_actives,906,0.799312,0.794677,0.794677,0.230684
all_actives,907,0.800459,0.794677,0.794677,0.23043
all_actives,908,0.801606,0.794677,0.794677,0.230176
all_actives,909,0.802752,0.794677,0.794677,0.229923
all_actives,910,0.803899,0.794677,0.794677,0.22967
all_actives,911,0.803899,0.798479,0.798479,0.230516
all_actives,912,0.805046,0.798479,0.798479,0.230263
all_actives,913,0.806193,0.798479,0.798479,0.230011
all_actives,914,0.807339,0.798479,0.798479,0.229759
all_actives,915,0.808486,0.798479,0.798479,0.229508
all_actives,916,0.809633,0.798479,0.798479,0.229258
all_actives,917,0.81078,0.798479,0.798479,0.229008
all_actives,918,0.811927,0.798479,0.798479,0.228758
all_actives,919,0.813073,0.798479,0.798479,0.228509
all_actives,920,0.81422,0.798479,0.798479,0.228261
all_actives,921,0.815367,0.798479,0.798479,0.228013
all_actives,922,0.816514,0.798479,0.798479,0.227766
all_actives,923,0.817661,0.798479,0.798479,0.227519
all_actives,924,0.818807,0.798479,0.798479,0.227273
all_actives,925,0.819954,0.798479,0.798479,0.227027
all_actives,926,0.821101,0.798479,0.798479,0.226782
all_actives,927,0.822248,0.798479,0.798479,0.226537
all_actives,928,0.822248,0.802281,0.802281,0.227371
all_actives,929,0.823394,0.802281,0.802281,0.227126
all_actives,930,0.824541,0.802281,0.802281,0.226882
all_actives,931,0.825688,0.802281,0.802281,0.226638
all_actives,932,0.826835,0.802281,0.802281,0.226395
all_actives,933,0.826835,0.806084,0.806084,0.227224
all_actives,934,0.827982,0.806084,0.806084,0.226981
all_actives,935,0.829128,0.806084,0.806084,0.226738
all_actives,936,0.830275,0.806084,0.806084,0.226496
all_actives,937,0.830275,0.809886,0.809886,0.227321
all_actives,938,0.831422,0.809886,0.809886,0.227079
all_actives,939,0.832569,0.809886,0.809886,0.226837
all_actives,940,0.832569,0.813688,0.813688,0.22766
all_actives,941,0.833716,0.813688,0.813688,0.227418
all_actives,942,0.833716,0.81749,0.81749,0.228238
all_actives,943,0.834862,0.81749,0.81749,0.227996
all_actives,944,0.836009,0.81749,0.81749,0.227754
all_actives,945,0.837156,0.81749,0.81749,0.227513
all_actives,946,0.838303,0.81749,0.81749,0.227273
all_actives,947,0.838303,0.821293,0.821293,0.228089
all_actives,948,0.83945,0.821293,0.821293,0.227848
all_actives,949,0.840596,0.821293,0.821293,0.227608
all_actives,950,0.841743,0.821293,0.821293,0.227368
all_actives,951,0.84289,0.821293,0.821293,0.227129
all_actives,952,0.844037,0.821293,0.821293,0.226891
all_actives,953,0.844037,0.825095,0.825095,0.227702
all_actives,954,0.845183,0.825095,0.825095,0.227463
all_actives,955,0.84633,0.825095,0.825095,0.227225
all_actives,956,0.847477,0.825095,0.825095,0.226987
all_actives,957,0.848624,0.825095,0.825095,0.22675
all_actives,958,0.849771,0.825095,0.825095,0.226514
all_actives,959,0.849771,0.828897,0.828897,0.22732
all_actives,960,0.850917,0.828897,0.828897,0.227083
all_actives,961,0.852064,0.828897,0.828897,0.226847
all_actives,962,0.853211,0.828897,0.828897,0.226611
all_actives,963,0.854358,0.828897,0.828897,0.226376
all_actives,964,0.855505,0.828897,0.828897,0.226141
all_actives,965,0.855505,0.8327,0.8327,0.226943
all_actives,966,0.856651,0.8327,0.8327,0.226708
all_actives,967,0.856651,0.836502,0.836502,0.227508
all_actives,968,0.856651,0.840304,0.840304,0.228306
all_actives,969,0.857798,0.840304,0.840304,0.22807
all_actives,970,0.858945,0.840304,0.840304,0.227835
all_actives,971,0.858945,0.844106,0.844106,0.22863
all_actives,972,0.860092,0.844106,0.844106,0.228395
all_actives,973,0.860092,0.847909,0.847909,0.229188
all_actives,974,0.860092,0.851711,0.851711,0.229979
all_actives,975,0.861239,0.851711,0.851711,0.229744
all_actives,976,0.862385,0.851711,0.851711,0.229508
all_actives,977,0.863532,0.851711,0.851711,0.229273
all_actives,978,0.864679,0.851711,0.851711,0.229039
all_actives,979,0.864679,0.855513,0.855513,0.229826
all_actives,980,0.865826,0.855513,0.855513,0.229592
all_actives,981,0.866972,0.855513,0.855513,0.229358
all_actives,982,0.868119,0.855513,0.855513,0.229124
all_actives,983,0.869266,0.855513,0.855513,0.228891
all_actives,984,0.869266,0.859316,0.859316,0.229675
all_actives,985,0.870413,0.859316,0.859316,0.229442
all_actives,986,0.87156,0.859316,0.859316,0.229209
all_actives,987,0.872706,0.859316,0.859316,0.228977
all_actives,988,0.873853,0.859316,0.859316,0.228745
all_actives,989,0.875,0.859316,0.859316,0.228514
all_actives,990,0.876147,0.859316,0.859316,0.228283
all_actives,991,0.877294,0.859316,0.859316,0.228052
all_actives,992,0.87844,0.859316,0.859316,0.227823
all_actives,993,0.879587,0.859316,0.859316,0.227593
all_actives,994,0.880734,0.859316,0.859316,0.227364
all_actives,995,0.881881,0.859316,0.859316,0.227136
all_actives,996,0.883028,0.859316,0.859316,0.226908
all_actives,997,0.884174,0.859316,0.859316,0.22668
all_actives,998,0.884174,0.863118,0.863118,0.227455
all_actives,999,0.884174,0.86692,0.86692,0.228228
all_actives,1000,0.884174,0.870722,0.870722,0.229
all_actives,1001,0.885321,0.870722,0.870722,0.228771
all_actives,1002,0.886468,0.870722,0.870722,0.228543
all_actives,1003,0.887615,0.870722,0.870722,0.228315
all_actives,1004,0.888761,0.870722,0.870722,0.228088
all_actives,1005,0.889908,0.870722,0.870722,0.227861
all_actives,1006,0.891055,0.870722,0.870722,0.227634
all_actives,1007,0.891055,0.874525,0.874525,0.228401
all_actives,1008,0.892202,0.874525,0.874525,0.228175
all_actives,1009,0.892202,0.878327,0.878327,0.22894
all_actives,1010,0.893349,0.878327,0.878327,0.228713
all_actives,1011,0.894495,0.878327,0.878327,0.228487
all_actives,1012,0.894495,0.882129,0.882129,0.229249
all_actives,1013,0.894495,0.885932,0.885932,0.23001
all_actives,1014,0.895642,0.885932,0.885932,0.229783
all_actives,1015,0.896789,0.885932,0.885932,0.229557
all_actives,1016,0.897936,0.885932,0.885932,0.229331
all_actives,1017,0.897936,0.889734,0.889734,0.230088
all_actives,1018,0.899083,0.889734,0.889734,0.229862
all_actives,1019,0.899083,0.893536,0.893536,0.230618
all_actives,1020,0.900229,0.893536,0.893536,0.230392
all_actives,1021,0.901376,0.893536,0.893536,0.230167
all_actives,1022,0.901376,0.897338,0.897338,0.23092
all_actives,1023,0.901376,0.901141,0.901141,0.231672
all_actives,1024,0.902523,0.901141,0.901141,0.231445
all_actives,1025,0.902523,0.904943,0.904943,0.232195
all_actives,1026,0.90367,0.904943,0.904943,0.231969
all_actives,1027,0.904817,0.904943,0.904943,0.231743
all_actives,1028,0.905963,0.904943,0.904943,0.231518
all_actives,1029,0.90711,0.904943,0.904943,0.231293
all_actives,1030,0.908257,0.904943,0.904943,0.231068
all_actives,1031,0.909404,0.904943,0.904943,0.230844
all_actives,1032,0.91055,0.904943,0.904943,0.23062
all_actives,1033,0.91055,0.908745,0.908745,0.231365
all_actives,1034,0.91055,0.912548,0.912548,0.232108
all_actives,1035,0.911697,0.912548,0.912548,0.231884
all_actives,1036,0.912844,0.912548,0.912548,0.23166
all_actives,1037,0.913991,0.912548,0.912548,0.231437
all_actives,1038,0.915138,0.912548,0.912548,0.231214
all_actives,1039,0.915138,0.91635,0.91635,0.231954
all_actives,1040,0.915138,0.920152,0.920152,0.232692
all_actives,1041,0.916284,0.920152,0.920152,0.232469
all_actives,1042,0.916284,0.923954,0.923954,0.233205
all_actives,1043,0.917431,0.923954,0.923954,0.232982
all_actives,1044,0.918578,0.923954,0.923954,0.232759
all_actives,1045,0.918578,0.927757,0.927757,0.233493
all_actives,1046,0.919725,0.927757,0.927757,0.23327
all_actives,1047,0.920872,0.927757,0.927757,0.233047
all_actives,1048,0.922018,0.927757,0.927757,0.232824
all_actives,1049,0.923165,0.927757,0.927757,0.232602
all_actives,1050,0.924312,0.927757,0.927757,0.232381
all_actives,1051,0.924312,0.931559,0.931559,0.233111
all_actives,1052,0.925459,0.931559,0.931559,0.23289
all_actives,1053,0.925459,0.935361,0.935361,0.233618
all_actives,1054,0.925459,0.939163,0.939163,0.234345
all_actives,1055,0.925459,0.942966,0.942966,0.235071
all_actives,1056,0.925459,0.946768,0.946768,0.235795
all_actives,1057,0.926606,0.946768,0.946768,0.235572
all_actives,1058,0.927752,0.946768,0.946768,0.23535
all_actives,1059,0.927752,0.95057,0.95057,0.236072
all_actives,1060,0.927752,0.954373,0.954373,0.236792
all_actives,1061,0.927752,0.958175,0.958175,0.237512
all_actives,1062,0.928899,0.958175,0.958175,0.237288
all_actives,1063,0.930046,0.958175,0.958175,0.237065
all_actives,1064,0.931193,0.958175,0.958175,0.236842
all_actives,1065,0.932339,0.958175,0.958175,0.23662
all_actives,1066,0.933486,0.958175,0.958175,0.236398
all_actives,1067,0.934633,0.958175,0.958175,0.236176
all_actives,1068,0.93578,0.958175,0.958175,0.235955
all_actives,1069,0.93578,0.961977,0.961977,0.23667
all_actives,1070,0.936927,0.961977,0.961977,0.236449
all_actives,1071,0.938073,0.961977,0.961977,0.236228
all_actives,1072,0.93922,0.961977,0.961977,0.236007
all_actives,1073,0.940367,0.961977,0.961977,0.235788
all_actives,1074,0.941514,0.961977,0.961977,0.235568
all_actives,1075,0.942661,0.961977,0.961977,0.235349
all_actives,1076,0.943807,0.961977,0.961977,0.23513
all_actives,1077,0.943807,0.965779,0.965779,0.23584
all_actives,1078,0.943807,0.969582,0.969582,0.236549
all_actives,1079,0.944954,0.969582,0.969582,0.23633
all_actives,1080,0.946101,0.969582,0.969582,0.236111
all_actives,1081,0.947248,0.969582,0.969582,0.235893
all_actives,1082,0.948394,0.969582,0.969582,0.235675
all_actives,1083,0.949541,0.969582,0.969582,0.235457
all_actives,1084,0.949541,0.973384,0.973384,0.236162
all_actives,1085,0.950688,0.973384,0.973384,0.235945
all_actives,1086,0.951835,0.973384,0.973384,0.235727
all_actives,1087,0.952982,0.973384,0.973384,0.235511
all_actives,1088,0.952982,0.977186,0.977186,0.236213
all_actives,1089,0.954128,0.977186,0.977186,0.235996
all_actives,1090,0.955275,0.977186,0.977186,0.23578
all_actives,1091,0.956422,0.977186,0.977186,0.235564
all_actives,1092,0.957569,0.977186,0.977186,0.235348
all_actives,1093,0.958716,0.977186,0.977186,0.235133
all_actives,1094,0.958716,0.980989,0.980989,0.235832
all_actives,1095,0.958716,0.984791,0.984791,0.23653
all_actives,1096,0.959862,0.984791,0.984791,0.236314
all_actives,1097,0.961009,0.984791,0.984791,0.236098
all_actives,1098,0.962156,0.984791,0.984791,0.235883
all_actives,1099,0.963303,0.984791,0.984791,0.235669
all_actives,1100,0.96445,0.984791,0.984791,0.235455
all_actives,1101,0.965596,0.984791,0.984791,0.235241
all_actives,1102,0.966743,0.984791,0.984791,0.235027
all_actives,1103,0.96789,0.984791,0.984791,0.234814
all_actives,1104,0.969037,0.984791,0.984791,0.234601
all_actives,1105,0.970183,0.984791,0.984791,0.234389
all_actives,1106,0.97133,0.984791,0.984791,0.234177
all_actives,1107,0.972477,0.984791,0.984791,0.233966
all_actives,1108,0.972477,0.988593,0.988593,0.234657
all_actives,1109,0.973624,0.988593,0.988593,0.234445
all_actives,1110,0.974771,0.988593,0.988593,0.234234
all_actives,1111,0.975917,0.988593,0.988593,0.234023
all_actives,1112,0.977064,0.988593,0.988593,0.233813
all_actives,1113,0.978211,0.988593,0.988593,0.233603
all_actives,1114,0.979358,0.988593,0.988593,0.233393
all_actives,1115,0.979358,0.992395,0.992395,0.234081
all_actives,1116,0.980505,0.992395,0.992395,0.233871
all_actives,1117,0.981651,0.992395,0.992395,0.233662
all_actives,1118,0.982798,0.992395,0.992395,0.233453
all_actives,1119,0.983945,0.992395,0.992395,0.233244
all_actives,1120,0.985092,0.992395,0.992395,0.233036
all_actives,1121,0.986239,0.992395,0.992395,0.232828
all_actives,1122,0.987385,0.992395,0.992395,0.23262
all_actives,1123,0.988532,0.992395,0.992395,0.232413
all_actives,1124,0.989679,0.992395,0.992395,0.232206
all_actives,1125,0.990826,0.992395,0.992395,0.232
all_actives,1126,0.990826,0.996198,0.996198,0.232682
all_actives,1127,0.991972,0.996198,0.996198,0.232476
all_actives,1128,0.993119,0.996198,0.996198,0.23227
all_actives,1129,0.994266,0.996198,0.996198,0.232064
all_actives,1130,0.995413,0.996198,0.996198,0.231858
all_actives,1131,0.99656,0.996198,0.996198,0.231653
all_actives,1132,0.99656,1.0,1.0,0.232332
all_actives,1133,0.997706,1.0,1.0,0.232127
all_actives,1134,0.998853,1.0,1.0,0.231922
all_actives,1135,1.0,1.0,1.0,0.231718
all_actives,1135,1.0,1.0,1.0,0.231718
covalent_only,0,0.0,0.0,0.00885,1.0
covalent_only,1,0.0,0.00885,0.00885,1.0
covalent_only,2,0.001147,0.00885,0.00885,0.5
covalent_only,3,0.002294,0.00885,0.00885,0.333333
covalent_only,4,0.00344,0.00885,0.00885,0.25
covalent_only,5,0.00344,0.017699,0.017699,0.4
covalent_only,6,0.004587,0.017699,0.017699,0.333333
covalent_only,7,0.004587,0.026549,0.026549,0.428571
covalent_only,8,0.005734,0.026549,0.026549,0.375
covalent_only,9,0.005734,0.035398,0.035398,0.444444
covalent_only,10,0.005734,0.044248,0.044248,0.5
covalent_only,11,0.006881,0.044248,0.044248,0.454545
covalent_only,12,0.008028,0.044248,0.044248,0.416667
covalent_only,13,0.009174,0.044248,0.044248,0.384615
covalent_only,14,0.010321,0.044248,0.044248,0.357143
covalent_only,15,0.011468,0.044248,0.044248,0.333333
covalent_only,16,0.012615,0.044248,0.044248,0.3125
covalent_only,17,0.012615,0.053097,0.053097,0.352941
covalent_only,18,0.013761,0.053097,0.053097,0.333333
covalent_only,19,0.013761,0.061947,0.061947,0.368421
covalent_only,20,0.014908,0.061947,0.061947,0.35
covalent_only,21,0.016055,0.061947,0.061947,0.333333
covalent_only,22,0.017202,0.061947,0.061947,0.318182
covalent_only,23,0.018349,0.061947,0.061947,0.304348
covalent_only,24,0.018349,0.070796,0.070796,0.333333
covalent_only,25,0.018349,0.079646,0.079646,0.36
covalent_only,26,0.018349,0.088496,0.088496,0.384615
covalent_only,27,0.018349,0.097345,0.097345,0.407407
covalent_only,28,0.019495,0.097345,0.097345,0.392857
covalent_only,29,0.019495,0.106195,0.106195,0.413793
covalent_only,30,0.019495,0.115044,0.115044,0.433333
covalent_only,31,0.020642,0.115044,0.115044,0.419355
covalent_only,32,0.021789,0.115044,0.115044,0.40625
covalent_only,33,0.022936,0.115044,0.115044,0.393939
covalent_only,34,0.024083,0.115044,0.115044,0.382353
covalent_only,35,0.025229,0.115044,0.115044,0.371429
covalent_only,36,0.026376,0.115044,0.115044,0.361111
covalent_only,37,0.026376,0.123894,0.123894,0.378378
covalent_only,38,0.027523,0.123894,0.123894,0.368421
covalent_only,39,0.02867,0.123894,0.123894,0.358974
covalent_only,40,0.029817,0.123894,0.123894,0.35
covalent_only,41,0.029817,0.132743,0.132743,0.365854
covalent_only,42,0.030963,0.132743,0.132743,0.357143
covalent_only,43,0.030963,0.141593,0.141593,0.372093
covalent_only,44,0.03211,0.141593,0.141593,0.363636
covalent_only,45,0.033257,0.141593,0.141593,0.355556
covalent_only,46,0.034404,0.141593,0.141593,0.347826
covalent_only,47,0.03555,0.141593,0.141593,0.340426
covalent_only,48,0.036697,0.141593,0.141593,0.333333
covalent_only,49,0.037844,0.141593,0.141593,0.326531
covalent_only,50,0.038991,0.141593,0.141593,0.32
covalent_only,51,0.040138,0.141593,0.141593,0.313725
covalent_only,52,0.040138,0.150442,0.150442,0.326923
covalent_only,53,0.041284,0.150442,0.150442,0.320755
covalent_only,54,0.042431,0.150442,0.150442,0.314815
covalent_only,55,0.042431,0.159292,0.159292,0.327273
covalent_only,56,0.043578,0.159292,0.159292,0.321429
covalent_only,57,0.044725,0.159292,0.159292,0.315789
covalent_only,58,0.044725,0.168142,0.168142,0.327586
covalent_only,59,0.045872,0.168142,0.168142,0.322034
covalent_only,60,0.047018,0.168142,0.168142,0.316667
covalent_only,61,0.048165,0.168142,0.168142,0.311475
covalent_only,62,0.048165,0.176991,0.176991,0.322581
covalent_only,63,0.049312,0.176991,0.176991,0.31746
covalent_only,64,0.050459,0.176991,0.176991,0.3125
covalent_only,65,0.050459,0.185841,0.185841,0.323077
covalent_only,66,0.051606,0.185841,0.185841,0.318182
covalent_only,67,0.052752,0.185841,0.185841,0.313433
covalent_only,68,0.053899,0.185841,0.185841,0.308824
covalent_only,69,0.055046,0.185841,0.185841,0.304348
covalent_only,70,0.055046,0.19469,0.19469,0.314286
covalent_only,71,0.055046,0.20354,0.20354,0.323944
covalent_only,72,0.056193,0.20354,0.20354,0.319444
covalent_only,73,0.057339,0.20354,0.20354,0.315068
covalent_only,74,0.057339,0.212389,0.212389,0.324324
covalent_only,75,0.058486,0.212389,0.212389,0.32
covalent_only,76,0.058486,0.221239,0.221239,0.328947
covalent_only,77,0.059633,0.221239,0.221239,0.324675
covalent_only,78,0.06078,0.221239,0.221239,0.320513
covalent_only,79,0.06078,0.230088,0.230088,0.329114
covalent_only,80,0.061927,0.230088,0.230088,0.325
covalent_only,81,0.063073,0.230088,0.230088,0.320988
covalent_only,82,0.06422,0.230088,0.230088,0.317073
covalent_only,83,0.065367,0.230088,0.230088,0.313253
covalent_only,84,0.066514,0.230088,0.230088,0.309524
covalent_only,85,0.067661,0.230088,0.230088,0.305882
covalent_only,86,0.068807,0.230088,0.230088,0.302326
covalent_only,87,0.068807,0.238938,0.238938,0.310345
covalent_only,88,0.069954,0.238938,0.238938,0.306818
covalent_only,89,0.071101,0.238938,0.238938,0.303371
covalent_only,90,0.072248,0.238938,0.238938,0.3
covalent_only,91,0.072248,0.247788,0.247788,0.307692
covalent_only,92,0.073394,0.247788,0.247788,0.304348
covalent_only,93,0.074541,0.247788,0.247788,0.301075
covalent_only,94,0.075688,0.247788,0.247788,0.297872
covalent_only,95,0.075688,0.256637,0.256637,0.305263
covalent_only,96,0.076835,0.256637,0.256637,0.302083
covalent_only,97,0.077982,0.256637,0.256637,0.298969
covalent_only,98,0.079128,0.256637,0.256637,0.295918
covalent_only,99,0.080275,0.256637,0.256637,0.292929
covalent_only,100,0.081422,0.256637,0.256637,0.29
covalent_only,101,0.082569,0.256637,0.256637,0.287129
covalent_only,102,0.083716,0.256637,0.256637,0.284314
covalent_only,103,0.084862,0.256637,0.256637,0.281553
covalent_only,104,0.086009,0.256637,0.256637,0.278846
covalent_only,105,0.087156,0.256637,0.256637,0.27619
covalent_only,106,0.088303,0.256637,0.256637,0.273585
covalent_only,107,0.08945,0.256637,0.256637,0.271028
covalent_only,108,0.090596,0.256637,0.256637,0.268519
covalent_only,109,0.091743,0.256637,0.256637,0.266055
covalent_only,110,0.09289,0.256637,0.256637,0.263636
covalent_only,111,0.094037,0.256637,0.256637,0.261261
covalent_only,112,0.095183,0.256637,0.256637,0.258929
covalent_only,113,0.09633,0.256637,0.256637,0.256637
covalent_only,114,0.097477,0.256637,0.256637,0.254386
covalent_only,115,0.098624,0.256637,0.256637,0.252174
covalent_only,116,0.099771,0.256637,0.256637,0.25
covalent_only,117,0.100917,0.256637,0.256637,0.247863
covalent_only,118,0.100917,0.265487,0.265487,0.254237
covalent_only,119,0.102064,0.265487,0.265487,0.252101
covalent_only,120,0.103211,0.265487,0.265487,0.25
covalent_only,121,0.104358,0.265487,0.265487,0.247934
covalent_only,122,0.105505,0.265487,0.265487,0.245902
covalent_only,123,0.106651,0.265487,0.265487,0.243902
covalent_only,124,0.107798,0.265487,0.265487,0.241935
covalent_only,125,0.107798,0.274336,0.274336,0.248
covalent_only,126,0.108945,0.274336,0.274336,0.246032
covalent_only,127,0.110092,0.274336,0.274336,0.244094
covalent_only,128,0.111239,0.274336,0.274336,0.242188
covalent_only,129,0.112385,0.274336,0.274336,0.24031
covalent_only,130,0.113532,0.274336,0.274336,0.238462
covalent_only,131,0.114679,0.274336,0.274336,0.236641
covalent_only,132,0.115826,0.274336,0.274336,0.234848
covalent_only,133,0.116972,0.274336,0.274336,0.233083
covalent_only,134,0.118119,0.274336,0.274336,0.231343
covalent_only,135,0.119266,0.274336,0.274336,0.22963
covalent_only,136,0.120413,0.274336,0.274336,0.227941
covalent_only,137,0.12156,0.274336,0.274336,0.226277
covalent_only,138,0.122706,0.274336,0.274336,0.224638
covalent_only,139,0.123853,0.274336,0.274336,0.223022
covalent_only,140,0.125,0.274336,0.274336,0.221429
covalent_only,141,0.126147,0.274336,0.274336,0.219858
covalent_only,142,0.127294,0.274336,0.274336,0.21831
covalent_only,143,0.12844,0.274336,0.274336,0.216783
covalent_only,144,0.12844,0.283186,0.283186,0.222222
covalent_only,145,0.12844,0.292035,0.292035,0.227586
covalent_only,146,0.129587,0.292035,0.292035,0.226027
covalent_only,147,0.130734,0.292035,0.292035,0.22449
covalent_only,148,0.131881,0.292035,0.292035,0.222973
covalent_only,149,0.133028,0.292035,0.292035,0.221477
covalent_only,150,0.133028,0.300885,0.300885,0.226667
covalent_only,151,0.134174,0.300885,0.300885,0.225166
covalent_only,152,0.135321,0.300885,0.300885,0.223684
covalent_only,153,0.136468,0.300885,0.300885,0.222222
covalent_only,154,0.137615,0.300885,0.300885,0.220779
covalent_only,155,0.138761,0.300885,0.300885,0.219355
covalent_only,156,0.139908,0.300885,0.300885,0.217949
covalent_only,157,0.139908,0.309735,0.309735,0.22293
covalent_only,158,0.141055,0.309735,0.309735,0.221519
covalent_only,159,0.141055,0.318584,0.318584,0.226415
covalent_only,160,0.142202,0.318584,0.318584,0.225
covalent_only,161,0.142202,0.327434,0.327434,0.229814
covalent_only,162,0.143349,0.327434,0.327434,0.228395
covalent_only,163,0.144495,0.327434,0.327434,0.226994
covalent_only,164,0.145642,0.327434,0.327434,0.22561
covalent_only,165,0.146789,0.327434,0.327434,0.224242
covalent_only,166,0.147936,0.327434,0.327434,0.222892
covalent_only,167,0.149083,0.327434,0.327434,0.221557
covalent_only,168,0.150229,0.327434,0.327434,0.220238
covalent_only,169,0.151376,0.327434,0.327434,0.218935
covalent_only,170,0.152523,0.327434,0.327434,0.217647
covalent_only,171,0.15367,0.327434,0.327434,0.216374
covalent_only,172,0.154817,0.327434,0.327434,0.215116
covalent_only,173,0.155963,0.327434,0.327434,0.213873
covalent_only,174,0.15711,0.327434,0.327434,0.212644
covalent_only,175,0.158257,0.327434,0.327434,0.211429
covalent_only,176,0.159404,0.327434,0.327434,0.210227
covalent_only,177,0.16055,0.327434,0.327434,0.20904
covalent_only,178,0.161697,0.327434,0.327434,0.207865
covalent_only,179,0.161697,0.336283,0.336283,0.212291
covalent_only,180,0.162844,0.336283,0.336283,0.211111
covalent_only,181,0.163991,0.336283,0.336283,0.209945
covalent_only,182,0.165138,0.336283,0.336283,0.208791
covalent_only,183,0.166284,0.336283,0.336283,0.20765
covalent_only,184,0.167431,0.336283,0.336283,0.206522
covalent_only,185,0.168578,0.336283,0.336283,0.205405
covalent_only,186,0.169725,0.336283,0.336283,0.204301
covalent_only,187,0.170872,0.336283,0.336283,0.203209
covalent_only,188,0.170872,0.345133,0.345133,0.207447
covalent_only,189,0.172018,0.345133,0.345133,0.206349
covalent_only,190,0.173165,0.345133,0.345133,0.205263
covalent_only,191,0.174312,0.345133,0.345133,0.204188
covalent_only,192,0.175459,0.345133,0.345133,0.203125
covalent_only,193,0.175459,0.353982,0.353982,0.207254
covalent_only,194,0.176606,0.353982,0.353982,0.206186
covalent_only,195,0.177752,0.353982,0.353982,0.205128
covalent_only,196,0.178899,0.353982,0.353982,0.204082
covalent_only,197,0.180046,0.353982,0.353982,0.203046
covalent_only,198,0.181193,0.353982,0.353982,0.20202
covalent_only,199,0.182339,0.353982,0.353982,0.201005
covalent_only,200,0.182339,0.362832,0.362832,0.205
covalent_only,201,0.182339,0.371681,0.371681,0.208955
covalent_only,202,0.183486,0.371681,0.371681,0.207921
covalent_only,203,0.184633,0.371681,0.371681,0.206897
covalent_only,204,0.18578,0.371681,0.371681,0.205882
covalent_only,205,0.186927,0.371681,0.371681,0.204878
covalent_only,206,0.186927,0.380531,0.380531,0.208738
covalent_only,207,0.188073,0.380531,0.380531,0.207729
covalent_only,208,0.18922,0.380531,0.380531,0.206731
covalent_only,209,0.190367,0.380531,0.380531,0.205742
covalent_only,210,0.191514,0.380531,0.380531,0.204762
covalent_only,211,0.192661,0.380531,0.380531,0.203791
covalent_only,212,0.193807,0.380531,0.380531,0.20283
covalent_only,213,0.194954,0.380531,0.380531,0.201878
covalent_only,214,0.196101,0.380531,0.380531,0.200935
covalent_only,215,0.197248,0.380531,0.380531,0.2
covalent_only,216,0.198394,0.380531,0.380531,0.199074
covalent_only,217,0.199541,0.380531,0.380531,0.198157
covalent_only,218,0.200688,0.380531,0.380531,0.197248
covalent_only,219,0.201835,0.380531,0.380531,0.196347
covalent_only,220,0.201835,0.389381,0.389381,0.2
covalent_only,221,0.202982,0.389381,0.389381,0.199095
covalent_only,222,0.202982,0.39823,0.39823,0.202703
covalent_only,223,0.204128,0.39823,0.39823,0.201794
covalent_only,224,0.205275,0.39823,0.39823,0.200893
covalent_only,225,0.205275,0.40708,0.40708,0.204444
covalent_only,226,0.206422,0.40708,0.40708,0.20354
covalent_only,227,0.207569,0.40708,0.40708,0.202643
covalent_only,228,0.208716,0.40708,0.40708,0.201754
covalent_only,229,0.209862,0.40708,0.40708,0.200873
covalent_only,230,0.211009,0.40708,0.40708,0.2
covalent_only,231,0.212156,0.40708,0.40708,0.199134
covalent_only,232,0.213303,0.40708,0.40708,0.198276
covalent_only,233,0.21445,0.40708,0.40708,0.197425
covalent_only,234,0.215596,0.40708,0.40708,0.196581
covalent_only,235,0.216743,0.40708,0.40708,0.195745
covalent_only,236,0.21789,0.40708,0.40708,0.194915
covalent_only,237,0.219037,0.40708,0.40708,0.194093
covalent_only,238,0.220183,0.40708,0.40708,0.193277
covalent_only,239,0.22133,0.40708,0.40708,0.192469
covalent_only,240,0.222477,0.40708,0.40708,0.191667
covalent_only,241,0.223624,0.40708,0.40708,0.190871
covalent_only,242,0.224771,0.40708,0.40708,0.190083
covalent_only,243,0.225917,0.40708,0.40708,0.1893
covalent_only,244,0.227064,0.40708,0.40708,0.188525
covalent_only,245,0.228211,0.40708,0.40708,0.187755
covalent_only,246,0.228211,0.415929,0.415929,0.191057
covalent_only,247,0.228211,0.424779,0.424779,0.194332
covalent_only,248,0.229358,0.424779,0.424779,0.193548
covalent_only,249,0.229358,0.433628,0.433628,0.196787
covalent_only,250,0.230505,0.433628,0.433628,0.196
covalent_only,251,0.231651,0.433628,0.433628,0.195219
covalent_only,252,0.232798,0.433628,0.433628,0.194444
covalent_only,253,0.233945,0.433628,0.433628,0.193676
covalent_only,254,0.235092,0.433628,0.433628,0.192913
covalent_only,255,0.236239,0.433628,0.433628,0.192157
covalent_only,256,0.237385,0.433628,0.433628,0.191406
covalent_only,257,0.238532,0.433628,0.433628,0.190661
covalent_only,258,0.239679,0.433628,0.433628,0.189922
covalent_only,259,0.240826,0.433628,0.433628,0.189189
covalent_only,260,0.241972,0.433628,0.433628,0.188462
covalent_only,261,0.243119,0.433628,0.433628,0.187739
covalent_only,262,0.244266,0.433628,0.433628,0.187023
covalent_only,263,0.245413,0.433628,0.433628,0.186312
covalent_only,264,0.24656,0.433628,0.433628,0.185606
covalent_only,265,0.24656,0.442478,0.442478,0.188679
covalent_only,266,0.247706,0.442478,0.442478,0.18797
covalent_only,267,0.248853,0.442478,0.442478,0.187266
covalent_only,268,0.25,0.442478,0.442478,0.186567
covalent_only,269,0.25,0.451327,0.451327,0.189591
covalent_only,270,0.25,0.460177,0.460177,0.192593
covalent_only,271,0.251147,0.460177,0.460177,0.191882
covalent_only,272,0.251147,0.469027,0.469027,0.194853
covalent_only,273,0.252294,0.469027,0.469027,0.194139
covalent_only,274,0.25344,0.469027,0.469027,0.193431
covalent_only,275,0.254587,0.469027,0.469027,0.192727
covalent_only,276,0.255734,0.469027,0.469027,0.192029
covalent_only,277,0.256881,0.469027,0.469027,0.191336
covalent_only,278,0.258028,0.469027,0.469027,0.190647
covalent_only,279,0.259174,0.469027,0.469027,0.189964
covalent_only,280,0.260321,0.469027,0.469027,0.189286
covalent_only,281,0.261468,0.469027,0.469027,0.188612
covalent_only,282,0.262615,0.469027,0.469027,0.187943
covalent_only,283,0.263761,0.469027,0.469027,0.187279
covalent_only,284,0.264908,0.469027,0.469027,0.18662
covalent_only,285,0.266055,0.469027,0.469027,0.185965
covalent_only,286,0.267202,0.469027,0.469027,0.185315
covalent_only,287,0.268349,0.469027,0.469027,0.184669
covalent_only,288,0.269495,0.469027,0.469027,0.184028
covalent_only,289,0.270642,0.469027,0.469027,0.183391
covalent_only,290,0.271789,0.469027,0.469027,0.182759
covalent_only,291,0.272936,0.469027,0.469027,0.182131
covalent_only,292,0.274083,0.469027,0.469027,0.181507
covalent_only,293,0.275229,0.469027,0.469027,0.180887
covalent_only,294,0.276376,0.469027,0.469027,0.180272
covalent_only,295,0.277523,0.469027,0.469027,0.179661
covalent_only,296,0.27867,0.469027,0.469027,0.179054
covalent_only,297,0.279817,0.469027,0.469027,0.178451
covalent_only,298,0.280963,0.469027,0.469027,0.177852
covalent_only,299,0.28211,0.469027,0.469027,0.177258
covalent_only,300,0.283257,0.469027,0.469027,0.176667
covalent_only,301,0.284404,0.469027,0.469027,0.17608
covalent_only,302,0.28555,0.469027,0.469027,0.175497
covalent_only,303,0.286697,0.469027,0.469027,0.174917
covalent_only,304,0.287844,0.469027,0.469027,0.174342
covalent_only,305,0.288991,0.469027,0.469027,0.17377
covalent_only,306,0.290138,0.469027,0.469027,0.173203
covalent_only,307,0.291284,0.469027,0.469027,0.172638
covalent_only,308,0.292431,0.469027,0.469027,0.172078
covalent_only,309,0.293578,0.469027,0.469027,0.171521
covalent_only,310,0.294725,0.469027,0.469027,0.170968
covalent_only,311,0.295872,0.469027,0.469027,0.170418
covalent_only,312,0.297018,0.469027,0.469027,0.169872
covalent_only,313,0.298165,0.469027,0.469027,0.169329
covalent_only,314,0.299312,0.469027,0.469027,0.16879
covalent_only,315,0.300459,0.469027,0.469027,0.168254
covalent_only,316,0.301606,0.469027,0.469027,0.167722
covalent_only,317,0.302752,0.469027,0.469027,0.167192
covalent_only,318,0.303899,0.469027,0.469027,0.166667
covalent_only,319,0.305046,0.469027,0.469027,0.166144
covalent_only,320,0.306193,0.469027,0.469027,0.165625
covalent_only,321,0.307339,0.469027,0.469027,0.165109
covalent_only,322,0.308486,0.469027,0.469027,0.164596
covalent_only,323,0.309633,0.469027,0.469027,0.164087
covalent_only,324,0.31078,0.469027,0.469027,0.16358
covalent_only,325,0.31078,0.477876,0.477876,0.166154
covalent_only,326,0.311927,0.477876,0.477876,0.165644
covalent_only,327,0.313073,0.477876,0.477876,0.165138
covalent_only,328,0.31422,0.477876,0.477876,0.164634
covalent_only,329,0.315367,0.477876,0.477876,0.164134
covalent_only,330,0.316514,0.477876,0.477876,0.163636
covalent_only,331,0.317661,0.477876,0.477876,0.163142
covalent_only,332,0.317661,0.486726,0.486726,0.165663
covalent_only,333,0.318807,0.486726,0.486726,0.165165
covalent_only,334,0.319954,0.486726,0.486726,0.164671
covalent_only,335,0.321101,0.486726,0.486726,0.164179
covalent_only,336,0.322248,0.486726,0.486726,0.16369
covalent_only,337,0.323394,0.486726,0.486726,0.163205
covalent_only,338,0.324541,0.486726,0.486726,0.162722
covalent_only,339,0.324541,0.495575,0.495575,0.165192
covalent_only,340,0.325688,0.495575,0.495575,0.164706
covalent_only,341,0.326835,0.495575,0.495575,0.164223
covalent_only,342,0.327982,0.495575,0.495575,0.163743
covalent_only,343,0.329128,0.495575,0.495575,0.163265
covalent_only,344,0.329128,0.504425,0.504425,0.165698
covalent_only,345,0.329128,0.513274,0.513274,0.168116
covalent_only,346,0.330275,0.513274,0.513274,0.16763
covalent_only,347,0.331422,0.513274,0.513274,0.167147
covalent_only,348,0.332569,0.513274,0.513274,0.166667
covalent_only,349,0.333716,0.513274,0.513274,0.166189
covalent_only,350,0.334862,0.513274,0.513274,0.165714
covalent_only,351,0.336009,0.513274,0.513274,0.165242
covalent_only,352,0.337156,0.513274,0.513274,0.164773
covalent_only,353,0.338303,0.513274,0.513274,0.164306
covalent_only,354,0.33945,0.513274,0.513274,0.163842
covalent_only,355,0.340596,0.513274,0.513274,0.16338
covalent_only,356,0.340596,0.522124,0.522124,0.16573
covalent_only,357,0.341743,0.522124,0.522124,0.165266
covalent_only,358,0.34289,0.522124,0.522124,0.164804
covalent_only,359,0.344037,0.522124,0.522124,0.164345
covalent_only,360,0.344037,0.530973,0.530973,0.166667
covalent_only,361,0.345183,0.530973,0.530973,0.166205
covalent_only,362,0.34633,0.530973,0.530973,0.165746
covalent_only,363,0.347477,0.530973,0.530973,0.165289
covalent_only,364,0.347477,0.539823,0.539823,0.167582
covalent_only,365,0.348624,0.539823,0.539823,0.167123
covalent_only,366,0.349771,0.539823,0.539823,0.166667
covalent_only,367,0.350917,0.539823,0.539823,0.166213
covalent_only,368,0.350917,0.548673,0.548673,0.168478
covalent_only,369,0.352064,0.548673,0.548673,0.168022
covalent_only,370,0.352064,0.557522,0.557522,0.17027
covalent_only,371,0.353211,0.557522,0.557522,0.169811
covalent_only,372,0.353211,0.566372,0.566372,0.172043
covalent_only,373,0.354358,0.566372,0.566372,0.171582
covalent_only,374,0.355505,0.566372,0.566372,0.171123
covalent_only,375,0.356651,0.566372,0.566372,0.170667
covalent_only,376,0.357798,0.566372,0.566372,0.170213
covalent_only,377,0.358945,0.566372,0.566372,0.169761
covalent_only,378,0.360092,0.566372,0.566372,0.169312
covalent_only,379,0.361239,0.566372,0.566372,0.168865
covalent_only,380,0.362385,0.566372,0.566372,0.168421
covalent_only,381,0.363532,0.566372,0.566372,0.167979
covalent_only,382,0.364679,0.566372,0.566372,0.167539
covalent_only,383,0.364679,0.575221,0.575221,0.169713
covalent_only,384,0.364679,0.584071,0.584071,0.171875
covalent_only,385,0.365826,0.584071,0.584071,0.171429
covalent_only,386,0.366972,0.584071,0.584071,0.170984
covalent_only,387,0.368119,0.584071,0.584071,0.170543
covalent_only,388,0.369266,0.584071,0.584071,0.170103
covalent_only,389,0.370413,0.584071,0.584071,0.169666
covalent_only,390,0.37156,0.584071,0.584071,0.169231
covalent_only,391,0.37156,0.59292,0.59292,0.171355
covalent_only,392,0.372706,0.59292,0.59292,0.170918
covalent_only,393,0.373853,0.59292,0.59292,0.170483
covalent_only,394,0.375,0.59292,0.59292,0.170051
covalent_only,395,0.376147,0.59292,0.59292,0.16962
covalent_only,396,0.377294,0.59292,0.59292,0.169192
covalent_only,397,0.37844,0.59292,0.59292,0.168766
covalent_only,398,0.37844,0.60177,0.60177,0.170854
covalent_only,399,0.379587,0.60177,0.60177,0.170426
covalent_only,400,0.380734,0.60177,0.60177,0.17
covalent_only,401,0.381881,0.60177,0.60177,0.169576
covalent_only,402,0.381881,0.610619,0.610619,0.171642
covalent_only,403,0.383028,0.610619,0.610619,0.171216
covalent_only,404,0.383028,0.619469,0.619469,0.173267
covalent_only,405,0.384174,0.619469,0.619469,0.17284
covalent_only,406,0.384174,0.628319,0.628319,0.174877
covalent_only,407,0.385321,0.628319,0.628319,0.174447
covalent_only,408,0.386468,0.628319,0.628319,0.17402
covalent_only,409,0.387615,0.628319,0.628319,0.173594
covalent_only,410,0.388761,0.628319,0.628319,0.173171
covalent_only,411,0.388761,0.637168,0.637168,0.175182
covalent_only,412,0.389908,0.637168,0.637168,0.174757
covalent_only,413,0.391055,0.637168,0.637168,0.174334
covalent_only,414,0.392202,0.637168,0.637168,0.173913
covalent_only,415,0.392202,0.646018,0.646018,0.175904
covalent_only,416,0.393349,0.646018,0.646018,0.175481
covalent_only,417,0.394495,0.646018,0.646018,0.17506
covalent_only,418,0.395642,0.646018,0.646018,0.174641
covalent_only,419,0.396789,0.646018,0.646018,0.174224
covalent_only,420,0.397936,0.646018,0.646018,0.17381
covalent_only,421,0.399083,0.646018,0.646018,0.173397
covalent_only,422,0.400229,0.646018,0.646018,0.172986
covalent_only,423,0.401376,0.646018,0.646018,0.172577
covalent_only,424,0.402523,0.646018,0.646018,0.17217
covalent_only,425,0.40367,0.646018,0.646018,0.171765
covalent_only,426,0.404817,0.646018,0.646018,0.171362
covalent_only,427,0.405963,0.646018,0.646018,0.17096
covalent_only,428,0.40711,0.646018,0.646018,0.170561
covalent_only,429,0.408257,0.646018,0.646018,0.170163
covalent_only,430,0.409404,0.646018,0.646018,0.169767
covalent_only,431,0.41055,0.646018,0.646018,0.169374
covalent_only,432,0.411697,0.646018,0.646018,0.168981
covalent_only,433,0.412844,0.646018,0.646018,0.168591
covalent_only,434,0.413991,0.646018,0.646018,0.168203
covalent_only,435,0.415138,0.646018,0.646018,0.167816
covalent_only,436,0.416284,0.646018,0.646018,0.167431
covalent_only,437,0.417431,0.646018,0.646018,0.167048
covalent_only,438,0.418578,0.646018,0.646018,0.166667
covalent_only,439,0.418578,0.654867,0.654867,0.168565
covalent_only,440,0.419725,0.654867,0.654867,0.168182
covalent_only,441,0.420872,0.654867,0.654867,0.1678
covalent_only,442,0.422018,0.654867,0.654867,0.167421
covalent_only,443,0.423165,0.654867,0.654867,0.167043
covalent_only,444,0.424312,0.654867,0.654867,0.166667
covalent_only,445,0.425459,0.654867,0.654867,0.166292
covalent_only,446,0.426606,0.654867,0.654867,0.165919
covalent_only,447,0.427752,0.654867,0.654867,0.165548
covalent_only,448,0.428899,0.654867,0.654867,0.165179
covalent_only,449,0.430046,0.654867,0.654867,0.164811
covalent_only,450,0.431193,0.654867,0.654867,0.164444
covalent_only,451,0.432339,0.654867,0.654867,0.16408
covalent_only,452,0.433486,0.654867,0.654867,0.163717
covalent_only,453,0.433486,0.663717,0.663717,0.165563
covalent_only,454,0.434633,0.663717,0.663717,0.165198
covalent_only,455,0.43578,0.663717,0.663717,0.164835
covalent_only,456,0.436927,0.663717,0.663717,0.164474
covalent_only,457,0.436927,0.672566,0.672566,0.166302
covalent_only,458,0.438073,0.672566,0.672566,0.165939
covalent_only,459,0.43922,0.672566,0.672566,0.165577
covalent_only,460,0.440367,0.672566,0.672566,0.165217
covalent_only,461,0.441514,0.672566,0.672566,0.164859
covalent_only,462,0.441514,0.681416,0.681416,0.166667
covalent_only,463,0.442661,0.681416,0.681416,0.166307
covalent_only,464,0.443807,0.681416,0.681416,0.165948
covalent_only,465,0.444954,0.681416,0.681416,0.165591
covalent_only,466,0.446101,0.681416,0.681416,0.165236
covalent_only,467,0.447248,0.681416,0.681416,0.164882
covalent_only,468,0.448394,0.681416,0.681416,0.16453
covalent_only,469,0.449541,0.681416,0.681416,0.164179
covalent_only,470,0.450688,0.681416,0.681416,0.16383
covalent_only,471,0.451835,0.681416,0.681416,0.163482
covalent_only,472,0.452982,0.681416,0.681416,0.163136
covalent_only,473,0.454128,0.681416,0.681416,0.162791
covalent_only,474,0.455275,0.681416,0.681416,0.162447
covalent_only,475,0.456422,0.681416,0.681416,0.162105
covalent_only,476,0.457569,0.681416,0.681416,0.161765
covalent_only,477,0.458716,0.681416,0.681416,0.161426
covalent_only,478,0.459862,0.681416,0.681416,0.161088
covalent_only,479,0.461009,0.681416,0.681416,0.160752
covalent_only,480,0.462156,0.681416,0.681416,0.160417
covalent_only,481,0.463303,0.681416,0.681416,0.160083
covalent_only,482,0.46445,0.681416,0.681416,0.159751
covalent_only,483,0.465596,0.681416,0.681416,0.15942
covalent_only,484,0.465596,0.690265,0.690265,0.161157
covalent_only,485,0.466743,0.690265,0.690265,0.160825
covalent_only,486,0.46789,0.690265,0.690265,0.160494
covalent_only,487,0.469037,0.690265,0.690265,0.160164
covalent_only,488,0.470183,0.690265,0.690265,0.159836
covalent_only,489,0.47133,0.690265,0.690265,0.159509
covalent_only,490,0.472477,0.690265,0.690265,0.159184
covalent_only,491,0.473624,0.690265,0.690265,0.158859
covalent_only,492,0.474771,0.690265,0.690265,0.158537
covalent_only,493,0.475917,0.690265,0.690265,0.158215
covalent_only,494,0.477064,0.690265,0.690265,0.157895
covalent_only,495,0.478211,0.690265,0.690265,0.157576
covalent_only,496,0.479358,0.690265,0.690265,0.157258
covalent_only,497,0.480505,0.690265,0.690265,0.156942
covalent_only,498,0.481651,0.690265,0.690265,0.156627
covalent_only,499,0.482798,0.690265,0.690265,0.156313
covalent_only,500,0.483945,0.690265,0.690265,0.156
covalent_only,501,0.485092,0.690265,0.690265,0.155689
covalent_only,502,0.486239,0.690265,0.690265,0.155378
covalent_only,503,0.487385,0.690265,0.690265,0.15507
covalent_only,504,0.488532,0.690265,0.690265,0.154762
covalent_only,505,0.489679,0.690265,0.690265,0.154455
covalent_only,506,0.490826,0.690265,0.690265,0.15415
covalent_only,507,0.491972,0.690265,0.690265,0.153846
covalent_only,508,0.493119,0.690265,0.690265,0.153543
covalent_only,509,0.494266,0.690265,0.690265,0.153242
covalent_only,510,0.495413,0.690265,0.690265,0.152941
covalent_only,511,0.495413,0.699115,0.699115,0.154599
covalent_only,512,0.49656,0.699115,0.699115,0.154297
covalent_only,513,0.49656,0.707965,0.707965,0.155945
covalent_only,514,0.497706,0.707965,0.707965,0.155642
covalent_only,515,0.498853,0.707965,0.707965,0.15534
covalent_only,516,0.5,0.707965,0.707965,0.155039
covalent_only,517,0.501147,0.707965,0.707965,0.154739
covalent_only,518,0.502294,0.707965,0.707965,0.15444
covalent_only,519,0.50344,0.707965,0.707965,0.154143
covalent_only,520,0.504587,0.707965,0.707965,0.153846
covalent_only,521,0.505734,0.707965,0.707965,0.153551
covalent_only,522,0.506881,0.707965,0.707965,0.153257
covalent_only,523,0.508028,0.707965,0.707965,0.152964
covalent_only,524,0.509174,0.707965,0.707965,0.152672
covalent_only,525,0.510321,0.707965,0.707965,0.152381
covalent_only,526,0.511468,0.707965,0.707965,0.152091
covalent_only,527,0.512615,0.707965,0.707965,0.151803
covalent_only,528,0.513761,0.707965,0.707965,0.151515
covalent_only,529,0.514908,0.707965,0.707965,0.151229
covalent_only,530,0.516055,0.707965,0.707965,0.150943
covalent_only,531,0.517202,0.707965,0.707965,0.150659
covalent_only,532,0.518349,0.707965,0.707965,0.150376
covalent_only,533,0.519495,0.707965,0.707965,0.150094
covalent_only,534,0.520642,0.707965,0.707965,0.149813
covalent_only,535,0.521789,0.707965,0.707965,0.149533
covalent_only,536,0.522936,0.707965,0.707965,0.149254
covalent_only,537,0.524083,0.707965,0.707965,0.148976
covalent_only,538,0.525229,0.707965,0.707965,0.148699
covalent_only,539,0.526376,0.707965,0.707965,0.148423
covalent_only,540,0.527523,0.707965,0.707965,0.148148
covalent_only,541,0.52867,0.707965,0.707965,0.147874
covalent_only,542,0.529817,0.707965,0.707965,0.147601
covalent_only,543,0.530963,0.707965,0.707965,0.14733
covalent_only,544,0.53211,0.707965,0.707965,0.147059
covalent_only,545,0.533257,0.707965,0.707965,0.146789
covalent_only,546,0.534404,0.707965,0.707965,0.14652
covalent_only,547,0.53555,0.707965,0.707965,0.146252
covalent_only,548,0.536697,0.707965,0.707965,0.145985
covalent_only,549,0.536697,0.716814,0.716814,0.147541
covalent_only,550,0.536697,0.725664,0.725664,0.149091
covalent_only,551,0.537844,0.725664,0.725664,0.14882
covalent_only,552,0.538991,0.725664,0.725664,0.148551
covalent_only,553,0.540138,0.725664,0.725664,0.148282
covalent_only,554,0.541284,0.725664,0.725664,0.148014
covalent_only,555,0.542431,0.725664,0.725664,0.147748
covalent_only,556,0.543578,0.725664,0.725664,0.147482
covalent_only,557,0.544725,0.725664,0.725664,0.147217
covalent_only,558,0.544725,0.734513,0.734513,0.148746
covalent_only,559,0.545872,0.734513,0.734513,0.148479
covalent_only,560,0.547018,0.734513,0.734513,0.148214
covalent_only,561,0.548165,0.734513,0.734513,0.14795
covalent_only,562,0.549312,0.734513,0.734513,0.147687
covalent_only,563,0.550459,0.734513,0.734513,0.147425
covalent_only,564,0.551606,0.734513,0.734513,0.147163
covalent_only,565,0.552752,0.734513,0.734513,0.146903
covalent_only,566,0.553899,0.734513,0.734513,0.146643
covalent_only,567,0.555046,0.734513,0.734513,0.146384
covalent_only,568,0.556193,0.734513,0.734513,0.146127
covalent_only,569,0.557339,0.734513,0.734513,0.14587
covalent_only,570,0.558486,0.734513,0.734513,0.145614
covalent_only,571,0.559633,0.734513,0.734513,0.145359
covalent_only,572,0.559633,0.743363,0.743363,0.146853
covalent_only,573,0.56078,0.743363,0.743363,0.146597
covalent_only,574,0.561927,0.743363,0.743363,0.146341
covalent_only,575,0.563073,0.743363,0.743363,0.146087
covalent_only,576,0.56422,0.743363,0.743363,0.145833
covalent_only,577,0.56422,0.752212,0.752212,0.147314
covalent_only,578,0.565367,0.752212,0.752212,0.147059
covalent_only,579,0.566514,0.752212,0.752212,0.146805
covalent_only,580,0.567661,0.752212,0.752212,0.146552
covalent_only,581,0.568807,0.752212,0.752212,0.146299
covalent_only,582,0.569954,0.752212,0.752212,0.146048
covalent_only,583,0.571101,0.752212,0.752212,0.145798
covalent_only,584,0.572248,0.752212,0.752212,0.145548
covalent_only,585,0.573394,0.752212,0.752212,0.145299
covalent_only,586,0.574541,0.752212,0.752212,0.145051
covalent_only,587,0.575688,0.752212,0.752212,0.144804
covalent_only,588,0.576835,0.752212,0.752212,0.144558
covalent_only,589,0.576835,0.761062,0.761062,0.14601
covalent_only,590,0.577982,0.761062,0.761062,0.145763
covalent_only,591,0.579128,0.761062,0.761062,0.145516
covalent_only,592,0.580275,0.761062,0.761062,0.14527
covalent_only,593,0.581422,0.761062,0.761062,0.145025
covalent_only,594,0.582569,0.761062,0.761062,0.144781
covalent_only,595,0.583716,0.761062,0.761062,0.144538
covalent_only,596,0.584862,0.761062,0.761062,0.144295
covalent_only,597,0.586009,0.761062,0.761062,0.144054
covalent_only,598,0.587156,0.761062,0.761062,0.143813
covalent_only,599,0.588303,0.761062,0.761062,0.143573
covalent_only,600,0.58945,0.761062,0.761062,0.143333
covalent_only,601,0.590596,0.761062,0.761062,0.143095
covalent_only,602,0.591743,0.761062,0.761062,0.142857
covalent_only,603,0.59289,0.761062,0.761062,0.14262
covalent_only,604,0.594037,0.761062,0.761062,0.142384
covalent_only,605,0.595183,0.761062,0.761062,0.142149
covalent_only,606,0.59633,0.761062,0.761062,0.141914
covalent_only,607,0.59633,0.769912,0.769912,0.143328
covalent_only,608,0.597477,0.769912,0.769912,0.143092
covalent_only,609,0.598624,0.769912,0.769912,0.142857
covalent_only,610,0.599771,0.769912,0.769912,0.142623
covalent_only,611,0.600917,0.769912,0.769912,0.14239
covalent_only,612,0.602064,0.769912,0.769912,0.142157
covalent_only,613,0.603211,0.769912,0.769912,0.141925
covalent_only,614,0.604358,0.769912,0.769912,0.141694
covalent_only,615,0.605505,0.769912,0.769912,0.141463
covalent_only,616,0.606651,0.769912,0.769912,0.141234
covalent_only,617,0.607798,0.769912,0.769912,0.141005
covalent_only,618,0.608945,0.769912,0.769912,0.140777
covalent_only,619,0.610092,0.769912,0.769912,0.140549
covalent_only,620,0.611239,0.769912,0.769912,0.140323
covalent_only,621,0.612385,0.769912,0.769912,0.140097
covalent_only,622,0.613532,0.769912,0.769912,0.139871
covalent_only,623,0.614679,0.769912,0.769912,0.139647
covalent_only,624,0.615826,0.769912,0.769912,0.139423
covalent_only,625,0.616972,0.769912,0.769912,0.1392
covalent_only,626,0.618119,0.769912,0.769912,0.138978
covalent_only,627,0.619266,0.769912,0.769912,0.138756
covalent_only,628,0.620413,0.769912,0.769912,0.138535
covalent_only,629,0.62156,0.769912,0.769912,0.138315
covalent_only,630,0.622706,0.769912,0.769912,0.138095
covalent_only,631,0.623853,0.769912,0.769912,0.137876
covalent_only,632,0.623853,0.778761,0.778761,0.139241
covalent_only,633,0.625,0.778761,0.778761,0.139021
covalent_only,634,0.626147,0.778761,0.778761,0.138801
covalent_only,635,0.627294,0.778761,0.778761,0.138583
covalent_only,636,0.62844,0.778761,0.778761,0.138365
covalent_only,637,0.629587,0.778761,0.778761,0.138148
covalent_only,638,0.630734,0.778761,0.778761,0.137931
covalent_only,639,0.631881,0.778761,0.778761,0.137715
covalent_only,640,0.633028,0.778761,0.778761,0.1375
covalent_only,641,0.633028,0.787611,0.787611,0.138846
covalent_only,642,0.634174,0.787611,0.787611,0.138629
covalent_only,643,0.635321,0.787611,0.787611,0.138414
covalent_only,644,0.636468,0.787611,0.787611,0.138199
covalent_only,645,0.637615,0.787611,0.787611,0.137984
covalent_only,646,0.638761,0.787611,0.787611,0.137771
covalent_only,647,0.639908,0.787611,0.787611,0.137558
covalent_only,648,0.639908,0.79646,0.79646,0.138889
covalent_only,649,0.641055,0.79646,0.79646,0.138675
covalent_only,650,0.642202,0.79646,0.79646,0.138462
covalent_only,651,0.643349,0.79646,0.79646,0.138249
covalent_only,652,0.644495,0.79646,0.79646,0.138037
covalent_only,653,0.645642,0.79646,0.79646,0.137825
covalent_only,654,0.646789,0.79646,0.79646,0.137615
covalent_only,655,0.647936,0.79646,0.79646,0.137405
covalent_only,656,0.649083,0.79646,0.79646,0.137195
covalent_only,657,0.650229,0.79646,0.79646,0.136986
covalent_only,658,0.651376,0.79646,0.79646,0.136778
covalent_only,659,0.652523,0.79646,0.79646,0.136571
covalent_only,660,0.65367,0.79646,0.79646,0.136364
covalent_only,661,0.654817,0.79646,0.79646,0.136157
covalent_only,662,0.655963,0.79646,0.79646,0.135952
covalent_only,663,0.65711,0.79646,0.79646,0.135747
covalent_only,664,0.658257,0.79646,0.79646,0.135542
covalent_only,665,0.659404,0.79646,0.79646,0.135338
covalent_only,666,0.66055,0.79646,0.79646,0.135135
covalent_only,667,0.661697,0.79646,0.79646,0.134933
covalent_only,668,0.661697,0.80531,0.80531,0.136228
covalent_only,669,0.662844,0.80531,0.80531,0.136024
covalent_only,670,0.663991,0.80531,0.80531,0.135821
covalent_only,671,0.665138,0.80531,0.80531,0.135618
covalent_only,672,0.666284,0.80531,0.80531,0.135417
covalent_only,673,0.667431,0.80531,0.80531,0.135215
covalent_only,674,0.668578,0.80531,0.80531,0.135015
covalent_only,675,0.669725,0.80531,0.80531,0.134815
covalent_only,676,0.670872,0.80531,0.80531,0.134615
covalent_only,677,0.672018,0.80531,0.80531,0.134417
covalent_only,678,0.673165,0.80531,0.80531,0.134218
covalent_only,679,0.674312,0.80531,0.80531,0.134021
covalent_only,680,0.675459,0.80531,0.80531,0.133824
covalent_only,681,0.676606,0.80531,0.80531,0.133627
covalent_only,682,0.677752,0.80531,0.80531,0.133431
covalent_only,683,0.677752,0.814159,0.814159,0.1347
covalent_only,684,0.678899,0.814159,0.814159,0.134503
covalent_only,685,0.680046,0.814159,0.814159,0.134307
covalent_only,686,0.681193,0.814159,0.814159,0.134111
covalent_only,687,0.682339,0.814159,0.814159,0.133916
covalent_only,688,0.682339,0.823009,0.823009,0.135174
covalent_only,689,0.683486,0.823009,0.823009,0.134978
covalent_only,690,0.683486,0.831858,0.831858,0.136232
covalent_only,691,0.684633,0.831858,0.831858,0.136035
covalent_only,692,0.68578,0.831858,0.831858,0.135838
covalent_only,693,0.686927,0.831858,0.831858,0.135642
covalent_only,694,0.688073,0.831858,0.831858,0.135447
covalent_only,695,0.68922,0.831858,0.831858,0.135252
covalent_only,696,0.690367,0.831858,0.831858,0.135057
covalent_only,697,0.691514,0.831858,0.831858,0.134864
covalent_only,698,0.692661,0.831858,0.831858,0.13467
covalent_only,699,0.693807,0.831858,0.831858,0.134478
covalent_only,700,0.694954,0.831858,0.831858,0.134286
covalent_only,701,0.696101,0.831858,0.831858,0.134094
covalent_only,702,0.697248,0.831858,0.831858,0.133903
covalent_only,703,0.698394,0.831858,0.831858,0.133713
covalent_only,704,0.699541,0.831858,0.831858,0.133523
covalent_only,705,0.700688,0.831858,0.831858,0.133333
covalent_only,706,0.701835,0.831858,0.831858,0.133144
covalent_only,707,0.702982,0.831858,0.831858,0.132956
covalent_only,708,0.704128,0.831858,0.831858,0.132768
covalent_only,709,0.705275,0.831858,0.831858,0.132581
covalent_only,710,0.706422,0.831858,0.831858,0.132394
covalent_only,711,0.707569,0.831858,0.831858,0.132208
covalent_only,712,0.708716,0.831858,0.831858,0.132022
covalent_only,713,0.709862,0.831858,0.831858,0.131837
covalent_only,714,0.711009,0.831858,0.831858,0.131653
covalent_only,715,0.712156,0.831858,0.831858,0.131469
covalent_only,716,0.713303,0.831858,0.831858,0.131285
covalent_only,717,0.71445,0.831858,0.831858,0.131102
covalent_only,718,0.715596,0.831858,0.831858,0.130919
covalent_only,719,0.716743,0.831858,0.831858,0.130737
covalent_only,720,0.71789,0.831858,0.831858,0.130556
covalent_only,721,0.719037,0.831858,0.831858,0.130374
covalent_only,722,0.720183,0.831858,0.831858,0.130194
covalent_only,723,0.72133,0.831858,0.831858,0.130014
covalent_only,724,0.722477,0.831858,0.831858,0.129834
covalent_only,725,0.723624,0.831858,0.831858,0.129655
covalent_only,726,0.724771,0.831858,0.831858,0.129477
covalent_only,727,0.725917,0.831858,0.831858,0.129298
covalent_only,728,0.727064,0.831858,0.831858,0.129121
covalent_only,729,0.728211,0.831858,0.831858,0.128944
covalent_only,730,0.729358,0.831858,0.831858,0.128767
covalent_only,731,0.730505,0.831858,0.831858,0.128591
covalent_only,732,0.731651,0.831858,0.831858,0.128415
covalent_only,733,0.732798,0.831858,0.831858,0.12824
covalent_only,734,0.733945,0.831858,0.831858,0.128065
covalent_only,735,0.735092,0.831858,0.831858,0.127891
covalent_only,736,0.736239,0.831858,0.831858,0.127717
covalent_only,737,0.737385,0.831858,0.831858,0.127544
covalent_only,738,0.738532,0.831858,0.831858,0.127371
covalent_only,739,0.739679,0.831858,0.831858,0.127199
covalent_only,740,0.740826,0.831858,0.831858,0.127027
covalent_only,741,0.741972,0.831858,0.831858,0.126856
covalent_only,742,0.743119,0.831858,0.831858,0.126685
covalent_only,743,0.744266,0.831858,0.831858,0.126514
covalent_only,744,0.745413,0.831858,0.831858,0.126344
covalent_only,745,0.74656,0.831858,0.831858,0.126174
covalent_only,746,0.747706,0.831858,0.831858,0.126005
covalent_only,747,0.748853,0.831858,0.831858,0.125837
covalent_only,748,0.75,0.831858,0.831858,0.125668
covalent_only,749,0.751147,0.831858,0.831858,0.125501
covalent_only,750,0.752294,0.831858,0.831858,0.125333
covalent_only,751,0.75344,0.831858,0.831858,0.125166
covalent_only,752,0.754587,0.831858,0.831858,0.125
covalent_only,753,0.755734,0.831858,0.831858,0.124834
covalent_only,754,0.756881,0.831858,0.831858,0.124668
covalent_only,755,0.758028,0.831858,0.831858,0.124503
covalent_only,756,0.758028,0.840708,0.840708,0.125661
covalent_only,757,0.758028,0.849558,0.849558,0.126816
covalent_only,758,0.759174,0.849558,0.849558,0.126649
covalent_only,759,0.760321,0.849558,0.849558,0.126482
covalent_only,760,0.761468,0.849558,0.849558,0.126316
covalent_only,761,0.762615,0.849558,0.849558,0.12615
covalent_only,762,0.763761,0.849558,0.849558,0.125984
covalent_only,763,0.764908,0.849558,0.849558,0.125819
covalent_only,764,0.766055,0.849558,0.849558,0.125654
covalent_only,765,0.767202,0.849558,0.849558,0.12549
covalent_only,766,0.768349,0.849558,0.849558,0.125326
covalent_only,767,0.769495,0.849558,0.849558,0.125163
covalent_only,768,0.769495,0.858407,0.858407,0.126302
covalent_only,769,0.770642,0.858407,0.858407,0.126138
covalent_only,770,0.771789,0.858407,0.858407,0.125974
covalent_only,771,0.772936,0.858407,0.858407,0.125811
covalent_only,772,0.774083,0.858407,0.858407,0.125648
covalent_only,773,0.775229,0.858407,0.858407,0.125485
covalent_only,774,0.776376,0.858407,0.858407,0.125323
covalent_only,775,0.777523,0.858407,0.858407,0.125161
covalent_only,776,0.77867,0.858407,0.858407,0.125
covalent_only,777,0.77867,0.867257,0.867257,0.126126
covalent_only,778,0.779817,0.867257,0.867257,0.125964
covalent_only,779,0.780963,0.867257,0.867257,0.125802
covalent_only,780,0.78211,0.867257,0.867257,0.125641
covalent_only,781,0.783257,0.867257,0.867257,0.12548
covalent_only,782,0.784404,0.867257,0.867257,0.12532
covalent_only,783,0.78555,0.867257,0.867257,0.12516
covalent_only,784,0.786697,0.867257,0.867257,0.125
covalent_only,785,0.787844,0.867257,0.867257,0.124841
covalent_only,786,0.788991,0.867257,0.867257,0.124682
covalent_only,787,0.790138,0.867257,0.867257,0.124524
covalent_only,788,0.791284,0.867257,0.867257,0.124365
covalent_only,789,0.792431,0.867257,0.867257,0.124208
covalent_only,790,0.792431,0.876106,0.876106,0.125316
covalent_only,791,0.793578,0.876106,0.876106,0.125158
covalent_only,792,0.794725,0.876106,0.876106,0.125
covalent_only,793,0.795872,0.876106,0.876106,0.124842
covalent_only,794,0.797018,0.876106,0.876106,0.124685
covalent_only,795,0.798165,0.876106,0.876106,0.124528
covalent_only,796,0.799312,0.876106,0.876106,0.124372
covalent_only,797,0.800459,0.876106,0.876106,0.124216
covalent_only,798,0.801606,0.876106,0.876106,0.12406
covalent_only,799,0.802752,0.876106,0.876106,0.123905
covalent_only,800,0.803899,0.876106,0.876106,0.12375
covalent_only,801,0.803899,0.884956,0.884956,0.124844
covalent_only,802,0.805046,0.884956,0.884956,0.124688
covalent_only,803,0.806193,0.884956,0.884956,0.124533
covalent_only,804,0.807339,0.884956,0.884956,0.124378
covalent_only,805,0.808486,0.884956,0.884956,0.124224
covalent_only,806,0.809633,0.884956,0.884956,0.124069
covalent_only,807,0.81078,0.884956,0.884956,0.123916
covalent_only,808,0.811927,0.884956,0.884956,0.123762
covalent_only,809,0.813073,0.884956,0.884956,0.123609
covalent_only,810,0.81422,0.884956,0.884956,0.123457
covalent_only,811,0.815367,0.884956,0.884956,0.123305
covalent_only,812,0.816514,0.884956,0.884956,0.123153
covalent_only,813,0.817661,0.884956,0.884956,0.123001
covalent_only,814,0.818807,0.884956,0.884956,0.12285
covalent_only,815,0.819954,0.884956,0.884956,0.122699
covalent_only,816,0.821101,0.884956,0.884956,0.122549
covalent_only,817,0.822248,0.884956,0.884956,0.122399
covalent_only,818,0.822248,0.893805,0.893805,0.123472
covalent_only,819,0.823394,0.893805,0.893805,0.123321
covalent_only,820,0.824541,0.893805,0.893805,0.123171
covalent_only,821,0.825688,0.893805,0.893805,0.123021
covalent_only,822,0.826835,0.893805,0.893805,0.122871
covalent_only,823,0.827982,0.893805,0.893805,0.122722
covalent_only,824,0.829128,0.893805,0.893805,0.122573
covalent_only,825,0.830275,0.893805,0.893805,0.122424
covalent_only,826,0.831422,0.893805,0.893805,0.122276
covalent_only,827,0.832569,0.893805,0.893805,0.122128
covalent_only,828,0.832569,0.902655,0.902655,0.123188
covalent_only,829,0.833716,0.902655,0.902655,0.12304
covalent_only,830,0.834862,0.902655,0.902655,0.122892
covalent_only,831,0.836009,0.902655,0.902655,0.122744
covalent_only,832,0.837156,0.902655,0.902655,0.122596
covalent_only,833,0.838303,0.902655,0.902655,0.122449
covalent_only,834,0.838303,0.911504,0.911504,0.123501
covalent_only,835,0.83945,0.911504,0.911504,0.123353
covalent_only,836,0.840596,0.911504,0.911504,0.123206
covalent_only,837,0.841743,0.911504,0.911504,0.123059
covalent_only,838,0.84289,0.911504,0.911504,0.122912
covalent_only,839,0.844037,0.911504,0.911504,0.122765
covalent_only,840,0.845183,0.911504,0.911504,0.122619
covalent_only,841,0.84633,0.911504,0.911504,0.122473
covalent_only,842,0.847477,0.911504,0.911504,0.122328
covalent_only,843,0.848624,0.911504,0.911504,0.122183
covalent_only,844,0.849771,0.911504,0.911504,0.122038
covalent_only,845,0.850917,0.911504,0.911504,0.121893
covalent_only,846,0.852064,0.911504,0.911504,0.121749
covalent_only,847,0.853211,0.911504,0.911504,0.121606
covalent_only,848,0.854358,0.911504,0.911504,0.121462
covalent_only,849,0.855505,0.911504,0.911504,0.121319
covalent_only,850,0.855505,0.920354,0.920354,0.122353
covalent_only,851,0.856651,0.920354,0.920354,0.122209
covalent_only,852,0.857798,0.920354,0.920354,0.122066
covalent_only,853,0.858945,0.920354,0.920354,0.121923
covalent_only,854,0.860092,0.920354,0.920354,0.12178
covalent_only,855,0.861239,0.920354,0.920354,0.121637
covalent_only,856,0.862385,0.920354,0.920354,0.121495
covalent_only,857,0.863532,0.920354,0.920354,0.121354
covalent_only,858,0.864679,0.920354,0.920354,0.121212
covalent_only,859,0.865826,0.920354,0.920354,0.121071
covalent_only,860,0.866972,0.920354,0.920354,0.12093
covalent_only,861,0.868119,0.920354,0.920354,0.12079
covalent_only,862,0.869266,0.920354,0.920354,0.12065
covalent_only,863,0.870413,0.920354,0.920354,0.12051
covalent_only,864,0.87156,0.920354,0.920354,0.12037
covalent_only,865,0.872706,0.920354,0.920354,0.120231
covalent_only,866,0.873853,0.920354,0.920354,0.120092
covalent_only,867,0.875,0.920354,0.920354,0.119954
covalent_only,868,0.876147,0.920354,0.920354,0.119816
covalent_only,869,0.877294,0.920354,0.920354,0.119678
covalent_only,870,0.87844,0.920354,0.920354,0.11954
covalent_only,871,0.879587,0.920354,0.920354,0.119403
covalent_only,872,0.880734,0.920354,0.920354,0.119266
covalent_only,873,0.881881,0.920354,0.920354,0.119129
covalent_only,874,0.883028,0.920354,0.920354,0.118993
covalent_only,875,0.884174,0.920354,0.920354,0.118857
covalent_only,876,0.885321,0.920354,0.920354,0.118721
covalent_only,877,0.886468,0.920354,0.920354,0.118586
covalent_only,878,0.887615,0.920354,0.920354,0.118451
covalent_only,879,0.888761,0.920354,0.920354,0.118316
covalent_only,880,0.889908,0.920354,0.920354,0.118182
covalent_only,881,0.891055,0.920354,0.920354,0.118048
covalent_only,882,0.892202,0.920354,0.920354,0.117914
covalent_only,883,0.892202,0.929204,0.929204,0.118913
covalent_only,884,0.893349,0.929204,0.929204,0.118778
covalent_only,885,0.894495,0.929204,0.929204,0.118644
covalent_only,886,0.894495,0.938053,0.938053,0.119639
covalent_only,887,0.895642,0.938053,0.938053,0.119504
covalent_only,888,0.896789,0.938053,0.938053,0.119369
covalent_only,889,0.897936,0.938053,0.938053,0.119235
covalent_only,890,0.899083,0.938053,0.938053,0.119101
covalent_only,891,0.900229,0.938053,0.938053,0.118967
covalent_only,892,0.901376,0.938053,0.938053,0.118834
covalent_only,893,0.901376,0.946903,0.946903,0.119821
covalent_only,894,0.902523,0.946903,0.946903,0.119687
covalent_only,895,0.90367,0.946903,0.946903,0.119553
covalent_only,896,0.904817,0.946903,0.946903,0.11942
covalent_only,897,0.905963,0.946903,0.946903,0.119287
covalent_only,898,0.90711,0.946903,0.946903,0.119154
covalent_only,899,0.908257,0.946903,0.946903,0.119021
covalent_only,900,0.909404,0.946903,0.946903,0.118889
covalent_only,901,0.91055,0.946903,0.946903,0.118757
covalent_only,902,0.91055,0.955752,0.955752,0.119734
covalent_only,903,0.911697,0.955752,0.955752,0.119601
covalent_only,904,0.912844,0.955752,0.955752,0.119469
covalent_only,905,0.913991,0.955752,0.955752,0.119337
covalent_only,906,0.915138,0.955752,0.955752,0.119205
covalent_only,907,0.916284,0.955752,0.955752,0.119074
covalent_only,908,0.916284,0.964602,0.964602,0.120044
covalent_only,909,0.917431,0.964602,0.964602,0.119912
covalent_only,910,0.918578,0.964602,0.964602,0.11978
covalent_only,911,0.919725,0.964602,0.964602,0.119649
covalent_only,912,0.920872,0.964602,0.964602,0.119518
covalent_only,913,0.922018,0.964602,0.964602,0.119387
covalent_only,914,0.923165,0.964602,0.964602,0.119256
covalent_only,915,0.924312,0.964602,0.964602,0.119126
covalent_only,916,0.925459,0.964602,0.964602,0.118996
covalent_only,917,0.926606,0.964602,0.964602,0.118866
covalent_only,918,0.927752,0.964602,0.964602,0.118736
covalent_only,919,0.927752,0.973451,0.973451,0.119695
covalent_only,920,0.928899,0.973451,0.973451,0.119565
covalent_only,921,0.930046,0.973451,0.973451,0.119435
covalent_only,922,0.931193,0.973451,0.973451,0.119306
covalent_only,923,0.932339,0.973451,0.973451,0.119177
covalent_only,924,0.933486,0.973451,0.973451,0.119048
covalent_only,925,0.934633,0.973451,0.973451,0.118919
covalent_only,926,0.93578,0.973451,0.973451,0.11879
covalent_only,927,0.936927,0.973451,0.973451,0.118662
covalent_only,928,0.938073,0.973451,0.973451,0.118534
covalent_only,929,0.93922,0.973451,0.973451,0.118407
covalent_only,930,0.940367,0.973451,0.973451,0.11828
covalent_only,931,0.941514,0.973451,0.973451,0.118153
covalent_only,932,0.942661,0.973451,0.973451,0.118026
covalent_only,933,0.943807,0.973451,0.973451,0.117899
covalent_only,934,0.944954,0.973451,0.973451,0.117773
covalent_only,935,0.946101,0.973451,0.973451,0.117647
covalent_only,936,0.947248,0.973451,0.973451,0.117521
covalent_only,937,0.948394,0.973451,0.973451,0.117396
covalent_only,938,0.949541,0.973451,0.973451,0.117271
covalent_only,939,0.949541,0.982301,0.982301,0.118211
covalent_only,940,0.950688,0.982301,0.982301,0.118085
covalent_only,941,0.951835,0.982301,0.982301,0.11796
covalent_only,942,0.952982,0.982301,0.982301,0.117834
covalent_only,943,0.954128,0.982301,0.982301,0.117709
covalent_only,944,0.955275,0.982301,0.982301,0.117585
covalent_only,945,0.956422,0.982301,0.982301,0.11746
covalent_only,946,0.957569,0.982301,0.982301,0.117336
covalent_only,947,0.958716,0.982301,0.982301,0.117212
covalent_only,948,0.958716,0.99115,0.99115,0.118143
covalent_only,949,0.959862,0.99115,0.99115,0.118019
covalent_only,950,0.961009,0.99115,0.99115,0.117895
covalent_only,951,0.962156,0.99115,0.99115,0.117771
covalent_only,952,0.963303,0.99115,0.99115,0.117647
covalent_only,953,0.96445,0.99115,0.99115,0.117524
covalent_only,954,0.965596,0.99115,0.99115,0.1174
covalent_only,955,0.966743,0.99115,0.99115,0.117277
covalent_only,956,0.96789,0.99115,0.99115,0.117155
covalent_only,957,0.969037,0.99115,0.99115,0.117032
covalent_only,958,0.970183,0.99115,0.99115,0.11691
covalent_only,959,0.97133,0.99115,0.99115,0.116788
covalent_only,960,0.972477,0.99115,0.99115,0.116667
covalent_only,961,0.973624,0.99115,0.99115,0.116545
covalent_only,962,0.974771,0.99115,0.99115,0.116424
covalent_only,963,0.975917,0.99115,0.99115,0.116303
covalent_only,964,0.977064,0.99115,0.99115,0.116183
covalent_only,965,0.978211,0.99115,0.99115,0.116062
covalent_only,966,0.979358,0.99115,0.99115,0.115942
covalent_only,967,0.980505,0.99115,0.99115,0.115822
covalent_only,968,0.981651,0.99115,0.99115,0.115702
covalent_only,969,0.982798,0.99115,0.99115,0.115583
covalent_only,970,0.983945,0.99115,0.99115,0.115464
covalent_only,971,0.985092,0.99115,0.99115,0.115345
covalent_only,972,0.986239,0.99115,0.99115,0.115226
covalent_only,973,0.987385,0.99115,0.99115,0.115108
covalent_only,974,0.988532,0.99115,0.99115,0.11499
covalent_only,975,0.989679,0.99115,0.99115,0.114872
covalent_only,976,0.990826,0.99115,0.99115,0.114754
covalent_only,977,0.991972,0.99115,0.99115,0.114637
covalent_only,978,0.993119,0.99115,0.99115,0.114519
covalent_only,979,0.994266,0.99115,0.99115,0.114402
covalent_only,980,0.995413,0.99115,0.99115,0.114286
covalent_only,981,0.99656,0.99115,0.99115,0.114169
covalent_only,982,0.99656,1.0,1.0,0.115071
covalent_only,983,0.997706,1.0,1.0,0.114954
covalent_only,984,0.998853,1.0,1.0,0.114837
covalent_only,985,1.0,1.0,1.0,0.114721
covalent_only,985,1.0,1.0,1.0,0.114721
all_actives_unscored_ranked_last,0,0.0,0.0,0.003788,1.0
all_actives_unscored_ranked_last,1,0.0,0.003788,0.003788,1.0
all_actives_unscored_ranked_last,2,0.0,0.007576,0.007576,1.0
all_actives_unscored_ranked_last,3,0.001,0.007576,0.007576,0.666667
all_actives_unscored_ranked_last,4,0.002,0.007576,0.007576,0.5
all_actives_unscored_ranked_last,5,0.003,0.007576,0.007576,0.4
all_actives_unscored_ranked_last,6,0.003,0.011364,0.011364,0.5
all_actives_unscored_ranked_last,7,0.004,0.011364,0.011364,0.428571
all_actives_unscored_ranked_last,8,0.004,0.015152,0.015152,0.5
all_actives_unscored_ranked_last,9,0.005,0.015152,0.015152,0.444444
all_actives_unscored_ranked_last,10,0.005,0.018939,0.018939,0.5
all_actives_unscored_ranked_last,11,0.005,0.022727,0.022727,0.545455
all_actives_unscored_ranked_last,12,0.005,0.026515,0.026515,0.583333
all_actives_unscored_ranked_last,13,0.006,0.026515,0.026515,0.538462
all_actives_unscored_ranked_last,14,0.006,0.030303,0.030303,0.571429
all_actives_unscored_ranked_last,15,0.007,0.030303,0.030303,0.533333
all_actives_unscored_ranked_last,16,0.008,0.030303,0.030303,0.5
all_actives_unscored_ranked_last,17,0.008,0.034091,0.034091,0.529412
all_actives_unscored_ranked_last,18,0.009,0.034091,0.034091,0.5
all_actives_unscored_ranked_last,19,0.01,0.034091,0.034091,0.473684
all_actives_unscored_ranked_last,20,0.011,0.034091,0.034091,0.45
all_actives_unscored_ranked_last,21,0.011,0.037879,0.037879,0.47619
all_actives_unscored_ranked_last,22,0.012,0.037879,0.037879,0.454545
all_actives_unscored_ranked_last,23,0.012,0.041667,0.041667,0.478261
all_actives_unscored_ranked_last,24,0.013,0.041667,0.041667,0.458333
all_actives_unscored_ranked_last,25,0.014,0.041667,0.041667,0.44
all_actives_unscored_ranked_last,26,0.015,0.041667,0.041667,0.423077
all_actives_unscored_ranked_last,27,0.015,0.045455,0.045455,0.444444
all_actives_unscored_ranked_last,28,0.016,0.045455,0.045455,0.428571
all_actives_unscored_ranked_last,29,0.016,0.049242,0.049242,0.448276
all_actives_unscored_ranked_last,30,0.016,0.05303,0.05303,0.466667
all_actives_unscored_ranked_last,31,0.016,0.056818,0.056818,0.483871
all_actives_unscored_ranked_last,32,0.016,0.060606,0.060606,0.5
all_actives_unscored_ranked_last,33,0.017,0.060606,0.060606,0.484848
all_actives_unscored_ranked_last,34,0.017,0.064394,0.064394,0.5
all_actives_unscored_ranked_last,35,0.017,0.068182,0.068182,0.514286
all_actives_unscored_ranked_last,36,0.018,0.068182,0.068182,0.5
all_actives_unscored_ranked_last,37,0.019,0.068182,0.068182,0.486486
all_actives_unscored_ranked_last,38,0.02,0.068182,0.068182,0.473684
all_actives_unscored_ranked_last,39,0.021,0.068182,0.068182,0.461538
all_actives_unscored_ranked_last,40,0.022,0.068182,0.068182,0.45
all_actives_unscored_ranked_last,41,0.023,0.068182,0.068182,0.439024
all_actives_unscored_ranked_last,42,0.023,0.07197,0.07197,0.452381
all_actives_unscored_ranked_last,43,0.024,0.07197,0.07197,0.44186
all_actives_unscored_ranked_last,44,0.025,0.07197,0.07197,0.431818
all_actives_unscored_ranked_last,45,0.026,0.07197,0.07197,0.422222
all_actives_unscored_ranked_last,46,0.026,0.075758,0.075758,0.434783
all_actives_unscored_ranked_last,47,0.027,0.075758,0.075758,0.425532
all_actives_unscored_ranked_last,48,0.027,0.079545,0.079545,0.4375
all_actives_unscored_ranked_last,49,0.027,0.083333,0.083333,0.44898
all_actives_unscored_ranked_last,50,0.028,0.083333,0.083333,0.44
all_actives_unscored_ranked_last,51,0.029,0.083333,0.083333,0.431373
all_actives_unscored_ranked_last,52,0.03,0.083333,0.083333,0.423077
all_actives_unscored_ranked_last,53,0.031,0.083333,0.083333,0.415094
all_actives_unscored_ranked_last,54,0.031,0.087121,0.087121,0.425926
all_actives_unscored_ranked_last,55,0.032,0.087121,0.087121,0.418182
all_actives_unscored_ranked_last,56,0.033,0.087121,0.087121,0.410714
all_actives_unscored_ranked_last,57,0.033,0.090909,0.090909,0.421053
all_actives_unscored_ranked_last,58,0.034,0.090909,0.090909,0.413793
all_actives_unscored_ranked_last,59,0.035,0.090909,0.090909,0.40678
all_actives_unscored_ranked_last,60,0.035,0.094697,0.094697,0.416667
all_actives_unscored_ranked_last,61,0.036,0.094697,0.094697,0.409836
all_actives_unscored_ranked_last,62,0.036,0.098485,0.098485,0.419355
all_actives_unscored_ranked_last,63,0.037,0.098485,0.098485,0.412698
all_actives_unscored_ranked_last,64,0.037,0.102273,0.102273,0.421875
all_actives_unscored_ranked_last,65,0.037,0.106061,0.106061,0.430769
all_actives_unscored_ranked_last,66,0.038,0.106061,0.106061,0.424242
all_actives_unscored_ranked_last,67,0.039,0.106061,0.106061,0.41791
all_actives_unscored_ranked_last,68,0.039,0.109848,0.109848,0.426471
all_actives_unscored_ranked_last,69,0.04,0.109848,0.109848,0.42029
all_actives_unscored_ranked_last,70,0.041,0.109848,0.109848,0.414286
all_actives_unscored_ranked_last,71,0.041,0.113636,0.113636,0.422535
all_actives_unscored_ranked_last,72,0.042,0.113636,0.113636,0.416667
all_actives_unscored_ranked_last,73,0.042,0.117424,0.117424,0.424658
all_actives_unscored_ranked_last,74,0.043,0.117424,0.117424,0.418919
all_actives_unscored_ranked_last,75,0.044,0.117424,0.117424,0.413333
all_actives_unscored_ranked_last,76,0.044,0.121212,0.121212,0.421053
all_actives_unscored_ranked_last,77,0.045,0.121212,0.121212,0.415584
all_actives_unscored_ranked_last,78,0.045,0.125,0.125,0.423077
all_actives_unscored_ranked_last,79,0.046,0.125,0.125,0.417722
all_actives_unscored_ranked_last,80,0.047,0.125,0.125,0.4125
all_actives_unscored_ranked_last,81,0.048,0.125,0.125,0.407407
all_actives_unscored_ranked_last,82,0.048,0.128788,0.128788,0.414634
all_actives_unscored_ranked_last,83,0.048,0.132576,0.132576,0.421687
all_actives_unscored_ranked_last,84,0.048,0.136364,0.136364,0.428571
all_actives_unscored_ranked_last,85,0.049,0.136364,0.136364,0.423529
all_actives_unscored_ranked_last,86,0.049,0.140152,0.140152,0.430233
all_actives_unscored_ranked_last,87,0.05,0.140152,0.140152,0.425287
all_actives_unscored_ranked_last,88,0.05,0.143939,0.143939,0.431818
all_actives_unscored_ranked_last,89,0.051,0.143939,0.143939,0.426966
all_actives_unscored_ranked_last,90,0.051,0.147727,0.147727,0.433333
all_actives_unscored_ranked_last,91,0.051,0.151515,0.151515,0.43956
all_actives_unscored_ranked_last,92,0.052,0.151515,0.151515,0.434783
all_actives_unscored_ranked_last,93,0.053,0.151515,0.151515,0.430108
all_actives_unscored_ranked_last,94,0.053,0.155303,0.155303,0.43617
all_actives_unscored_ranked_last,95,0.054,0.155303,0.155303,0.431579
all_actives_unscored_ranked_last,96,0.055,0.155303,0.155303,0.427083
all_actives_unscored_ranked_last,97,0.056,0.155303,0.155303,0.42268
all_actives_unscored_ranked_last,98,0.057,0.155303,0.155303,0.418367
all_actives_unscored_ranked_last,99,0.057,0.159091,0.159091,0.424242
all_actives_unscored_ranked_last,100,0.058,0.159091,0.159091,0.42
all_actives_unscored_ranked_last,101,0.059,0.159091,0.159091,0.415842
all_actives_unscored_ranked_last,102,0.06,0.159091,0.159091,0.411765
all_actives_unscored_ranked_last,103,0.06,0.162879,0.162879,0.417476
all_actives_unscored_ranked_last,104,0.061,0.162879,0.162879,0.413462
all_actives_unscored_ranked_last,105,0.062,0.162879,0.162879,0.409524
all_actives_unscored_ranked_last,106,0.063,0.162879,0.162879,0.40566
all_actives_unscored_ranked_last,107,0.063,0.166667,0.166667,0.411215
all_actives_unscored_ranked_last,108,0.063,0.170455,0.170455,0.416667
all_actives_unscored_ranked_last,109,0.064,0.170455,0.170455,0.412844
all_actives_unscored_ranked_last,110,0.065,0.170455,0.170455,0.409091
all_actives_unscored_ranked_last,111,0.066,0.170455,0.170455,0.405405
all_actives_unscored_ranked_last,112,0.066,0.174242,0.174242,0.410714
all_actives_unscored_ranked_last,113,0.066,0.17803,0.17803,0.415929
all_actives_unscored_ranked_last,114,0.067,0.17803,0.17803,0.412281
all_actives_unscored_ranked_last,115,0.068,0.17803,0.17803,0.408696
all_actives_unscored_ranked_last,116,0.069,0.17803,0.17803,0.405172
all_actives_unscored_ranked_last,117,0.07,0.17803,0.17803,0.401709
all_actives_unscored_ranked_last,118,0.071,0.17803,0.17803,0.398305
all_actives_unscored_ranked_last,119,0.071,0.181818,0.181818,0.403361
all_actives_unscored_ranked_last,120,0.072,0.181818,0.181818,0.4
all_actives_unscored_ranked_last,121,0.073,0.181818,0.181818,0.396694
all_actives_unscored_ranked_last,122,0.074,0.181818,0.181818,0.393443
all_actives_unscored_ranked_last,123,0.075,0.181818,0.181818,0.390244
all_actives_unscored_ranked_last,124,0.076,0.181818,0.181818,0.387097
all_actives_unscored_ranked_last,125,0.077,0.181818,0.181818,0.384
all_actives_unscored_ranked_last,126,0.078,0.181818,0.181818,0.380952
all_actives_unscored_ranked_last,127,0.079,0.181818,0.181818,0.377953
all_actives_unscored_ranked_last,128,0.08,0.181818,0.181818,0.375
all_actives_unscored_ranked_last,129,0.081,0.181818,0.181818,0.372093
all_actives_unscored_ranked_last,130,0.082,0.181818,0.181818,0.369231
all_actives_unscored_ranked_last,131,0.083,0.181818,0.181818,0.366412
all_actives_unscored_ranked_last,132,0.084,0.181818,0.181818,0.363636
all_actives_unscored_ranked_last,133,0.085,0.181818,0.181818,0.360902
all_actives_unscored_ranked_last,134,0.086,0.181818,0.181818,0.358209
all_actives_unscored_ranked_last,135,0.087,0.181818,0.181818,0.355556
all_actives_unscored_ranked_last,136,0.088,0.181818,0.181818,0.352941
all_actives_unscored_ranked_last,137,0.088,0.185606,0.185606,0.357664
all_actives_unscored_ranked_last,138,0.089,0.185606,0.185606,0.355072
all_actives_unscored_ranked_last,139,0.09,0.185606,0.185606,0.352518
all_actives_unscored_ranked_last,140,0.09,0.189394,0.189394,0.357143
all_actives_unscored_ranked_last,141,0.09,0.193182,0.193182,0.361702
all_actives_unscored_ranked_last,142,0.091,0.193182,0.193182,0.359155
all_actives_unscored_ranked_last,143,0.092,0.193182,0.193182,0.356643
all_actives_unscored_ranked_last,144,0.092,0.19697,0.19697,0.361111
all_actives_unscored_ranked_last,145,0.093,0.19697,0.19697,0.358621
all_actives_unscored_ranked_last,146,0.094,0.19697,0.19697,0.356164
all_actives_unscored_ranked_last,147,0.094,0.200758,0.200758,0.360544
all_actives_unscored_ranked_last,148,0.095,0.200758,0.200758,0.358108
all_actives_unscored_ranked_last,149,0.096,0.200758,0.200758,0.355705
all_actives_unscored_ranked_last,150,0.097,0.200758,0.200758,0.353333
all_actives_unscored_ranked_last,151,0.098,0.200758,0.200758,0.350993
all_actives_unscored_ranked_last,152,0.098,0.204545,0.204545,0.355263
all_actives_unscored_ranked_last,153,0.099,0.204545,0.204545,0.352941
all_actives_unscored_ranked_last,154,0.099,0.208333,0.208333,0.357143
all_actives_unscored_ranked_last,155,0.1,0.208333,0.208333,0.354839
all_actives_unscored_ranked_last,156,0.101,0.208333,0.208333,0.352564
all_actives_unscored_ranked_last,157,0.102,0.208333,0.208333,0.350318
all_actives_unscored_ranked_last,158,0.103,0.208333,0.208333,0.348101
all_actives_unscored_ranked_last,159,0.104,0.208333,0.208333,0.345912
all_actives_unscored_ranked_last,160,0.105,0.208333,0.208333,0.34375
all_actives_unscored_ranked_last,161,0.106,0.208333,0.208333,0.341615
all_actives_unscored_ranked_last,162,0.107,0.208333,0.208333,0.339506
all_actives_unscored_ranked_last,163,0.108,0.208333,0.208333,0.337423
all_actives_unscored_ranked_last,164,0.109,0.208333,0.208333,0.335366
all_actives_unscored_ranked_last,165,0.11,0.208333,0.208333,0.333333
all_actives_unscored_ranked_last,166,0.111,0.208333,0.208333,0.331325
all_actives_unscored_ranked_last,167,0.112,0.208333,0.208333,0.329341
all_actives_unscored_ranked_last,168,0.112,0.212121,0.212121,0.333333
all_actives_unscored_ranked_last,169,0.112,0.215909,0.215909,0.337278
all_actives_unscored_ranked_last,170,0.112,0.219697,0.219697,0.341176
all_actives_unscored_ranked_last,171,0.113,0.219697,0.219697,0.339181
all_actives_unscored_ranked_last,172,0.114,0.219697,0.219697,0.337209
all_actives_unscored_ranked_last,173,0.115,0.219697,0.219697,0.33526
all_actives_unscored_ranked_last,174,0.116,0.219697,0.219697,0.333333
all_actives_unscored_ranked_last,175,0.116,0.223485,0.223485,0.337143
all_actives_unscored_ranked_last,176,0.116,0.227273,0.227273,0.340909
all_actives_unscored_ranked_last,177,0.116,0.231061,0.231061,0.344633
all_actives_unscored_ranked_last,178,0.117,0.231061,0.231061,0.342697
all_actives_unscored_ranked_last,179,0.118,0.231061,0.231061,0.340782
all_actives_unscored_ranked_last,180,0.119,0.231061,0.231061,0.338889
all_actives_unscored_ranked_last,181,0.12,0.231061,0.231061,0.337017
all_actives_unscored_ranked_last,182,0.121,0.231061,0.231061,0.335165
all_actives_unscored_ranked_last,183,0.122,0.231061,0.231061,0.333333
all_actives_unscored_ranked_last,184,0.122,0.234848,0.234848,0.336957
all_actives_unscored_ranked_last,185,0.123,0.234848,0.234848,0.335135
all_actives_unscored_ranked_last,186,0.123,0.238636,0.238636,0.33871
all_actives_unscored_ranked_last,187,0.124,0.238636,0.238636,0.336898
all_actives_unscored_ranked_last,188,0.124,0.242424,0.242424,0.340426
all_actives_unscored_ranked_last,189,0.125,0.242424,0.242424,0.338624
all_actives_unscored_ranked_last,190,0.126,0.242424,0.242424,0.336842
all_actives_unscored_ranked_last,191,0.127,0.242424,0.242424,0.335079
all_actives_unscored_ranked_last,192,0.128,0.242424,0.242424,0.333333
all_actives_unscored_ranked_last,193,0.129,0.242424,0.242424,0.331606
all_actives_unscored_ranked_last,194,0.129,0.246212,0.246212,0.335052
all_actives_unscored_ranked_last,195,0.13,0.246212,0.246212,0.333333
all_actives_unscored_ranked_last,196,0.13,0.25,0.25,0.336735
all_actives_unscored_ranked_last,197,0.131,0.25,0.25,0.335025
all_actives_unscored_ranked_last,198,0.132,0.25,0.25,0.333333
all_actives_unscored_ranked_last,199,0.133,0.25,0.25,0.331658
all_actives_unscored_ranked_last,200,0.134,0.25,0.25,0.33
all_actives_unscored_ranked_last,201,0.135,0.25,0.25,0.328358
all_actives_unscored_ranked_last,202,0.136,0.25,0.25,0.326733
all_actives_unscored_ranked_last,203,0.137,0.25,0.25,0.325123
all_actives_unscored_ranked_last,204,0.138,0.25,0.25,0.323529
all_actives_unscored_ranked_last,205,0.139,0.25,0.25,0.321951
all_actives_unscored_ranked_last,206,0.14,0.25,0.25,0.320388
all_actives_unscored_ranked_last,207,0.14,0.253788,0.253788,0.323671
all_actives_unscored_ranked_last,208,0.141,0.253788,0.253788,0.322115
all_actives_unscored_ranked_last,209,0.141,0.257576,0.257576,0.325359
all_actives_unscored_ranked_last,210,0.142,0.257576,0.257576,0.32381
all_actives_unscored_ranked_last,211,0.143,0.257576,0.257576,0.322275
all_actives_unscored_ranked_last,212,0.144,0.257576,0.257576,0.320755
all_actives_unscored_ranked_last,213,0.145,0.257576,0.257576,0.319249
all_actives_unscored_ranked_last,214,0.146,0.257576,0.257576,0.317757
all_actives_unscored_ranked_last,215,0.147,0.257576,0.257576,0.316279
all_actives_unscored_ranked_last,216,0.148,0.257576,0.257576,0.314815
all_actives_unscored_ranked_last,217,0.149,0.257576,0.257576,0.313364
all_actives_unscored_ranked_last,218,0.149,0.261364,0.261364,0.316514
all_actives_unscored_ranked_last,219,0.15,0.261364,0.261364,0.315068
all_actives_unscored_ranked_last,220,0.151,0.261364,0.261364,0.313636
all_actives_unscored_ranked_last,221,0.152,0.261364,0.261364,0.312217
all_actives_unscored_ranked_last,222,0.153,0.261364,0.261364,0.310811
all_actives_unscored_ranked_last,223,0.153,0.265152,0.265152,0.313901
all_actives_unscored_ranked_last,224,0.154,0.265152,0.265152,0.3125
all_actives_unscored_ranked_last,225,0.155,0.265152,0.265152,0.311111
all_actives_unscored_ranked_last,226,0.156,0.265152,0.265152,0.309735
all_actives_unscored_ranked_last,227,0.157,0.265152,0.265152,0.30837
all_actives_unscored_ranked_last,228,0.158,0.265152,0.265152,0.307018
all_actives_unscored_ranked_last,229,0.159,0.265152,0.265152,0.305677
all_actives_unscored_ranked_last,230,0.159,0.268939,0.268939,0.308696
all_actives_unscored_ranked_last,231,0.159,0.272727,0.272727,0.311688
all_actives_unscored_ranked_last,232,0.16,0.272727,0.272727,0.310345
all_actives_unscored_ranked_last,233,0.161,0.272727,0.272727,0.309013
all_actives_unscored_ranked_last,234,0.162,0.272727,0.272727,0.307692
all_actives_unscored_ranked_last,235,0.163,0.272727,0.272727,0.306383
all_actives_unscored_ranked_last,236,0.163,0.276515,0.276515,0.309322
all_actives_unscored_ranked_last,237,0.164,0.276515,0.276515,0.308017
all_actives_unscored_ranked_last,238,0.165,0.276515,0.276515,0.306723
all_actives_unscored_ranked_last,239,0.166,0.276515,0.276515,0.305439
all_actives_unscored_ranked_last,240,0.167,0.276515,0.276515,0.304167
all_actives_unscored_ranked_last,241,0.168,0.276515,0.276515,0.302905
all_actives_unscored_ranked_last,242,0.169,0.276515,0.276515,0.301653
all_actives_unscored_ranked_last,243,0.17,0.276515,0.276515,0.300412
all_actives_unscored_ranked_last,244,0.171,0.276515,0.276515,0.29918
all_actives_unscored_ranked_last,245,0.172,0.276515,0.276515,0.297959
all_actives_unscored_ranked_last,246,0.173,0.276515,0.276515,0.296748
all_actives_unscored_ranked_last,247,0.174,0.276515,0.276515,0.295547
all_actives_unscored_ranked_last,248,0.175,0.276515,0.276515,0.294355
all_actives_unscored_ranked_last,249,0.175,0.280303,0.280303,0.297189
all_actives_unscored_ranked_last,250,0.176,0.280303,0.280303,0.296
all_actives_unscored_ranked_last,251,0.176,0.284091,0.284091,0.298805
all_actives_unscored_ranked_last,252,0.177,0.284091,0.284091,0.297619
all_actives_unscored_ranked_last,253,0.177,0.287879,0.287879,0.300395
all_actives_unscored_ranked_last,254,0.178,0.287879,0.287879,0.299213
all_actives_unscored_ranked_last,255,0.179,0.287879,0.287879,0.298039
all_actives_unscored_ranked_last,256,0.179,0.291667,0.291667,0.300781
all_actives_unscored_ranked_last,257,0.18,0.291667,0.291667,0.299611
all_actives_unscored_ranked_last,258,0.181,0.291667,0.291667,0.29845
all_actives_unscored_ranked_last,259,0.182,0.291667,0.291667,0.297297
all_actives_unscored_ranked_last,260,0.182,0.295455,0.295455,0.3
all_actives_unscored_ranked_last,261,0.183,0.295455,0.295455,0.298851
all_actives_unscored_ranked_last,262,0.184,0.295455,0.295455,0.29771
all_actives_unscored_ranked_last,263,0.185,0.295455,0.295455,0.296578
all_actives_unscored_ranked_last,264,0.186,0.295455,0.295455,0.295455
all_actives_unscored_ranked_last,265,0.187,0.295455,0.295455,0.29434
all_actives_unscored_ranked_last,266,0.188,0.295455,0.295455,0.293233
all_actives_unscored_ranked_last,267,0.189,0.295455,0.295455,0.292135
all_actives_unscored_ranked_last,268,0.189,0.299242,0.299242,0.294776
all_actives_unscored_ranked_last,269,0.19,0.299242,0.299242,0.29368
all_actives_unscored_ranked_last,270,0.191,0.299242,0.299242,0.292593
all_actives_unscored_ranked_last,271,0.192,0.299242,0.299242,0.291513
all_actives_unscored_ranked_last,272,0.193,0.299242,0.299242,0.290441
all_actives_unscored_ranked_last,273,0.194,0.299242,0.299242,0.289377
all_actives_unscored_ranked_last,274,0.195,0.299242,0.299242,0.288321
all_actives_unscored_ranked_last,275,0.196,0.299242,0.299242,0.287273
all_actives_unscored_ranked_last,276,0.197,0.299242,0.299242,0.286232
all_actives_unscored_ranked_last,277,0.197,0.30303,0.30303,0.288809
all_actives_unscored_ranked_last,278,0.198,0.30303,0.30303,0.28777
all_actives_unscored_ranked_last,279,0.199,0.30303,0.30303,0.286738
all_actives_unscored_ranked_last,280,0.199,0.306818,0.306818,0.289286
all_actives_unscored_ranked_last,281,0.199,0.310606,0.310606,0.291815
all_actives_unscored_ranked_last,282,0.2,0.310606,0.310606,0.29078
all_actives_unscored_ranked_last,283,0.2,0.314394,0.314394,0.293286
all_actives_unscored_ranked_last,284,0.201,0.314394,0.314394,0.292254
all_actives_unscored_ranked_last,285,0.202,0.314394,0.314394,0.291228
all_actives_unscored_ranked_last,286,0.203,0.314394,0.314394,0.29021
all_actives_unscored_ranked_last,287,0.204,0.314394,0.314394,0.289199
all_actives_unscored_ranked_last,288,0.205,0.314394,0.314394,0.288194
all_actives_unscored_ranked_last,289,0.206,0.314394,0.314394,0.287197
all_actives_unscored_ranked_last,290,0.207,0.314394,0.314394,0.286207
all_actives_unscored_ranked_last,291,0.207,0.318182,0.318182,0.28866
all_actives_unscored_ranked_last,292,0.208,0.318182,0.318182,0.287671
all_actives_unscored_ranked_last,293,0.209,0.318182,0.318182,0.286689
all_actives_unscored_ranked_last,294,0.21,0.318182,0.318182,0.285714
all_actives_unscored_ranked_last,295,0.211,0.318182,0.318182,0.284746
all_actives_unscored_ranked_last,296,0.212,0.318182,0.318182,0.283784
all_actives_unscored_ranked_last,297,0.213,0.318182,0.318182,0.282828
all_actives_unscored_ranked_last,298,0.214,0.318182,0.318182,0.281879
all_actives_unscored_ranked_last,299,0.215,0.318182,0.318182,0.280936
all_actives_unscored_ranked_last,300,0.215,0.32197,0.32197,0.283333
all_actives_unscored_ranked_last,301,0.216,0.32197,0.32197,0.282392
all_actives_unscored_ranked_last,302,0.217,0.32197,0.32197,0.281457
all_actives_unscored_ranked_last,303,0.218,0.32197,0.32197,0.280528
all_actives_unscored_ranked_last,304,0.218,0.325758,0.325758,0.282895
all_actives_unscored_ranked_last,305,0.218,0.329545,0.329545,0.285246
all_actives_unscored_ranked_last,306,0.219,0.329545,0.329545,0.284314
all_actives_unscored_ranked_last,307,0.219,0.333333,0.333333,0.286645
all_actives_unscored_ranked_last,308,0.22,0.333333,0.333333,0.285714
all_actives_unscored_ranked_last,309,0.221,0.333333,0.333333,0.28479
all_actives_unscored_ranked_last,310,0.221,0.337121,0.337121,0.287097
all_actives_unscored_ranked_last,311,0.222,0.337121,0.337121,0.286174
all_actives_unscored_ranked_last,312,0.223,0.337121,0.337121,0.285256
all_actives_unscored_ranked_last,313,0.224,0.337121,0.337121,0.284345
all_actives_unscored_ranked_last,314,0.225,0.337121,0.337121,0.283439
all_actives_unscored_ranked_last,315,0.226,0.337121,0.337121,0.28254
all_actives_unscored_ranked_last,316,0.226,0.340909,0.340909,0.28481
all_actives_unscored_ranked_last,317,0.227,0.340909,0.340909,0.283912
all_actives_unscored_ranked_last,318,0.228,0.340909,0.340909,0.283019
all_actives_unscored_ranked_last,319,0.229,0.340909,0.340909,0.282132
all_actives_unscored_ranked_last,320,0.23,0.340909,0.340909,0.28125
all_actives_unscored_ranked_last,321,0.23,0.344697,0.344697,0.283489
all_actives_unscored_ranked_last,322,0.231,0.344697,0.344697,0.282609
all_actives_unscored_ranked_last,323,0.232,0.344697,0.344697,0.281734
all_actives_unscored_ranked_last,324,0.233,0.344697,0.344697,0.280864
all_actives_unscored_ranked_last,325,0.234,0.344697,0.344697,0.28
all_actives_unscored_ranked_last,326,0.235,0.344697,0.344697,0.279141
all_actives_unscored_ranked_last,327,0.236,0.344697,0.344697,0.278287
all_actives_unscored_ranked_last,328,0.237,0.344697,0.344697,0.277439
all_actives_unscored_ranked_last,329,0.238,0.344697,0.344697,0.276596
all_actives_unscored_ranked_last,330,0.239,0.344697,0.344697,0.275758
all_actives_unscored_ranked_last,331,0.24,0.344697,0.344697,0.274924
all_actives_unscored_ranked_last,332,0.241,0.344697,0.344697,0.274096
all_actives_unscored_ranked_last,333,0.242,0.344697,0.344697,0.273273
all_actives_unscored_ranked_last,334,0.243,0.344697,0.344697,0.272455
all_actives_unscored_ranked_last,335,0.244,0.344697,0.344697,0.271642
all_actives_unscored_ranked_last,336,0.245,0.344697,0.344697,0.270833
all_actives_unscored_ranked_last,337,0.245,0.348485,0.348485,0.272997
all_actives_unscored_ranked_last,338,0.246,0.348485,0.348485,0.272189
all_actives_unscored_ranked_last,339,0.247,0.348485,0.348485,0.271386
all_actives_unscored_ranked_last,340,0.248,0.348485,0.348485,0.270588
all_actives_unscored_ranked_last,341,0.249,0.348485,0.348485,0.269795
all_actives_unscored_ranked_last,342,0.249,0.352273,0.352273,0.27193
all_actives_unscored_ranked_last,343,0.25,0.352273,0.352273,0.271137
all_actives_unscored_ranked_last,344,0.251,0.352273,0.352273,0.270349
all_actives_unscored_ranked_last,345,0.252,0.352273,0.352273,0.269565
all_actives_unscored_ranked_last,346,0.253,0.352273,0.352273,0.268786
all_actives_unscored_ranked_last,347,0.254,0.352273,0.352273,0.268012
all_actives_unscored_ranked_last,348,0.254,0.356061,0.356061,0.270115
all_actives_unscored_ranked_last,349,0.255,0.356061,0.356061,0.269341
all_actives_unscored_ranked_last,350,0.256,0.356061,0.356061,0.268571
all_actives_unscored_ranked_last,351,0.257,0.356061,0.356061,0.267806
all_actives_unscored_ranked_last,352,0.258,0.356061,0.356061,0.267045
all_actives_unscored_ranked_last,353,0.259,0.356061,0.356061,0.266289
all_actives_unscored_ranked_last,354,0.26,0.356061,0.356061,0.265537
all_actives_unscored_ranked_last,355,0.261,0.356061,0.356061,0.264789
all_actives_unscored_ranked_last,356,0.262,0.356061,0.356061,0.264045
all_actives_unscored_ranked_last,357,0.263,0.356061,0.356061,0.263305
all_actives_unscored_ranked_last,358,0.264,0.356061,0.356061,0.26257
all_actives_unscored_ranked_last,359,0.264,0.359848,0.359848,0.264624
all_actives_unscored_ranked_last,360,0.265,0.359848,0.359848,0.263889
all_actives_unscored_ranked_last,361,0.266,0.359848,0.359848,0.263158
all_actives_unscored_ranked_last,362,0.267,0.359848,0.359848,0.262431
all_actives_unscored_ranked_last,363,0.268,0.359848,0.359848,0.261708
all_actives_unscored_ranked_last,364,0.269,0.359848,0.359848,0.260989
all_actives_unscored_ranked_last,365,0.269,0.363636,0.363636,0.263014
all_actives_unscored_ranked_last,366,0.27,0.363636,0.363636,0.262295
all_actives_unscored_ranked_last,367,0.271,0.363636,0.363636,0.26158
all_actives_unscored_ranked_last,368,0.271,0.367424,0.367424,0.263587
all_actives_unscored_ranked_last,369,0.271,0.371212,0.371212,0.265583
all_actives_unscored_ranked_last,370,0.272,0.371212,0.371212,0.264865
all_actives_unscored_ranked_last,371,0.273,0.371212,0.371212,0.264151
all_actives_unscored_ranked_last,372,0.274,0.371212,0.371212,0.263441
all_actives_unscored_ranked_last,373,0.275,0.371212,0.371212,0.262735
all_actives_unscored_ranked_last,374,0.276,0.371212,0.371212,0.262032
all_actives_unscored_ranked_last,375,0.277,0.371212,0.371212,0.261333
all_actives_unscored_ranked_last,376,0.277,0.375,0.375,0.263298
all_actives_unscored_ranked_last,377,0.278,0.375,0.375,0.262599
all_actives_unscored_ranked_last,378,0.279,0.375,0.375,0.261905
all_actives_unscored_ranked_last,379,0.28,0.375,0.375,0.261214
all_actives_unscored_ranked_last,380,0.281,0.375,0.375,0.260526
all_actives_unscored_ranked_last,381,0.282,0.375,0.375,0.259843
all_actives_unscored_ranked_last,382,0.283,0.375,0.375,0.259162
all_actives_unscored_ranked_last,383,0.283,0.378788,0.378788,0.261097
all_actives_unscored_ranked_last,384,0.284,0.378788,0.378788,0.260417
all_actives_unscored_ranked_last,385,0.284,0.382576,0.382576,0.262338
all_actives_unscored_ranked_last,386,0.285,0.382576,0.382576,0.261658
all_actives_unscored_ranked_last,387,0.285,0.386364,0.386364,0.263566
all_actives_unscored_ranked_last,388,0.286,0.386364,0.386364,0.262887
all_actives_unscored_ranked_last,389,0.287,0.386364,0.386364,0.262211
all_actives_unscored_ranked_last,390,0.287,0.390152,0.390152,0.264103
all_actives_unscored_ranked_last,391,0.287,0.393939,0.393939,0.265985
all_actives_unscored_ranked_last,392,0.288,0.393939,0.393939,0.265306
all_actives_unscored_ranked_last,393,0.289,0.393939,0.393939,0.264631
all_actives_unscored_ranked_last,394,0.29,0.393939,0.393939,0.263959
all_actives_unscored_ranked_last,395,0.291,0.393939,0.393939,0.263291
all_actives_unscored_ranked_last,396,0.292,0.393939,0.393939,0.262626
all_actives_unscored_ranked_last,397,0.292,0.397727,0.397727,0.264484
all_actives_unscored_ranked_last,398,0.293,0.397727,0.397727,0.263819
all_actives_unscored_ranked_last,399,0.294,0.397727,0.397727,0.263158
all_actives_unscored_ranked_last,400,0.295,0.397727,0.397727,0.2625
all_actives_unscored_ranked_last,401,0.296,0.397727,0.397727,0.261845
all_actives_unscored_ranked_last,402,0.297,0.397727,0.397727,0.261194
all_actives_unscored_ranked_last,403,0.297,0.401515,0.401515,0.263027
all_actives_unscored_ranked_last,404,0.298,0.401515,0.401515,0.262376
all_actives_unscored_ranked_last,405,0.298,0.405303,0.405303,0.264198
all_actives_unscored_ranked_last,406,0.299,0.405303,0.405303,0.263547
all_actives_unscored_ranked_last,407,0.3,0.405303,0.405303,0.262899
all_actives_unscored_ranked_last,408,0.3,0.409091,0.409091,0.264706
all_actives_unscored_ranked_last,409,0.301,0.409091,0.409091,0.264059
all_actives_unscored_ranked_last,410,0.302,0.409091,0.409091,0.263415
all_actives_unscored_ranked_last,411,0.303,0.409091,0.409091,0.262774
all_actives_unscored_ranked_last,412,0.303,0.412879,0.412879,0.264563
all_actives_unscored_ranked_last,413,0.304,0.412879,0.412879,0.263923
all_actives_unscored_ranked_last,414,0.305,0.412879,0.412879,0.263285
all_actives_unscored_ranked_last,415,0.306,0.412879,0.412879,0.262651
all_actives_unscored_ranked_last,416,0.306,0.416667,0.416667,0.264423
all_actives_unscored_ranked_last,417,0.307,0.416667,0.416667,0.263789
all_actives_unscored_ranked_last,418,0.307,0.420455,0.420455,0.26555
all_actives_unscored_ranked_last,419,0.308,0.420455,0.420455,0.264916
all_actives_unscored_ranked_last,420,0.308,0.424242,0.424242,0.266667
all_actives_unscored_ranked_last,421,0.309,0.424242,0.424242,0.266033
all_actives_unscored_ranked_last,422,0.31,0.424242,0.424242,0.265403
all_actives_unscored_ranked_last,423,0.311,0.424242,0.424242,0.264775
all_actives_unscored_ranked_last,424,0.312,0.424242,0.424242,0.264151
all_actives_unscored_ranked_last,425,0.313,0.424242,0.424242,0.263529
all_actives_unscored_ranked_last,426,0.314,0.424242,0.424242,0.262911
all_actives_unscored_ranked_last,427,0.315,0.424242,0.424242,0.262295
all_actives_unscored_ranked_last,428,0.316,0.424242,0.424242,0.261682
all_actives_unscored_ranked_last,429,0.317,0.424242,0.424242,0.261072
all_actives_unscored_ranked_last,430,0.318,0.424242,0.424242,0.260465
all_actives_unscored_ranked_last,431,0.318,0.42803,0.42803,0.262181
all_actives_unscored_ranked_last,432,0.318,0.431818,0.431818,0.263889
all_actives_unscored_ranked_last,433,0.319,0.431818,0.431818,0.263279
all_actives_unscored_ranked_last,434,0.32,0.431818,0.431818,0.262673
all_actives_unscored_ranked_last,435,0.321,0.431818,0.431818,0.262069
all_actives_unscored_ranked_last,436,0.322,0.431818,0.431818,0.261468
all_actives_unscored_ranked_last,437,0.323,0.431818,0.431818,0.26087
all_actives_unscored_ranked_last,438,0.324,0.431818,0.431818,0.260274
all_actives_unscored_ranked_last,439,0.324,0.435606,0.435606,0.261959
all_actives_unscored_ranked_last,440,0.325,0.435606,0.435606,0.261364
all_actives_unscored_ranked_last,441,0.326,0.435606,0.435606,0.260771
all_actives_unscored_ranked_last,442,0.327,0.435606,0.435606,0.260181
all_actives_unscored_ranked_last,443,0.328,0.435606,0.435606,0.259594
all_actives_unscored_ranked_last,444,0.329,0.435606,0.435606,0.259009
all_actives_unscored_ranked_last,445,0.33,0.435606,0.435606,0.258427
all_actives_unscored_ranked_last,446,0.33,0.439394,0.439394,0.26009
all_actives_unscored_ranked_last,447,0.331,0.439394,0.439394,0.259508
all_actives_unscored_ranked_last,448,0.331,0.443182,0.443182,0.261161
all_actives_unscored_ranked_last,449,0.331,0.44697,0.44697,0.262806
all_actives_unscored_ranked_last,450,0.332,0.44697,0.44697,0.262222
all_actives_unscored_ranked_last,451,0.333,0.44697,0.44697,0.261641
all_actives_unscored_ranked_last,452,0.333,0.450758,0.450758,0.263274
all_actives_unscored_ranked_last,453,0.333,0.454545,0.454545,0.264901
all_actives_unscored_ranked_last,454,0.333,0.458333,0.458333,0.26652
all_actives_unscored_ranked_last,455,0.334,0.458333,0.458333,0.265934
all_actives_unscored_ranked_last,456,0.334,0.462121,0.462121,0.267544
all_actives_unscored_ranked_last,457,0.335,0.462121,0.462121,0.266958
all_actives_unscored_ranked_last,458,0.335,0.465909,0.465909,0.268559
all_actives_unscored_ranked_last,459,0.336,0.465909,0.465909,0.267974
all_actives_unscored_ranked_last,460,0.337,0.465909,0.465909,0.267391
all_actives_unscored_ranked_last,461,0.337,0.469697,0.469697,0.26898
all_actives_unscored_ranked_last,462,0.338,0.469697,0.469697,0.268398
all_actives_unscored_ranked_last,463,0.339,0.469697,0.469697,0.267819
all_actives_unscored_ranked_last,464,0.339,0.473485,0.473485,0.269397
all_actives_unscored_ranked_last,465,0.34,0.473485,0.473485,0.268817
all_actives_unscored_ranked_last,466,0.341,0.473485,0.473485,0.26824
all_actives_unscored_ranked_last,467,0.342,0.473485,0.473485,0.267666
all_actives_unscored_ranked_last,468,0.342,0.477273,0.477273,0.269231
all_actives_unscored_ranked_last,469,0.342,0.481061,0.481061,0.270789
all_actives_unscored_ranked_last,470,0.342,0.484848,0.484848,0.27234
all_actives_unscored_ranked_last,471,0.342,0.488636,0.488636,0.273885
all_actives_unscored_ranked_last,472,0.343,0.488636,0.488636,0.273305
all_actives_unscored_ranked_last,473,0.343,0.492424,0.492424,0.274841
all_actives_unscored_ranked_last,474,0.344,0.492424,0.492424,0.274262
all_actives_unscored_ranked_last,475,0.344,0.496212,0.496212,0.275789
all_actives_unscored_ranked_last,476,0.345,0.496212,0.496212,0.27521
all_actives_unscored_ranked_last,477,0.346,0.496212,0.496212,0.274633
all_actives_unscored_ranked_last,478,0.347,0.496212,0.496212,0.274059
all_actives_unscored_ranked_last,479,0.348,0.496212,0.496212,0.273486
all_actives_unscored_ranked_last,480,0.349,0.496212,0.496212,0.272917
all_actives_unscored_ranked_last,481,0.35,0.496212,0.496212,0.272349
all_actives_unscored_ranked_last,482,0.351,0.496212,0.496212,0.271784
all_actives_unscored_ranked_last,483,0.352,0.496212,0.496212,0.271222
all_actives_unscored_ranked_last,484,0.353,0.496212,0.496212,0.270661
all_actives_unscored_ranked_last,485,0.354,0.496212,0.496212,0.270103
all_actives_unscored_ranked_last,486,0.355,0.496212,0.496212,0.269547
all_actives_unscored_ranked_last,487,0.355,0.5,0.5,0.271047
all_actives_unscored_ranked_last,488,0.356,0.5,0.5,0.270492
all_actives_unscored_ranked_last,489,0.357,0.5,0.5,0.269939
all_actives_unscored_ranked_last,490,0.358,0.5,0.5,0.269388
all_actives_unscored_ranked_last,491,0.359,0.5,0.5,0.268839
all_actives_unscored_ranked_last,492,0.36,0.5,0.5,0.268293
all_actives_unscored_ranked_last,493,0.361,0.5,0.5,0.267748
all_actives_unscored_ranked_last,494,0.362,0.5,0.5,0.267206
all_actives_unscored_ranked_last,495,0.363,0.5,0.5,0.266667
all_actives_unscored_ranked_last,496,0.364,0.5,0.5,0.266129
all_actives_unscored_ranked_last,497,0.365,0.5,0.5,0.265594
all_actives_unscored_ranked_last,498,0.365,0.503788,0.503788,0.267068
all_actives_unscored_ranked_last,499,0.366,0.503788,0.503788,0.266533
all_actives_unscored_ranked_last,500,0.367,0.503788,0.503788,0.266
all_actives_unscored_ranked_last,501,0.368,0.503788,0.503788,0.265469
all_actives_unscored_ranked_last,502,0.369,0.503788,0.503788,0.26494
all_actives_unscored_ranked_last,503,0.369,0.507576,0.507576,0.266402
all_actives_unscored_ranked_last,504,0.37,0.507576,0.507576,0.265873
all_actives_unscored_ranked_last,505,0.371,0.507576,0.507576,0.265347
all_actives_unscored_ranked_last,506,0.372,0.507576,0.507576,0.264822
all_actives_unscored_ranked_last,507,0.373,0.507576,0.507576,0.2643
all_actives_unscored_ranked_last,508,0.374,0.507576,0.507576,0.26378
all_actives_unscored_ranked_last,509,0.375,0.507576,0.507576,0.263261
all_actives_unscored_ranked_last,510,0.376,0.507576,0.507576,0.262745
all_actives_unscored_ranked_last,511,0.377,0.507576,0.507576,0.262231
all_actives_unscored_ranked_last,512,0.378,0.507576,0.507576,0.261719
all_actives_unscored_ranked_last,513,0.378,0.511364,0.511364,0.263158
all_actives_unscored_ranked_last,514,0.379,0.511364,0.511364,0.262646
all_actives_unscored_ranked_last,515,0.38,0.511364,0.511364,0.262136
all_actives_unscored_ranked_last,516,0.381,0.511364,0.511364,0.261628
all_actives_unscored_ranked_last,517,0.381,0.515152,0.515152,0.263056
all_actives_unscored_ranked_last,518,0.382,0.515152,0.515152,0.262548
all_actives_unscored_ranked_last,519,0.383,0.515152,0.515152,0.262042
all_actives_unscored_ranked_last,520,0.384,0.515152,0.515152,0.261538
all_actives_unscored_ranked_last,521,0.385,0.515152,0.515152,0.261036
all_actives_unscored_ranked_last,522,0.385,0.518939,0.518939,0.262452
all_actives_unscored_ranked_last,523,0.385,0.522727,0.522727,0.263862
all_actives_unscored_ranked_last,524,0.386,0.522727,0.522727,0.263359
all_actives_unscored_ranked_last,525,0.386,0.526515,0.526515,0.264762
all_actives_unscored_ranked_last,526,0.387,0.526515,0.526515,0.264259
all_actives_unscored_ranked_last,527,0.388,0.526515,0.526515,0.263757
all_actives_unscored_ranked_last,528,0.389,0.526515,0.526515,0.263258
all_actives_unscored_ranked_last,529,0.39,0.526515,0.526515,0.26276
all_actives_unscored_ranked_last,530,0.391,0.526515,0.526515,0.262264
all_actives_unscored_ranked_last,531,0.392,0.526515,0.526515,0.26177
all_actives_unscored_ranked_last,532,0.393,0.526515,0.526515,0.261278
all_actives_unscored_ranked_last,533,0.393,0.530303,0.530303,0.262664
all_actives_unscored_ranked_last,534,0.394,0.530303,0.530303,0.262172
all_actives_unscored_ranked_last,535,0.395,0.530303,0.530303,0.261682
all_actives_unscored_ranked_last,536,0.396,0.530303,0.530303,0.261194
all_actives_unscored_ranked_last,537,0.397,0.530303,0.530303,0.260708
all_actives_unscored_ranked_last,538,0.398,0.530303,0.530303,0.260223
all_actives_unscored_ranked_last,539,0.399,0.530303,0.530303,0.25974
all_actives_unscored_ranked_last,540,0.4,0.530303,0.530303,0.259259
all_actives_unscored_ranked_last,541,0.401,0.530303,0.530303,0.25878
all_actives_unscored_ranked_last,542,0.402,0.530303,0.530303,0.258303
all_actives_unscored_ranked_last,543,0.402,0.534091,0.534091,0.259669
all_actives_unscored_ranked_last,544,0.403,0.534091,0.534091,0.259191
all_actives_unscored_ranked_last,545,0.404,0.534091,0.534091,0.258716
all_actives_unscored_ranked_last,546,0.405,0.534091,0.534091,0.258242
all_actives_unscored_ranked_last,547,0.406,0.534091,0.534091,0.25777
all_actives_unscored_ranked_last,548,0.406,0.537879,0.537879,0.259124
all_actives_unscored_ranked_last,549,0.407,0.537879,0.537879,0.258652
all_actives_unscored_ranked_last,550,0.408,0.537879,0.537879,0.258182
all_actives_unscored_ranked_last,551,0.409,0.537879,0.537879,0.257713
all_actives_unscored_ranked_last,552,0.41,0.537879,0.537879,0.257246
all_actives_unscored_ranked_last,553,0.411,0.537879,0.537879,0.256781
all_actives_unscored_ranked_last,554,0.412,0.537879,0.537879,0.256318
all_actives_unscored_ranked_last,555,0.413,0.537879,0.537879,0.255856
all_actives_unscored_ranked_last,556,0.414,0.537879,0.537879,0.255396
all_actives_unscored_ranked_last,557,0.414,0.541667,0.541667,0.256732
all_actives_unscored_ranked_last,558,0.415,0.541667,0.541667,0.256272
all_actives_unscored_ranked_last,559,0.416,0.541667,0.541667,0.255814
all_actives_unscored_ranked_last,560,0.417,0.541667,0.541667,0.255357
all_actives_unscored_ranked_last,561,0.418,0.541667,0.541667,0.254902
all_actives_unscored_ranked_last,562,0.419,0.541667,0.541667,0.254448
all_actives_unscored_ranked_last,563,0.42,0.541667,0.541667,0.253996
all_actives_unscored_ranked_last,564,0.421,0.541667,0.541667,0.253546
all_actives_unscored_ranked_last,565,0.422,0.541667,0.541667,0.253097
all_actives_unscored_ranked_last,566,0.423,0.541667,0.541667,0.25265
all_actives_unscored_ranked_last,567,0.423,0.545455,0.545455,0.253968
all_actives_unscored_ranked_last,568,0.424,0.545455,0.545455,0.253521
all_actives_unscored_ranked_last,569,0.425,0.545455,0.545455,0.253076
all_actives_unscored_ranked_last,570,0.425,0.549242,0.549242,0.254386
all_actives_unscored_ranked_last,571,0.426,0.549242,0.549242,0.25394
all_actives_unscored_ranked_last,572,0.427,0.549242,0.549242,0.253497
all_actives_unscored_ranked_last,573,0.428,0.549242,0.549242,0.253054
all_actives_unscored_ranked_last,574,0.428,0.55303,0.55303,0.254355
all_actives_unscored_ranked_last,575,0.428,0.556818,0.556818,0.255652
all_actives_unscored_ranked_last,576,0.429,0.556818,0.556818,0.255208
all_actives_unscored_ranked_last,577,0.43,0.556818,0.556818,0.254766
all_actives_unscored_ranked_last,578,0.431,0.556818,0.556818,0.254325
all_actives_unscored_ranked_last,579,0.432,0.556818,0.556818,0.253886
all_actives_unscored_ranked_last,580,0.432,0.560606,0.560606,0.255172
all_actives_unscored_ranked_last,581,0.433,0.560606,0.560606,0.254733
all_actives_unscored_ranked_last,582,0.433,0.564394,0.564394,0.256014
all_actives_unscored_ranked_last,583,0.434,0.564394,0.564394,0.255575
all_actives_unscored_ranked_last,584,0.435,0.564394,0.564394,0.255137
all_actives_unscored_ranked_last,585,0.436,0.564394,0.564394,0.254701
all_actives_unscored_ranked_last,586,0.437,0.564394,0.564394,0.254266
all_actives_unscored_ranked_last,587,0.437,0.568182,0.568182,0.255537
all_actives_unscored_ranked_last,588,0.437,0.57197,0.57197,0.256803
all_actives_unscored_ranked_last,589,0.437,0.575758,0.575758,0.258065
all_actives_unscored_ranked_last,590,0.438,0.575758,0.575758,0.257627
all_actives_unscored_ranked_last,591,0.439,0.575758,0.575758,0.257191
all_actives_unscored_ranked_last,592,0.44,0.575758,0.575758,0.256757
all_actives_unscored_ranked_last,593,0.441,0.575758,0.575758,0.256324
all_actives_unscored_ranked_last,594,0.441,0.579545,0.579545,0.257576
all_actives_unscored_ranked_last,595,0.442,0.579545,0.579545,0.257143
all_actives_unscored_ranked_last,596,0.443,0.579545,0.579545,0.256711
all_actives_unscored_ranked_last,597,0.444,0.579545,0.579545,0.256281
all_actives_unscored_ranked_last,598,0.444,0.583333,0.583333,0.257525
all_actives_unscored_ranked_last,599,0.445,0.583333,0.583333,0.257095
all_actives_unscored_ranked_last,600,0.446,0.583333,0.583333,0.256667
all_actives_unscored_ranked_last,601,0.447,0.583333,0.583333,0.25624
all_actives_unscored_ranked_last,602,0.447,0.587121,0.587121,0.257475
all_actives_unscored_ranked_last,603,0.448,0.587121,0.587121,0.257048
all_actives_unscored_ranked_last,604,0.449,0.587121,0.587121,0.256623
all_actives_unscored_ranked_last,605,0.45,0.587121,0.587121,0.256198
all_actives_unscored_ranked_last,606,0.451,0.587121,0.587121,0.255776
all_actives_unscored_ranked_last,607,0.452,0.587121,0.587121,0.255354
all_actives_unscored_ranked_last,608,0.453,0.587121,0.587121,0.254934
all_actives_unscored_ranked_last,609,0.453,0.590909,0.590909,0.256158
all_actives_unscored_ranked_last,610,0.454,0.590909,0.590909,0.255738
all_actives_unscored_ranked_last,611,0.455,0.590909,0.590909,0.255319
all_actives_unscored_ranked_last,612,0.456,0.590909,0.590909,0.254902
all_actives_unscored_ranked_last,613,0.457,0.590909,0.590909,0.254486
all_actives_unscored_ranked_last,614,0.458,0.590909,0.590909,0.254072
all_actives_unscored_ranked_last,615,0.459,0.590909,0.590909,0.253659
all_actives_unscored_ranked_last,616,0.46,0.590909,0.590909,0.253247
all_actives_unscored_ranked_last,617,0.461,0.590909,0.590909,0.252836
all_actives_unscored_ranked_last,618,0.462,0.590909,0.590909,0.252427
all_actives_unscored_ranked_last,619,0.463,0.590909,0.590909,0.252019
all_actives_unscored_ranked_last,620,0.464,0.590909,0.590909,0.251613
all_actives_unscored_ranked_last,621,0.465,0.590909,0.590909,0.251208
all_actives_unscored_ranked_last,622,0.466,0.590909,0.590909,0.250804
all_actives_unscored_ranked_last,623,0.467,0.590909,0.590909,0.250401
all_actives_unscored_ranked_last,624,0.467,0.594697,0.594697,0.251603
all_actives_unscored_ranked_last,625,0.468,0.594697,0.594697,0.2512
all_actives_unscored_ranked_last,626,0.468,0.598485,0.598485,0.252396
all_actives_unscored_ranked_last,627,0.468,0.602273,0.602273,0.253589
all_actives_unscored_ranked_last,628,0.469,0.602273,0.602273,0.253185
all_actives_unscored_ranked_last,629,0.47,0.602273,0.602273,0.252782
all_actives_unscored_ranked_last,630,0.471,0.602273,0.602273,0.252381
all_actives_unscored_ranked_last,631,0.472,0.602273,0.602273,0.251981
all_actives_unscored_ranked_last,632,0.473,0.602273,0.602273,0.251582
all_actives_unscored_ranked_last,633,0.474,0.602273,0.602273,0.251185
all_actives_unscored_ranked_last,634,0.475,0.602273,0.602273,0.250789
all_actives_unscored_ranked_last,635,0.475,0.606061,0.606061,0.251969
all_actives_unscored_ranked_last,636,0.476,0.606061,0.606061,0.251572
all_actives_unscored_ranked_last,637,0.477,0.606061,0.606061,0.251177
all_actives_unscored_ranked_last,638,0.478,0.606061,0.606061,0.250784
all_actives_unscored_ranked_last,639,0.479,0.606061,0.606061,0.250391
all_actives_unscored_ranked_last,640,0.48,0.606061,0.606061,0.25
all_actives_unscored_ranked_last,641,0.481,0.606061,0.606061,0.24961
all_actives_unscored_ranked_last,642,0.482,0.606061,0.606061,0.249221
all_actives_unscored_ranked_last,643,0.483,0.606061,0.606061,0.248834
all_actives_unscored_ranked_last,644,0.484,0.606061,0.606061,0.248447
all_actives_unscored_ranked_last,645,0.485,0.606061,0.606061,0.248062
all_actives_unscored_ranked_last,646,0.486,0.606061,0.606061,0.247678
all_actives_unscored_ranked_last,647,0.487,0.606061,0.606061,0.247295
all_actives_unscored_ranked_last,648,0.488,0.606061,0.606061,0.246914
all_actives_unscored_ranked_last,649,0.488,0.609848,0.609848,0.248074
all_actives_unscored_ranked_last,650,0.489,0.609848,0.609848,0.247692
all_actives_unscored_ranked_last,651,0.49,0.609848,0.609848,0.247312
all_actives_unscored_ranked_last,652,0.491,0.609848,0.609848,0.246933
all_actives_unscored_ranked_last,653,0.491,0.613636,0.613636,0.248086
all_actives_unscored_ranked_last,654,0.492,0.613636,0.613636,0.247706
all_actives_unscored_ranked_last,655,0.492,0.617424,0.617424,0.248855
all_actives_unscored_ranked_last,656,0.492,0.621212,0.621212,0.25
all_actives_unscored_ranked_last,657,0.493,0.621212,0.621212,0.249619
all_actives_unscored_ranked_last,658,0.494,0.621212,0.621212,0.24924
all_actives_unscored_ranked_last,659,0.495,0.621212,0.621212,0.248862
all_actives_unscored_ranked_last,660,0.496,0.621212,0.621212,0.248485
all_actives_unscored_ranked_last,661,0.497,0.621212,0.621212,0.248109
all_actives_unscored_ranked_last,662,0.497,0.625,0.625,0.249245
all_actives_unscored_ranked_last,663,0.498,0.625,0.625,0.248869
all_actives_unscored_ranked_last,664,0.499,0.625,0.625,0.248494
all_actives_unscored_ranked_last,665,0.5,0.625,0.625,0.24812
all_actives_unscored_ranked_last,666,0.501,0.625,0.625,0.247748
all_actives_unscored_ranked_last,667,0.502,0.625,0.625,0.247376
all_actives_unscored_ranked_last,668,0.503,0.625,0.625,0.247006
all_actives_unscored_ranked_last,669,0.503,0.628788,0.628788,0.248132
all_actives_unscored_ranked_last,670,0.504,0.628788,0.628788,0.247761
all_actives_unscored_ranked_last,671,0.504,0.632576,0.632576,0.248882
all_actives_unscored_ranked_last,672,0.505,0.632576,0.632576,0.248512
all_actives_unscored_ranked_last,673,0.506,0.632576,0.632576,0.248143
all_actives_unscored_ranked_last,674,0.507,0.632576,0.632576,0.247774
all_actives_unscored_ranked_last,675,0.508,0.632576,0.632576,0.247407
all_actives_unscored_ranked_last,676,0.509,0.632576,0.632576,0.247041
all_actives_unscored_ranked_last,677,0.51,0.632576,0.632576,0.246677
all_actives_unscored_ranked_last,678,0.511,0.632576,0.632576,0.246313
all_actives_unscored_ranked_last,679,0.511,0.636364,0.636364,0.247423
all_actives_unscored_ranked_last,680,0.512,0.636364,0.636364,0.247059
all_actives_unscored_ranked_last,681,0.513,0.636364,0.636364,0.246696
all_actives_unscored_ranked_last,682,0.514,0.636364,0.636364,0.246334
all_actives_unscored_ranked_last,683,0.515,0.636364,0.636364,0.245974
all_actives_unscored_ranked_last,684,0.516,0.636364,0.636364,0.245614
all_actives_unscored_ranked_last,685,0.517,0.636364,0.636364,0.245255
all_actives_unscored_ranked_last,686,0.517,0.640152,0.640152,0.246356
all_actives_unscored_ranked_last,687,0.518,0.640152,0.640152,0.245997
all_actives_unscored_ranked_last,688,0.518,0.643939,0.643939,0.247093
all_actives_unscored_ranked_last,689,0.519,0.643939,0.643939,0.246734
all_actives_unscored_ranked_last,690,0.52,0.643939,0.643939,0.246377
all_actives_unscored_ranked_last,691,0.52,0.647727,0.647727,0.247467
all_actives_unscored_ranked_last,692,0.521,0.647727,0.647727,0.24711
all_actives_unscored_ranked_last,693,0.522,0.647727,0.647727,0.246753
all_actives_unscored_ranked_last,694,0.523,0.647727,0.647727,0.246398
all_actives_unscored_ranked_last,695,0.524,0.647727,0.647727,0.246043
all_actives_unscored_ranked_last,696,0.525,0.647727,0.647727,0.24569
all_actives_unscored_ranked_last,697,0.526,0.647727,0.647727,0.245337
all_actives_unscored_ranked_last,698,0.527,0.647727,0.647727,0.244986
all_actives_unscored_ranked_last,699,0.528,0.647727,0.647727,0.244635
all_actives_unscored_ranked_last,700,0.528,0.651515,0.651515,0.245714
all_actives_unscored_ranked_last,701,0.529,0.651515,0.651515,0.245364
all_actives_unscored_ranked_last,702,0.53,0.651515,0.651515,0.245014
all_actives_unscored_ranked_last,703,0.531,0.651515,0.651515,0.244666
all_actives_unscored_ranked_last,704,0.532,0.651515,0.651515,0.244318
all_actives_unscored_ranked_last,705,0.532,0.655303,0.655303,0.24539
all_actives_unscored_ranked_last,706,0.533,0.655303,0.655303,0.245042
all_actives_unscored_ranked_last,707,0.534,0.655303,0.655303,0.244696
all_actives_unscored_ranked_last,708,0.534,0.659091,0.659091,0.245763
all_actives_unscored_ranked_last,709,0.535,0.659091,0.659091,0.245416
all_actives_unscored_ranked_last,710,0.536,0.659091,0.659091,0.24507
all_actives_unscored_ranked_last,711,0.537,0.659091,0.659091,0.244726
all_actives_unscored_ranked_last,712,0.537,0.662879,0.662879,0.245787
all_actives_unscored_ranked_last,713,0.538,0.662879,0.662879,0.245442
all_actives_unscored_ranked_last,714,0.539,0.662879,0.662879,0.245098
all_actives_unscored_ranked_last,715,0.54,0.662879,0.662879,0.244755
all_actives_unscored_ranked_last,716,0.541,0.662879,0.662879,0.244413
all_actives_unscored_ranked_last,717,0.542,0.662879,0.662879,0.244073
all_actives_unscored_ranked_last,718,0.543,0.662879,0.662879,0.243733
all_actives_unscored_ranked_last,719,0.544,0.662879,0.662879,0.243394
all_actives_unscored_ranked_last,720,0.544,0.666667,0.666667,0.244444
all_actives_unscored_ranked_last,721,0.545,0.666667,0.666667,0.244105
all_actives_unscored_ranked_last,722,0.545,0.670455,0.670455,0.245152
all_actives_unscored_ranked_last,723,0.546,0.670455,0.670455,0.244813
all_actives_unscored_ranked_last,724,0.547,0.670455,0.670455,0.244475
all_actives_unscored_ranked_last,725,0.548,0.670455,0.670455,0.244138
all_actives_unscored_ranked_last,726,0.549,0.670455,0.670455,0.243802
all_actives_unscored_ranked_last,727,0.55,0.670455,0.670455,0.243466
all_actives_unscored_ranked_last,728,0.55,0.674242,0.674242,0.244505
all_actives_unscored_ranked_last,729,0.551,0.674242,0.674242,0.24417
all_actives_unscored_ranked_last,730,0.552,0.674242,0.674242,0.243836
all_actives_unscored_ranked_last,731,0.552,0.67803,0.67803,0.24487
all_actives_unscored_ranked_last,732,0.553,0.67803,0.67803,0.244536
all_actives_unscored_ranked_last,733,0.554,0.67803,0.67803,0.244202
all_actives_unscored_ranked_last,734,0.555,0.67803,0.67803,0.243869
all_actives_unscored_ranked_last,735,0.556,0.67803,0.67803,0.243537
all_actives_unscored_ranked_last,736,0.557,0.67803,0.67803,0.243207
all_actives_unscored_ranked_last,737,0.557,0.681818,0.681818,0.244233
all_actives_unscored_ranked_last,738,0.558,0.681818,0.681818,0.243902
all_actives_unscored_ranked_last,739,0.558,0.685606,0.685606,0.244926
all_actives_unscored_ranked_last,740,0.559,0.685606,0.685606,0.244595
all_actives_unscored_ranked_last,741,0.56,0.685606,0.685606,0.244265
all_actives_unscored_ranked_last,742,0.561,0.685606,0.685606,0.243935
all_actives_unscored_ranked_last,743,0.562,0.685606,0.685606,0.243607
all_actives_unscored_ranked_last,744,0.562,0.689394,0.689394,0.244624
all_actives_unscored_ranked_last,745,0.562,0.693182,0.693182,0.245638
all_actives_unscored_ranked_last,746,0.563,0.693182,0.693182,0.245308
all_actives_unscored_ranked_last,747,0.564,0.693182,0.693182,0.24498
all_actives_unscored_ranked_last,748,0.565,0.693182,0.693182,0.244652
all_actives_unscored_ranked_last,749,0.565,0.69697,0.69697,0.245661
all_actives_unscored_ranked_last,750,0.566,0.69697,0.69697,0.245333
all_actives_unscored_ranked_last,751,0.567,0.69697,0.69697,0.245007
all_actives_unscored_ranked_last,752,0.568,0.69697,0.69697,0.244681
all_actives_unscored_ranked_last,753,0.569,0.69697,0.69697,0.244356
all_actives_unscored_ranked_last,754,0.57,0.69697,0.69697,0.244032
all_actives_unscored_ranked_last,755,0.571,0.69697,0.69697,0.243709
all_actives_unscored_ranked_last,756,0.572,0.69697,0.69697,0.243386
all_actives_unscored_ranked_last,757,0.573,0.69697,0.69697,0.243065
all_actives_unscored_ranked_last,758,0.574,0.69697,0.69697,0.242744
all_actives_unscored_ranked_last,759,0.575,0.69697,0.69697,0.242424
all_actives_unscored_ranked_last,760,0.575,0.700758,0.700758,0.243421
all_actives_unscored_ranked_last,761,0.576,0.700758,0.700758,0.243101
all_actives_unscored_ranked_last,762,0.577,0.700758,0.700758,0.242782
all_actives_unscored_ranked_last,763,0.577,0.704545,0.704545,0.243775
all_actives_unscored_ranked_last,764,0.578,0.704545,0.704545,0.243455
all_actives_unscored_ranked_last,765,0.579,0.704545,0.704545,0.243137
all_actives_unscored_ranked_last,766,0.58,0.704545,0.704545,0.24282
all_actives_unscored_ranked_last,767,0.581,0.704545,0.704545,0.242503
all_actives_unscored_ranked_last,768,0.582,0.704545,0.704545,0.242188
all_actives_unscored_ranked_last,769,0.583,0.704545,0.704545,0.241873
all_actives_unscored_ranked_last,770,0.584,0.704545,0.704545,0.241558
all_actives_unscored_ranked_last,771,0.585,0.704545,0.704545,0.241245
all_actives_unscored_ranked_last,772,0.586,0.704545,0.704545,0.240933
all_actives_unscored_ranked_last,773,0.587,0.704545,0.704545,0.240621
all_actives_unscored_ranked_last,774,0.588,0.704545,0.704545,0.24031
all_actives_unscored_ranked_last,775,0.589,0.704545,0.704545,0.24
all_actives_unscored_ranked_last,776,0.59,0.704545,0.704545,0.239691
all_actives_unscored_ranked_last,777,0.591,0.704545,0.704545,0.239382
all_actives_unscored_ranked_last,778,0.591,0.708333,0.708333,0.24036
all_actives_unscored_ranked_last,779,0.591,0.712121,0.712121,0.241335
all_actives_unscored_ranked_last,780,0.592,0.712121,0.712121,0.241026
all_actives_unscored_ranked_last,781,0.593,0.712121,0.712121,0.240717
all_actives_unscored_ranked_last,782,0.594,0.712121,0.712121,0.240409
all_actives_unscored_ranked_last,783,0.595,0.712121,0.712121,0.240102
all_actives_unscored_ranked_last,784,0.595,0.715909,0.715909,0.241071
all_actives_unscored_ranked_last,785,0.596,0.715909,0.715909,0.240764
all_actives_unscored_ranked_last,786,0.596,0.719697,0.719697,0.24173
all_actives_unscored_ranked_last,787,0.597,0.719697,0.719697,0.241423
all_actives_unscored_ranked_last,788,0.598,0.719697,0.719697,0.241117
all_actives_unscored_ranked_last,789,0.599,0.719697,0.719697,0.240811
all_actives_unscored_ranked_last,790,0.6,0.719697,0.719697,0.240506
all_actives_unscored_ranked_last,791,0.6,0.723485,0.723485,0.241466
all_actives_unscored_ranked_last,792,0.601,0.723485,0.723485,0.241162
all_actives_unscored_ranked_last,793,0.602,0.723485,0.723485,0.240858
all_actives_unscored_ranked_last,794,0.603,0.723485,0.723485,0.240554
all_actives_unscored_ranked_last,795,0.604,0.723485,0.723485,0.240252
all_actives_unscored_ranked_last,796,0.605,0.723485,0.723485,0.23995
all_actives_unscored_ranked_last,797,0.606,0.723485,0.723485,0.239649
all_actives_unscored_ranked_last,798,0.607,0.723485,0.723485,0.239348
all_actives_unscored_ranked_last,799,0.608,0.723485,0.723485,0.239049
all_actives_unscored_ranked_last,800,0.609,0.723485,0.723485,0.23875
all_actives_unscored_ranked_last,801,0.61,0.723485,0.723485,0.238452
all_actives_unscored_ranked_last,802,0.611,0.723485,0.723485,0.238155
all_actives_unscored_ranked_last,803,0.612,0.723485,0.723485,0.237858
all_actives_unscored_ranked_last,804,0.612,0.727273,0.727273,0.238806
all_actives_unscored_ranked_last,805,0.613,0.727273,0.727273,0.238509
all_actives_unscored_ranked_last,806,0.614,0.727273,0.727273,0.238213
all_actives_unscored_ranked_last,807,0.614,0.731061,0.731061,0.239157
all_actives_unscored_ranked_last,808,0.615,0.731061,0.731061,0.238861
all_actives_unscored_ranked_last,809,0.616,0.731061,0.731061,0.238566
all_actives_unscored_ranked_last,810,0.617,0.731061,0.731061,0.238272
all_actives_unscored_ranked_last,811,0.618,0.731061,0.731061,0.237978
all_actives_unscored_ranked_last,812,0.619,0.731061,0.731061,0.237685
all_actives_unscored_ranked_last,813,0.62,0.731061,0.731061,0.237392
all_actives_unscored_ranked_last,814,0.621,0.731061,0.731061,0.237101
all_actives_unscored_ranked_last,815,0.622,0.731061,0.731061,0.23681
all_actives_unscored_ranked_last,816,0.623,0.731061,0.731061,0.23652
all_actives_unscored_ranked_last,817,0.624,0.731061,0.731061,0.23623
all_actives_unscored_ranked_last,818,0.625,0.731061,0.731061,0.235941
all_actives_unscored_ranked_last,819,0.626,0.731061,0.731061,0.235653
all_actives_unscored_ranked_last,820,0.627,0.731061,0.731061,0.235366
all_actives_unscored_ranked_last,821,0.628,0.731061,0.731061,0.235079
all_actives_unscored_ranked_last,822,0.629,0.731061,0.731061,0.234793
all_actives_unscored_ranked_last,823,0.629,0.734848,0.734848,0.235723
all_actives_unscored_ranked_last,824,0.63,0.734848,0.734848,0.235437
all_actives_unscored_ranked_last,825,0.63,0.738636,0.738636,0.236364
all_actives_unscored_ranked_last,826,0.631,0.738636,0.738636,0.236077
all_actives_unscored_ranked_last,827,0.631,0.742424,0.742424,0.237001
all_actives_unscored_ranked_last,828,0.632,0.742424,0.742424,0.236715
all_actives_unscored_ranked_last,829,0.633,0.742424,0.742424,0.236429
all_actives_unscored_ranked_last,830,0.633,0.746212,0.746212,0.237349
all_actives_unscored_ranked_last,831,0.634,0.746212,0.746212,0.237064
all_actives_unscored_ranked_last,832,0.635,0.746212,0.746212,0.236779
all_actives_unscored_ranked_last,833,0.636,0.746212,0.746212,0.236495
all_actives_unscored_ranked_last,834,0.637,0.746212,0.746212,0.236211
all_actives_unscored_ranked_last,835,0.638,0.746212,0.746212,0.235928
all_actives_unscored_ranked_last,836,0.639,0.746212,0.746212,0.235646
all_actives_unscored_ranked_last,837,0.64,0.746212,0.746212,0.235364
all_actives_unscored_ranked_last,838,0.641,0.746212,0.746212,0.235084
all_actives_unscored_ranked_last,839,0.642,0.746212,0.746212,0.234803
all_actives_unscored_ranked_last,840,0.643,0.746212,0.746212,0.234524
all_actives_unscored_ranked_last,841,0.644,0.746212,0.746212,0.234245
all_actives_unscored_ranked_last,842,0.645,0.746212,0.746212,0.233967
all_actives_unscored_ranked_last,843,0.646,0.746212,0.746212,0.233689
all_actives_unscored_ranked_last,844,0.647,0.746212,0.746212,0.233412
all_actives_unscored_ranked_last,845,0.648,0.746212,0.746212,0.233136
all_actives_unscored_ranked_last,846,0.649,0.746212,0.746212,0.232861
all_actives_unscored_ranked_last,847,0.649,0.75,0.75,0.233766
all_actives_unscored_ranked_last,848,0.65,0.75,0.75,0.233491
all_actives_unscored_ranked_last,849,0.651,0.75,0.75,0.233216
all_actives_unscored_ranked_last,850,0.651,0.753788,0.753788,0.234118
all_actives_unscored_ranked_last,851,0.652,0.753788,0.753788,0.233843
all_actives_unscored_ranked_last,852,0.653,0.753788,0.753788,0.233568
all_actives_unscored_ranked_last,853,0.654,0.753788,0.753788,0.233294
all_actives_unscored_ranked_last,854,0.655,0.753788,0.753788,0.233021
all_actives_unscored_ranked_last,855,0.656,0.753788,0.753788,0.232749
all_actives_unscored_ranked_last,856,0.657,0.753788,0.753788,0.232477
all_actives_unscored_ranked_last,857,0.658,0.753788,0.753788,0.232205
all_actives_unscored_ranked_last,858,0.659,0.753788,0.753788,0.231935
all_actives_unscored_ranked_last,859,0.66,0.753788,0.753788,0.231665
all_actives_unscored_ranked_last,860,0.661,0.753788,0.753788,0.231395
all_actives_unscored_ranked_last,861,0.661,0.757576,0.757576,0.232288
all_actives_unscored_ranked_last,862,0.661,0.761364,0.761364,0.233179
all_actives_unscored_ranked_last,863,0.661,0.765152,0.765152,0.234067
all_actives_unscored_ranked_last,864,0.662,0.765152,0.765152,0.233796
all_actives_unscored_ranked_last,865,0.663,0.765152,0.765152,0.233526
all_actives_unscored_ranked_last,866,0.664,0.765152,0.765152,0.233256
all_actives_unscored_ranked_last,867,0.665,0.765152,0.765152,0.232987
all_actives_unscored_ranked_last,868,0.666,0.765152,0.765152,0.232719
all_actives_unscored_ranked_last,869,0.667,0.765152,0.765152,0.232451
all_actives_unscored_ranked_last,870,0.668,0.765152,0.765152,0.232184
all_actives_unscored_ranked_last,871,0.669,0.765152,0.765152,0.231917
all_actives_unscored_ranked_last,872,0.67,0.765152,0.765152,0.231651
all_actives_unscored_ranked_last,873,0.671,0.765152,0.765152,0.231386
all_actives_unscored_ranked_last,874,0.671,0.768939,0.768939,0.232265
all_actives_unscored_ranked_last,875,0.672,0.768939,0.768939,0.232
all_actives_unscored_ranked_last,876,0.673,0.768939,0.768939,0.231735
all_actives_unscored_ranked_last,877,0.673,0.772727,0.772727,0.232611
all_actives_unscored_ranked_last,878,0.674,0.772727,0.772727,0.232346
all_actives_unscored_ranked_last,879,0.675,0.772727,0.772727,0.232082
all_actives_unscored_ranked_last,880,0.676,0.772727,0.772727,0.231818
all_actives_unscored_ranked_last,881,0.677,0.772727,0.772727,0.231555
all_actives_unscored_ranked_last,882,0.678,0.772727,0.772727,0.231293
all_actives_unscored_ranked_last,883,0.679,0.772727,0.772727,0.231031
all_actives_unscored_ranked_last,884,0.679,0.776515,0.776515,0.2319
all_actives_unscored_ranked_last,885,0.68,0.776515,0.776515,0.231638
all_actives_unscored_ranked_last,886,0.681,0.776515,0.776515,0.231377
all_actives_unscored_ranked_last,887,0.681,0.780303,0.780303,0.232244
all_actives_unscored_ranked_last,888,0.682,0.780303,0.780303,0.231982
all_actives_unscored_ranked_last,889,0.683,0.780303,0.780303,0.231721
all_actives_unscored_ranked_last,890,0.684,0.780303,0.780303,0.231461
all_actives_unscored_ranked_last,891,0.685,0.780303,0.780303,0.231201
all_actives_unscored_ranked_last,892,0.686,0.780303,0.780303,0.230942
all_actives_unscored_ranked_last,893,0.687,0.780303,0.780303,0.230683
all_actives_unscored_ranked_last,894,0.687,0.784091,0.784091,0.231544
all_actives_unscored_ranked_last,895,0.688,0.784091,0.784091,0.231285
all_actives_unscored_ranked_last,896,0.689,0.784091,0.784091,0.231027
all_actives_unscored_ranked_last,897,0.69,0.784091,0.784091,0.230769
all_actives_unscored_ranked_last,898,0.691,0.784091,0.784091,0.230512
all_actives_unscored_ranked_last,899,0.691,0.787879,0.787879,0.231368
all_actives_unscored_ranked_last,900,0.692,0.787879,0.787879,0.231111
all_actives_unscored_ranked_last,901,0.693,0.787879,0.787879,0.230855
all_actives_unscored_ranked_last,902,0.694,0.787879,0.787879,0.230599
all_actives_unscored_ranked_last,903,0.695,0.787879,0.787879,0.230343
all_actives_unscored_ranked_last,904,0.696,0.787879,0.787879,0.230088
all_actives_unscored_ranked_last,905,0.697,0.787879,0.787879,0.229834
all_actives_unscored_ranked_last,906,0.697,0.791667,0.791667,0.230684
all_actives_unscored_ranked_last,907,0.698,0.791667,0.791667,0.23043
all_actives_unscored_ranked_last,908,0.699,0.791667,0.791667,0.230176
all_actives_unscored_ranked_last,909,0.7,0.791667,0.791667,0.229923
all_actives_unscored_ranked_last,910,0.701,0.791667,0.791667,0.22967
all_actives_unscored_ranked_last,911,0.701,0.795455,0.795455,0.230516
all_actives_unscored_ranked_last,912,0.702,0.795455,0.795455,0.230263
all_actives_unscored_ranked_last,913,0.703,0.795455,0.795455,0.230011
all_actives_unscored_ranked_last,914,0.704,0.795455,0.795455,0.229759
all_actives_unscored_ranked_last,915,0.705,0.795455,0.795455,0.229508
all_actives_unscored_ranked_last,916,0.706,0.795455,0.795455,0.229258
all_actives_unscored_ranked_last,917,0.707,0.795455,0.795455,0.229008
all_actives_unscored_ranked_last,918,0.708,0.795455,0.795455,0.228758
all_actives_unscored_ranked_last,919,0.709,0.795455,0.795455,0.228509
all_actives_unscored_ranked_last,920,0.71,0.795455,0.795455,0.228261
all_actives_unscored_ranked_last,921,0.711,0.795455,0.795455,0.228013
all_actives_unscored_ranked_last,922,0.712,0.795455,0.795455,0.227766
all_actives_unscored_ranked_last,923,0.713,0.795455,0.795455,0.227519
all_actives_unscored_ranked_last,924,0.714,0.795455,0.795455,0.227273
all_actives_unscored_ranked_last,925,0.715,0.795455,0.795455,0.227027
all_actives_unscored_ranked_last,926,0.716,0.795455,0.795455,0.226782
all_actives_unscored_ranked_last,927,0.717,0.795455,0.795455,0.226537
all_actives_unscored_ranked_last,928,0.717,0.799242,0.799242,0.227371
all_actives_unscored_ranked_last,929,0.718,0.799242,0.799242,0.227126
all_actives_unscored_ranked_last,930,0.719,0.799242,0.799242,0.226882
all_actives_unscored_ranked_last,931,0.72,0.799242,0.799242,0.226638
all_actives_unscored_ranked_last,932,0.721,0.799242,0.799242,0.226395
all_actives_unscored_ranked_last,933,0.721,0.80303,0.80303,0.227224
all_actives_unscored_ranked_last,934,0.722,0.80303,0.80303,0.226981
all_actives_unscored_ranked_last,935,0.723,0.80303,0.80303,0.226738
all_actives_unscored_ranked_last,936,0.724,0.80303,0.80303,0.226496
all_actives_unscored_ranked_last,937,0.724,0.806818,0.806818,0.227321
all_actives_unscored_ranked_last,938,0.725,0.806818,0.806818,0.227079
all_actives_unscored_ranked_last,939,0.726,0.806818,0.806818,0.226837
all_actives_unscored_ranked_last,940,0.726,0.810606,0.810606,0.22766
all_actives_unscored_ranked_last,941,0.727,0.810606,0.810606,0.227418
all_actives_unscored_ranked_last,942,0.727,0.814394,0.814394,0.228238
all_actives_unscored_ranked_last,943,0.728,0.814394,0.814394,0.227996
all_actives_unscored_ranked_last,944,0.729,0.814394,0.814394,0.227754
all_actives_unscored_ranked_last,945,0.73,0.814394,0.814394,0.227513
all_actives_unscored_ranked_last,946,0.731,0.814394,0.814394,0.227273
all_actives_unscored_ranked_last,947,0.731,0.818182,0.818182,0.228089
all_actives_unscored_ranked_last,948,0.732,0.818182,0.818182,0.227848
all_actives_unscored_ranked_last,949,0.733,0.818182,0.818182,0.227608
all_actives_unscored_ranked_last,950,0.734,0.818182,0.818182,0.227368
all_actives_unscored_ranked_last,951,0.735,0.818182,0.818182,0.227129
all_actives_unscored_ranked_last,952,0.736,0.818182,0.818182,0.226891
all_actives_unscored_ranked_last,953,0.736,0.82197,0.82197,0.227702
all_actives_unscored_ranked_last,954,0.737,0.82197,0.82197,0.227463
all_actives_unscored_ranked_last,955,0.738,0.82197,0.82197,0.227225
all_actives_unscored_ranked_last,956,0.739,0.82197,0.82197,0.226987
all_actives_unscored_ranked_last,957,0.74,0.82197,0.82197,0.22675
all_actives_unscored_ranked_last,958,0.741,0.82197,0.82197,0.226514
all_actives_unscored_ranked_last,959,0.741,0.825758,0.825758,0.22732
all_actives_unscored_ranked_last,960,0.742,0.825758,0.825758,0.227083
all_actives_unscored_ranked_last,961,0.743,0.825758,0.825758,0.226847
all_actives_unscored_ranked_last,962,0.744,0.825758,0.825758,0.226611
all_actives_unscored_ranked_last,963,0.745,0.825758,0.825758,0.226376
all_actives_unscored_ranked_last,964,0.746,0.825758,0.825758,0.226141
all_actives_unscored_ranked_last,965,0.746,0.829545,0.829545,0.226943
all_actives_unscored_ranked_last,966,0.747,0.829545,0.829545,0.226708
all_actives_unscored_ranked_last,967,0.747,0.833333,0.833333,0.227508
all_actives_unscored_ranked_last,968,0.747,0.837121,0.837121,0.228306
all_actives_unscored_ranked_last,969,0.748,0.837121,0.837121,0.22807
all_actives_unscored_ranked_last,970,0.749,0.837121,0.837121,0.227835
all_actives_unscored_ranked_last,971,0.749,0.840909,0.840909,0.22863
all_actives_unscored_ranked_last,972,0.75,0.840909,0.840909,0.228395
all_actives_unscored_ranked_last,973,0.75,0.844697,0.844697,0.229188
all_actives_unscored_ranked_last,974,0.75,0.848485,0.848485,0.229979
all_actives_unscored_ranked_last,975,0.751,0.848485,0.848485,0.229744
all_actives_unscored_ranked_last,976,0.752,0.848485,0.848485,0.229508
all_actives_unscored_ranked_last,977,0.753,0.848485,0.848485,0.229273
all_actives_unscored_ranked_last,978,0.754,0.848485,0.848485,0.229039
all_actives_unscored_ranked_last,979,0.754,0.852273,0.852273,0.229826
all_actives_unscored_ranked_last,980,0.755,0.852273,0.852273,0.229592
all_actives_unscored_ranked_last,981,0.756,0.852273,0.852273,0.229358
all_actives_unscored_ranked_last,982,0.757,0.852273,0.852273,0.229124
all_actives_unscored_ranked_last,983,0.758,0.852273,0.852273,0.228891
all_actives_unscored_ranked_last,984,0.758,0.856061,0.856061,0.229675
all_actives_unscored_ranked_last,985,0.759,0.856061,0.856061,0.229442
all_actives_unscored_ranked_last,986,0.76,0.856061,0.856061,0.229209
all_actives_unscored_ranked_last,987,0.761,0.856061,0.856061,0.228977
all_actives_unscored_ranked_last,988,0.762,0.856061,0.856061,0.228745
all_actives_unscored_ranked_last,989,0.763,0.856061,0.856061,0.228514
all_actives_unscored_ranked_last,990,0.764,0.856061,0.856061,0.228283
all_actives_unscored_ranked_last,991,0.765,0.856061,0.856061,0.228052
all_actives_unscored_ranked_last,992,0.766,0.856061,0.856061,0.227823
all_actives_unscored_ranked_last,993,0.767,0.856061,0.856061,0.227593
all_actives_unscored_ranked_last,994,0.768,0.856061,0.856061,0.227364
all_actives_unscored_ranked_last,995,0.769,0.856061,0.856061,0.227136
all_actives_unscored_ranked_last,996,0.77,0.856061,0.856061,0.226908
all_actives_unscored_ranked_last,997,0.771,0.856061,0.856061,0.22668
all_actives_unscored_ranked_last,998,0.771,0.859848,0.859848,0.227455
all_actives_unscored_ranked_last,999,0.771,0.863636,0.863636,0.228228
all_actives_unscored_ranked_last,1000,0.771,0.867424,0.867424,0.229
all_actives_unscored_ranked_last,1001,0.772,0.867424,0.867424,0.228771
all_actives_unscored_ranked_last,1002,0.773,0.867424,0.867424,0.228543
all_actives_unscored_ranked_last,1003,0.774,0.867424,0.867424,0.228315
all_actives_unscored_ranked_last,1004,0.775,0.867424,0.867424,0.228088
all_actives_unscored_ranked_last,1005,0.776,0.867424,0.867424,0.227861
all_actives_unscored_ranked_last,1006,0.777,0.867424,0.867424,0.227634
all_actives_unscored_ranked_last,1007,0.777,0.871212,0.871212,0.228401
all_actives_unscored_ranked_last,1008,0.778,0.871212,0.871212,0.228175
all_actives_unscored_ranked_last,1009,0.778,0.875,0.875,0.22894
all_actives_unscored_ranked_last,1010,0.779,0.875,0.875,0.228713
all_actives_unscored_ranked_last,1011,0.78,0.875,0.875,0.228487
all_actives_unscored_ranked_last,1012,0.78,0.878788,0.878788,0.229249
all_actives_unscored_ranked_last,1013,0.78,0.882576,0.882576,0.23001
all_actives_unscored_ranked_last,1014,0.781,0.882576,0.882576,0.229783
all_actives_unscored_ranked_last,1015,0.782,0.882576,0.882576,0.229557
all_actives_unscored_ranked_last,1016,0.783,0.882576,0.882576,0.229331
all_actives_unscored_ranked_last,1017,0.783,0.886364,0.886364,0.230088
all_actives_unscored_ranked_last,1018,0.784,0.886364,0.886364,0.229862
all_actives_unscored_ranked_last,1019,0.784,0.890152,0.890152,0.230618
all_actives_unscored_ranked_last,1020,0.785,0.890152,0.890152,0.230392
all_actives_unscored_ranked_last,1021,0.786,0.890152,0.890152,0.230167
all_actives_unscored_ranked_last,1022,0.786,0.893939,0.893939,0.23092
all_actives_unscored_ranked_last,1023,0.786,0.897727,0.897727,0.231672
all_actives_unscored_ranked_last,1024,0.787,0.897727,0.897727,0.231445
all_actives_unscored_ranked_last,1025,0.787,0.901515,0.901515,0.232195
all_actives_unscored_ranked_last,1026,0.788,0.901515,0.901515,0.231969
all_actives_unscored_ranked_last,1027,0.789,0.901515,0.901515,0.231743
all_actives_unscored_ranked_last,1028,0.79,0.901515,0.901515,0.231518
all_actives_unscored_ranked_last,1029,0.791,0.901515,0.901515,0.231293
all_actives_unscored_ranked_last,1030,0.792,0.901515,0.901515,0.231068
all_actives_unscored_ranked_last,1031,0.793,0.901515,0.901515,0.230844
all_actives_unscored_ranked_last,1032,0.794,0.901515,0.901515,0.23062
all_actives_unscored_ranked_last,1033,0.794,0.905303,0.905303,0.231365
all_actives_unscored_ranked_last,1034,0.794,0.909091,0.909091,0.232108
all_actives_unscored_ranked_last,1035,0.795,0.909091,0.909091,0.231884
all_actives_unscored_ranked_last,1036,0.796,0.909091,0.909091,0.23166
all_actives_unscored_ranked_last,1037,0.797,0.909091,0.909091,0.231437
all_actives_unscored_ranked_last,1038,0.798,0.909091,0.909091,0.231214
all_actives_unscored_ranked_last,1039,0.798,0.912879,0.912879,0.231954
all_actives_unscored_ranked_last,1040,0.798,0.916667,0.916667,0.232692
all_actives_unscored_ranked_last,1041,0.799,0.916667,0.916667,0.232469
all_actives_unscored_ranked_last,1042,0.799,0.920455,0.920455,0.233205
all_actives_unscored_ranked_last,1043,0.8,0.920455,0.920455,0.232982
all_actives_unscored_ranked_last,1044,0.801,0.920455,0.920455,0.232759
all_actives_unscored_ranked_last,1045,0.801,0.924242,0.924242,0.233493
all_actives_unscored_ranked_last,1046,0.802,0.924242,0.924242,0.23327
all_actives_unscored_ranked_last,1047,0.803,0.924242,0.924242,0.233047
all_actives_unscored_ranked_last,1048,0.804,0.924242,0.924242,0.232824
all_actives_unscored_ranked_last,1049,0.805,0.924242,0.924242,0.232602
all_actives_unscored_ranked_last,1050,0.806,0.924242,0.924242,0.232381
all_actives_unscored_ranked_last,1051,0.806,0.92803,0.92803,0.233111
all_actives_unscored_ranked_last,1052,0.807,0.92803,0.92803,0.23289
all_actives_unscored_ranked_last,1053,0.807,0.931818,0.931818,0.233618
all_actives_unscored_ranked_last,1054,0.807,0.935606,0.935606,0.234345
all_actives_unscored_ranked_last,1055,0.807,0.939394,0.939394,0.235071
all_actives_unscored_ranked_last,1056,0.807,0.943182,0.943182,0.235795
all_actives_unscored_ranked_last,1057,0.808,0.943182,0.943182,0.235572
all_actives_unscored_ranked_last,1058,0.809,0.943182,0.943182,0.23535
all_actives_unscored_ranked_last,1059,0.809,0.94697,0.94697,0.236072
all_actives_unscored_ranked_last,1060,0.809,0.950758,0.950758,0.236792
all_actives_unscored_ranked_last,1061,0.809,0.954545,0.954545,0.237512
all_actives_unscored_ranked_last,1062,0.81,0.954545,0.954545,0.237288
all_actives_unscored_ranked_last,1063,0.811,0.954545,0.954545,0.237065
all_actives_unscored_ranked_last,1064,0.812,0.954545,0.954545,0.236842
all_actives_unscored_ranked_last,1065,0.813,0.954545,0.954545,0.23662
all_actives_unscored_ranked_last,1066,0.814,0.954545,0.954545,0.236398
all_actives_unscored_ranked_last,1067,0.815,0.954545,0.954545,0.236176
all_actives_unscored_ranked_last,1068,0.816,0.954545,0.954545,0.235955
all_actives_unscored_ranked_last,1069,0.816,0.958333,0.958333,0.23667
all_actives_unscored_ranked_last,1070,0.817,0.958333,0.958333,0.236449
all_actives_unscored_ranked_last,1071,0.818,0.958333,0.958333,0.236228
all_actives_unscored_ranked_last,1072,0.819,0.958333,0.958333,0.236007
all_actives_unscored_ranked_last,1073,0.82,0.958333,0.958333,0.235788
all_actives_unscored_ranked_last,1074,0.821,0.958333,0.958333,0.235568
all_actives_unscored_ranked_last,1075,0.822,0.958333,0.958333,0.235349
all_actives_unscored_ranked_last,1076,0.823,0.958333,0.958333,0.23513
all_actives_unscored_ranked_last,1077,0.823,0.962121,0.962121,0.23584
all_actives_unscored_ranked_last,1078,0.823,0.965909,0.965909,0.236549
all_actives_unscored_ranked_last,1079,0.824,0.965909,0.965909,0.23633
all_actives_unscored_ranked_last,1080,0.825,0.965909,0.965909,0.236111
all_actives_unscored_ranked_last,1081,0.826,0.965909,0.965909,0.235893
all_actives_unscored_ranked_last,1082,0.827,0.965909,0.965909,0.235675
all_actives_unscored_ranked_last,1083,0.828,0.965909,0.965909,0.235457
all_actives_unscored_ranked_last,1084,0.828,0.969697,0.969697,0.236162
all_actives_unscored_ranked_last,1085,0.829,0.969697,0.969697,0.235945
all_actives_unscored_ranked_last,1086,0.83,0.969697,0.969697,0.235727
all_actives_unscored_ranked_last,1087,0.831,0.969697,0.969697,0.235511
all_actives_unscored_ranked_last,1088,0.831,0.973485,0.973485,0.236213
all_actives_unscored_ranked_last,1089,0.832,0.973485,0.973485,0.235996
all_actives_unscored_ranked_last,1090,0.833,0.973485,0.973485,0.23578
all_actives_unscored_ranked_last,1091,0.834,0.973485,0.973485,0.235564
all_actives_unscored_ranked_last,1092,0.835,0.973485,0.973485,0.235348
all_actives_unscored_ranked_last,1093,0.836,0.973485,0.973485,0.235133
all_actives_unscored_ranked_last,1094,0.836,0.977273,0.977273,0.235832
all_actives_unscored_ranked_last,1095,0.836,0.981061,0.981061,0.23653
all_actives_unscored_ranked_last,1096,0.837,0.981061,0.981061,0.236314
all_actives_unscored_ranked_last,1097,0.838,0.981061,0.981061,0.236098
all_actives_unscored_ranked_last,1098,0.839,0.981061,0.981061,0.235883
all_actives_unscored_ranked_last,1099,0.84,0.981061,0.981061,0.235669
all_actives_unscored_ranked_last,1100,0.841,0.981061,0.981061,0.235455
all_actives_unscored_ranked_last,1101,0.842,0.981061,0.981061,0.235241
all_actives_unscored_ranked_last,1102,0.843,0.981061,0.981061,0.235027
all_actives_unscored_ranked_last,1103,0.844,0.981061,0.981061,0.234814
all_actives_unscored_ranked_last,1104,0.845,0.981061,0.981061,0.234601
all_actives_unscored_ranked_last,1105,0.846,0.981061,0.981061,0.234389
all_actives_unscored_ranked_last,1106,0.847,0.981061,0.981061,0.234177
all_actives_unscored_ranked_last,1107,0.848,0.981061,0.981061,0.233966
all_actives_unscored_ranked_last,1108,0.848,0.984848,0.984848,0.234657
all_actives_unscored_ranked_last,1109,0.849,0.984848,0.984848,0.234445
all_actives_unscored_ranked_last,1110,0.85,0.984848,0.984848,0.234234
all_actives_unscored_ranked_last,1111,0.851,0.984848,0.984848,0.234023
all_actives_unscored_ranked_last,1112,0.852,0.984848,0.984848,0.233813
all_actives_unscored_ranked_last,1113,0.853,0.984848,0.984848,0.233603
all_actives_unscored_ranked_last,1114,0.854,0.984848,0.984848,0.233393
all_actives_unscored_ranked_last,1115,0.854,0.988636,0.988636,0.234081
all_actives_unscored_ranked_last,1116,0.855,0.988636,0.988636,0.233871
all_actives_unscored_ranked_last,1117,0.856,0.988636,0.988636,0.233662
all_actives_unscored_ranked_last,1118,0.857,0.988636,0.988636,0.233453
all_actives_unscored_ranked_last,1119,0.858,0.988636,0.988636,0.233244
all_actives_unscored_ranked_last,1120,0.859,0.988636,0.988636,0.233036
all_actives_unscored_ranked_last,1121,0.86,0.988636,0.988636,0.232828
all_actives_unscored_ranked_last,1122,0.861,0.988636,0.988636,0.23262
all_actives_unscored_ranked_last,1123,0.862,0.988636,0.988636,0.232413
all_actives_unscored_ranked_last,1124,0.863,0.988636,0.988636,0.232206
all_actives_unscored_ranked_last,1125,0.864,0.988636,0.988636,0.232
all_actives_unscored_ranked_last,1126,0.864,0.992424,0.992424,0.232682
all_actives_unscored_ranked_last,1127,0.865,0.992424,0.992424,0.232476
all_actives_unscored_ranked_last,1128,0.866,0.992424,0.992424,0.23227
all_actives_unscored_ranked_last,1129,0.867,0.992424,0.992424,0.232064
all_actives_unscored_ranked_last,1130,0.868,0.992424,0.992424,0.231858
all_actives_unscored_ranked_last,1131,0.869,0.992424,0.992424,0.231653
all_actives_unscored_ranked_last,1132,0.869,0.996212,0.996212,0.232332
all_actives_unscored_ranked_last,1133,0.87,0.996212,0.996212,0.232127
all_actives_unscored_ranked_last,1134,0.871,0.996212,0.996212,0.231922
all_actives_unscored_ranked_last,1135,0.872,0.996212,0.996212,0.231718
all_actives_unscored_ranked_last,1136,0.872,1.0,1.0,0.232394
all_actives_unscored_ranked_last,1137,0.873,1.0,1.0,0.23219
all_actives_unscored_ranked_last,1138,0.874,1.0,1.0,0.231986
all_actives_unscored_ranked_last,1139,0.875,1.0,1.0,0.231782
all_actives_unscored_ranked_last,1140,0.876,1.0,1.0,0.231579
all_actives_unscored_ranked_last,1141,0.877,1.0,1.0,0.231376
all_actives_unscored_ranked_last,1142,0.878,1.0,1.0,0.231173
all_actives_unscored_ranked_last,1143,0.879,1.0,1.0,0.230971
all_actives_unscored_ranked_last,1144,0.88,1.0,1.0,0.230769
all_actives_unscored_ranked_last,1145,0.881,1.0,1.0,0.230568
all_actives_unscored_ranked_last,1146,0.882,1.0,1.0,0.230366
all_actives_unscored_ranked_last,1147,0.883,1.0,1.0,0.230166
all_actives_unscored_ranked_last,1148,0.884,1.0,1.0,0.229965
all_actives_unscored_ranked_last,1149,0.885,1.0,1.0,0.229765
all_actives_unscored_ranked_last,1150,0.886,1.0,1.0,0.229565
all_actives_unscored_ranked_last,1151,0.887,1.0,1.0,0.229366
all_actives_unscored_ranked_last,1152,0.888,1.0,1.0,0.229167
all_actives_unscored_ranked_last,1153,0.889,1.0,1.0,0.228968
all_actives_unscored_ranked_last,1154,0.89,1.0,1.0,0.228769
all_actives_unscored_ranked_last,1155,0.891,1.0,1.0,0.228571
all_actives_unscored_ranked_last,1156,0.892,1.0,1.0,0.228374
all_actives_unscored_ranked_last,1157,0.893,1.0,1.0,0.228176
all_actives_unscored_ranked_last,1158,0.894,1.0,1.0,0.227979
all_actives_unscored_ranked_last,1159,0.895,1.0,1.0,0.227783
all_actives_unscored_ranked_last,1160,0.896,1.0,1.0,0.227586
all_actives_unscored_ranked_last,1161,0.897,1.0,1.0,0.22739
all_actives_unscored_ranked_last,1162,0.898,1.0,1.0,0.227194
all_actives_unscored_ranked_last,1163,0.899,1.0,1.0,0.226999
all_actives_unscored_ranked_last,1164,0.9,1.0,1.0,0.226804
all_actives_unscored_ranked_last,1165,0.901,1.0,1.0,0.226609
all_actives_unscored_ranked_last,1166,0.902,1.0,1.0,0.226415
all_actives_unscored_ranked_last,1167,0.903,1.0,1.0,0.226221
all_actives_unscored_ranked_last,1168,0.904,1.0,1.0,0.226027
all_actives_unscored_ranked_last,1169,0.905,1.0,1.0,0.225834
all_actives_unscored_ranked_last,1170,0.906,1.0,1.0,0.225641
all_actives_unscored_ranked_last,1171,0.907,1.0,1.0,0.225448
all_actives_unscored_ranked_last,1172,0.908,1.0,1.0,0.225256
all_actives_unscored_ranked_last,1173,0.909,1.0,1.0,0.225064
all_actives_unscored_ranked_last,1174,0.91,1.0,1.0,0.224872
all_actives_unscored_ranked_last,1175,0.911,1.0,1.0,0.224681
all_actives_unscored_ranked_last,1176,0.912,1.0,1.0,0.22449
all_actives_unscored_ranked_last,1177,0.913,1.0,1.0,0.224299
all_actives_unscored_ranked_last,1178,0.914,1.0,1.0,0.224109
all_actives_unscored_ranked_last,1179,0.915,1.0,1.0,0.223919
all_actives_unscored_ranked_last,1180,0.916,1.0,1.0,0.223729
all_actives_unscored_ranked_last,1181,0.917,1.0,1.0,0.223539
all_actives_unscored_ranked_last,1182,0.918,1.0,1.0,0.22335
all_actives_unscored_ranked_last,1183,0.919,1.0,1.0,0.223161
all_actives_unscored_ranked_last,1184,0.92,1.0,1.0,0.222973
all_actives_unscored_ranked_last,1185,0.921,1.0,1.0,0.222785
all_actives_unscored_ranked_last,1186,0.922,1.0,1.0,0.222597
all_actives_unscored_ranked_last,1187,0.923,1.0,1.0,0.222409
all_actives_unscored_ranked_last,1188,0.924,1.0,1.0,0.222222
all_actives_unscored_ranked_last,1189,0.925,1.0,1.0,0.222035
all_actives_unscored_ranked_last,1190,0.926,1.0,1.0,0.221849
all_actives_unscored_ranked_last,1191,0.927,1.0,1.0,0.221662
all_actives_unscored_ranked_last,1192,0.928,1.0,1.0,0.221477
all_actives_unscored_ranked_last,1193,0.929,1.0,1.0,0.221291
all_actives_unscored_ranked_last,1194,0.93,1.0,1.0,0.221106
all_actives_unscored_ranked_last,1195,0.931,1.0,1.0,0.220921
all_actives_unscored_ranked_last,1196,0.932,1.0,1.0,0.220736
all_actives_unscored_ranked_last,1197,0.933,1.0,1.0,0.220551
all_actives_unscored_ranked_last,1198,0.934,1.0,1.0,0.220367
all_actives_unscored_ranked_last,1199,0.935,1.0,1.0,0.220183
all_actives_unscored_ranked_last,1200,0.936,1.0,1.0,0.22
all_actives_unscored_ranked_last,1201,0.937,1.0,1.0,0.219817
all_actives_unscored_ranked_last,1202,0.938,1.0,1.0,0.219634
all_actives_unscored_ranked_last,1203,0.939,1.0,1.0,0.219451
all_actives_unscored_ranked_last,1204,0.94,1.0,1.0,0.219269
all_actives_unscored_ranked_last,1205,0.941,1.0,1.0,0.219087
all_actives_unscored_ranked_last,1206,0.942,1.0,1.0,0.218905
all_actives_unscored_ranked_last,1207,0.943,1.0,1.0,0.218724
all_actives_unscored_ranked_last,1208,0.944,1.0,1.0,0.218543
all_actives_unscored_ranked_last,1209,0.945,1.0,1.0,0.218362
all_actives_unscored_ranked_last,1210,0.946,1.0,1.0,0.218182
all_actives_unscored_ranked_last,1211,0.947,1.0,1.0,0.218002
all_actives_unscored_ranked_last,1212,0.948,1.0,1.0,0.217822
all_actives_unscored_ranked_last,1213,0.949,1.0,1.0,0.217642
all_actives_unscored_ranked_last,1214,0.95,1.0,1.0,0.217463
all_actives_unscored_ranked_last,1215,0.951,1.0,1.0,0.217284
all_actives_unscored_ranked_last,1216,0.952,1.0,1.0,0.217105
all_actives_unscored_ranked_last,1217,0.953,1.0,1.0,0.216927
all_actives_unscored_ranked_last,1218,0.954,1.0,1.0,0.216749
all_actives_unscored_ranked_last,1219,0.955,1.0,1.0,0.216571
all_actives_unscored_ranked_last,1220,0.956,1.0,1.0,0.216393
all_actives_unscored_ranked_last,1221,0.957,1.0,1.0,0.216216
all_actives_unscored_ranked_last,1222,0.958,1.0,1.0,0.216039
all_actives_unscored_ranked_last,1223,0.959,1.0,1.0,0.215863
all_actives_unscored_ranked_last,1224,0.96,1.0,1.0,0.215686
all_actives_unscored_ranked_last,1225,0.961,1.0,1.0,0.21551
all_actives_unscored_ranked_last,1226,0.962,1.0,1.0,0.215334
all_actives_unscored_ranked_last,1227,0.963,1.0,1.0,0.215159
all_actives_unscored_ranked_last,1228,0.964,1.0,1.0,0.214984
all_actives_unscored_ranked_last,1229,0.965,1.0,1.0,0.214809
all_actives_unscored_ranked_last,1230,0.966,1.0,1.0,0.214634
all_actives_unscored_ranked_last,1231,0.967,1.0,1.0,0.21446
all_actives_unscored_ranked_last,1232,0.968,1.0,1.0,0.214286
all_actives_unscored_ranked_last,1233,0.969,1.0,1.0,0.214112
all_actives_unscored_ranked_last,1234,0.97,1.0,1.0,0.213938
all_actives_unscored_ranked_last,1235,0.971,1.0,1.0,0.213765
all_actives_unscored_ranked_last,1236,0.972,1.0,1.0,0.213592
all_actives_unscored_ranked_last,1237,0.973,1.0,1.0,0.21342
all_actives_unscored_ranked_last,1238,0.974,1.0,1.0,0.213247
all_actives_unscored_ranked_last,1239,0.975,1.0,1.0,0.213075
all_actives_unscored_ranked_last,1240,0.976,1.0,1.0,0.212903
all_actives_unscored_ranked_last,1241,0.977,1.0,1.0,0.212732
all_actives_unscored_ranked_last,1242,0.978,1.0,1.0,0.21256
all_actives_unscored_ranked_last,1243,0.979,1.0,1.0,0.212389
all_actives_unscored_ranked_last,1244,0.98,1.0,1.0,0.212219
all_actives_unscored_ranked_last,1245,0.981,1.0,1.0,0.212048
all_actives_unscored_ranked_last,1246,0.982,1.0,1.0,0.211878
all_actives_unscored_ranked_last,1247,0.983,1.0,1.0,0.211708
all_actives_unscored_ranked_last,1248,0.984,1.0,1.0,0.211538
all_actives_unscored_ranked_last,1249,0.985,1.0,1.0,0.211369
all_actives_unscored_ranked_last,1250,0.986,1.0,1.0,0.2112
all_actives_unscored_ranked_last,1251,0.987,1.0,1.0,0.211031
all_actives_unscored_ranked_last,1252,0.988,1.0,1.0,0.210863
all_actives_unscored_ranked_last,1253,0.989,1.0,1.0,0.210694
all_actives_unscored_ranked_last,1254,0.99,1.0,1.0,0.210526
all_actives_unscored_ranked_last,1255,0.991,1.0,1.0,0.210359
all_actives_unscored_ranked_last,1256,0.992,1.0,1.0,0.210191
all_actives_unscored_ranked_last,1257,0.993,1.0,1.0,0.210024
all_actives_unscored_ranked_last,1258,0.994,1.0,1.0,0.209857
all_actives_unscored_ranked_last,1259,0.995,1.0,1.0,0.20969
all_actives_unscored_ranked_last,1260,0.996,1.0,1.0,0.209524
all_actives_unscored_ranked_last,1261,0.997,1.0,1.0,0.209358
all_actives_unscored_ranked_last,1262,0.998,1.0,1.0,0.209192
all_actives_unscored_ranked_last,1263,0.999,1.0,1.0,0.209026
all_actives_unscored_ranked_last,1264,1.0,1.0,1.0,0.208861
all_actives_unscored_ranked_last,1264,1.0,1.0,1.0,0.208861
covalent_only_unscored_ranked_last,0,0.0,0.0,0.00885,1.0
covalent_only_unscored_ranked_last,1,0.0,0.00885,0.00885,1.0
covalent_only_unscored_ranked_last,2,0.001,0.00885,0.00885,0.5
covalent_only_unscored_ranked_last,3,0.002,0.00885,0.00885,0.333333
covalent_only_unscored_ranked_last,4,0.003,0.00885,0.00885,0.25
covalent_only_unscored_ranked_last,5,0.003,0.017699,0.017699,0.4
covalent_only_unscored_ranked_last,6,0.004,0.017699,0.017699,0.333333
covalent_only_unscored_ranked_last,7,0.004,0.026549,0.026549,0.428571
covalent_only_unscored_ranked_last,8,0.005,0.026549,0.026549,0.375
covalent_only_unscored_ranked_last,9,0.005,0.035398,0.035398,0.444444
covalent_only_unscored_ranked_last,10,0.005,0.044248,0.044248,0.5
covalent_only_unscored_ranked_last,11,0.006,0.044248,0.044248,0.454545
covalent_only_unscored_ranked_last,12,0.007,0.044248,0.044248,0.416667
covalent_only_unscored_ranked_last,13,0.008,0.044248,0.044248,0.384615
covalent_only_unscored_ranked_last,14,0.009,0.044248,0.044248,0.357143
covalent_only_unscored_ranked_last,15,0.01,0.044248,0.044248,0.333333
covalent_only_unscored_ranked_last,16,0.011,0.044248,0.044248,0.3125
covalent_only_unscored_ranked_last,17,0.011,0.053097,0.053097,0.352941
covalent_only_unscored_ranked_last,18,0.012,0.053097,0.053097,0.333333
covalent_only_unscored_ranked_last,19,0.012,0.061947,0.061947,0.368421
covalent_only_unscored_ranked_last,20,0.013,0.061947,0.061947,0.35
covalent_only_unscored_ranked_last,21,0.014,0.061947,0.061947,0.333333
covalent_only_unscored_ranked_last,22,0.015,0.061947,0.061947,0.318182
covalent_only_unscored_ranked_last,23,0.016,0.061947,0.061947,0.304348
covalent_only_unscored_ranked_last,24,0.016,0.070796,0.070796,0.333333
covalent_only_unscored_ranked_last,25,0.016,0.079646,0.079646,0.36
covalent_only_unscored_ranked_last,26,0.016,0.088496,0.088496,0.384615
covalent_only_unscored_ranked_last,27,0.016,0.097345,0.097345,0.407407
covalent_only_unscored_ranked_last,28,0.017,0.097345,0.097345,0.392857
covalent_only_unscored_ranked_last,29,0.017,0.106195,0.106195,0.413793
covalent_only_unscored_ranked_last,30,0.017,0.115044,0.115044,0.433333
covalent_only_unscored_ranked_last,31,0.018,0.115044,0.115044,0.419355
covalent_only_unscored_ranked_last,32,0.019,0.115044,0.115044,0.40625
covalent_only_unscored_ranked_last,33,0.02,0.115044,0.115044,0.393939
covalent_only_unscored_ranked_last,34,0.021,0.115044,0.115044,0.382353
covalent_only_unscored_ranked_last,35,0.022,0.115044,0.115044,0.371429
covalent_only_unscored_ranked_last,36,0.023,0.115044,0.115044,0.361111
covalent_only_unscored_ranked_last,37,0.023,0.123894,0.123894,0.378378
covalent_only_unscored_ranked_last,38,0.024,0.123894,0.123894,0.368421
covalent_only_unscored_ranked_last,39,0.025,0.123894,0.123894,0.358974
covalent_only_unscored_ranked_last,40,0.026,0.123894,0.123894,0.35
covalent_only_unscored_ranked_last,41,0.026,0.132743,0.132743,0.365854
covalent_only_unscored_ranked_last,42,0.027,0.132743,0.132743,0.357143
covalent_only_unscored_ranked_last,43,0.027,0.141593,0.141593,0.372093
covalent_only_unscored_ranked_last,44,0.028,0.141593,0.141593,0.363636
covalent_only_unscored_ranked_last,45,0.029,0.141593,0.141593,0.355556
covalent_only_unscored_ranked_last,46,0.03,0.141593,0.141593,0.347826
covalent_only_unscored_ranked_last,47,0.031,0.141593,0.141593,0.340426
covalent_only_unscored_ranked_last,48,0.032,0.141593,0.141593,0.333333
covalent_only_unscored_ranked_last,49,0.033,0.141593,0.141593,0.326531
covalent_only_unscored_ranked_last,50,0.034,0.141593,0.141593,0.32
covalent_only_unscored_ranked_last,51,0.035,0.141593,0.141593,0.313725
covalent_only_unscored_ranked_last,52,0.035,0.150442,0.150442,0.326923
covalent_only_unscored_ranked_last,53,0.036,0.150442,0.150442,0.320755
covalent_only_unscored_ranked_last,54,0.037,0.150442,0.150442,0.314815
covalent_only_unscored_ranked_last,55,0.037,0.159292,0.159292,0.327273
covalent_only_unscored_ranked_last,56,0.038,0.159292,0.159292,0.321429
covalent_only_unscored_ranked_last,57,0.039,0.159292,0.159292,0.315789
covalent_only_unscored_ranked_last,58,0.039,0.168142,0.168142,0.327586
covalent_only_unscored_ranked_last,59,0.04,0.168142,0.168142,0.322034
covalent_only_unscored_ranked_last,60,0.041,0.168142,0.168142,0.316667
covalent_only_unscored_ranked_last,61,0.042,0.168142,0.168142,0.311475
covalent_only_unscored_ranked_last,62,0.042,0.176991,0.176991,0.322581
covalent_only_unscored_ranked_last,63,0.043,0.176991,0.176991,0.31746
covalent_only_unscored_ranked_last,64,0.044,0.176991,0.176991,0.3125
covalent_only_unscored_ranked_last,65,0.044,0.185841,0.185841,0.323077
covalent_only_unscored_ranked_last,66,0.045,0.185841,0.185841,0.318182
covalent_only_unscored_ranked_last,67,0.046,0.185841,0.185841,0.313433
covalent_only_unscored_ranked_last,68,0.047,0.185841,0.185841,0.308824
covalent_only_unscored_ranked_last,69,0.048,0.185841,0.185841,0.304348
covalent_only_unscored_ranked_last,70,0.048,0.19469,0.19469,0.314286
covalent_only_unscored_ranked_last,71,0.048,0.20354,0.20354,0.323944
covalent_only_unscored_ranked_last,72,0.049,0.20354,0.20354,0.319444
covalent_only_unscored_ranked_last,73,0.05,0.20354,0.20354,0.315068
covalent_only_unscored_ranked_last,74,0.05,0.212389,0.212389,0.324324
covalent_only_unscored_ranked_last,75,0.051,0.212389,0.212389,0.32
covalent_only_unscored_ranked_last,76,0.051,0.221239,0.221239,0.328947
covalent_only_unscored_ranked_last,77,0.052,0.221239,0.221239,0.324675
covalent_only_unscored_ranked_last,78,0.053,0.221239,0.221239,0.320513
covalent_only_unscored_ranked_last,79,0.053,0.230088,0.230088,0.329114
covalent_only_unscored_ranked_last,80,0.054,0.230088,0.230088,0.325
covalent_only_unscored_ranked_last,81,0.055,0.230088,0.230088,0.320988
covalent_only_unscored_ranked_last,82,0.056,0.230088,0.230088,0.317073
covalent_only_unscored_ranked_last,83,0.057,0.230088,0.230088,0.313253
covalent_only_unscored_ranked_last,84,0.058,0.230088,0.230088,0.309524
covalent_only_unscored_ranked_last,85,0.059,0.230088,0.230088,0.305882
covalent_only_unscored_ranked_last,86,0.06,0.230088,0.230088,0.302326
covalent_only_unscored_ranked_last,87,0.06,0.238938,0.238938,0.310345
covalent_only_unscored_ranked_last,88,0.061,0.238938,0.238938,0.306818
covalent_only_unscored_ranked_last,89,0.062,0.238938,0.238938,0.303371
covalent_only_unscored_ranked_last,90,0.063,0.238938,0.238938,0.3
covalent_only_unscored_ranked_last,91,0.063,0.247788,0.247788,0.307692
covalent_only_unscored_ranked_last,92,0.064,0.247788,0.247788,0.304348
covalent_only_unscored_ranked_last,93,0.065,0.247788,0.247788,0.301075
covalent_only_unscored_ranked_last,94,0.066,0.247788,0.247788,0.297872
covalent_only_unscored_ranked_last,95,0.066,0.256637,0.256637,0.305263
covalent_only_unscored_ranked_last,96,0.067,0.256637,0.256637,0.302083
covalent_only_unscored_ranked_last,97,0.068,0.256637,0.256637,0.298969
covalent_only_unscored_ranked_last,98,0.069,0.256637,0.256637,0.295918
covalent_only_unscored_ranked_last,99,0.07,0.256637,0.256637,0.292929
covalent_only_unscored_ranked_last,100,0.071,0.256637,0.256637,0.29
covalent_only_unscored_ranked_last,101,0.072,0.256637,0.256637,0.287129
covalent_only_unscored_ranked_last,102,0.073,0.256637,0.256637,0.284314
covalent_only_unscored_ranked_last,103,0.074,0.256637,0.256637,0.281553
covalent_only_unscored_ranked_last,104,0.075,0.256637,0.256637,0.278846
covalent_only_unscored_ranked_last,105,0.076,0.256637,0.256637,0.27619
covalent_only_unscored_ranked_last,106,0.077,0.256637,0.256637,0.273585
covalent_only_unscored_ranked_last,107,0.078,0.256637,0.256637,0.271028
covalent_only_unscored_ranked_last,108,0.079,0.256637,0.256637,0.268519
covalent_only_unscored_ranked_last,109,0.08,0.256637,0.256637,0.266055
covalent_only_unscored_ranked_last,110,0.081,0.256637,0.256637,0.263636
covalent_only_unscored_ranked_last,111,0.082,0.256637,0.256637,0.261261
covalent_only_unscored_ranked_last,112,0.083,0.256637,0.256637,0.258929
covalent_only_unscored_ranked_last,113,0.084,0.256637,0.256637,0.256637
covalent_only_unscored_ranked_last,114,0.085,0.256637,0.256637,0.254386
covalent_only_unscored_ranked_last,115,0.086,0.256637,0.256637,0.252174
covalent_only_unscored_ranked_last,116,0.087,0.256637,0.256637,0.25
covalent_only_unscored_ranked_last,117,0.088,0.256637,0.256637,0.247863
covalent_only_unscored_ranked_last,118,0.088,0.265487,0.265487,0.254237
covalent_only_unscored_ranked_last,119,0.089,0.265487,0.265487,0.252101
covalent_only_unscored_ranked_last,120,0.09,0.265487,0.265487,0.25
covalent_only_unscored_ranked_last,121,0.091,0.265487,0.265487,0.247934
covalent_only_unscored_ranked_last,122,0.092,0.265487,0.265487,0.245902
covalent_only_unscored_ranked_last,123,0.093,0.265487,0.265487,0.243902
covalent_only_unscored_ranked_last,124,0.094,0.265487,0.265487,0.241935
covalent_only_unscored_ranked_last,125,0.094,0.274336,0.274336,0.248
covalent_only_unscored_ranked_last,126,0.095,0.274336,0.274336,0.246032
covalent_only_unscored_ranked_last,127,0.096,0.274336,0.274336,0.244094
covalent_only_unscored_ranked_last,128,0.097,0.274336,0.274336,0.242188
covalent_only_unscored_ranked_last,129,0.098,0.274336,0.274336,0.24031
covalent_only_unscored_ranked_last,130,0.099,0.274336,0.274336,0.238462
covalent_only_unscored_ranked_last,131,0.1,0.274336,0.274336,0.236641
covalent_only_unscored_ranked_last,132,0.101,0.274336,0.274336,0.234848
covalent_only_unscored_ranked_last,133,0.102,0.274336,0.274336,0.233083
covalent_only_unscored_ranked_last,134,0.103,0.274336,0.274336,0.231343
covalent_only_unscored_ranked_last,135,0.104,0.274336,0.274336,0.22963
covalent_only_unscored_ranked_last,136,0.105,0.274336,0.274336,0.227941
covalent_only_unscored_ranked_last,137,0.106,0.274336,0.274336,0.226277
covalent_only_unscored_ranked_last,138,0.107,0.274336,0.274336,0.224638
covalent_only_unscored_ranked_last,139,0.108,0.274336,0.274336,0.223022
covalent_only_unscored_ranked_last,140,0.109,0.274336,0.274336,0.221429
covalent_only_unscored_ranked_last,141,0.11,0.274336,0.274336,0.219858
covalent_only_unscored_ranked_last,142,0.111,0.274336,0.274336,0.21831
covalent_only_unscored_ranked_last,143,0.112,0.274336,0.274336,0.216783
covalent_only_unscored_ranked_last,144,0.112,0.283186,0.283186,0.222222
covalent_only_unscored_ranked_last,145,0.112,0.292035,0.292035,0.227586
covalent_only_unscored_ranked_last,146,0.113,0.292035,0.292035,0.226027
covalent_only_unscored_ranked_last,147,0.114,0.292035,0.292035,0.22449
covalent_only_unscored_ranked_last,148,0.115,0.292035,0.292035,0.222973
covalent_only_unscored_ranked_last,149,0.116,0.292035,0.292035,0.221477
covalent_only_unscored_ranked_last,150,0.116,0.300885,0.300885,0.226667
covalent_only_unscored_ranked_last,151,0.117,0.300885,0.300885,0.225166
covalent_only_unscored_ranked_last,152,0.118,0.300885,0.300885,0.223684
covalent_only_unscored_ranked_last,153,0.119,0.300885,0.300885,0.222222
covalent_only_unscored_ranked_last,154,0.12,0.300885,0.300885,0.220779
covalent_only_unscored_ranked_last,155,0.121,0.300885,0.300885,0.219355
covalent_only_unscored_ranked_last,156,0.122,0.300885,0.300885,0.217949
covalent_only_unscored_ranked_last,157,0.122,0.309735,0.309735,0.22293
covalent_only_unscored_ranked_last,158,0.123,0.309735,0.309735,0.221519
covalent_only_unscored_ranked_last,159,0.123,0.318584,0.318584,0.226415
covalent_only_unscored_ranked_last,160,0.124,0.318584,0.318584,0.225
covalent_only_unscored_ranked_last,161,0.124,0.327434,0.327434,0.229814
covalent_only_unscored_ranked_last,162,0.125,0.327434,0.327434,0.228395
covalent_only_unscored_ranked_last,163,0.126,0.327434,0.327434,0.226994
covalent_only_unscored_ranked_last,164,0.127,0.327434,0.327434,0.22561
covalent_only_unscored_ranked_last,165,0.128,0.327434,0.327434,0.224242
covalent_only_unscored_ranked_last,166,0.129,0.327434,0.327434,0.222892
covalent_only_unscored_ranked_last,167,0.13,0.327434,0.327434,0.221557
covalent_only_unscored_ranked_last,168,0.131,0.327434,0.327434,0.220238
covalent_only_unscored_ranked_last,169,0.132,0.327434,0.327434,0.218935
covalent_only_unscored_ranked_last,170,0.133,0.327434,0.327434,0.217647
covalent_only_unscored_ranked_last,171,0.134,0.327434,0.327434,0.216374
covalent_only_unscored_ranked_last,172,0.135,0.327434,0.327434,0.215116
covalent_only_unscored_ranked_last,173,0.136,0.327434,0.327434,0.213873
covalent_only_unscored_ranked_last,174,0.137,0.327434,0.327434,0.212644
covalent_only_unscored_ranked_last,175,0.138,0.327434,0.327434,0.211429
covalent_only_unscored_ranked_last,176,0.139,0.327434,0.327434,0.210227
covalent_only_unscored_ranked_last,177,0.14,0.327434,0.327434,0.20904
covalent_only_unscored_ranked_last,178,0.141,0.327434,0.327434,0.207865
covalent_only_unscored_ranked_last,179,0.141,0.336283,0.336283,0.212291
covalent_only_unscored_ranked_last,180,0.142,0.336283,0.336283,0.211111
covalent_only_unscored_ranked_last,181,0.143,0.336283,0.336283,0.209945
covalent_only_unscored_ranked_last,182,0.144,0.336283,0.336283,0.208791
covalent_only_unscored_ranked_last,183,0.145,0.336283,0.336283,0.20765
covalent_only_unscored_ranked_last,184,0.146,0.336283,0.336283,0.206522
covalent_only_unscored_ranked_last,185,0.147,0.336283,0.336283,0.205405
covalent_only_unscored_ranked_last,186,0.148,0.336283,0.336283,0.204301
covalent_only_unscored_ranked_last,187,0.149,0.336283,0.336283,0.203209
covalent_only_unscored_ranked_last,188,0.149,0.345133,0.345133,0.207447
covalent_only_unscored_ranked_last,189,0.15,0.345133,0.345133,0.206349
covalent_only_unscored_ranked_last,190,0.151,0.345133,0.345133,0.205263
covalent_only_unscored_ranked_last,191,0.152,0.345133,0.345133,0.204188
covalent_only_unscored_ranked_last,192,0.153,0.345133,0.345133,0.203125
covalent_only_unscored_ranked_last,193,0.153,0.353982,0.353982,0.207254
covalent_only_unscored_ranked_last,194,0.154,0.353982,0.353982,0.206186
covalent_only_unscored_ranked_last,195,0.155,0.353982,0.353982,0.205128
covalent_only_unscored_ranked_last,196,0.156,0.353982,0.353982,0.204082
covalent_only_unscored_ranked_last,197,0.157,0.353982,0.353982,0.203046
covalent_only_unscored_ranked_last,198,0.158,0.353982,0.353982,0.20202
covalent_only_unscored_ranked_last,199,0.159,0.353982,0.353982,0.201005
covalent_only_unscored_ranked_last,200,0.159,0.362832,0.362832,0.205
covalent_only_unscored_ranked_last,201,0.159,0.371681,0.371681,0.208955
covalent_only_unscored_ranked_last,202,0.16,0.371681,0.371681,0.207921
covalent_only_unscored_ranked_last,203,0.161,0.371681,0.371681,0.206897
covalent_only_unscored_ranked_last,204,0.162,0.371681,0.371681,0.205882
covalent_only_unscored_ranked_last,205,0.163,0.371681,0.371681,0.204878
covalent_only_unscored_ranked_last,206,0.163,0.380531,0.380531,0.208738
covalent_only_unscored_ranked_last,207,0.164,0.380531,0.380531,0.207729
covalent_only_unscored_ranked_last,208,0.165,0.380531,0.380531,0.206731
covalent_only_unscored_ranked_last,209,0.166,0.380531,0.380531,0.205742
covalent_only_unscored_ranked_last,210,0.167,0.380531,0.380531,0.204762
covalent_only_unscored_ranked_last,211,0.168,0.380531,0.380531,0.203791
covalent_only_unscored_ranked_last,212,0.169,0.380531,0.380531,0.20283
covalent_only_unscored_ranked_last,213,0.17,0.380531,0.380531,0.201878
covalent_only_unscored_ranked_last,214,0.171,0.380531,0.380531,0.200935
covalent_only_unscored_ranked_last,215,0.172,0.380531,0.380531,0.2
covalent_only_unscored_ranked_last,216,0.173,0.380531,0.380531,0.199074
covalent_only_unscored_ranked_last,217,0.174,0.380531,0.380531,0.198157
covalent_only_unscored_ranked_last,218,0.175,0.380531,0.380531,0.197248
covalent_only_unscored_ranked_last,219,0.176,0.380531,0.380531,0.196347
covalent_only_unscored_ranked_last,220,0.176,0.389381,0.389381,0.2
covalent_only_unscored_ranked_last,221,0.177,0.389381,0.389381,0.199095
covalent_only_unscored_ranked_last,222,0.177,0.39823,0.39823,0.202703
covalent_only_unscored_ranked_last,223,0.178,0.39823,0.39823,0.201794
covalent_only_unscored_ranked_last,224,0.179,0.39823,0.39823,0.200893
covalent_only_unscored_ranked_last,225,0.179,0.40708,0.40708,0.204444
covalent_only_unscored_ranked_last,226,0.18,0.40708,0.40708,0.20354
covalent_only_unscored_ranked_last,227,0.181,0.40708,0.40708,0.202643
covalent_only_unscored_ranked_last,228,0.182,0.40708,0.40708,0.201754
covalent_only_unscored_ranked_last,229,0.183,0.40708,0.40708,0.200873
covalent_only_unscored_ranked_last,230,0.184,0.40708,0.40708,0.2
covalent_only_unscored_ranked_last,231,0.185,0.40708,0.40708,0.199134
covalent_only_unscored_ranked_last,232,0.186,0.40708,0.40708,0.198276
covalent_only_unscored_ranked_last,233,0.187,0.40708,0.40708,0.197425
covalent_only_unscored_ranked_last,234,0.188,0.40708,0.40708,0.196581
covalent_only_unscored_ranked_last,235,0.189,0.40708,0.40708,0.195745
covalent_only_unscored_ranked_last,236,0.19,0.40708,0.40708,0.194915
covalent_only_unscored_ranked_last,237,0.191,0.40708,0.40708,0.194093
covalent_only_unscored_ranked_last,238,0.192,0.40708,0.40708,0.193277
covalent_only_unscored_ranked_last,239,0.193,0.40708,0.40708,0.192469
covalent_only_unscored_ranked_last,240,0.194,0.40708,0.40708,0.191667
covalent_only_unscored_ranked_last,241,0.195,0.40708,0.40708,0.190871
covalent_only_unscored_ranked_last,242,0.196,0.40708,0.40708,0.190083
covalent_only_unscored_ranked_last,243,0.197,0.40708,0.40708,0.1893
covalent_only_unscored_ranked_last,244,0.198,0.40708,0.40708,0.188525
covalent_only_unscored_ranked_last,245,0.199,0.40708,0.40708,0.187755
covalent_only_unscored_ranked_last,246,0.199,0.415929,0.415929,0.191057
covalent_only_unscored_ranked_last,247,0.199,0.424779,0.424779,0.194332
covalent_only_unscored_ranked_last,248,0.2,0.424779,0.424779,0.193548
covalent_only_unscored_ranked_last,249,0.2,0.433628,0.433628,0.196787
covalent_only_unscored_ranked_last,250,0.201,0.433628,0.433628,0.196
covalent_only_unscored_ranked_last,251,0.202,0.433628,0.433628,0.195219
covalent_only_unscored_ranked_last,252,0.203,0.433628,0.433628,0.194444
covalent_only_unscored_ranked_last,253,0.204,0.433628,0.433628,0.193676
covalent_only_unscored_ranked_last,254,0.205,0.433628,0.433628,0.192913
covalent_only_unscored_ranked_last,255,0.206,0.433628,0.433628,0.192157
covalent_only_unscored_ranked_last,256,0.207,0.433628,0.433628,0.191406
covalent_only_unscored_ranked_last,257,0.208,0.433628,0.433628,0.190661
covalent_only_unscored_ranked_last,258,0.209,0.433628,0.433628,0.189922
covalent_only_unscored_ranked_last,259,0.21,0.433628,0.433628,0.189189
covalent_only_unscored_ranked_last,260,0.211,0.433628,0.433628,0.188462
covalent_only_unscored_ranked_last,261,0.212,0.433628,0.433628,0.187739
covalent_only_unscored_ranked_last,262,0.213,0.433628,0.433628,0.187023
covalent_only_unscored_ranked_last,263,0.214,0.433628,0.433628,0.186312
covalent_only_unscored_ranked_last,264,0.215,0.433628,0.433628,0.185606
covalent_only_unscored_ranked_last,265,0.215,0.442478,0.442478,0.188679
covalent_only_unscored_ranked_last,266,0.216,0.442478,0.442478,0.18797
covalent_only_unscored_ranked_last,267,0.217,0.442478,0.442478,0.187266
covalent_only_unscored_ranked_last,268,0.218,0.442478,0.442478,0.186567
covalent_only_unscored_ranked_last,269,0.218,0.451327,0.451327,0.189591
covalent_only_unscored_ranked_last,270,0.218,0.460177,0.460177,0.192593
covalent_only_unscored_ranked_last,271,0.219,0.460177,0.460177,0.191882
covalent_only_unscored_ranked_last,272,0.219,0.469027,0.469027,0.194853
covalent_only_unscored_ranked_last,273,0.22,0.469027,0.469027,0.194139
covalent_only_unscored_ranked_last,274,0.221,0.469027,0.469027,0.193431
covalent_only_unscored_ranked_last,275,0.222,0.469027,0.469027,0.192727
covalent_only_unscored_ranked_last,276,0.223,0.469027,0.469027,0.192029
covalent_only_unscored_ranked_last,277,0.224,0.469027,0.469027,0.191336
covalent_only_unscored_ranked_last,278,0.225,0.469027,0.469027,0.190647
covalent_only_unscored_ranked_last,279,0.226,0.469027,0.469027,0.189964
covalent_only_unscored_ranked_last,280,0.227,0.469027,0.469027,0.189286
covalent_only_unscored_ranked_last,281,0.228,0.469027,0.469027,0.188612
covalent_only_unscored_ranked_last,282,0.229,0.469027,0.469027,0.187943
covalent_only_unscored_ranked_last,283,0.23,0.469027,0.469027,0.187279
covalent_only_unscored_ranked_last,284,0.231,0.469027,0.469027,0.18662
covalent_only_unscored_ranked_last,285,0.232,0.469027,0.469027,0.185965
covalent_only_unscored_ranked_last,286,0.233,0.469027,0.469027,0.185315
covalent_only_unscored_ranked_last,287,0.234,0.469027,0.469027,0.184669
covalent_only_unscored_ranked_last,288,0.235,0.469027,0.469027,0.184028
covalent_only_unscored_ranked_last,289,0.236,0.469027,0.469027,0.183391
covalent_only_unscored_ranked_last,290,0.237,0.469027,0.469027,0.182759
covalent_only_unscored_ranked_last,291,0.238,0.469027,0.469027,0.182131
covalent_only_unscored_ranked_last,292,0.239,0.469027,0.469027,0.181507
covalent_only_unscored_ranked_last,293,0.24,0.469027,0.469027,0.180887
covalent_only_unscored_ranked_last,294,0.241,0.469027,0.469027,0.180272
covalent_only_unscored_ranked_last,295,0.242,0.469027,0.469027,0.179661
covalent_only_unscored_ranked_last,296,0.243,0.469027,0.469027,0.179054
covalent_only_unscored_ranked_last,297,0.244,0.469027,0.469027,0.178451
covalent_only_unscored_ranked_last,298,0.245,0.469027,0.469027,0.177852
covalent_only_unscored_ranked_last,299,0.246,0.469027,0.469027,0.177258
covalent_only_unscored_ranked_last,300,0.247,0.469027,0.469027,0.176667
covalent_only_unscored_ranked_last,301,0.248,0.469027,0.469027,0.17608
covalent_only_unscored_ranked_last,302,0.249,0.469027,0.469027,0.175497
covalent_only_unscored_ranked_last,303,0.25,0.469027,0.469027,0.174917
covalent_only_unscored_ranked_last,304,0.251,0.469027,0.469027,0.174342
covalent_only_unscored_ranked_last,305,0.252,0.469027,0.469027,0.17377
covalent_only_unscored_ranked_last,306,0.253,0.469027,0.469027,0.173203
covalent_only_unscored_ranked_last,307,0.254,0.469027,0.469027,0.172638
covalent_only_unscored_ranked_last,308,0.255,0.469027,0.469027,0.172078
covalent_only_unscored_ranked_last,309,0.256,0.469027,0.469027,0.171521
covalent_only_unscored_ranked_last,310,0.257,0.469027,0.469027,0.170968
covalent_only_unscored_ranked_last,311,0.258,0.469027,0.469027,0.170418
covalent_only_unscored_ranked_last,312,0.259,0.469027,0.469027,0.169872
covalent_only_unscored_ranked_last,313,0.26,0.469027,0.469027,0.169329
covalent_only_unscored_ranked_last,314,0.261,0.469027,0.469027,0.16879
covalent_only_unscored_ranked_last,315,0.262,0.469027,0.469027,0.168254
covalent_only_unscored_ranked_last,316,0.263,0.469027,0.469027,0.167722
covalent_only_unscored_ranked_last,317,0.264,0.469027,0.469027,0.167192
covalent_only_unscored_ranked_last,318,0.265,0.469027,0.469027,0.166667
covalent_only_unscored_ranked_last,319,0.266,0.469027,0.469027,0.166144
covalent_only_unscored_ranked_last,320,0.267,0.469027,0.469027,0.165625
covalent_only_unscored_ranked_last,321,0.268,0.469027,0.469027,0.165109
covalent_only_unscored_ranked_last,322,0.269,0.469027,0.469027,0.164596
covalent_only_unscored_ranked_last,323,0.27,0.469027,0.469027,0.164087
covalent_only_unscored_ranked_last,324,0.271,0.469027,0.469027,0.16358
covalent_only_unscored_ranked_last,325,0.271,0.477876,0.477876,0.166154
covalent_only_unscored_ranked_last,326,0.272,0.477876,0.477876,0.165644
covalent_only_unscored_ranked_last,327,0.273,0.477876,0.477876,0.165138
covalent_only_unscored_ranked_last,328,0.274,0.477876,0.477876,0.164634
covalent_only_unscored_ranked_last,329,0.275,0.477876,0.477876,0.164134
covalent_only_unscored_ranked_last,330,0.276,0.477876,0.477876,0.163636
covalent_only_unscored_ranked_last,331,0.277,0.477876,0.477876,0.163142
covalent_only_unscored_ranked_last,332,0.277,0.486726,0.486726,0.165663
covalent_only_unscored_ranked_last,333,0.278,0.486726,0.486726,0.165165
covalent_only_unscored_ranked_last,334,0.279,0.486726,0.486726,0.164671
covalent_only_unscored_ranked_last,335,0.28,0.486726,0.486726,0.164179
covalent_only_unscored_ranked_last,336,0.281,0.486726,0.486726,0.16369
covalent_only_unscored_ranked_last,337,0.282,0.486726,0.486726,0.163205
covalent_only_unscored_ranked_last,338,0.283,0.486726,0.486726,0.162722
covalent_only_unscored_ranked_last,339,0.283,0.495575,0.495575,0.165192
covalent_only_unscored_ranked_last,340,0.284,0.495575,0.495575,0.164706
covalent_only_unscored_ranked_last,341,0.285,0.495575,0.495575,0.164223
covalent_only_unscored_ranked_last,342,0.286,0.495575,0.495575,0.163743
covalent_only_unscored_ranked_last,343,0.287,0.495575,0.495575,0.163265
covalent_only_unscored_ranked_last,344,0.287,0.504425,0.504425,0.165698
covalent_only_unscored_ranked_last,345,0.287,0.513274,0.513274,0.168116
covalent_only_unscored_ranked_last,346,0.288,0.513274,0.513274,0.16763
covalent_only_unscored_ranked_last,347,0.289,0.513274,0.513274,0.167147
covalent_only_unscored_ranked_last,348,0.29,0.513274,0.513274,0.166667
covalent_only_unscored_ranked_last,349,0.291,0.513274,0.513274,0.166189
covalent_only_unscored_ranked_last,350,0.292,0.513274,0.513274,0.165714
covalent_only_unscored_ranked_last,351,0.293,0.513274,0.513274,0.165242
covalent_only_unscored_ranked_last,352,0.294,0.513274,0.513274,0.164773
covalent_only_unscored_ranked_last,353,0.295,0.513274,0.513274,0.164306
covalent_only_unscored_ranked_last,354,0.296,0.513274,0.513274,0.163842
covalent_only_unscored_ranked_last,355,0.297,0.513274,0.513274,0.16338
covalent_only_unscored_ranked_last,356,0.297,0.522124,0.522124,0.16573
covalent_only_unscored_ranked_last,357,0.298,0.522124,0.522124,0.165266
covalent_only_unscored_ranked_last,358,0.299,0.522124,0.522124,0.164804
covalent_only_unscored_ranked_last,359,0.3,0.522124,0.522124,0.164345
covalent_only_unscored_ranked_last,360,0.3,0.530973,0.530973,0.166667
covalent_only_unscored_ranked_last,361,0.301,0.530973,0.530973,0.166205
covalent_only_unscored_ranked_last,362,0.302,0.530973,0.530973,0.165746
covalent_only_unscored_ranked_last,363,0.303,0.530973,0.530973,0.165289
covalent_only_unscored_ranked_last,364,0.303,0.539823,0.539823,0.167582
covalent_only_unscored_ranked_last,365,0.304,0.539823,0.539823,0.167123
covalent_only_unscored_ranked_last,366,0.305,0.539823,0.539823,0.166667
covalent_only_unscored_ranked_last,367,0.306,0.539823,0.539823,0.166213
covalent_only_unscored_ranked_last,368,0.306,0.548673,0.548673,0.168478
covalent_only_unscored_ranked_last,369,0.307,0.548673,0.548673,0.168022
covalent_only_unscored_ranked_last,370,0.307,0.557522,0.557522,0.17027
covalent_only_unscored_ranked_last,371,0.308,0.557522,0.557522,0.169811
covalent_only_unscored_ranked_last,372,0.308,0.566372,0.566372,0.172043
covalent_only_unscored_ranked_last,373,0.309,0.566372,0.566372,0.171582
covalent_only_unscored_ranked_last,374,0.31,0.566372,0.566372,0.171123
covalent_only_unscored_ranked_last,375,0.311,0.566372,0.566372,0.170667
covalent_only_unscored_ranked_last,376,0.312,0.566372,0.566372,0.170213
covalent_only_unscored_ranked_last,377,0.313,0.566372,0.566372,0.169761
covalent_only_unscored_ranked_last,378,0.314,0.566372,0.566372,0.169312
covalent_only_unscored_ranked_last,379,0.315,0.566372,0.566372,0.168865
covalent_only_unscored_ranked_last,380,0.316,0.566372,0.566372,0.168421
covalent_only_unscored_ranked_last,381,0.317,0.566372,0.566372,0.167979
covalent_only_unscored_ranked_last,382,0.318,0.566372,0.566372,0.167539
covalent_only_unscored_ranked_last,383,0.318,0.575221,0.575221,0.169713
covalent_only_unscored_ranked_last,384,0.318,0.584071,0.584071,0.171875
covalent_only_unscored_ranked_last,385,0.319,0.584071,0.584071,0.171429
covalent_only_unscored_ranked_last,386,0.32,0.584071,0.584071,0.170984
covalent_only_unscored_ranked_last,387,0.321,0.584071,0.584071,0.170543
covalent_only_unscored_ranked_last,388,0.322,0.584071,0.584071,0.170103
covalent_only_unscored_ranked_last,389,0.323,0.584071,0.584071,0.169666
covalent_only_unscored_ranked_last,390,0.324,0.584071,0.584071,0.169231
covalent_only_unscored_ranked_last,391,0.324,0.59292,0.59292,0.171355
covalent_only_unscored_ranked_last,392,0.325,0.59292,0.59292,0.170918
covalent_only_unscored_ranked_last,393,0.326,0.59292,0.59292,0.170483
covalent_only_unscored_ranked_last,394,0.327,0.59292,0.59292,0.170051
covalent_only_unscored_ranked_last,395,0.328,0.59292,0.59292,0.16962
covalent_only_unscored_ranked_last,396,0.329,0.59292,0.59292,0.169192
covalent_only_unscored_ranked_last,397,0.33,0.59292,0.59292,0.168766
covalent_only_unscored_ranked_last,398,0.33,0.60177,0.60177,0.170854
covalent_only_unscored_ranked_last,399,0.331,0.60177,0.60177,0.170426
covalent_only_unscored_ranked_last,400,0.332,0.60177,0.60177,0.17
covalent_only_unscored_ranked_last,401,0.333,0.60177,0.60177,0.169576
covalent_only_unscored_ranked_last,402,0.333,0.610619,0.610619,0.171642
covalent_only_unscored_ranked_last,403,0.334,0.610619,0.610619,0.171216
covalent_only_unscored_ranked_last,404,0.334,0.619469,0.619469,0.173267
covalent_only_unscored_ranked_last,405,0.335,0.619469,0.619469,0.17284
covalent_only_unscored_ranked_last,406,0.335,0.628319,0.628319,0.174877
covalent_only_unscored_ranked_last,407,0.336,0.628319,0.628319,0.174447
covalent_only_unscored_ranked_last,408,0.337,0.628319,0.628319,0.17402
covalent_only_unscored_ranked_last,409,0.338,0.628319,0.628319,0.173594
covalent_only_unscored_ranked_last,410,0.339,0.628319,0.628319,0.173171
covalent_only_unscored_ranked_last,411,0.339,0.637168,0.637168,0.175182
covalent_only_unscored_ranked_last,412,0.34,0.637168,0.637168,0.174757
covalent_only_unscored_ranked_last,413,0.341,0.637168,0.637168,0.174334
covalent_only_unscored_ranked_last,414,0.342,0.637168,0.637168,0.173913
covalent_only_unscored_ranked_last,415,0.342,0.646018,0.646018,0.175904
covalent_only_unscored_ranked_last,416,0.343,0.646018,0.646018,0.175481
covalent_only_unscored_ranked_last,417,0.344,0.646018,0.646018,0.17506
covalent_only_unscored_ranked_last,418,0.345,0.646018,0.646018,0.174641
covalent_only_unscored_ranked_last,419,0.346,0.646018,0.646018,0.174224
covalent_only_unscored_ranked_last,420,0.347,0.646018,0.646018,0.17381
covalent_only_unscored_ranked_last,421,0.348,0.646018,0.646018,0.173397
covalent_only_unscored_ranked_last,422,0.349,0.646018,0.646018,0.172986
covalent_only_unscored_ranked_last,423,0.35,0.646018,0.646018,0.172577
covalent_only_unscored_ranked_last,424,0.351,0.646018,0.646018,0.17217
covalent_only_unscored_ranked_last,425,0.352,0.646018,0.646018,0.171765
covalent_only_unscored_ranked_last,426,0.353,0.646018,0.646018,0.171362
covalent_only_unscored_ranked_last,427,0.354,0.646018,0.646018,0.17096
covalent_only_unscored_ranked_last,428,0.355,0.646018,0.646018,0.170561
covalent_only_unscored_ranked_last,429,0.356,0.646018,0.646018,0.170163
covalent_only_unscored_ranked_last,430,0.357,0.646018,0.646018,0.169767
covalent_only_unscored_ranked_last,431,0.358,0.646018,0.646018,0.169374
covalent_only_unscored_ranked_last,432,0.359,0.646018,0.646018,0.168981
covalent_only_unscored_ranked_last,433,0.36,0.646018,0.646018,0.168591
covalent_only_unscored_ranked_last,434,0.361,0.646018,0.646018,0.168203
covalent_only_unscored_ranked_last,435,0.362,0.646018,0.646018,0.167816
covalent_only_unscored_ranked_last,436,0.363,0.646018,0.646018,0.167431
covalent_only_unscored_ranked_last,437,0.364,0.646018,0.646018,0.167048
covalent_only_unscored_ranked_last,438,0.365,0.646018,0.646018,0.166667
covalent_only_unscored_ranked_last,439,0.365,0.654867,0.654867,0.168565
covalent_only_unscored_ranked_last,440,0.366,0.654867,0.654867,0.168182
covalent_only_unscored_ranked_last,441,0.367,0.654867,0.654867,0.1678
covalent_only_unscored_ranked_last,442,0.368,0.654867,0.654867,0.167421
covalent_only_unscored_ranked_last,443,0.369,0.654867,0.654867,0.167043
covalent_only_unscored_ranked_last,444,0.37,0.654867,0.654867,0.166667
covalent_only_unscored_ranked_last,445,0.371,0.654867,0.654867,0.166292
covalent_only_unscored_ranked_last,446,0.372,0.654867,0.654867,0.165919
covalent_only_unscored_ranked_last,447,0.373,0.654867,0.654867,0.165548
covalent_only_unscored_ranked_last,448,0.374,0.654867,0.654867,0.165179
covalent_only_unscored_ranked_last,449,0.375,0.654867,0.654867,0.164811
covalent_only_unscored_ranked_last,450,0.376,0.654867,0.654867,0.164444
covalent_only_unscored_ranked_last,451,0.377,0.654867,0.654867,0.16408
covalent_only_unscored_ranked_last,452,0.378,0.654867,0.654867,0.163717
covalent_only_unscored_ranked_last,453,0.378,0.663717,0.663717,0.165563
covalent_only_unscored_ranked_last,454,0.379,0.663717,0.663717,0.165198
covalent_only_unscored_ranked_last,455,0.38,0.663717,0.663717,0.164835
covalent_only_unscored_ranked_last,456,0.381,0.663717,0.663717,0.164474
covalent_only_unscored_ranked_last,457,0.381,0.672566,0.672566,0.166302
covalent_only_unscored_ranked_last,458,0.382,0.672566,0.672566,0.165939
covalent_only_unscored_ranked_last,459,0.383,0.672566,0.672566,0.165577
covalent_only_unscored_ranked_last,460,0.384,0.672566,0.672566,0.165217
covalent_only_unscored_ranked_last,461,0.385,0.672566,0.672566,0.164859
covalent_only_unscored_ranked_last,462,0.385,0.681416,0.681416,0.166667
covalent_only_unscored_ranked_last,463,0.386,0.681416,0.681416,0.166307
covalent_only_unscored_ranked_last,464,0.387,0.681416,0.681416,0.165948
covalent_only_unscored_ranked_last,465,0.388,0.681416,0.681416,0.165591
covalent_only_unscored_ranked_last,466,0.389,0.681416,0.681416,0.165236
covalent_only_unscored_ranked_last,467,0.39,0.681416,0.681416,0.164882
covalent_only_unscored_ranked_last,468,0.391,0.681416,0.681416,0.16453
covalent_only_unscored_ranked_last,469,0.392,0.681416,0.681416,0.164179
covalent_only_unscored_ranked_last,470,0.393,0.681416,0.681416,0.16383
covalent_only_unscored_ranked_last,471,0.394,0.681416,0.681416,0.163482
covalent_only_unscored_ranked_last,472,0.395,0.681416,0.681416,0.163136
covalent_only_unscored_ranked_last,473,0.396,0.681416,0.681416,0.162791
covalent_only_unscored_ranked_last,474,0.397,0.681416,0.681416,0.162447
covalent_only_unscored_ranked_last,475,0.398,0.681416,0.681416,0.162105
covalent_only_unscored_ranked_last,476,0.399,0.681416,0.681416,0.161765
covalent_only_unscored_ranked_last,477,0.4,0.681416,0.681416,0.161426
covalent_only_unscored_ranked_last,478,0.401,0.681416,0.681416,0.161088
covalent_only_unscored_ranked_last,479,0.402,0.681416,0.681416,0.160752
covalent_only_unscored_ranked_last,480,0.403,0.681416,0.681416,0.160417
covalent_only_unscored_ranked_last,481,0.404,0.681416,0.681416,0.160083
covalent_only_unscored_ranked_last,482,0.405,0.681416,0.681416,0.159751
covalent_only_unscored_ranked_last,483,0.406,0.681416,0.681416,0.15942
covalent_only_unscored_ranked_last,484,0.406,0.690265,0.690265,0.161157
covalent_only_unscored_ranked_last,485,0.407,0.690265,0.690265,0.160825
covalent_only_unscored_ranked_last,486,0.408,0.690265,0.690265,0.160494
covalent_only_unscored_ranked_last,487,0.409,0.690265,0.690265,0.160164
covalent_only_unscored_ranked_last,488,0.41,0.690265,0.690265,0.159836
covalent_only_unscored_ranked_last,489,0.411,0.690265,0.690265,0.159509
covalent_only_unscored_ranked_last,490,0.412,0.690265,0.690265,0.159184
covalent_only_unscored_ranked_last,491,0.413,0.690265,0.690265,0.158859
covalent_only_unscored_ranked_last,492,0.414,0.690265,0.690265,0.158537
covalent_only_unscored_ranked_last,493,0.415,0.690265,0.690265,0.158215
covalent_only_unscored_ranked_last,494,0.416,0.690265,0.690265,0.157895
covalent_only_unscored_ranked_last,495,0.417,0.690265,0.690265,0.157576
covalent_only_unscored_ranked_last,496,0.418,0.690265,0.690265,0.157258
covalent_only_unscored_ranked_last,497,0.419,0.690265,0.690265,0.156942
covalent_only_unscored_ranked_last,498,0.42,0.690265,0.690265,0.156627
covalent_only_unscored_ranked_last,499,0.421,0.690265,0.690265,0.156313
covalent_only_unscored_ranked_last,500,0.422,0.690265,0.690265,0.156
covalent_only_unscored_ranked_last,501,0.423,0.690265,0.690265,0.155689
covalent_only_unscored_ranked_last,502,0.424,0.690265,0.690265,0.155378
covalent_only_unscored_ranked_last,503,0.425,0.690265,0.690265,0.15507
covalent_only_unscored_ranked_last,504,0.426,0.690265,0.690265,0.154762
covalent_only_unscored_ranked_last,505,0.427,0.690265,0.690265,0.154455
covalent_only_unscored_ranked_last,506,0.428,0.690265,0.690265,0.15415
covalent_only_unscored_ranked_last,507,0.429,0.690265,0.690265,0.153846
covalent_only_unscored_ranked_last,508,0.43,0.690265,0.690265,0.153543
covalent_only_unscored_ranked_last,509,0.431,0.690265,0.690265,0.153242
covalent_only_unscored_ranked_last,510,0.432,0.690265,0.690265,0.152941
covalent_only_unscored_ranked_last,511,0.432,0.699115,0.699115,0.154599
covalent_only_unscored_ranked_last,512,0.433,0.699115,0.699115,0.154297
covalent_only_unscored_ranked_last,513,0.433,0.707965,0.707965,0.155945
covalent_only_unscored_ranked_last,514,0.434,0.707965,0.707965,0.155642
covalent_only_unscored_ranked_last,515,0.435,0.707965,0.707965,0.15534
covalent_only_unscored_ranked_last,516,0.436,0.707965,0.707965,0.155039
covalent_only_unscored_ranked_last,517,0.437,0.707965,0.707965,0.154739
covalent_only_unscored_ranked_last,518,0.438,0.707965,0.707965,0.15444
covalent_only_unscored_ranked_last,519,0.439,0.707965,0.707965,0.154143
covalent_only_unscored_ranked_last,520,0.44,0.707965,0.707965,0.153846
covalent_only_unscored_ranked_last,521,0.441,0.707965,0.707965,0.153551
covalent_only_unscored_ranked_last,522,0.442,0.707965,0.707965,0.153257
covalent_only_unscored_ranked_last,523,0.443,0.707965,0.707965,0.152964
covalent_only_unscored_ranked_last,524,0.444,0.707965,0.707965,0.152672
covalent_only_unscored_ranked_last,525,0.445,0.707965,0.707965,0.152381
covalent_only_unscored_ranked_last,526,0.446,0.707965,0.707965,0.152091
covalent_only_unscored_ranked_last,527,0.447,0.707965,0.707965,0.151803
covalent_only_unscored_ranked_last,528,0.448,0.707965,0.707965,0.151515
covalent_only_unscored_ranked_last,529,0.449,0.707965,0.707965,0.151229
covalent_only_unscored_ranked_last,530,0.45,0.707965,0.707965,0.150943
covalent_only_unscored_ranked_last,531,0.451,0.707965,0.707965,0.150659
covalent_only_unscored_ranked_last,532,0.452,0.707965,0.707965,0.150376
covalent_only_unscored_ranked_last,533,0.453,0.707965,0.707965,0.150094
covalent_only_unscored_ranked_last,534,0.454,0.707965,0.707965,0.149813
covalent_only_unscored_ranked_last,535,0.455,0.707965,0.707965,0.149533
covalent_only_unscored_ranked_last,536,0.456,0.707965,0.707965,0.149254
covalent_only_unscored_ranked_last,537,0.457,0.707965,0.707965,0.148976
covalent_only_unscored_ranked_last,538,0.458,0.707965,0.707965,0.148699
covalent_only_unscored_ranked_last,539,0.459,0.707965,0.707965,0.148423
covalent_only_unscored_ranked_last,540,0.46,0.707965,0.707965,0.148148
covalent_only_unscored_ranked_last,541,0.461,0.707965,0.707965,0.147874
covalent_only_unscored_ranked_last,542,0.462,0.707965,0.707965,0.147601
covalent_only_unscored_ranked_last,543,0.463,0.707965,0.707965,0.14733
covalent_only_unscored_ranked_last,544,0.464,0.707965,0.707965,0.147059
covalent_only_unscored_ranked_last,545,0.465,0.707965,0.707965,0.146789
covalent_only_unscored_ranked_last,546,0.466,0.707965,0.707965,0.14652
covalent_only_unscored_ranked_last,547,0.467,0.707965,0.707965,0.146252
covalent_only_unscored_ranked_last,548,0.468,0.707965,0.707965,0.145985
covalent_only_unscored_ranked_last,549,0.468,0.716814,0.716814,0.147541
covalent_only_unscored_ranked_last,550,0.468,0.725664,0.725664,0.149091
covalent_only_unscored_ranked_last,551,0.469,0.725664,0.725664,0.14882
covalent_only_unscored_ranked_last,552,0.47,0.725664,0.725664,0.148551
covalent_only_unscored_ranked_last,553,0.471,0.725664,0.725664,0.148282
covalent_only_unscored_ranked_last,554,0.472,0.725664,0.725664,0.148014
covalent_only_unscored_ranked_last,555,0.473,0.725664,0.725664,0.147748
covalent_only_unscored_ranked_last,556,0.474,0.725664,0.725664,0.147482
covalent_only_unscored_ranked_last,557,0.475,0.725664,0.725664,0.147217
covalent_only_unscored_ranked_last,558,0.475,0.734513,0.734513,0.148746
covalent_only_unscored_ranked_last,559,0.476,0.734513,0.734513,0.148479
covalent_only_unscored_ranked_last,560,0.477,0.734513,0.734513,0.148214
covalent_only_unscored_ranked_last,561,0.478,0.734513,0.734513,0.14795
covalent_only_unscored_ranked_last,562,0.479,0.734513,0.734513,0.147687
covalent_only_unscored_ranked_last,563,0.48,0.734513,0.734513,0.147425
covalent_only_unscored_ranked_last,564,0.481,0.734513,0.734513,0.147163
covalent_only_unscored_ranked_last,565,0.482,0.734513,0.734513,0.146903
covalent_only_unscored_ranked_last,566,0.483,0.734513,0.734513,0.146643
covalent_only_unscored_ranked_last,567,0.484,0.734513,0.734513,0.146384
covalent_only_unscored_ranked_last,568,0.485,0.734513,0.734513,0.146127
covalent_only_unscored_ranked_last,569,0.486,0.734513,0.734513,0.14587
covalent_only_unscored_ranked_last,570,0.487,0.734513,0.734513,0.145614
covalent_only_unscored_ranked_last,571,0.488,0.734513,0.734513,0.145359
covalent_only_unscored_ranked_last,572,0.488,0.743363,0.743363,0.146853
covalent_only_unscored_ranked_last,573,0.489,0.743363,0.743363,0.146597
covalent_only_unscored_ranked_last,574,0.49,0.743363,0.743363,0.146341
covalent_only_unscored_ranked_last,575,0.491,0.743363,0.743363,0.146087
covalent_only_unscored_ranked_last,576,0.492,0.743363,0.743363,0.145833
covalent_only_unscored_ranked_last,577,0.492,0.752212,0.752212,0.147314
covalent_only_unscored_ranked_last,578,0.493,0.752212,0.752212,0.147059
covalent_only_unscored_ranked_last,579,0.494,0.752212,0.752212,0.146805
covalent_only_unscored_ranked_last,580,0.495,0.752212,0.752212,0.146552
covalent_only_unscored_ranked_last,581,0.496,0.752212,0.752212,0.146299
covalent_only_unscored_ranked_last,582,0.497,0.752212,0.752212,0.146048
covalent_only_unscored_ranked_last,583,0.498,0.752212,0.752212,0.145798
covalent_only_unscored_ranked_last,584,0.499,0.752212,0.752212,0.145548
covalent_only_unscored_ranked_last,585,0.5,0.752212,0.752212,0.145299
covalent_only_unscored_ranked_last,586,0.501,0.752212,0.752212,0.145051
covalent_only_unscored_ranked_last,587,0.502,0.752212,0.752212,0.144804
covalent_only_unscored_ranked_last,588,0.503,0.752212,0.752212,0.144558
covalent_only_unscored_ranked_last,589,0.503,0.761062,0.761062,0.14601
covalent_only_unscored_ranked_last,590,0.504,0.761062,0.761062,0.145763
covalent_only_unscored_ranked_last,591,0.505,0.761062,0.761062,0.145516
covalent_only_unscored_ranked_last,592,0.506,0.761062,0.761062,0.14527
covalent_only_unscored_ranked_last,593,0.507,0.761062,0.761062,0.145025
covalent_only_unscored_ranked_last,594,0.508,0.761062,0.761062,0.144781
covalent_only_unscored_ranked_last,595,0.509,0.761062,0.761062,0.144538
covalent_only_unscored_ranked_last,596,0.51,0.761062,0.761062,0.144295
covalent_only_unscored_ranked_last,597,0.511,0.761062,0.761062,0.144054
covalent_only_unscored_ranked_last,598,0.512,0.761062,0.761062,0.143813
covalent_only_unscored_ranked_last,599,0.513,0.761062,0.761062,0.143573
covalent_only_unscored_ranked_last,600,0.514,0.761062,0.761062,0.143333
covalent_only_unscored_ranked_last,601,0.515,0.761062,0.761062,0.143095
covalent_only_unscored_ranked_last,602,0.516,0.761062,0.761062,0.142857
covalent_only_unscored_ranked_last,603,0.517,0.761062,0.761062,0.14262
covalent_only_unscored_ranked_last,604,0.518,0.761062,0.761062,0.142384
covalent_only_unscored_ranked_last,605,0.519,0.761062,0.761062,0.142149
covalent_only_unscored_ranked_last,606,0.52,0.761062,0.761062,0.141914
covalent_only_unscored_ranked_last,607,0.52,0.769912,0.769912,0.143328
covalent_only_unscored_ranked_last,608,0.521,0.769912,0.769912,0.143092
covalent_only_unscored_ranked_last,609,0.522,0.769912,0.769912,0.142857
covalent_only_unscored_ranked_last,610,0.523,0.769912,0.769912,0.142623
covalent_only_unscored_ranked_last,611,0.524,0.769912,0.769912,0.14239
covalent_only_unscored_ranked_last,612,0.525,0.769912,0.769912,0.142157
covalent_only_unscored_ranked_last,613,0.526,0.769912,0.769912,0.141925
covalent_only_unscored_ranked_last,614,0.527,0.769912,0.769912,0.141694
covalent_only_unscored_ranked_last,615,0.528,0.769912,0.769912,0.141463
covalent_only_unscored_ranked_last,616,0.529,0.769912,0.769912,0.141234
covalent_only_unscored_ranked_last,617,0.53,0.769912,0.769912,0.141005
covalent_only_unscored_ranked_last,618,0.531,0.769912,0.769912,0.140777
covalent_only_unscored_ranked_last,619,0.532,0.769912,0.769912,0.140549
covalent_only_unscored_ranked_last,620,0.533,0.769912,0.769912,0.140323
covalent_only_unscored_ranked_last,621,0.534,0.769912,0.769912,0.140097
covalent_only_unscored_ranked_last,622,0.535,0.769912,0.769912,0.139871
covalent_only_unscored_ranked_last,623,0.536,0.769912,0.769912,0.139647
covalent_only_unscored_ranked_last,624,0.537,0.769912,0.769912,0.139423
covalent_only_unscored_ranked_last,625,0.538,0.769912,0.769912,0.1392
covalent_only_unscored_ranked_last,626,0.539,0.769912,0.769912,0.138978
covalent_only_unscored_ranked_last,627,0.54,0.769912,0.769912,0.138756
covalent_only_unscored_ranked_last,628,0.541,0.769912,0.769912,0.138535
covalent_only_unscored_ranked_last,629,0.542,0.769912,0.769912,0.138315
covalent_only_unscored_ranked_last,630,0.543,0.769912,0.769912,0.138095
covalent_only_unscored_ranked_last,631,0.544,0.769912,0.769912,0.137876
covalent_only_unscored_ranked_last,632,0.544,0.778761,0.778761,0.139241
covalent_only_unscored_ranked_last,633,0.545,0.778761,0.778761,0.139021
covalent_only_unscored_ranked_last,634,0.546,0.778761,0.778761,0.138801
covalent_only_unscored_ranked_last,635,0.547,0.778761,0.778761,0.138583
covalent_only_unscored_ranked_last,636,0.548,0.778761,0.778761,0.138365
covalent_only_unscored_ranked_last,637,0.549,0.778761,0.778761,0.138148
covalent_only_unscored_ranked_last,638,0.55,0.778761,0.778761,0.137931
covalent_only_unscored_ranked_last,639,0.551,0.778761,0.778761,0.137715
covalent_only_unscored_ranked_last,640,0.552,0.778761,0.778761,0.1375
covalent_only_unscored_ranked_last,641,0.552,0.787611,0.787611,0.138846
covalent_only_unscored_ranked_last,642,0.553,0.787611,0.787611,0.138629
covalent_only_unscored_ranked_last,643,0.554,0.787611,0.787611,0.138414
covalent_only_unscored_ranked_last,644,0.555,0.787611,0.787611,0.138199
covalent_only_unscored_ranked_last,645,0.556,0.787611,0.787611,0.137984
covalent_only_unscored_ranked_last,646,0.557,0.787611,0.787611,0.137771
covalent_only_unscored_ranked_last,647,0.558,0.787611,0.787611,0.137558
covalent_only_unscored_ranked_last,648,0.558,0.79646,0.79646,0.138889
covalent_only_unscored_ranked_last,649,0.559,0.79646,0.79646,0.138675
covalent_only_unscored_ranked_last,650,0.56,0.79646,0.79646,0.138462
covalent_only_unscored_ranked_last,651,0.561,0.79646,0.79646,0.138249
covalent_only_unscored_ranked_last,652,0.562,0.79646,0.79646,0.138037
covalent_only_unscored_ranked_last,653,0.563,0.79646,0.79646,0.137825
covalent_only_unscored_ranked_last,654,0.564,0.79646,0.79646,0.137615
covalent_only_unscored_ranked_last,655,0.565,0.79646,0.79646,0.137405
covalent_only_unscored_ranked_last,656,0.566,0.79646,0.79646,0.137195
covalent_only_unscored_ranked_last,657,0.567,0.79646,0.79646,0.136986
covalent_only_unscored_ranked_last,658,0.568,0.79646,0.79646,0.136778
covalent_only_unscored_ranked_last,659,0.569,0.79646,0.79646,0.136571
covalent_only_unscored_ranked_last,660,0.57,0.79646,0.79646,0.136364
covalent_only_unscored_ranked_last,661,0.571,0.79646,0.79646,0.136157
covalent_only_unscored_ranked_last,662,0.572,0.79646,0.79646,0.135952
covalent_only_unscored_ranked_last,663,0.573,0.79646,0.79646,0.135747
covalent_only_unscored_ranked_last,664,0.574,0.79646,0.79646,0.135542
covalent_only_unscored_ranked_last,665,0.575,0.79646,0.79646,0.135338
covalent_only_unscored_ranked_last,666,0.576,0.79646,0.79646,0.135135
covalent_only_unscored_ranked_last,667,0.577,0.79646,0.79646,0.134933
covalent_only_unscored_ranked_last,668,0.577,0.80531,0.80531,0.136228
covalent_only_unscored_ranked_last,669,0.578,0.80531,0.80531,0.136024
covalent_only_unscored_ranked_last,670,0.579,0.80531,0.80531,0.135821
covalent_only_unscored_ranked_last,671,0.58,0.80531,0.80531,0.135618
covalent_only_unscored_ranked_last,672,0.581,0.80531,0.80531,0.135417
covalent_only_unscored_ranked_last,673,0.582,0.80531,0.80531,0.135215
covalent_only_unscored_ranked_last,674,0.583,0.80531,0.80531,0.135015
covalent_only_unscored_ranked_last,675,0.584,0.80531,0.80531,0.134815
covalent_only_unscored_ranked_last,676,0.585,0.80531,0.80531,0.134615
covalent_only_unscored_ranked_last,677,0.586,0.80531,0.80531,0.134417
covalent_only_unscored_ranked_last,678,0.587,0.80531,0.80531,0.134218
covalent_only_unscored_ranked_last,679,0.588,0.80531,0.80531,0.134021
covalent_only_unscored_ranked_last,680,0.589,0.80531,0.80531,0.133824
covalent_only_unscored_ranked_last,681,0.59,0.80531,0.80531,0.133627
covalent_only_unscored_ranked_last,682,0.591,0.80531,0.80531,0.133431
covalent_only_unscored_ranked_last,683,0.591,0.814159,0.814159,0.1347
covalent_only_unscored_ranked_last,684,0.592,0.814159,0.814159,0.134503
covalent_only_unscored_ranked_last,685,0.593,0.814159,0.814159,0.134307
covalent_only_unscored_ranked_last,686,0.594,0.814159,0.814159,0.134111
covalent_only_unscored_ranked_last,687,0.595,0.814159,0.814159,0.133916
covalent_only_unscored_ranked_last,688,0.595,0.823009,0.823009,0.135174
covalent_only_unscored_ranked_last,689,0.596,0.823009,0.823009,0.134978
covalent_only_unscored_ranked_last,690,0.596,0.831858,0.831858,0.136232
covalent_only_unscored_ranked_last,691,0.597,0.831858,0.831858,0.136035
covalent_only_unscored_ranked_last,692,0.598,0.831858,0.831858,0.135838
covalent_only_unscored_ranked_last,693,0.599,0.831858,0.831858,0.135642
covalent_only_unscored_ranked_last,694,0.6,0.831858,0.831858,0.135447
covalent_only_unscored_ranked_last,695,0.601,0.831858,0.831858,0.135252
covalent_only_unscored_ranked_last,696,0.602,0.831858,0.831858,0.135057
covalent_only_unscored_ranked_last,697,0.603,0.831858,0.831858,0.134864
covalent_only_unscored_ranked_last,698,0.604,0.831858,0.831858,0.13467
covalent_only_unscored_ranked_last,699,0.605,0.831858,0.831858,0.134478
covalent_only_unscored_ranked_last,700,0.606,0.831858,0.831858,0.134286
covalent_only_unscored_ranked_last,701,0.607,0.831858,0.831858,0.134094
covalent_only_unscored_ranked_last,702,0.608,0.831858,0.831858,0.133903
covalent_only_unscored_ranked_last,703,0.609,0.831858,0.831858,0.133713
covalent_only_unscored_ranked_last,704,0.61,0.831858,0.831858,0.133523
covalent_only_unscored_ranked_last,705,0.611,0.831858,0.831858,0.133333
covalent_only_unscored_ranked_last,706,0.612,0.831858,0.831858,0.133144
covalent_only_unscored_ranked_last,707,0.613,0.831858,0.831858,0.132956
covalent_only_unscored_ranked_last,708,0.614,0.831858,0.831858,0.132768
covalent_only_unscored_ranked_last,709,0.615,0.831858,0.831858,0.132581
covalent_only_unscored_ranked_last,710,0.616,0.831858,0.831858,0.132394
covalent_only_unscored_ranked_last,711,0.617,0.831858,0.831858,0.132208
covalent_only_unscored_ranked_last,712,0.618,0.831858,0.831858,0.132022
covalent_only_unscored_ranked_last,713,0.619,0.831858,0.831858,0.131837
covalent_only_unscored_ranked_last,714,0.62,0.831858,0.831858,0.131653
covalent_only_unscored_ranked_last,715,0.621,0.831858,0.831858,0.131469
covalent_only_unscored_ranked_last,716,0.622,0.831858,0.831858,0.131285
covalent_only_unscored_ranked_last,717,0.623,0.831858,0.831858,0.131102
covalent_only_unscored_ranked_last,718,0.624,0.831858,0.831858,0.130919
covalent_only_unscored_ranked_last,719,0.625,0.831858,0.831858,0.130737
covalent_only_unscored_ranked_last,720,0.626,0.831858,0.831858,0.130556
covalent_only_unscored_ranked_last,721,0.627,0.831858,0.831858,0.130374
covalent_only_unscored_ranked_last,722,0.628,0.831858,0.831858,0.130194
covalent_only_unscored_ranked_last,723,0.629,0.831858,0.831858,0.130014
covalent_only_unscored_ranked_last,724,0.63,0.831858,0.831858,0.129834
covalent_only_unscored_ranked_last,725,0.631,0.831858,0.831858,0.129655
covalent_only_unscored_ranked_last,726,0.632,0.831858,0.831858,0.129477
covalent_only_unscored_ranked_last,727,0.633,0.831858,0.831858,0.129298
covalent_only_unscored_ranked_last,728,0.634,0.831858,0.831858,0.129121
covalent_only_unscored_ranked_last,729,0.635,0.831858,0.831858,0.128944
covalent_only_unscored_ranked_last,730,0.636,0.831858,0.831858,0.128767
covalent_only_unscored_ranked_last,731,0.637,0.831858,0.831858,0.128591
covalent_only_unscored_ranked_last,732,0.638,0.831858,0.831858,0.128415
covalent_only_unscored_ranked_last,733,0.639,0.831858,0.831858,0.12824
covalent_only_unscored_ranked_last,734,0.64,0.831858,0.831858,0.128065
covalent_only_unscored_ranked_last,735,0.641,0.831858,0.831858,0.127891
covalent_only_unscored_ranked_last,736,0.642,0.831858,0.831858,0.127717
covalent_only_unscored_ranked_last,737,0.643,0.831858,0.831858,0.127544
covalent_only_unscored_ranked_last,738,0.644,0.831858,0.831858,0.127371
covalent_only_unscored_ranked_last,739,0.645,0.831858,0.831858,0.127199
covalent_only_unscored_ranked_last,740,0.646,0.831858,0.831858,0.127027
covalent_only_unscored_ranked_last,741,0.647,0.831858,0.831858,0.126856
covalent_only_unscored_ranked_last,742,0.648,0.831858,0.831858,0.126685
covalent_only_unscored_ranked_last,743,0.649,0.831858,0.831858,0.126514
covalent_only_unscored_ranked_last,744,0.65,0.831858,0.831858,0.126344
covalent_only_unscored_ranked_last,745,0.651,0.831858,0.831858,0.126174
covalent_only_unscored_ranked_last,746,0.652,0.831858,0.831858,0.126005
covalent_only_unscored_ranked_last,747,0.653,0.831858,0.831858,0.125837
covalent_only_unscored_ranked_last,748,0.654,0.831858,0.831858,0.125668
covalent_only_unscored_ranked_last,749,0.655,0.831858,0.831858,0.125501
covalent_only_unscored_ranked_last,750,0.656,0.831858,0.831858,0.125333
covalent_only_unscored_ranked_last,751,0.657,0.831858,0.831858,0.125166
covalent_only_unscored_ranked_last,752,0.658,0.831858,0.831858,0.125
covalent_only_unscored_ranked_last,753,0.659,0.831858,0.831858,0.124834
covalent_only_unscored_ranked_last,754,0.66,0.831858,0.831858,0.124668
covalent_only_unscored_ranked_last,755,0.661,0.831858,0.831858,0.124503
covalent_only_unscored_ranked_last,756,0.661,0.840708,0.840708,0.125661
covalent_only_unscored_ranked_last,757,0.661,0.849558,0.849558,0.126816
covalent_only_unscored_ranked_last,758,0.662,0.849558,0.849558,0.126649
covalent_only_unscored_ranked_last,759,0.663,0.849558,0.849558,0.126482
covalent_only_unscored_ranked_last,760,0.664,0.849558,0.849558,0.126316
covalent_only_unscored_ranked_last,761,0.665,0.849558,0.849558,0.12615
covalent_only_unscored_ranked_last,762,0.666,0.849558,0.849558,0.125984
covalent_only_unscored_ranked_last,763,0.667,0.849558,0.849558,0.125819
covalent_only_unscored_ranked_last,764,0.668,0.849558,0.849558,0.125654
covalent_only_unscored_ranked_last,765,0.669,0.849558,0.849558,0.12549
covalent_only_unscored_ranked_last,766,0.67,0.849558,0.849558,0.125326
covalent_only_unscored_ranked_last,767,0.671,0.849558,0.849558,0.125163
covalent_only_unscored_ranked_last,768,0.671,0.858407,0.858407,0.126302
covalent_only_unscored_ranked_last,769,0.672,0.858407,0.858407,0.126138
covalent_only_unscored_ranked_last,770,0.673,0.858407,0.858407,0.125974
covalent_only_unscored_ranked_last,771,0.674,0.858407,0.858407,0.125811
covalent_only_unscored_ranked_last,772,0.675,0.858407,0.858407,0.125648
covalent_only_unscored_ranked_last,773,0.676,0.858407,0.858407,0.125485
covalent_only_unscored_ranked_last,774,0.677,0.858407,0.858407,0.125323
covalent_only_unscored_ranked_last,775,0.678,0.858407,0.858407,0.125161
covalent_only_unscored_ranked_last,776,0.679,0.858407,0.858407,0.125
covalent_only_unscored_ranked_last,777,0.679,0.867257,0.867257,0.126126
covalent_only_unscored_ranked_last,778,0.68,0.867257,0.867257,0.125964
covalent_only_unscored_ranked_last,779,0.681,0.867257,0.867257,0.125802
covalent_only_unscored_ranked_last,780,0.682,0.867257,0.867257,0.125641
covalent_only_unscored_ranked_last,781,0.683,0.867257,0.867257,0.12548
covalent_only_unscored_ranked_last,782,0.684,0.867257,0.867257,0.12532
covalent_only_unscored_ranked_last,783,0.685,0.867257,0.867257,0.12516
covalent_only_unscored_ranked_last,784,0.686,0.867257,0.867257,0.125
covalent_only_unscored_ranked_last,785,0.687,0.867257,0.867257,0.124841
covalent_only_unscored_ranked_last,786,0.688,0.867257,0.867257,0.124682
covalent_only_unscored_ranked_last,787,0.689,0.867257,0.867257,0.124524
covalent_only_unscored_ranked_last,788,0.69,0.867257,0.867257,0.124365
covalent_only_unscored_ranked_last,789,0.691,0.867257,0.867257,0.124208
covalent_only_unscored_ranked_last,790,0.691,0.876106,0.876106,0.125316
covalent_only_unscored_ranked_last,791,0.692,0.876106,0.876106,0.125158
covalent_only_unscored_ranked_last,792,0.693,0.876106,0.876106,0.125
covalent_only_unscored_ranked_last,793,0.694,0.876106,0.876106,0.124842
covalent_only_unscored_ranked_last,794,0.695,0.876106,0.876106,0.124685
covalent_only_unscored_ranked_last,795,0.696,0.876106,0.876106,0.124528
covalent_only_unscored_ranked_last,796,0.697,0.876106,0.876106,0.124372
covalent_only_unscored_ranked_last,797,0.698,0.876106,0.876106,0.124216
covalent_only_unscored_ranked_last,798,0.699,0.876106,0.876106,0.12406
covalent_only_unscored_ranked_last,799,0.7,0.876106,0.876106,0.123905
covalent_only_unscored_ranked_last,800,0.701,0.876106,0.876106,0.12375
covalent_only_unscored_ranked_last,801,0.701,0.884956,0.884956,0.124844
covalent_only_unscored_ranked_last,802,0.702,0.884956,0.884956,0.124688
covalent_only_unscored_ranked_last,803,0.703,0.884956,0.884956,0.124533
covalent_only_unscored_ranked_last,804,0.704,0.884956,0.884956,0.124378
covalent_only_unscored_ranked_last,805,0.705,0.884956,0.884956,0.124224
covalent_only_unscored_ranked_last,806,0.706,0.884956,0.884956,0.124069
covalent_only_unscored_ranked_last,807,0.707,0.884956,0.884956,0.123916
covalent_only_unscored_ranked_last,808,0.708,0.884956,0.884956,0.123762
covalent_only_unscored_ranked_last,809,0.709,0.884956,0.884956,0.123609
covalent_only_unscored_ranked_last,810,0.71,0.884956,0.884956,0.123457
covalent_only_unscored_ranked_last,811,0.711,0.884956,0.884956,0.123305
covalent_only_unscored_ranked_last,812,0.712,0.884956,0.884956,0.123153
covalent_only_unscored_ranked_last,813,0.713,0.884956,0.884956,0.123001
covalent_only_unscored_ranked_last,814,0.714,0.884956,0.884956,0.12285
covalent_only_unscored_ranked_last,815,0.715,0.884956,0.884956,0.122699
covalent_only_unscored_ranked_last,816,0.716,0.884956,0.884956,0.122549
covalent_only_unscored_ranked_last,817,0.717,0.884956,0.884956,0.122399
covalent_only_unscored_ranked_last,818,0.717,0.893805,0.893805,0.123472
covalent_only_unscored_ranked_last,819,0.718,0.893805,0.893805,0.123321
covalent_only_unscored_ranked_last,820,0.719,0.893805,0.893805,0.123171
covalent_only_unscored_ranked_last,821,0.72,0.893805,0.893805,0.123021
covalent_only_unscored_ranked_last,822,0.721,0.893805,0.893805,0.122871
covalent_only_unscored_ranked_last,823,0.722,0.893805,0.893805,0.122722
covalent_only_unscored_ranked_last,824,0.723,0.893805,0.893805,0.122573
covalent_only_unscored_ranked_last,825,0.724,0.893805,0.893805,0.122424
covalent_only_unscored_ranked_last,826,0.725,0.893805,0.893805,0.122276
covalent_only_unscored_ranked_last,827,0.726,0.893805,0.893805,0.122128
covalent_only_unscored_ranked_last,828,0.726,0.902655,0.902655,0.123188
covalent_only_unscored_ranked_last,829,0.727,0.902655,0.902655,0.12304
covalent_only_unscored_ranked_last,830,0.728,0.902655,0.902655,0.122892
covalent_only_unscored_ranked_last,831,0.729,0.902655,0.902655,0.122744
covalent_only_unscored_ranked_last,832,0.73,0.902655,0.902655,0.122596
covalent_only_unscored_ranked_last,833,0.731,0.902655,0.902655,0.122449
covalent_only_unscored_ranked_last,834,0.731,0.911504,0.911504,0.123501
covalent_only_unscored_ranked_last,835,0.732,0.911504,0.911504,0.123353
covalent_only_unscored_ranked_last,836,0.733,0.911504,0.911504,0.123206
covalent_only_unscored_ranked_last,837,0.734,0.911504,0.911504,0.123059
covalent_only_unscored_ranked_last,838,0.735,0.911504,0.911504,0.122912
covalent_only_unscored_ranked_last,839,0.736,0.911504,0.911504,0.122765
covalent_only_unscored_ranked_last,840,0.737,0.911504,0.911504,0.122619
covalent_only_unscored_ranked_last,841,0.738,0.911504,0.911504,0.122473
covalent_only_unscored_ranked_last,842,0.739,0.911504,0.911504,0.122328
covalent_only_unscored_ranked_last,843,0.74,0.911504,0.911504,0.122183
covalent_only_unscored_ranked_last,844,0.741,0.911504,0.911504,0.122038
covalent_only_unscored_ranked_last,845,0.742,0.911504,0.911504,0.121893
covalent_only_unscored_ranked_last,846,0.743,0.911504,0.911504,0.121749
covalent_only_unscored_ranked_last,847,0.744,0.911504,0.911504,0.121606
covalent_only_unscored_ranked_last,848,0.745,0.911504,0.911504,0.121462
covalent_only_unscored_ranked_last,849,0.746,0.911504,0.911504,0.121319
covalent_only_unscored_ranked_last,850,0.746,0.920354,0.920354,0.122353
covalent_only_unscored_ranked_last,851,0.747,0.920354,0.920354,0.122209
covalent_only_unscored_ranked_last,852,0.748,0.920354,0.920354,0.122066
covalent_only_unscored_ranked_last,853,0.749,0.920354,0.920354,0.121923
covalent_only_unscored_ranked_last,854,0.75,0.920354,0.920354,0.12178
covalent_only_unscored_ranked_last,855,0.751,0.920354,0.920354,0.121637
covalent_only_unscored_ranked_last,856,0.752,0.920354,0.920354,0.121495
covalent_only_unscored_ranked_last,857,0.753,0.920354,0.920354,0.121354
covalent_only_unscored_ranked_last,858,0.754,0.920354,0.920354,0.121212
covalent_only_unscored_ranked_last,859,0.755,0.920354,0.920354,0.121071
covalent_only_unscored_ranked_last,860,0.756,0.920354,0.920354,0.12093
covalent_only_unscored_ranked_last,861,0.757,0.920354,0.920354,0.12079
covalent_only_unscored_ranked_last,862,0.758,0.920354,0.920354,0.12065
covalent_only_unscored_ranked_last,863,0.759,0.920354,0.920354,0.12051
covalent_only_unscored_ranked_last,864,0.76,0.920354,0.920354,0.12037
covalent_only_unscored_ranked_last,865,0.761,0.920354,0.920354,0.120231
covalent_only_unscored_ranked_last,866,0.762,0.920354,0.920354,0.120092
covalent_only_unscored_ranked_last,867,0.763,0.920354,0.920354,0.119954
covalent_only_unscored_ranked_last,868,0.764,0.920354,0.920354,0.119816
covalent_only_unscored_ranked_last,869,0.765,0.920354,0.920354,0.119678
covalent_only_unscored_ranked_last,870,0.766,0.920354,0.920354,0.11954
covalent_only_unscored_ranked_last,871,0.767,0.920354,0.920354,0.119403
covalent_only_unscored_ranked_last,872,0.768,0.920354,0.920354,0.119266
covalent_only_unscored_ranked_last,873,0.769,0.920354,0.920354,0.119129
covalent_only_unscored_ranked_last,874,0.77,0.920354,0.920354,0.118993
covalent_only_unscored_ranked_last,875,0.771,0.920354,0.920354,0.118857
covalent_only_unscored_ranked_last,876,0.772,0.920354,0.920354,0.118721
covalent_only_unscored_ranked_last,877,0.773,0.920354,0.920354,0.118586
covalent_only_unscored_ranked_last,878,0.774,0.920354,0.920354,0.118451
covalent_only_unscored_ranked_last,879,0.775,0.920354,0.920354,0.118316
covalent_only_unscored_ranked_last,880,0.776,0.920354,0.920354,0.118182
covalent_only_unscored_ranked_last,881,0.777,0.920354,0.920354,0.118048
covalent_only_unscored_ranked_last,882,0.778,0.920354,0.920354,0.117914
covalent_only_unscored_ranked_last,883,0.778,0.929204,0.929204,0.118913
covalent_only_unscored_ranked_last,884,0.779,0.929204,0.929204,0.118778
covalent_only_unscored_ranked_last,885,0.78,0.929204,0.929204,0.118644
covalent_only_unscored_ranked_last,886,0.78,0.938053,0.938053,0.119639
covalent_only_unscored_ranked_last,887,0.781,0.938053,0.938053,0.119504
covalent_only_unscored_ranked_last,888,0.782,0.938053,0.938053,0.119369
covalent_only_unscored_ranked_last,889,0.783,0.938053,0.938053,0.119235
covalent_only_unscored_ranked_last,890,0.784,0.938053,0.938053,0.119101
covalent_only_unscored_ranked_last,891,0.785,0.938053,0.938053,0.118967
covalent_only_unscored_ranked_last,892,0.786,0.938053,0.938053,0.118834
covalent_only_unscored_ranked_last,893,0.786,0.946903,0.946903,0.119821
covalent_only_unscored_ranked_last,894,0.787,0.946903,0.946903,0.119687
covalent_only_unscored_ranked_last,895,0.788,0.946903,0.946903,0.119553
covalent_only_unscored_ranked_last,896,0.789,0.946903,0.946903,0.11942
covalent_only_unscored_ranked_last,897,0.79,0.946903,0.946903,0.119287
covalent_only_unscored_ranked_last,898,0.791,0.946903,0.946903,0.119154
covalent_only_unscored_ranked_last,899,0.792,0.946903,0.946903,0.119021
covalent_only_unscored_ranked_last,900,0.793,0.946903,0.946903,0.118889
covalent_only_unscored_ranked_last,901,0.794,0.946903,0.946903,0.118757
covalent_only_unscored_ranked_last,902,0.794,0.955752,0.955752,0.119734
covalent_only_unscored_ranked_last,903,0.795,0.955752,0.955752,0.119601
covalent_only_unscored_ranked_last,904,0.796,0.955752,0.955752,0.119469
covalent_only_unscored_ranked_last,905,0.797,0.955752,0.955752,0.119337
covalent_only_unscored_ranked_last,906,0.798,0.955752,0.955752,0.119205
covalent_only_unscored_ranked_last,907,0.799,0.955752,0.955752,0.119074
covalent_only_unscored_ranked_last,908,0.799,0.964602,0.964602,0.120044
covalent_only_unscored_ranked_last,909,0.8,0.964602,0.964602,0.119912
covalent_only_unscored_ranked_last,910,0.801,0.964602,0.964602,0.11978
covalent_only_unscored_ranked_last,911,0.802,0.964602,0.964602,0.119649
covalent_only_unscored_ranked_last,912,0.803,0.964602,0.964602,0.119518
covalent_only_unscored_ranked_last,913,0.804,0.964602,0.964602,0.119387
covalent_only_unscored_ranked_last,914,0.805,0.964602,0.964602,0.119256
covalent_only_unscored_ranked_last,915,0.806,0.964602,0.964602,0.119126
covalent_only_unscored_ranked_last,916,0.807,0.964602,0.964602,0.118996
covalent_only_unscored_ranked_last,917,0.808,0.964602,0.964602,0.118866
covalent_only_unscored_ranked_last,918,0.809,0.964602,0.964602,0.118736
covalent_only_unscored_ranked_last,919,0.809,0.973451,0.973451,0.119695
covalent_only_unscored_ranked_last,920,0.81,0.973451,0.973451,0.119565
covalent_only_unscored_ranked_last,921,0.811,0.973451,0.973451,0.119435
covalent_only_unscored_ranked_last,922,0.812,0.973451,0.973451,0.119306
covalent_only_unscored_ranked_last,923,0.813,0.973451,0.973451,0.119177
covalent_only_unscored_ranked_last,924,0.814,0.973451,0.973451,0.119048
covalent_only_unscored_ranked_last,925,0.815,0.973451,0.973451,0.118919
covalent_only_unscored_ranked_last,926,0.816,0.973451,0.973451,0.11879
covalent_only_unscored_ranked_last,927,0.817,0.973451,0.973451,0.118662
covalent_only_unscored_ranked_last,928,0.818,0.973451,0.973451,0.118534
covalent_only_unscored_ranked_last,929,0.819,0.973451,0.973451,0.118407
covalent_only_unscored_ranked_last,930,0.82,0.973451,0.973451,0.11828
covalent_only_unscored_ranked_last,931,0.821,0.973451,0.973451,0.118153
covalent_only_unscored_ranked_last,932,0.822,0.973451,0.973451,0.118026
covalent_only_unscored_ranked_last,933,0.823,0.973451,0.973451,0.117899
covalent_only_unscored_ranked_last,934,0.824,0.973451,0.973451,0.117773
covalent_only_unscored_ranked_last,935,0.825,0.973451,0.973451,0.117647
covalent_only_unscored_ranked_last,936,0.826,0.973451,0.973451,0.117521
covalent_only_unscored_ranked_last,937,0.827,0.973451,0.973451,0.117396
covalent_only_unscored_ranked_last,938,0.828,0.973451,0.973451,0.117271
covalent_only_unscored_ranked_last,939,0.828,0.982301,0.982301,0.118211
covalent_only_unscored_ranked_last,940,0.829,0.982301,0.982301,0.118085
covalent_only_unscored_ranked_last,941,0.83,0.982301,0.982301,0.11796
covalent_only_unscored_ranked_last,942,0.831,0.982301,0.982301,0.117834
covalent_only_unscored_ranked_last,943,0.832,0.982301,0.982301,0.117709
covalent_only_unscored_ranked_last,944,0.833,0.982301,0.982301,0.117585
covalent_only_unscored_ranked_last,945,0.834,0.982301,0.982301,0.11746
covalent_only_unscored_ranked_last,946,0.835,0.982301,0.982301,0.117336
covalent_only_unscored_ranked_last,947,0.836,0.982301,0.982301,0.117212
covalent_only_unscored_ranked_last,948,0.836,0.99115,0.99115,0.118143
covalent_only_unscored_ranked_last,949,0.837,0.99115,0.99115,0.118019
covalent_only_unscored_ranked_last,950,0.838,0.99115,0.99115,0.117895
covalent_only_unscored_ranked_last,951,0.839,0.99115,0.99115,0.117771
covalent_only_unscored_ranked_last,952,0.84,0.99115,0.99115,0.117647
covalent_only_unscored_ranked_last,953,0.841,0.99115,0.99115,0.117524
covalent_only_unscored_ranked_last,954,0.842,0.99115,0.99115,0.1174
covalent_only_unscored_ranked_last,955,0.843,0.99115,0.99115,0.117277
covalent_only_unscored_ranked_last,956,0.844,0.99115,0.99115,0.117155
covalent_only_unscored_ranked_last,957,0.845,0.99115,0.99115,0.117032
covalent_only_unscored_ranked_last,958,0.846,0.99115,0.99115,0.11691
covalent_only_unscored_ranked_last,959,0.847,0.99115,0.99115,0.116788
covalent_only_unscored_ranked_last,960,0.848,0.99115,0.99115,0.116667
covalent_only_unscored_ranked_last,961,0.849,0.99115,0.99115,0.116545
covalent_only_unscored_ranked_last,962,0.85,0.99115,0.99115,0.116424
covalent_only_unscored_ranked_last,963,0.851,0.99115,0.99115,0.116303
covalent_only_unscored_ranked_last,964,0.852,0.99115,0.99115,0.116183
covalent_only_unscored_ranked_last,965,0.853,0.99115,0.99115,0.116062
covalent_only_unscored_ranked_last,966,0.854,0.99115,0.99115,0.115942
covalent_only_unscored_ranked_last,967,0.855,0.99115,0.99115,0.115822
covalent_only_unscored_ranked_last,968,0.856,0.99115,0.99115,0.115702
covalent_only_unscored_ranked_last,969,0.857,0.99115,0.99115,0.115583
covalent_only_unscored_ranked_last,970,0.858,0.99115,0.99115,0.115464
covalent_only_unscored_ranked_last,971,0.859,0.99115,0.99115,0.115345
covalent_only_unscored_ranked_last,972,0.86,0.99115,0.99115,0.115226
covalent_only_unscored_ranked_last,973,0.861,0.99115,0.99115,0.115108
covalent_only_unscored_ranked_last,974,0.862,0.99115,0.99115,0.11499
covalent_only_unscored_ranked_last,975,0.863,0.99115,0.99115,0.114872
covalent_only_unscored_ranked_last,976,0.864,0.99115,0.99115,0.114754
covalent_only_unscored_ranked_last,977,0.865,0.99115,0.99115,0.114637
covalent_only_unscored_ranked_last,978,0.866,0.99115,0.99115,0.114519
covalent_only_unscored_ranked_last,979,0.867,0.99115,0.99115,0.114402
covalent_only_unscored_ranked_last,980,0.868,0.99115,0.99115,0.114286
covalent_only_unscored_ranked_last,981,0.869,0.99115,0.99115,0.114169
covalent_only_unscored_ranked_last,982,0.869,1.0,1.0,0.115071
covalent_only_unscored_ranked_last,983,0.87,1.0,1.0,0.114954
covalent_only_unscored_ranked_last,984,0.871,1.0,1.0,0.114837
covalent_only_unscored_ranked_last,985,0.872,1.0,1.0,0.114721
covalent_only_unscored_ranked_last,986,0.873,1.0,1.0,0.114604
covalent_only_unscored_ranked_last,987,0.874,1.0,1.0,0.114488
covalent_only_unscored_ranked_last,988,0.875,1.0,1.0,0.114372
covalent_only_unscored_ranked_last,989,0.876,1.0,1.0,0.114257
covalent_only_unscored_ranked_last,990,0.877,1.0,1.0,0.114141
covalent_only_unscored_ranked_last,991,0.878,1.0,1.0,0.114026
covalent_only_unscored_ranked_last,992,0.879,1.0,1.0,0.113911
covalent_only_unscored_ranked_last,993,0.88,1.0,1.0,0.113797
covalent_only_unscored_ranked_last,994,0.881,1.0,1.0,0.113682
covalent_only_unscored_ranked_last,995,0.882,1.0,1.0,0.113568
covalent_only_unscored_ranked_last,996,0.883,1.0,1.0,0.113454
covalent_only_unscored_ranked_last,997,0.884,1.0,1.0,0.11334
covalent_only_unscored_ranked_last,998,0.885,1.0,1.0,0.113226
covalent_only_unscored_ranked_last,999,0.886,1.0,1.0,0.113113
covalent_only_unscored_ranked_last,1000,0.887,1.0,1.0,0.113
covalent_only_unscored_ranked_last,1001,0.888,1.0,1.0,0.112887
covalent_only_unscored_ranked_last,1002,0.889,1.0,1.0,0.112774
covalent_only_unscored_ranked_last,1003,0.89,1.0,1.0,0.112662
covalent_only_unscored_ranked_last,1004,0.891,1.0,1.0,0.11255
covalent_only_unscored_ranked_last,1005,0.892,1.0,1.0,0.112438
covalent_only_unscored_ranked_last,1006,0.893,1.0,1.0,0.112326
covalent_only_unscored_ranked_last,1007,0.894,1.0,1.0,0.112214
covalent_only_unscored_ranked_last,1008,0.895,1.0,1.0,0.112103
covalent_only_unscored_ranked_last,1009,0.896,1.0,1.0,0.111992
covalent_only_unscored_ranked_last,1010,0.897,1.0,1.0,0.111881
covalent_only_unscored_ranked_last,1011,0.898,1.0,1.0,0.111771
covalent_only_unscored_ranked_last,1012,0.899,1.0,1.0,0.11166
covalent_only_unscored_ranked_last,1013,0.9,1.0,1.0,0.11155
covalent_only_unscored_ranked_last,1014,0.901,1.0,1.0,0.11144
covalent_only_unscored_ranked_last,1015,0.902,1.0,1.0,0.11133
covalent_only_unscored_ranked_last,1016,0.903,1.0,1.0,0.11122
covalent_only_unscored_ranked_last,1017,0.904,1.0,1.0,0.111111
covalent_only_unscored_ranked_last,1018,0.905,1.0,1.0,0.111002
covalent_only_unscored_ranked_last,1019,0.906,1.0,1.0,0.110893
covalent_only_unscored_ranked_last,1020,0.907,1.0,1.0,0.110784
covalent_only_unscored_ranked_last,1021,0.908,1.0,1.0,0.110676
covalent_only_unscored_ranked_last,1022,0.909,1.0,1.0,0.110568
covalent_only_unscored_ranked_last,1023,0.91,1.0,1.0,0.110459
covalent_only_unscored_ranked_last,1024,0.911,1.0,1.0,0.110352
covalent_only_unscored_ranked_last,1025,0.912,1.0,1.0,0.110244
covalent_only_unscored_ranked_last,1026,0.913,1.0,1.0,0.110136
covalent_only_unscored_ranked_last,1027,0.914,1.0,1.0,0.110029
covalent_only_unscored_ranked_last,1028,0.915,1.0,1.0,0.109922
covalent_only_unscored_ranked_last,1029,0.916,1.0,1.0,0.109815
covalent_only_unscored_ranked_last,1030,0.917,1.0,1.0,0.109709
covalent_only_unscored_ranked_last,1031,0.918,1.0,1.0,0.109602
covalent_only_unscored_ranked_last,1032,0.919,1.0,1.0,0.109496
covalent_only_unscored_ranked_last,1033,0.92,1.0,1.0,0.10939
covalent_only_unscored_ranked_last,1034,0.921,1.0,1.0,0.109284
covalent_only_unscored_ranked_last,1035,0.922,1.0,1.0,0.109179
covalent_only_unscored_ranked_last,1036,0.923,1.0,1.0,0.109073
covalent_only_unscored_ranked_last,1037,0.924,1.0,1.0,0.108968
covalent_only_unscored_ranked_last,1038,0.925,1.0,1.0,0.108863
covalent_only_unscored_ranked_last,1039,0.926,1.0,1.0,0.108758
covalent_only_unscored_ranked_last,1040,0.927,1.0,1.0,0.108654
covalent_only_unscored_ranked_last,1041,0.928,1.0,1.0,0.108549
covalent_only_unscored_ranked_last,1042,0.929,1.0,1.0,0.108445
covalent_only_unscored_ranked_last,1043,0.93,1.0,1.0,0.108341
covalent_only_unscored_ranked_last,1044,0.931,1.0,1.0,0.108238
covalent_only_unscored_ranked_last,1045,0.932,1.0,1.0,0.108134
covalent_only_unscored_ranked_last,1046,0.933,1.0,1.0,0.108031
covalent_only_unscored_ranked_last,1047,0.934,1.0,1.0,0.107927
covalent_only_unscored_ranked_last,1048,0.935,1.0,1.0,0.107824
covalent_only_unscored_ranked_last,1049,0.936,1.0,1.0,0.107722
covalent_only_unscored_ranked_last,1050,0.937,1.0,1.0,0.107619
covalent_only_unscored_ranked_last,1051,0.938,1.0,1.0,0.107517
covalent_only_unscored_ranked_last,1052,0.939,1.0,1.0,0.107414
covalent_only_unscored_ranked_last,1053,0.94,1.0,1.0,0.107312
covalent_only_unscored_ranked_last,1054,0.941,1.0,1.0,0.107211
covalent_only_unscored_ranked_last,1055,0.942,1.0,1.0,0.107109
covalent_only_unscored_ranked_last,1056,0.943,1.0,1.0,0.107008
covalent_only_unscored_ranked_last,1057,0.944,1.0,1.0,0.106906
covalent_only_unscored_ranked_last,1058,0.945,1.0,1.0,0.106805
covalent_only_unscored_ranked_last,1059,0.946,1.0,1.0,0.106704
covalent_only_unscored_ranked_last,1060,0.947,1.0,1.0,0.106604
covalent_only_unscored_ranked_last,1061,0.948,1.0,1.0,0.106503
covalent_only_unscored_ranked_last,1062,0.949,1.0,1.0,0.106403
covalent_only_unscored_ranked_last,1063,0.95,1.0,1.0,0.106303
covalent_only_unscored_ranked_last,1064,0.951,1.0,1.0,0.106203
covalent_only_unscored_ranked_last,1065,0.952,1.0,1.0,0.106103
covalent_only_unscored_ranked_last,1066,0.953,1.0,1.0,0.106004
covalent_only_unscored_ranked_last,1067,0.954,1.0,1.0,0.105904
covalent_only_unscored_ranked_last,1068,0.955,1.0,1.0,0.105805
covalent_only_unscored_ranked_last,1069,0.956,1.0,1.0,0.105706
covalent_only_unscored_ranked_last,1070,0.957,1.0,1.0,0.105607
covalent_only_unscored_ranked_last,1071,0.958,1.0,1.0,0.105509
covalent_only_unscored_ranked_last,1072,0.959,1.0,1.0,0.10541
covalent_only_unscored_ranked_last,1073,0.96,1.0,1.0,0.105312
covalent_only_unscored_ranked_last,1074,0.961,1.0,1.0,0.105214
covalent_only_unscored_ranked_last,1075,0.962,1.0,1.0,0.105116
covalent_only_unscored_ranked_last,1076,0.963,1.0,1.0,0.105019
covalent_only_unscored_ranked_last,1077,0.964,1.0,1.0,0.104921
covalent_only_unscored_ranked_last,1078,0.965,1.0,1.0,0.104824
covalent_only_unscored_ranked_last,1079,0.966,1.0,1.0,0.104727
covalent_only_unscored_ranked_last,1080,0.967,1.0,1.0,0.10463
covalent_only_unscored_ranked_last,1081,0.968,1.0,1.0,0.104533
covalent_only_unscored_ranked_last,1082,0.969,1.0,1.0,0.104436
covalent_only_unscored_ranked_last,1083,0.97,1.0,1.0,0.10434
covalent_only_unscored_ranked_last,1084,0.971,1.0,1.0,0.104244
covalent_only_unscored_ranked_last,1085,0.972,1.0,1.0,0.104147
covalent_only_unscored_ranked_last,1086,0.973,1.0,1.0,0.104052
covalent_only_unscored_ranked_last,1087,0.974,1.0,1.0,0.103956
covalent_only_unscored_ranked_last,1088,0.975,1.0,1.0,0.10386
covalent_only_unscored_ranked_last,1089,0.976,1.0,1.0,0.103765
covalent_only_unscored_ranked_last,1090,0.977,1.0,1.0,0.10367
covalent_only_unscored_ranked_last,1091,0.978,1.0,1.0,0.103575
covalent_only_unscored_ranked_last,1092,0.979,1.0,1.0,0.10348
covalent_only_unscored_ranked_last,1093,0.98,1.0,1.0,0.103385
covalent_only_unscored_ranked_last,1094,0.981,1.0,1.0,0.103291
covalent_only_unscored_ranked_last,1095,0.982,1.0,1.0,0.103196
covalent_only_unscored_ranked_last,1096,0.983,1.0,1.0,0.103102
covalent_only_unscored_ranked_last,1097,0.984,1.0,1.0,0.103008
covalent_only_unscored_ranked_last,1098,0.985,1.0,1.0,0.102914
covalent_only_unscored_ranked_last,1099,0.986,1.0,1.0,0.102821
covalent_only_unscored_ranked_last,1100,0.987,1.0,1.0,0.102727
covalent_only_unscored_ranked_last,1101,0.988,1.0,1.0,0.102634
covalent_only_unscored_ranked_last,1102,0.989,1.0,1.0,0.102541
covalent_only_unscored_ranked_last,1103,0.99,1.0,1.0,0.102448
covalent_only_unscored_ranked_last,1104,0.991,1.0,1.0,0.102355
covalent_only_unscored_ranked_last,1105,0.992,1.0,1.0,0.102262
covalent_only_unscored_ranked_last,1106,0.993,1.0,1.0,0.10217
covalent_only_unscored_ranked_last,1107,0.994,1.0,1.0,0.102078
covalent_only_unscored_ranked_last,1108,0.995,1.0,1.0,0.101986
covalent_only_unscored_ranked_last,1109,0.996,1.0,1.0,0.101894
covalent_only_unscored_ranked_last,1110,0.997,1.0,1.0,0.101802
covalent_only_unscored_ranked_last,1111,0.998,1.0,1.0,0.10171
covalent_only_unscored_ranked_last,1112,0.999,1.0,1.0,0.101619
covalent_only_unscored_ranked_last,1113,1.0,1.0,1.0,0.101527
covalent_only_unscored_ranked_last,1113,1.0,1.0,1.0,0.101527
