subset,index,fpr,tpr,recall,precision
all_actives,0,0.0,0.0,0.0,0.0
all_actives,8,0.001045,0.004367,0.004367,0.125
all_actives,16,0.00209,0.008734,0.008734,0.125
all_actives,24,0.003284,0.008734,0.008734,0.083333
all_actives,32,0.004328,0.0131,0.0131,0.09375
all_actives,40,0.005522,0.0131,0.0131,0.075
all_actives,48,0.006567,0.017467,0.017467,0.083333
all_actives,56,0.007761,0.017467,0.017467,0.071429
all_actives,64,0.008955,0.017467,0.017467,0.0625
all_actives,72,0.010149,0.017467,0.017467,0.055556
all_actives,80,0.011343,0.017467,0.017467,0.05
all_actives,88,0.012537,0.017467,0.017467,0.045455
all_actives,96,0.013731,0.017467,0.017467,0.041667
all_actives,104,0.014925,0.017467,0.017467,0.038462
all_actives,112,0.016119,0.017467,0.017467,0.035714
all_actives,120,0.017313,0.017467,0.017467,0.033333
all_actives,128,0.018209,0.026201,0.026201,0.046875
all_actives,136,0.019254,0.030568,0.030568,0.051471
all_actives,144,0.020299,0.034934,0.034934,0.055556
all_actives,152,0.021493,0.034934,0.034934,0.052632
all_actives,160,0.022687,0.034934,0.034934,0.05
all_actives,168,0.023881,0.034934,0.034934,0.047619
all_actives,176,0.025075,0.034934,0.034934,0.045455
all_actives,184,0.026119,0.039301,0.039301,0.048913
all_actives,192,0.027313,0.039301,0.039301,0.046875
all_actives,200,0.028358,0.043668,0.043668,0.05
all_actives,208,0.029403,0.048035,0.048035,0.052885
all_actives,216,0.030448,0.052402,0.052402,0.055556
all_actives,224,0.031642,0.052402,0.052402,0.053571
all_actives,232,0.032836,0.052402,0.052402,0.051724
all_actives,240,0.03403,0.052402,0.052402,0.05
all_actives,248,0.035224,0.052402,0.052402,0.048387
all_actives,256,0.036418,0.052402,0.052402,0.046875
all_actives,264,0.037463,0.056769,0.056769,0.049242
all_actives,272,0.038507,0.061135,0.061135,0.051471
all_actives,280,0.039552,0.065502,0.065502,0.053571
all_actives,288,0.040746,0.065502,0.065502,0.052083
all_actives,296,0.04194,0.065502,0.065502,0.050676
all_actives,304,0.043134,0.065502,0.065502,0.049342
all_actives,312,0.044179,0.069869,0.069869,0.051282
all_actives,320,0.045373,0.069869,0.069869,0.05
all_actives,328,0.046418,0.074236,0.074236,0.051829
all_actives,336,0.047612,0.074236,0.074236,0.050595
all_actives,344,0.048806,0.074236,0.074236,0.049419
all_actives,352,0.049851,0.078603,0.078603,0.051136
all_actives,360,0.051045,0.078603,0.078603,0.05
all_actives,368,0.052239,0.078603,0.078603,0.048913
all_actives,376,0.053433,0.078603,0.078603,0.047872
all_actives,384,0.054627,0.078603,0.078603,0.046875
all_actives,392,0.055672,0.082969,0.082969,0.048469
all_actives,400,0.056866,0.082969,0.082969,0.0475
all_actives,408,0.05806,0.082969,0.082969,0.046569
all_actives,416,0.059254,0.082969,0.082969,0.045673
all_actives,424,0.060299,0.087336,0.087336,0.04717
all_actives,432,0.061493,0.087336,0.087336,0.046296
all_actives,440,0.062687,0.087336,0.087336,0.045455
all_actives,448,0.063881,0.087336,0.087336,0.044643
all_actives,456,0.064925,0.091703,0.091703,0.046053
all_actives,464,0.065821,0.100437,0.100437,0.049569
all_actives,472,0.066716,0.10917,0.10917,0.052966
all_actives,480,0.06791,0.10917,0.10917,0.052083
all_actives,488,0.068955,0.113537,0.113537,0.053279
all_actives,496,0.070149,0.113537,0.113537,0.052419
all_actives,504,0.071343,0.113537,0.113537,0.051587
all_actives,512,0.072537,0.113537,0.113537,0.050781
all_actives,520,0.073582,0.117904,0.117904,0.051923
all_actives,528,0.074776,0.117904,0.117904,0.051136
all_actives,536,0.075821,0.122271,0.122271,0.052239
all_actives,544,0.076866,0.126638,0.126638,0.053309
all_actives,552,0.07791,0.131004,0.131004,0.054348
all_actives,560,0.078955,0.135371,0.135371,0.055357
all_actives,568,0.080149,0.135371,0.135371,0.054577
all_actives,576,0.081194,0.139738,0.139738,0.055556
all_actives,584,0.082239,0.144105,0.144105,0.056507
all_actives,592,0.083433,0.144105,0.144105,0.055743
all_actives,600,0.084627,0.144105,0.144105,0.055
all_actives,608,0.085672,0.148472,0.148472,0.055921
all_actives,616,0.086866,0.148472,0.148472,0.055195
all_actives,624,0.08806,0.148472,0.148472,0.054487
all_actives,632,0.089254,0.148472,0.148472,0.053797
all_actives,640,0.090448,0.148472,0.148472,0.053125
all_actives,648,0.091642,0.148472,0.148472,0.052469
all_actives,656,0.092836,0.148472,0.148472,0.051829
all_actives,664,0.093881,0.152838,0.152838,0.052711
all_actives,672,0.095075,0.152838,0.152838,0.052083
all_actives,680,0.096269,0.152838,0.152838,0.051471
all_actives,688,0.097313,0.157205,0.157205,0.052326
all_actives,696,0.098507,0.157205,0.157205,0.051724
all_actives,704,0.099552,0.161572,0.161572,0.052557
all_actives,712,0.100597,0.165939,0.165939,0.053371
all_actives,720,0.101791,0.165939,0.165939,0.052778
all_actives,728,0.102985,0.165939,0.165939,0.052198
all_actives,736,0.104179,0.165939,0.165939,0.05163
all_actives,744,0.105224,0.170306,0.170306,0.052419
all_actives,752,0.106269,0.174672,0.174672,0.053191
all_actives,760,0.107463,0.174672,0.174672,0.052632
all_actives,768,0.108507,0.179039,0.179039,0.053385
all_actives,776,0.109701,0.179039,0.179039,0.052835
all_actives,784,0.110746,0.183406,0.183406,0.053571
all_actives,792,0.11194,0.183406,0.183406,0.05303
all_actives,800,0.113134,0.183406,0.183406,0.0525
all_actives,808,0.114328,0.183406,0.183406,0.05198
all_actives,816,0.115373,0.187773,0.187773,0.052696
all_actives,824,0.116567,0.187773,0.187773,0.052184
all_actives,832,0.117761,0.187773,0.187773,0.051683
all_actives,840,0.118955,0.187773,0.187773,0.05119
all_actives,848,0.120149,0.187773,0.187773,0.050708
all_actives,856,0.121343,0.187773,0.187773,0.050234
all_actives,864,0.122388,0.19214,0.19214,0.050926
all_actives,872,0.123582,0.19214,0.19214,0.050459
all_actives,880,0.124776,0.19214,0.19214,0.05
all_actives,888,0.125821,0.196507,0.196507,0.050676
all_actives,896,0.126866,0.200873,0.200873,0.051339
all_actives,904,0.12806,0.200873,0.200873,0.050885
all_actives,912,0.129254,0.200873,0.200873,0.050439
all_actives,920,0.130448,0.200873,0.200873,0.05
all_actives,928,0.131642,0.200873,0.200873,0.049569
all_actives,936,0.132836,0.200873,0.200873,0.049145
all_actives,944,0.13403,0.200873,0.200873,0.048729
all_actives,952,0.135224,0.200873,0.200873,0.048319
all_actives,960,0.136269,0.20524,0.20524,0.048958
all_actives,968,0.137463,0.20524,0.20524,0.048554
all_actives,976,0.138657,0.20524,0.20524,0.048156
all_actives,984,0.139851,0.20524,0.20524,0.047764
all_actives,992,0.141045,0.20524,0.20524,0.047379
all_actives,1000,0.142239,0.20524,0.20524,0.047
all_actives,1008,0.143433,0.20524,0.20524,0.046627
all_actives,1016,0.144478,0.209607,0.209607,0.047244
all_actives,1024,0.145672,0.209607,0.209607,0.046875
all_actives,1032,0.146866,0.209607,0.209607,0.046512
all_actives,1040,0.14806,0.209607,0.209607,0.046154
all_actives,1048,0.149254,0.209607,0.209607,0.045802
all_actives,1056,0.150448,0.209607,0.209607,0.045455
all_actives,1064,0.151642,0.209607,0.209607,0.045113
all_actives,1072,0.152836,0.209607,0.209607,0.044776
all_actives,1080,0.153881,0.213974,0.213974,0.04537
all_actives,1088,0.155075,0.213974,0.213974,0.045037
all_actives,1096,0.156269,0.213974,0.213974,0.044708
all_actives,1104,0.157313,0.218341,0.218341,0.04529
all_actives,1112,0.158507,0.218341,0.218341,0.044964
all_actives,1120,0.159701,0.218341,0.218341,0.044643
all_actives,1128,0.160896,0.218341,0.218341,0.044326
all_actives,1136,0.16194,0.222707,0.222707,0.044894
all_actives,1144,0.163134,0.222707,0.222707,0.04458
all_actives,1152,0.164179,0.227074,0.227074,0.045139
all_actives,1160,0.165373,0.227074,0.227074,0.044828
all_actives,1168,0.166567,0.227074,0.227074,0.044521
all_actives,1176,0.167612,0.231441,0.231441,0.045068
all_actives,1184,0.168806,0.231441,0.231441,0.044764
all_actives,1192,0.169851,0.235808,0.235808,0.045302
all_actives,1200,0.171045,0.235808,0.235808,0.045
all_actives,1208,0.17209,0.240175,0.240175,0.04553
all_actives,1216,0.173134,0.244541,0.244541,0.046053
all_actives,1224,0.174328,0.244541,0.244541,0.045752
all_actives,1232,0.175373,0.248908,0.248908,0.046266
all_actives,1240,0.176567,0.248908,0.248908,0.045968
all_actives,1248,0.177612,0.253275,0.253275,0.046474
all_actives,1256,0.178806,0.253275,0.253275,0.046178
all_actives,1264,0.18,0.253275,0.253275,0.045886
all_actives,1272,0.181194,0.253275,0.253275,0.045597
all_actives,1280,0.182239,0.257642,0.257642,0.046094
all_actives,1288,0.183433,0.257642,0.257642,0.045807
all_actives,1296,0.184627,0.257642,0.257642,0.045525
all_actives,1304,0.185821,0.257642,0.257642,0.045245
all_actives,1312,0.186866,0.262009,0.262009,0.045732
all_actives,1320,0.18806,0.262009,0.262009,0.045455
all_actives,1328,0.189104,0.266376,0.266376,0.045934
all_actives,1336,0.190299,0.266376,0.266376,0.045659
all_actives,1344,0.191343,0.270742,0.270742,0.046131
all_actives,1352,0.192537,0.270742,0.270742,0.045858
all_actives,1360,0.193731,0.270742,0.270742,0.045588
all_actives,1368,0.194925,0.270742,0.270742,0.045322
all_actives,1376,0.196119,0.270742,0.270742,0.045058
all_actives,1384,0.197313,0.270742,0.270742,0.044798
all_actives,1392,0.198507,0.270742,0.270742,0.04454
all_actives,1400,0.199552,0.275109,0.275109,0.045
all_actives,1408,0.200746,0.275109,0.275109,0.044744
all_actives,1416,0.20194,0.275109,0.275109,0.044492
all_actives,1424,0.203134,0.275109,0.275109,0.044242
all_actives,1432,0.204328,0.275109,0.275109,0.043994
all_actives,1440,0.205522,0.275109,0.275109,0.04375
all_actives,1448,0.206716,0.275109,0.275109,0.043508
all_actives,1456,0.20791,0.275109,0.275109,0.043269
all_actives,1464,0.209104,0.275109,0.275109,0.043033
all_actives,1472,0.210299,0.275109,0.275109,0.042799
all_actives,1480,0.211343,0.279476,0.279476,0.043243
all_actives,1488,0.212537,0.279476,0.279476,0.043011
all_actives,1496,0.213731,0.279476,0.279476,0.042781
all_actives,1504,0.214776,0.283843,0.283843,0.043218
all_actives,1512,0.21597,0.283843,0.283843,0.042989
all_actives,1520,0.217164,0.283843,0.283843,0.042763
all_actives,1528,0.218358,0.283843,0.283843,0.042539
all_actives,1536,0.219552,0.283843,0.283843,0.042318
all_actives,1544,0.220746,0.283843,0.283843,0.042098
all_actives,1552,0.221791,0.28821,0.28821,0.042526
all_actives,1560,0.222985,0.28821,0.28821,0.042308
all_actives,1568,0.22403,0.292576,0.292576,0.04273
all_actives,1576,0.225224,0.292576,0.292576,0.042513
all_actives,1584,0.226418,0.292576,0.292576,0.042298
all_actives,1592,0.227612,0.292576,0.292576,0.042085
all_actives,1600,0.228657,0.296943,0.296943,0.0425
all_actives,1608,0.229851,0.296943,0.296943,0.042289
all_actives,1616,0.231045,0.296943,0.296943,0.042079
all_actives,1624,0.232239,0.296943,0.296943,0.041872
all_actives,1632,0.233284,0.30131,0.30131,0.042279
all_actives,1640,0.234478,0.30131,0.30131,0.042073
all_actives,1648,0.235672,0.30131,0.30131,0.041869
all_actives,1656,0.236716,0.305677,0.305677,0.042271
all_actives,1664,0.23791,0.305677,0.305677,0.042067
all_actives,1672,0.239104,0.305677,0.305677,0.041866
all_actives,1680,0.240299,0.305677,0.305677,0.041667
all_actives,1688,0.241493,0.305677,0.305677,0.041469
all_actives,1696,0.242537,0.310044,0.310044,0.041863
all_actives,1704,0.243731,0.310044,0.310044,0.041667
all_actives,1712,0.244925,0.310044,0.310044,0.041472
all_actives,1720,0.246119,0.310044,0.310044,0.041279
all_actives,1728,0.247313,0.310044,0.310044,0.041088
all_actives,1736,0.248507,0.310044,0.310044,0.040899
all_actives,1744,0.249701,0.310044,0.310044,0.040711
all_actives,1752,0.250896,0.310044,0.310044,0.040525
all_actives,1760,0.25194,0.31441,0.31441,0.040909
all_actives,1768,0.253134,0.31441,0.31441,0.040724
all_actives,1776,0.254328,0.31441,0.31441,0.040541
all_actives,1784,0.255373,0.318777,0.318777,0.040919
all_actives,1792,0.256567,0.318777,0.318777,0.040737
all_actives,1800,0.257612,0.323144,0.323144,0.041111
all_actives,1808,0.258806,0.323144,0.323144,0.040929
all_actives,1816,0.259851,0.327511,0.327511,0.0413
all_actives,1824,0.260896,0.331878,0.331878,0.041667
all_actives,1832,0.26209,0.331878,0.331878,0.041485
all_actives,1840,0.263284,0.331878,0.331878,0.041304
all_actives,1848,0.264478,0.331878,0.331878,0.041126
all_actives,1856,0.265672,0.331878,0.331878,0.040948
all_actives,1864,0.266866,0.331878,0.331878,0.040773
all_actives,1872,0.26806,0.331878,0.331878,0.040598
all_actives,1880,0.269254,0.331878,0.331878,0.040426
all_actives,1888,0.270448,0.331878,0.331878,0.040254
all_actives,1896,0.271642,0.331878,0.331878,0.040084
all_actives,1904,0.272836,0.331878,0.331878,0.039916
all_actives,1912,0.27403,0.331878,0.331878,0.039749
all_actives,1920,0.275224,0.331878,0.331878,0.039583
all_actives,1928,0.276418,0.331878,0.331878,0.039419
all_actives,1936,0.277612,0.331878,0.331878,0.039256
all_actives,1944,0.278806,0.331878,0.331878,0.039095
all_actives,1952,0.28,0.331878,0.331878,0.038934
all_actives,1960,0.281194,0.331878,0.331878,0.038776
all_actives,1968,0.282388,0.331878,0.331878,0.038618
all_actives,1976,0.283582,0.331878,0.331878,0.038462
all_actives,1984,0.284776,0.331878,0.331878,0.038306
all_actives,1992,0.285821,0.336245,0.336245,0.038655
all_actives,2000,0.287015,0.336245,0.336245,0.0385
all_actives,2008,0.28791,0.344978,0.344978,0.039343
all_actives,2016,0.288955,0.349345,0.349345,0.039683
all_actives,2024,0.29,0.353712,0.353712,0.04002
all_actives,2032,0.291194,0.353712,0.353712,0.039862
all_actives,2040,0.292388,0.353712,0.353712,0.039706
all_actives,2048,0.293433,0.358079,0.358079,0.040039
all_actives,2056,0.294627,0.358079,0.358079,0.039883
all_actives,2064,0.295821,0.358079,0.358079,0.039729
all_actives,2072,0.296866,0.362445,0.362445,0.040058
all_actives,2080,0.29806,0.362445,0.362445,0.039904
all_actives,2088,0.299254,0.362445,0.362445,0.039751
all_actives,2096,0.300448,0.362445,0.362445,0.039599
all_actives,2104,0.301642,0.362445,0.362445,0.039449
all_actives,2112,0.302687,0.366812,0.366812,0.039773
all_actives,2120,0.303881,0.366812,0.366812,0.039623
all_actives,2128,0.305075,0.366812,0.366812,0.039474
all_actives,2136,0.306119,0.371179,0.371179,0.039794
all_actives,2144,0.307313,0.371179,0.371179,0.039646
all_actives,2152,0.308507,0.371179,0.371179,0.039498
all_actives,2160,0.309701,0.371179,0.371179,0.039352
all_actives,2168,0.310896,0.371179,0.371179,0.039207
all_actives,2176,0.31209,0.371179,0.371179,0.039062
all_actives,2184,0.313284,0.371179,0.371179,0.038919
all_actives,2192,0.314478,0.371179,0.371179,0.038777
all_actives,2200,0.315672,0.371179,0.371179,0.038636
all_actives,2208,0.316716,0.375546,0.375546,0.038949
all_actives,2216,0.31791,0.375546,0.375546,0.038809
all_actives,2224,0.319104,0.375546,0.375546,0.038669
all_actives,2232,0.320299,0.375546,0.375546,0.03853
all_actives,2240,0.321493,0.375546,0.375546,0.038393
all_actives,2248,0.322687,0.375546,0.375546,0.038256
all_actives,2256,0.323881,0.375546,0.375546,0.038121
all_actives,2264,0.324925,0.379913,0.379913,0.038428
all_actives,2272,0.326119,0.379913,0.379913,0.038292
all_actives,2280,0.327313,0.379913,0.379913,0.038158
all_actives,2288,0.328507,0.379913,0.379913,0.038024
all_actives,2296,0.329552,0.384279,0.384279,0.038328
all_actives,2304,0.330746,0.384279,0.384279,0.038194
all_actives,2312,0.331791,0.388646,0.388646,0.038495
all_actives,2320,0.332985,0.388646,0.388646,0.038362
all_actives,2328,0.334179,0.388646,0.388646,0.03823
all_actives,2336,0.335373,0.388646,0.388646,0.038099
all_actives,2344,0.336567,0.388646,0.388646,0.037969
all_actives,2352,0.337612,0.393013,0.393013,0.038265
all_actives,2360,0.338806,0.393013,0.393013,0.038136
all_actives,2368,0.34,0.393013,0.393013,0.038007
all_actives,2376,0.341045,0.39738,0.39738,0.0383
all_actives,2384,0.34209,0.401747,0.401747,0.038591
all_actives,2392,0.343284,0.401747,0.401747,0.038462
all_actives,2400,0.344478,0.401747,0.401747,0.038333
all_actives,2408,0.345522,0.406114,0.406114,0.038621
all_actives,2416,0.346567,0.41048,0.41048,0.038907
all_actives,2424,0.347761,0.41048,0.41048,0.038779
all_actives,2432,0.348955,0.41048,0.41048,0.038651
all_actives,2440,0.35,0.414847,0.414847,0.038934
all_actives,2448,0.351194,0.414847,0.414847,0.038807
all_actives,2456,0.352388,0.414847,0.414847,0.038681
all_actives,2464,0.353582,0.414847,0.414847,0.038555
all_actives,2472,0.354776,0.414847,0.414847,0.03843
all_actives,2480,0.35597,0.414847,0.414847,0.038306
all_actives,2488,0.357164,0.414847,0.414847,0.038183
all_actives,2496,0.358209,0.419214,0.419214,0.038462
all_actives,2504,0.359254,0.423581,0.423581,0.038738
all_actives,2512,0.360448,0.423581,0.423581,0.038615
all_actives,2520,0.361642,0.423581,0.423581,0.038492
all_actives,2528,0.362836,0.423581,0.423581,0.03837
all_actives,2536,0.36403,0.423581,0.423581,0.038249
all_actives,2544,0.365224,0.423581,0.423581,0.038129
all_actives,2552,0.366269,0.427948,0.427948,0.038401
all_actives,2560,0.367463,0.427948,0.427948,0.038281
all_actives,2568,0.368657,0.427948,0.427948,0.038162
all_actives,2576,0.369701,0.432314,0.432314,0.038432
all_actives,2584,0.370896,0.432314,0.432314,0.038313
all_actives,2592,0.37209,0.432314,0.432314,0.038194
all_actives,2600,0.373284,0.432314,0.432314,0.038077
all_actives,2608,0.374478,0.432314,0.432314,0.03796
all_actives,2616,0.375522,0.436681,0.436681,0.038226
all_actives,2624,0.376716,0.436681,0.436681,0.03811
all_actives,2632,0.377761,0.441048,0.441048,0.038374
all_actives,2640,0.378806,0.445415,0.445415,0.038636
all_actives,2648,0.38,0.445415,0.445415,0.03852
all_actives,2656,0.381194,0.445415,0.445415,0.038404
all_actives,2664,0.38209,0.454148,0.454148,0.039039
all_actives,2672,0.382985,0.462882,0.462882,0.039671
all_actives,2680,0.384179,0.462882,0.462882,0.039552
all_actives,2688,0.385373,0.462882,0.462882,0.039435
all_actives,2696,0.386567,0.462882,0.462882,0.039318
all_actives,2704,0.387761,0.462882,0.462882,0.039201
all_actives,2712,0.388806,0.467249,0.467249,0.039454
all_actives,2720,0.39,0.467249,0.467249,0.039338
all_actives,2728,0.391194,0.467249,0.467249,0.039223
all_actives,2736,0.392388,0.467249,0.467249,0.039108
all_actives,2744,0.393582,0.467249,0.467249,0.038994
all_actives,2752,0.394776,0.467249,0.467249,0.038881
all_actives,2760,0.39597,0.467249,0.467249,0.038768
all_actives,2768,0.397015,0.471616,0.471616,0.039017
all_actives,2776,0.398209,0.471616,0.471616,0.038905
all_actives,2784,0.399254,0.475983,0.475983,0.039152
all_actives,2792,0.400448,0.475983,0.475983,0.03904
all_actives,2800,0.401642,0.475983,0.475983,0.038929
all_actives,2808,0.402836,0.475983,0.475983,0.038818
all_actives,2816,0.40403,0.475983,0.475983,0.038707
all_actives,2824,0.405075,0.480349,0.480349,0.038952
all_actives,2832,0.406119,0.484716,0.484716,0.039195
all_actives,2840,0.407313,0.484716,0.484716,0.039085
all_actives,2848,0.408507,0.484716,0.484716,0.038975
all_actives,2856,0.409701,0.484716,0.484716,0.038866
all_actives,2864,0.410896,0.484716,0.484716,0.038757
all_actives,2872,0.41209,0.484716,0.484716,0.038649
all_actives,2880,0.413284,0.484716,0.484716,0.038542
all_actives,2888,0.414478,0.484716,0.484716,0.038435
all_actives,2896,0.415672,0.484716,0.484716,0.038329
all_actives,2904,0.416866,0.484716,0.484716,0.038223
all_actives,2912,0.41791,0.489083,0.489083,0.038462
all_actives,2920,0.419104,0.489083,0.489083,0.038356
all_actives,2928,0.420299,0.489083,0.489083,0.038251
all_actives,2936,0.421493,0.489083,0.489083,0.038147
all_actives,2944,0.422687,0.489083,0.489083,0.038043
all_actives,2952,0.423881,0.489083,0.489083,0.03794
all_actives,2960,0.425075,0.489083,0.489083,0.037838
all_actives,2968,0.426269,0.489083,0.489083,0.037736
all_actives,2976,0.427463,0.489083,0.489083,0.037634
all_actives,2984,0.428657,0.489083,0.489083,0.037534
all_actives,2992,0.429701,0.49345,0.49345,0.037767
all_actives,3000,0.430746,0.497817,0.497817,0.038
all_actives,3008,0.43194,0.497817,0.497817,0.037899
all_actives,3016,0.432985,0.502183,0.502183,0.03813
all_actives,3024,0.434179,0.502183,0.502183,0.038029
all_actives,3032,0.435373,0.502183,0.502183,0.037929
all_actives,3040,0.436567,0.502183,0.502183,0.037829
all_actives,3048,0.437761,0.502183,0.502183,0.03773
all_actives,3056,0.438955,0.502183,0.502183,0.037631
all_actives,3064,0.440149,0.502183,0.502183,0.037533
all_actives,3072,0.441343,0.502183,0.502183,0.037435
all_actives,3080,0.442388,0.50655,0.50655,0.037662
all_actives,3088,0.443284,0.515284,0.515284,0.038212
all_actives,3096,0.444328,0.519651,0.519651,0.038437
all_actives,3104,0.445522,0.519651,0.519651,0.038338
all_actives,3112,0.446716,0.519651,0.519651,0.038239
all_actives,3120,0.44791,0.519651,0.519651,0.038141
all_actives,3128,0.448955,0.524017,0.524017,0.038363
all_actives,3136,0.450149,0.524017,0.524017,0.038265
all_actives,3144,0.451194,0.528384,0.528384,0.038486
all_actives,3152,0.452388,0.528384,0.528384,0.038388
all_actives,3160,0.453433,0.532751,0.532751,0.038608
all_actives,3168,0.454627,0.532751,0.532751,0.03851
all_actives,3176,0.455821,0.532751,0.532751,0.038413
all_actives,3184,0.457015,0.532751,0.532751,0.038317
all_actives,3192,0.458209,0.532751,0.532751,0.038221
all_actives,3200,0.459403,0.532751,0.532751,0.038125
all_actives,3208,0.460299,0.541485,0.541485,0.038653
all_actives,3216,0.461493,0.541485,0.541485,0.038557
all_actives,3224,0.462687,0.541485,0.541485,0.038462
all_actives,3232,0.463881,0.541485,0.541485,0.038366
all_actives,3240,0.465075,0.541485,0.541485,0.038272
all_actives,3248,0.466119,0.545852,0.545852,0.038485
all_actives,3256,0.467313,0.545852,0.545852,0.038391
all_actives,3264,0.468507,0.545852,0.545852,0.038297
all_actives,3272,0.469552,0.550218,0.550218,0.038509
all_actives,3280,0.470597,0.554585,0.554585,0.03872
all_actives,3288,0.471791,0.554585,0.554585,0.038625
all_actives,3296,0.472985,0.554585,0.554585,0.038532
all_actives,3304,0.474179,0.554585,0.554585,0.038438
all_actives,3312,0.475373,0.554585,0.554585,0.038345
all_actives,3320,0.476567,0.554585,0.554585,0.038253
all_actives,3328,0.477761,0.554585,0.554585,0.038161
all_actives,3336,0.478955,0.554585,0.554585,0.03807
all_actives,3344,0.480149,0.554585,0.554585,0.037978
all_actives,3352,0.481343,0.554585,0.554585,0.037888
all_actives,3360,0.482537,0.554585,0.554585,0.037798
all_actives,3368,0.483433,0.563319,0.563319,0.038302
all_actives,3376,0.484627,0.563319,0.563319,0.038211
all_actives,3384,0.485821,0.563319,0.563319,0.038121
all_actives,3392,0.487015,0.563319,0.563319,0.038031
all_actives,3400,0.488209,0.563319,0.563319,0.037941
all_actives,3408,0.489403,0.563319,0.563319,0.037852
all_actives,3416,0.490597,0.563319,0.563319,0.037763
all_actives,3424,0.491791,0.563319,0.563319,0.037675
all_actives,3432,0.492985,0.563319,0.563319,0.037587
all_actives,3440,0.493881,0.572052,0.572052,0.038081
all_actives,3448,0.494925,0.576419,0.576419,0.038283
all_actives,3456,0.49597,0.580786,0.580786,0.038484
all_actives,3464,0.497015,0.585153,0.585153,0.038684
all_actives,3472,0.498209,0.585153,0.585153,0.038594
all_actives,3480,0.499403,0.585153,0.585153,0.038506
all_actives,3488,0.500299,0.593886,0.593886,0.038991
all_actives,3496,0.501493,0.593886,0.593886,0.038902
all_actives,3504,0.502537,0.598253,0.598253,0.039098
all_actives,3512,0.503731,0.598253,0.598253,0.039009
all_actives,3520,0.504925,0.598253,0.598253,0.03892
all_actives,3528,0.506119,0.598253,0.598253,0.038832
all_actives,3536,0.507313,0.598253,0.598253,0.038744
all_actives,3544,0.508358,0.60262,0.60262,0.038939
all_actives,3552,0.509552,0.60262,0.60262,0.038851
all_actives,3560,0.510597,0.606987,0.606987,0.039045
all_actives,3568,0.511791,0.606987,0.606987,0.038957
all_actives,3576,0.512985,0.606987,0.606987,0.03887
all_actives,3584,0.514179,0.606987,0.606987,0.038783
all_actives,3592,0.515224,0.611354,0.611354,0.038976
all_actives,3600,0.516119,0.620087,0.620087,0.039444
all_actives,3608,0.517313,0.620087,0.620087,0.039357
all_actives,3616,0.518507,0.620087,0.620087,0.03927
all_actives,3624,0.519552,0.624454,0.624454,0.039459
all_actives,3632,0.520597,0.628821,0.628821,0.039648
all_actives,3640,0.521791,0.628821,0.628821,0.03956
all_actives,3648,0.522985,0.628821,0.628821,0.039474
all_actives,3656,0.524179,0.628821,0.628821,0.039387
all_actives,3664,0.525373,0.628821,0.628821,0.039301
all_actives,3672,0.526567,0.628821,0.628821,0.039216
all_actives,3680,0.527761,0.628821,0.628821,0.03913
all_actives,3688,0.528955,0.628821,0.628821,0.039046
all_actives,3696,0.530149,0.628821,0.628821,0.038961
all_actives,3704,0.531343,0.628821,0.628821,0.038877
all_actives,3712,0.532388,0.633188,0.633188,0.039062
all_actives,3720,0.533433,0.637555,0.637555,0.039247
all_actives,3728,0.534328,0.646288,0.646288,0.0397
all_actives,3736,0.535522,0.646288,0.646288,0.039615
all_actives,3744,0.536716,0.646288,0.646288,0.03953
all_actives,3752,0.53791,0.646288,0.646288,0.039446
all_actives,3760,0.539104,0.646288,0.646288,0.039362
all_actives,3768,0.540299,0.646288,0.646288,0.039278
all_actives,3776,0.541493,0.646288,0.646288,0.039195
all_actives,3784,0.542687,0.646288,0.646288,0.039112
all_actives,3792,0.543881,0.646288,0.646288,0.03903
all_actives,3800,0.545075,0.646288,0.646288,0.038947
all_actives,3808,0.546269,0.646288,0.646288,0.038866
all_actives,3816,0.547463,0.646288,0.646288,0.038784
all_actives,3824,0.548657,0.646288,0.646288,0.038703
all_actives,3832,0.549851,0.646288,0.646288,0.038622
all_actives,3840,0.551045,0.646288,0.646288,0.038542
all_actives,3848,0.552239,0.646288,0.646288,0.038462
all_actives,3856,0.553284,0.650655,0.650655,0.038641
all_actives,3864,0.554478,0.650655,0.650655,0.038561
all_actives,3872,0.555672,0.650655,0.650655,0.038481
all_actives,3880,0.556866,0.650655,0.650655,0.038402
all_actives,3888,0.55806,0.650655,0.650655,0.038323
all_actives,3896,0.559254,0.650655,0.650655,0.038244
all_actives,3904,0.560448,0.650655,0.650655,0.038166
all_actives,3912,0.561642,0.650655,0.650655,0.038088
all_actives,3920,0.562836,0.650655,0.650655,0.03801
all_actives,3928,0.563731,0.659389,0.659389,0.038442
all_actives,3936,0.564925,0.659389,0.659389,0.038364
all_actives,3944,0.566119,0.659389,0.659389,0.038286
all_actives,3952,0.567313,0.659389,0.659389,0.038209
all_actives,3960,0.568507,0.659389,0.659389,0.038131
all_actives,3968,0.569552,0.663755,0.663755,0.038306
all_actives,3976,0.570746,0.663755,0.663755,0.038229
all_actives,3984,0.57194,0.663755,0.663755,0.038153
all_actives,3992,0.572985,0.668122,0.668122,0.038327
all_actives,4000,0.574179,0.668122,0.668122,0.03825
all_actives,4008,0.575224,0.672489,0.672489,0.038423
all_actives,4016,0.576418,0.672489,0.672489,0.038347
all_actives,4024,0.577463,0.676856,0.676856,0.038519
all_actives,4032,0.578657,0.676856,0.676856,0.038442
all_actives,4040,0.579851,0.676856,0.676856,0.038366
all_actives,4048,0.581045,0.676856,0.676856,0.038291
all_actives,4056,0.582239,0.676856,0.676856,0.038215
all_actives,4064,0.583284,0.681223,0.681223,0.038386
all_actives,4072,0.584478,0.681223,0.681223,0.03831
all_actives,4080,0.585522,0.68559,0.68559,0.03848
all_actives,4088,0.586567,0.689956,0.689956,0.03865
all_actives,4096,0.587612,0.694323,0.694323,0.038818
all_actives,4104,0.588806,0.694323,0.694323,0.038743
all_actives,4112,0.59,0.694323,0.694323,0.038667
all_actives,4120,0.591194,0.694323,0.694323,0.038592
all_actives,4128,0.592239,0.69869,0.69869,0.03876
all_actives,4136,0.593284,0.703057,0.703057,0.038926
all_actives,4144,0.594478,0.703057,0.703057,0.038851
all_actives,4152,0.595672,0.703057,0.703057,0.038776
all_actives,4160,0.596866,0.703057,0.703057,0.038702
all_actives,4168,0.59806,0.703057,0.703057,0.038628
all_actives,4176,0.599254,0.703057,0.703057,0.038554
all_actives,4184,0.600448,0.703057,0.703057,0.03848
all_actives,4192,0.601642,0.703057,0.703057,0.038406
all_actives,4200,0.602836,0.703057,0.703057,0.038333
all_actives,4208,0.60403,0.703057,0.703057,0.03826
all_actives,4216,0.605224,0.703057,0.703057,0.038188
all_actives,4224,0.606418,0.703057,0.703057,0.038116
all_actives,4232,0.607612,0.703057,0.703057,0.038043
all_actives,4240,0.608657,0.707424,0.707424,0.038208
all_actives,4248,0.609851,0.707424,0.707424,0.038136
all_actives,4256,0.611045,0.707424,0.707424,0.038064
all_actives,4264,0.612239,0.707424,0.707424,0.037992
all_actives,4272,0.613433,0.707424,0.707424,0.037921
all_actives,4280,0.614627,0.707424,0.707424,0.03785
all_actives,4288,0.615821,0.707424,0.707424,0.03778
all_actives,4296,0.617015,0.707424,0.707424,0.037709
all_actives,4304,0.61806,0.71179,0.71179,0.037872
all_actives,4312,0.619104,0.716157,0.716157,0.038033
all_actives,4320,0.620299,0.716157,0.716157,0.037963
all_actives,4328,0.621493,0.716157,0.716157,0.037893
all_actives,4336,0.622687,0.716157,0.716157,0.037823
all_actives,4344,0.623731,0.720524,0.720524,0.037983
all_actives,4352,0.624925,0.720524,0.720524,0.037914
all_actives,4360,0.626119,0.720524,0.720524,0.037844
all_actives,4368,0.627313,0.720524,0.720524,0.037775
all_actives,4376,0.628507,0.720524,0.720524,0.037706
all_actives,4384,0.629552,0.724891,0.724891,0.037865
all_actives,4392,0.630746,0.724891,0.724891,0.037796
all_actives,4400,0.63194,0.724891,0.724891,0.037727
all_actives,4408,0.633134,0.724891,0.724891,0.037659
all_actives,4416,0.634328,0.724891,0.724891,0.037591
all_actives,4424,0.635522,0.724891,0.724891,0.037523
all_actives,4432,0.636716,0.724891,0.724891,0.037455
all_actives,4440,0.63791,0.724891,0.724891,0.037387
all_actives,4448,0.639104,0.724891,0.724891,0.03732
all_actives,4456,0.640299,0.724891,0.724891,0.037253
all_actives,4464,0.641343,0.729258,0.729258,0.03741
all_actives,4472,0.642537,0.729258,0.729258,0.037343
all_actives,4480,0.643731,0.729258,0.729258,0.037277
all_actives,4488,0.644925,0.729258,0.729258,0.03721
all_actives,4496,0.64597,0.733624,0.733624,0.037367
all_actives,4504,0.647015,0.737991,0.737991,0.037522
all_actives,4512,0.648209,0.737991,0.737991,0.037456
all_actives,4520,0.649403,0.737991,0.737991,0.037389
all_actives,4528,0.650597,0.737991,0.737991,0.037323
all_actives,4536,0.651791,0.737991,0.737991,0.037257
all_actives,4544,0.652985,0.737991,0.737991,0.037192
all_actives,4552,0.654179,0.737991,0.737991,0.037127
all_actives,4560,0.655373,0.737991,0.737991,0.037061
all_actives,4568,0.656567,0.737991,0.737991,0.036996
all_actives,4576,0.657761,0.737991,0.737991,0.036932
all_actives,4584,0.658955,0.737991,0.737991,0.036867
all_actives,4592,0.660149,0.737991,0.737991,0.036803
all_actives,4600,0.661343,0.737991,0.737991,0.036739
all_actives,4608,0.662388,0.742358,0.742358,0.036892
all_actives,4616,0.663582,0.742358,0.742358,0.036828
all_actives,4624,0.664776,0.742358,0.742358,0.036765
all_actives,4632,0.66597,0.742358,0.742358,0.036701
all_actives,4640,0.667164,0.742358,0.742358,0.036638
all_actives,4648,0.668358,0.742358,0.742358,0.036575
all_actives,4656,0.669552,0.742358,0.742358,0.036512
all_actives,4664,0.670746,0.742358,0.742358,0.036449
all_actives,4672,0.671791,0.746725,0.746725,0.036601
all_actives,4680,0.672985,0.746725,0.746725,0.036538
all_actives,4688,0.674179,0.746725,0.746725,0.036476
all_actives,4696,0.675373,0.746725,0.746725,0.036414
all_actives,4704,0.676418,0.751092,0.751092,0.036565
all_actives,4712,0.677612,0.751092,0.751092,0.036503
all_actives,4720,0.678806,0.751092,0.751092,0.036441
all_actives,4728,0.679851,0.755459,0.755459,0.036591
all_actives,4736,0.681045,0.755459,0.755459,0.036529
all_actives,4744,0.68194,0.764192,0.764192,0.036889
all_actives,4752,0.682985,0.768559,0.768559,0.037037
all_actives,4760,0.684179,0.768559,0.768559,0.036975
all_actives,4768,0.685373,0.768559,0.768559,0.036913
all_actives,4776,0.686567,0.768559,0.768559,0.036851
all_actives,4784,0.687761,0.768559,0.768559,0.036789
all_actives,4792,0.688955,0.768559,0.768559,0.036728
all_actives,4800,0.690149,0.768559,0.768559,0.036667
all_actives,4808,0.691343,0.768559,0.768559,0.036606
all_actives,4816,0.692537,0.768559,0.768559,0.036545
all_actives,4824,0.693731,0.768559,0.768559,0.036484
all_actives,4832,0.694776,0.772926,0.772926,0.036631
all_actives,4840,0.695821,0.777293,0.777293,0.036777
all_actives,4848,0.696866,0.781659,0.781659,0.036922
all_actives,4856,0.69806,0.781659,0.781659,0.036862
all_actives,4864,0.699254,0.781659,0.781659,0.036801
all_actives,4872,0.700448,0.781659,0.781659,0.036741
all_actives,4880,0.701642,0.781659,0.781659,0.03668
all_actives,4888,0.702836,0.781659,0.781659,0.03662
all_actives,4896,0.703881,0.786026,0.786026,0.036765
all_actives,4904,0.704925,0.790393,0.790393,0.036909
all_actives,4912,0.706119,0.790393,0.790393,0.036849
all_actives,4920,0.707164,0.79476,0.79476,0.036992
all_actives,4928,0.708358,0.79476,0.79476,0.036932
all_actives,4936,0.709403,0.799127,0.799127,0.037075
all_actives,4944,0.710597,0.799127,0.799127,0.037015
all_actives,4952,0.711791,0.799127,0.799127,0.036955
all_actives,4960,0.712985,0.799127,0.799127,0.036895
all_actives,4968,0.714179,0.799127,0.799127,0.036836
all_actives,4976,0.715373,0.799127,0.799127,0.036777
all_actives,4984,0.716567,0.799127,0.799127,0.036717
all_actives,4992,0.717761,0.799127,0.799127,0.036659
all_actives,5000,0.718955,0.799127,0.799127,0.0366
all_actives,5008,0.720149,0.799127,0.799127,0.036542
all_actives,5016,0.721343,0.799127,0.799127,0.036483
all_actives,5024,0.722537,0.799127,0.799127,0.036425
all_actives,5032,0.723731,0.799127,0.799127,0.036367
all_actives,5040,0.724776,0.803493,0.803493,0.036508
all_actives,5048,0.72597,0.803493,0.803493,0.03645
all_actives,5056,0.727164,0.803493,0.803493,0.036392
all_actives,5064,0.728358,0.803493,0.803493,0.036335
all_actives,5072,0.729552,0.803493,0.803493,0.036278
all_actives,5080,0.730597,0.80786,0.80786,0.036417
all_actives,5088,0.731791,0.80786,0.80786,0.03636
all_actives,5096,0.732985,0.80786,0.80786,0.036303
all_actives,5104,0.734179,0.80786,0.80786,0.036246
all_actives,5112,0.735373,0.80786,0.80786,0.036189
all_actives,5120,0.736418,0.812227,0.812227,0.036328
all_actives,5128,0.737612,0.812227,0.812227,0.036271
all_actives,5136,0.738806,0.812227,0.812227,0.036215
all_actives,5144,0.74,0.812227,0.812227,0.036159
all_actives,5152,0.741194,0.812227,0.812227,0.036102
all_actives,5160,0.742388,0.812227,0.812227,0.036047
all_actives,5168,0.743582,0.812227,0.812227,0.035991
all_actives,5176,0.744627,0.816594,0.816594,0.036128
all_actives,5184,0.745821,0.816594,0.816594,0.036073
all_actives,5192,0.747015,0.816594,0.816594,0.036017
all_actives,5200,0.748209,0.816594,0.816594,0.035962
all_actives,5208,0.749403,0.816594,0.816594,0.035906
all_actives,5216,0.750597,0.816594,0.816594,0.035851
all_actives,5224,0.751791,0.816594,0.816594,0.035796
all_actives,5232,0.752985,0.816594,0.816594,0.035742
all_actives,5240,0.754179,0.816594,0.816594,0.035687
all_actives,5248,0.755373,0.816594,0.816594,0.035633
all_actives,5256,0.756567,0.816594,0.816594,0.035578
all_actives,5264,0.757761,0.816594,0.816594,0.035524
all_actives,5272,0.758955,0.816594,0.816594,0.03547
all_actives,5280,0.760149,0.816594,0.816594,0.035417
all_actives,5288,0.761343,0.816594,0.816594,0.035363
all_actives,5296,0.762537,0.816594,0.816594,0.03531
all_actives,5304,0.763731,0.816594,0.816594,0.035256
all_actives,5312,0.764925,0.816594,0.816594,0.035203
all_actives,5320,0.766119,0.816594,0.816594,0.03515
all_actives,5328,0.767313,0.816594,0.816594,0.035098
all_actives,5336,0.768507,0.816594,0.816594,0.035045
all_actives,5344,0.769701,0.816594,0.816594,0.034993
all_actives,5352,0.770896,0.816594,0.816594,0.03494
all_actives,5360,0.77209,0.816594,0.816594,0.034888
all_actives,5368,0.773134,0.820961,0.820961,0.035022
all_actives,5376,0.774328,0.820961,0.820961,0.03497
all_actives,5384,0.775522,0.820961,0.820961,0.034918
all_actives,5392,0.776716,0.820961,0.820961,0.034866
all_actives,5400,0.77791,0.820961,0.820961,0.034815
all_actives,5408,0.779104,0.820961,0.820961,0.034763
all_actives,5416,0.780299,0.820961,0.820961,0.034712
all_actives,5424,0.781343,0.825328,0.825328,0.034845
all_actives,5432,0.782537,0.825328,0.825328,0.034794
all_actives,5440,0.783731,0.825328,0.825328,0.034743
all_actives,5448,0.784925,0.825328,0.825328,0.034692
all_actives,5456,0.78597,0.829694,0.829694,0.034824
all_actives,5464,0.787015,0.834061,0.834061,0.034956
all_actives,5472,0.78806,0.838428,0.838428,0.035088
all_actives,5480,0.789104,0.842795,0.842795,0.035219
all_actives,5488,0.790149,0.847162,0.847162,0.03535
all_actives,5496,0.791343,0.847162,0.847162,0.035298
all_actives,5504,0.792537,0.847162,0.847162,0.035247
all_actives,5512,0.793582,0.851528,0.851528,0.035377
all_actives,5520,0.794776,0.851528,0.851528,0.035326
all_actives,5528,0.795821,0.855895,0.855895,0.035456
all_actives,5536,0.797015,0.855895,0.855895,0.035405
all_actives,5544,0.798209,0.855895,0.855895,0.035354
all_actives,5552,0.799403,0.855895,0.855895,0.035303
all_actives,5560,0.800597,0.855895,0.855895,0.035252
all_actives,5568,0.801791,0.855895,0.855895,0.035201
all_actives,5576,0.802985,0.855895,0.855895,0.035151
all_actives,5584,0.80403,0.860262,0.860262,0.035279
all_actives,5592,0.805224,0.860262,0.860262,0.035229
all_actives,5600,0.806269,0.864629,0.864629,0.035357
all_actives,5608,0.807463,0.864629,0.864629,0.035307
all_actives,5616,0.808507,0.868996,0.868996,0.035434
all_actives,5624,0.809701,0.868996,0.868996,0.035384
all_actives,5632,0.810896,0.868996,0.868996,0.035334
all_actives,5640,0.81209,0.868996,0.868996,0.035284
all_actives,5648,0.813284,0.868996,0.868996,0.035234
all_actives,5656,0.814478,0.868996,0.868996,0.035184
all_actives,5664,0.815672,0.868996,0.868996,0.035134
all_actives,5672,0.816866,0.868996,0.868996,0.035085
all_actives,5680,0.81806,0.868996,0.868996,0.035035
all_actives,5688,0.819254,0.868996,0.868996,0.034986
all_actives,5696,0.820448,0.868996,0.868996,0.034937
all_actives,5704,0.821642,0.868996,0.868996,0.034888
all_actives,5712,0.822836,0.868996,0.868996,0.034839
all_actives,5720,0.82403,0.868996,0.868996,0.03479
all_actives,5728,0.825224,0.868996,0.868996,0.034742
all_actives,5736,0.826418,0.868996,0.868996,0.034693
all_actives,5744,0.827612,0.868996,0.868996,0.034645
all_actives,5752,0.828657,0.873362,0.873362,0.034771
all_actives,5760,0.829851,0.873362,0.873362,0.034722
all_actives,5768,0.831045,0.873362,0.873362,0.034674
all_actives,5776,0.83209,0.877729,0.877729,0.034799
all_actives,5784,0.833284,0.877729,0.877729,0.034751
all_actives,5792,0.834478,0.877729,0.877729,0.034703
all_actives,5800,0.835672,0.877729,0.877729,0.034655
all_actives,5808,0.836866,0.877729,0.877729,0.034607
all_actives,5816,0.83806,0.877729,0.877729,0.03456
all_actives,5824,0.839254,0.877729,0.877729,0.034512
all_actives,5832,0.840448,0.877729,0.877729,0.034465
all_actives,5840,0.841642,0.877729,0.877729,0.034418
all_actives,5848,0.842836,0.877729,0.877729,0.034371
all_actives,5856,0.84403,0.877729,0.877729,0.034324
all_actives,5864,0.845224,0.877729,0.877729,0.034277
all_actives,5872,0.846418,0.877729,0.877729,0.03423
all_actives,5880,0.847612,0.877729,0.877729,0.034184
all_actives,5888,0.848806,0.877729,0.877729,0.034137
all_actives,5896,0.85,0.877729,0.877729,0.034091
all_actives,5904,0.851194,0.877729,0.877729,0.034045
all_actives,5912,0.852388,0.877729,0.877729,0.033999
all_actives,5920,0.853433,0.882096,0.882096,0.034122
all_actives,5928,0.854627,0.882096,0.882096,0.034076
all_actives,5936,0.855672,0.886463,0.886463,0.034198
all_actives,5944,0.856866,0.886463,0.886463,0.034152
all_actives,5952,0.85806,0.886463,0.886463,0.034106
all_actives,5960,0.859254,0.886463,0.886463,0.03406
all_actives,5968,0.860448,0.886463,0.886463,0.034015
all_actives,5976,0.861642,0.886463,0.886463,0.033969
all_actives,5984,0.862836,0.886463,0.886463,0.033924
all_actives,5992,0.86403,0.886463,0.886463,0.033879
all_actives,6000,0.865224,0.886463,0.886463,0.033833
all_actives,6008,0.866269,0.89083,0.89083,0.033955
all_actives,6016,0.867463,0.89083,0.89083,0.03391
all_actives,6024,0.868657,0.89083,0.89083,0.033865
all_actives,6032,0.869701,0.895197,0.895197,0.033985
all_actives,6040,0.870896,0.895197,0.895197,0.03394
all_actives,6048,0.87209,0.895197,0.895197,0.033896
all_actives,6056,0.873284,0.895197,0.895197,0.033851
all_actives,6064,0.874478,0.895197,0.895197,0.033806
all_actives,6072,0.875672,0.895197,0.895197,0.033762
all_actives,6080,0.876716,0.899563,0.899563,0.033882
all_actives,6088,0.877761,0.90393,0.90393,0.034001
all_actives,6096,0.878955,0.90393,0.90393,0.033957
all_actives,6104,0.880149,0.90393,0.90393,0.033912
all_actives,6112,0.881194,0.908297,0.908297,0.034031
all_actives,6120,0.882239,0.912664,0.912664,0.03415
all_actives,6128,0.883433,0.912664,0.912664,0.034106
all_actives,6136,0.884627,0.912664,0.912664,0.034061
all_actives,6144,0.885821,0.912664,0.912664,0.034017
all_actives,6152,0.887015,0.912664,0.912664,0.033973
all_actives,6160,0.888209,0.912664,0.912664,0.033929
all_actives,6168,0.889403,0.912664,0.912664,0.033885
all_actives,6176,0.890597,0.912664,0.912664,0.033841
all_actives,6184,0.891791,0.912664,0.912664,0.033797
all_actives,6192,0.892985,0.912664,0.912664,0.033753
all_actives,6200,0.894179,0.912664,0.912664,0.03371
all_actives,6208,0.895224,0.917031,0.917031,0.033827
all_actives,6216,0.896418,0.917031,0.917031,0.033784
all_actives,6224,0.897612,0.917031,0.917031,0.03374
all_actives,6232,0.898806,0.917031,0.917031,0.033697
all_actives,6240,0.9,0.917031,0.917031,0.033654
all_actives,6248,0.901194,0.917031,0.917031,0.033611
all_actives,6256,0.902388,0.917031,0.917031,0.033568
all_actives,6264,0.903582,0.917031,0.917031,0.033525
all_actives,6272,0.904776,0.917031,0.917031,0.033482
all_actives,6280,0.905821,0.921397,0.921397,0.033599
all_actives,6288,0.907015,0.921397,0.921397,0.033556
all_actives,6296,0.908209,0.921397,0.921397,0.033513
all_actives,6304,0.909403,0.921397,0.921397,0.033471
all_actives,6312,0.910597,0.921397,0.921397,0.033428
all_actives,6320,0.911791,0.921397,0.921397,0.033386
all_actives,6328,0.912985,0.921397,0.921397,0.033344
all_actives,6336,0.914179,0.921397,0.921397,0.033302
all_actives,6344,0.915224,0.925764,0.925764,0.033417
all_actives,6352,0.916418,0.925764,0.925764,0.033375
all_actives,6360,0.917612,0.925764,0.925764,0.033333
all_actives,6368,0.918806,0.925764,0.925764,0.033291
all_actives,6376,0.92,0.925764,0.925764,0.03325
all_actives,6384,0.921194,0.925764,0.925764,0.033208
all_actives,6392,0.922388,0.925764,0.925764,0.033166
all_actives,6400,0.923433,0.930131,0.930131,0.033281
all_actives,6408,0.924627,0.930131,0.930131,0.03324
all_actives,6416,0.925821,0.930131,0.930131,0.033198
all_actives,6424,0.927015,0.930131,0.930131,0.033157
all_actives,6432,0.928209,0.930131,0.930131,0.033116
all_actives,6440,0.929403,0.930131,0.930131,0.033075
all_actives,6448,0.930448,0.934498,0.934498,0.033189
all_actives,6456,0.931642,0.934498,0.934498,0.033147
all_actives,6464,0.932836,0.934498,0.934498,0.033106
all_actives,6472,0.933881,0.938865,0.938865,0.03322
all_actives,6480,0.935075,0.938865,0.938865,0.033179
all_actives,6488,0.936269,0.938865,0.938865,0.033138
all_actives,6496,0.937463,0.938865,0.938865,0.033097
all_actives,6504,0.938657,0.938865,0.938865,0.033057
all_actives,6512,0.939701,0.943231,0.943231,0.03317
all_actives,6520,0.940896,0.943231,0.943231,0.033129
all_actives,6528,0.94209,0.943231,0.943231,0.033088
all_actives,6536,0.943134,0.947598,0.947598,0.033201
all_actives,6544,0.944328,0.947598,0.947598,0.03316
all_actives,6552,0.945373,0.951965,0.951965,0.033272
all_actives,6560,0.946567,0.951965,0.951965,0.033232
all_actives,6568,0.947761,0.951965,0.951965,0.033191
all_actives,6576,0.948955,0.951965,0.951965,0.033151
all_actives,6584,0.950149,0.951965,0.951965,0.033111
all_actives,6592,0.951343,0.951965,0.951965,0.03307
all_actives,6600,0.952537,0.951965,0.951965,0.03303
all_actives,6608,0.953731,0.951965,0.951965,0.03299
all_actives,6616,0.954776,0.956332,0.956332,0.033102
all_actives,6624,0.95597,0.956332,0.956332,0.033062
all_actives,6632,0.957164,0.956332,0.956332,0.033022
all_actives,6640,0.958358,0.956332,0.956332,0.032982
all_actives,6648,0.959403,0.960699,0.960699,0.033093
all_actives,6656,0.960597,0.960699,0.960699,0.033053
all_actives,6664,0.961791,0.960699,0.960699,0.033013
all_actives,6672,0.962985,0.960699,0.960699,0.032974
all_actives,6680,0.964179,0.960699,0.960699,0.032934
all_actives,6688,0.965373,0.960699,0.960699,0.032895
all_actives,6696,0.966567,0.960699,0.960699,0.032855
all_actives,6704,0.967612,0.965066,0.965066,0.032965
all_actives,6712,0.968806,0.965066,0.965066,0.032926
all_actives,6720,0.97,0.965066,0.965066,0.032887
all_actives,6728,0.971045,0.969432,0.969432,0.032996
all_actives,6736,0.97209,0.973799,0.973799,0.033106
all_actives,6744,0.973284,0.973799,0.973799,0.033066
all_actives,6752,0.974478,0.973799,0.973799,0.033027
all_actives,6760,0.975672,0.973799,0.973799,0.032988
all_actives,6768,0.976866,0.973799,0.973799,0.032949
all_actives,6776,0.97806,0.973799,0.973799,0.03291
all_actives,6784,0.979254,0.973799,0.973799,0.032871
all_actives,6792,0.980299,0.978166,0.978166,0.03298
all_actives,6800,0.981343,0.982533,0.982533,0.033088
all_actives,6808,0.982388,0.9869,0.9869,0.033196
all_actives,6816,0.983582,0.9869,0.9869,0.033157
all_actives,6824,0.984776,0.9869,0.9869,0.033118
all_actives,6832,0.98597,0.9869,0.9869,0.03308
all_actives,6840,0.987164,0.9869,0.9869,0.033041
all_actives,6848,0.988358,0.9869,0.9869,0.033002
all_actives,6856,0.989403,0.991266,0.991266,0.03311
all_actives,6864,0.990597,0.991266,0.991266,0.033071
all_actives,6872,0.991642,0.995633,0.995633,0.033178
all_actives,6880,0.992836,0.995633,0.995633,0.03314
all_actives,6888,0.99403,0.995633,0.995633,0.033101
all_actives,6896,0.995224,0.995633,0.995633,0.033063
all_actives,6904,0.996418,0.995633,0.995633,0.033024
all_actives,6912,0.997463,1.0,1.0,0.033131
all_actives,6920,0.998657,1.0,1.0,0.033092
all_actives,6928,0.999851,1.0,1.0,0.033054
all_actives,6929,1.0,1.0,1.0,0.03305
covalent_only,0,0.0,0.0,0.0,0.0
covalent_only,8,0.001194,0.0,0.0,0.0
covalent_only,16,0.002388,0.0,0.0,0.0
covalent_only,24,0.003582,0.0,0.0,0.0
covalent_only,32,0.004627,0.01,0.01,0.03125
covalent_only,40,0.005821,0.01,0.01,0.025
covalent_only,48,0.006866,0.02,0.02,0.041667
covalent_only,56,0.00806,0.02,0.02,0.035714
covalent_only,64,0.009254,0.02,0.02,0.03125
covalent_only,72,0.010448,0.02,0.02,0.027778
covalent_only,80,0.011642,0.02,0.02,0.025
covalent_only,88,0.012836,0.02,0.02,0.022727
covalent_only,96,0.01403,0.02,0.02,0.020833
covalent_only,104,0.015224,0.02,0.02,0.019231
covalent_only,112,0.016418,0.02,0.02,0.017857
covalent_only,120,0.017463,0.03,0.03,0.025
covalent_only,128,0.018507,0.04,0.04,0.03125
covalent_only,136,0.019701,0.04,0.04,0.029412
covalent_only,144,0.020746,0.05,0.05,0.034722
covalent_only,152,0.02194,0.05,0.05,0.032895
covalent_only,160,0.023134,0.05,0.05,0.03125
covalent_only,168,0.024328,0.05,0.05,0.029762
covalent_only,176,0.025373,0.06,0.06,0.034091
covalent_only,184,0.026567,0.06,0.06,0.032609
covalent_only,192,0.027761,0.06,0.06,0.03125
covalent_only,200,0.028806,0.07,0.07,0.035
covalent_only,208,0.029851,0.08,0.08,0.038462
covalent_only,216,0.031045,0.08,0.08,0.037037
covalent_only,224,0.032239,0.08,0.08,0.035714
covalent_only,232,0.033433,0.08,0.08,0.034483
covalent_only,240,0.034627,0.08,0.08,0.033333
covalent_only,248,0.035821,0.08,0.08,0.032258
covalent_only,256,0.037015,0.08,0.08,0.03125
covalent_only,264,0.038209,0.08,0.08,0.030303
covalent_only,272,0.039254,0.09,0.09,0.033088
covalent_only,280,0.040299,0.1,0.1,0.035714
covalent_only,288,0.041493,0.1,0.1,0.034722
covalent_only,296,0.042687,0.1,0.1,0.033784
covalent_only,304,0.043881,0.1,0.1,0.032895
covalent_only,312,0.044925,0.11,0.11,0.035256
covalent_only,320,0.04597,0.12,0.12,0.0375
covalent_only,328,0.047164,0.12,0.12,0.036585
covalent_only,336,0.048358,0.12,0.12,0.035714
covalent_only,344,0.049552,0.12,0.12,0.034884
covalent_only,352,0.050597,0.13,0.13,0.036932
covalent_only,360,0.051791,0.13,0.13,0.036111
covalent_only,368,0.052985,0.13,0.13,0.035326
covalent_only,376,0.054179,0.13,0.13,0.034574
covalent_only,384,0.055224,0.14,0.14,0.036458
covalent_only,392,0.056418,0.14,0.14,0.035714
covalent_only,400,0.057612,0.14,0.14,0.035
covalent_only,408,0.058806,0.14,0.14,0.034314
covalent_only,416,0.06,0.14,0.14,0.033654
covalent_only,424,0.061194,0.14,0.14,0.033019
covalent_only,432,0.062388,0.14,0.14,0.032407
covalent_only,440,0.063582,0.14,0.14,0.031818
covalent_only,448,0.064776,0.14,0.14,0.03125
covalent_only,456,0.065821,0.15,0.15,0.032895
covalent_only,464,0.066866,0.16,0.16,0.034483
covalent_only,472,0.06806,0.16,0.16,0.033898
covalent_only,480,0.069104,0.17,0.17,0.035417
covalent_only,488,0.070299,0.17,0.17,0.034836
covalent_only,496,0.071493,0.17,0.17,0.034274
covalent_only,504,0.072687,0.17,0.17,0.03373
covalent_only,512,0.073731,0.18,0.18,0.035156
covalent_only,520,0.074925,0.18,0.18,0.034615
covalent_only,528,0.07597,0.19,0.19,0.035985
covalent_only,536,0.077164,0.19,0.19,0.035448
covalent_only,544,0.078358,0.19,0.19,0.034926
covalent_only,552,0.079403,0.2,0.2,0.036232
covalent_only,560,0.080597,0.2,0.2,0.035714
covalent_only,568,0.081642,0.21,0.21,0.036972
covalent_only,576,0.082836,0.21,0.21,0.036458
covalent_only,584,0.08403,0.21,0.21,0.035959
covalent_only,592,0.085224,0.21,0.21,0.035473
covalent_only,600,0.086418,0.21,0.21,0.035
covalent_only,608,0.087612,0.21,0.21,0.034539
covalent_only,616,0.088806,0.21,0.21,0.034091
covalent_only,624,0.09,0.21,0.21,0.033654
covalent_only,632,0.091194,0.21,0.21,0.033228
covalent_only,640,0.092388,0.21,0.21,0.032813
covalent_only,648,0.093433,0.22,0.22,0.033951
covalent_only,656,0.094627,0.22,0.22,0.033537
covalent_only,664,0.095821,0.22,0.22,0.033133
covalent_only,672,0.097015,0.22,0.22,0.032738
covalent_only,680,0.098209,0.22,0.22,0.032353
covalent_only,688,0.099254,0.23,0.23,0.03343
covalent_only,696,0.100299,0.24,0.24,0.034483
covalent_only,704,0.101493,0.24,0.24,0.034091
covalent_only,712,0.102687,0.24,0.24,0.033708
covalent_only,720,0.103881,0.24,0.24,0.033333
covalent_only,728,0.105075,0.24,0.24,0.032967
covalent_only,736,0.106119,0.25,0.25,0.033967
covalent_only,744,0.107313,0.25,0.25,0.033602
covalent_only,752,0.108507,0.25,0.25,0.033245
covalent_only,760,0.109701,0.25,0.25,0.032895
covalent_only,768,0.110896,0.25,0.25,0.032552
covalent_only,776,0.11209,0.25,0.25,0.032216
covalent_only,784,0.113284,0.25,0.25,0.031888
covalent_only,792,0.114478,0.25,0.25,0.031566
covalent_only,800,0.115672,0.25,0.25,0.03125
covalent_only,808,0.116866,0.25,0.25,0.030941
covalent_only,816,0.11806,0.25,0.25,0.030637
covalent_only,824,0.119254,0.25,0.25,0.03034
covalent_only,832,0.120448,0.25,0.25,0.030048
covalent_only,840,0.121493,0.26,0.26,0.030952
covalent_only,848,0.122687,0.26,0.26,0.03066
covalent_only,856,0.123881,0.26,0.26,0.030374
covalent_only,864,0.125075,0.26,0.26,0.030093
covalent_only,872,0.126269,0.26,0.26,0.029817
covalent_only,880,0.127313,0.27,0.27,0.030682
covalent_only,888,0.128507,0.27,0.27,0.030405
covalent_only,896,0.129701,0.27,0.27,0.030134
covalent_only,904,0.130896,0.27,0.27,0.029867
covalent_only,912,0.13209,0.27,0.27,0.029605
covalent_only,920,0.133284,0.27,0.27,0.029348
covalent_only,928,0.134478,0.27,0.27,0.029095
covalent_only,936,0.135672,0.27,0.27,0.028846
covalent_only,944,0.136866,0.27,0.27,0.028602
covalent_only,952,0.13806,0.27,0.27,0.028361
covalent_only,960,0.139254,0.27,0.27,0.028125
covalent_only,968,0.140448,0.27,0.27,0.027893
covalent_only,976,0.141642,0.27,0.27,0.027664
covalent_only,984,0.142836,0.27,0.27,0.027439
covalent_only,992,0.143881,0.28,0.28,0.028226
covalent_only,1000,0.145075,0.28,0.28,0.028
covalent_only,1008,0.146269,0.28,0.28,0.027778
covalent_only,1016,0.147463,0.28,0.28,0.027559
covalent_only,1024,0.148657,0.28,0.28,0.027344
covalent_only,1032,0.149851,0.28,0.28,0.027132
covalent_only,1040,0.151045,0.28,0.28,0.026923
covalent_only,1048,0.152239,0.28,0.28,0.026718
covalent_only,1056,0.153433,0.28,0.28,0.026515
covalent_only,1064,0.154478,0.29,0.29,0.027256
covalent_only,1072,0.155672,0.29,0.29,0.027052
covalent_only,1080,0.156866,0.29,0.29,0.026852
covalent_only,1088,0.15806,0.29,0.29,0.026654
covalent_only,1096,0.159254,0.29,0.29,0.02646
covalent_only,1104,0.160448,0.29,0.29,0.026268
covalent_only,1112,0.161493,0.3,0.3,0.026978
covalent_only,1120,0.162687,0.3,0.3,0.026786
covalent_only,1128,0.163881,0.3,0.3,0.026596
covalent_only,1136,0.165075,0.3,0.3,0.026408
covalent_only,1144,0.166269,0.3,0.3,0.026224
covalent_only,1152,0.167463,0.3,0.3,0.026042
covalent_only,1160,0.168657,0.3,0.3,0.025862
covalent_only,1168,0.169851,0.3,0.3,0.025685
covalent_only,1176,0.171045,0.3,0.3,0.02551
covalent_only,1184,0.17209,0.31,0.31,0.026182
covalent_only,1192,0.173284,0.31,0.31,0.026007
covalent_only,1200,0.174478,0.31,0.31,0.025833
covalent_only,1208,0.175672,0.31,0.31,0.025662
covalent_only,1216,0.176866,0.31,0.31,0.025493
covalent_only,1224,0.17806,0.31,0.31,0.025327
covalent_only,1232,0.179254,0.31,0.31,0.025162
covalent_only,1240,0.180448,0.31,0.31,0.025
covalent_only,1248,0.181642,0.31,0.31,0.02484
covalent_only,1256,0.182836,0.31,0.31,0.024682
covalent_only,1264,0.18403,0.31,0.31,0.024525
covalent_only,1272,0.185224,0.31,0.31,0.024371
covalent_only,1280,0.186418,0.31,0.31,0.024219
covalent_only,1288,0.187612,0.31,0.31,0.024068
covalent_only,1296,0.188806,0.31,0.31,0.02392
covalent_only,1304,0.19,0.31,0.31,0.023773
covalent_only,1312,0.191045,0.32,0.32,0.02439
covalent_only,1320,0.192239,0.32,0.32,0.024242
covalent_only,1328,0.193433,0.32,0.32,0.024096
covalent_only,1336,0.194627,0.32,0.32,0.023952
covalent_only,1344,0.195821,0.32,0.32,0.02381
covalent_only,1352,0.197015,0.32,0.32,0.023669
covalent_only,1360,0.198209,0.32,0.32,0.023529
covalent_only,1368,0.199403,0.32,0.32,0.023392
covalent_only,1376,0.200597,0.32,0.32,0.023256
covalent_only,1384,0.201791,0.32,0.32,0.023121
covalent_only,1392,0.202985,0.32,0.32,0.022989
covalent_only,1400,0.204179,0.32,0.32,0.022857
covalent_only,1408,0.205373,0.32,0.32,0.022727
covalent_only,1416,0.206567,0.32,0.32,0.022599
covalent_only,1424,0.207761,0.32,0.32,0.022472
covalent_only,1432,0.208955,0.32,0.32,0.022346
covalent_only,1440,0.210149,0.32,0.32,0.022222
covalent_only,1448,0.211343,0.32,0.32,0.022099
covalent_only,1456,0.212537,0.32,0.32,0.021978
covalent_only,1464,0.213731,0.32,0.32,0.021858
covalent_only,1472,0.214776,0.33,0.33,0.022418
covalent_only,1480,0.21597,0.33,0.33,0.022297
covalent_only,1488,0.217164,0.33,0.33,0.022177
covalent_only,1496,0.218358,0.33,0.33,0.022059
covalent_only,1504,0.219552,0.33,0.33,0.021941
covalent_only,1512,0.220746,0.33,0.33,0.021825
covalent_only,1520,0.221791,0.34,0.34,0.022368
covalent_only,1528,0.222985,0.34,0.34,0.022251
covalent_only,1536,0.224179,0.34,0.34,0.022135
covalent_only,1544,0.225373,0.34,0.34,0.022021
covalent_only,1552,0.226567,0.34,0.34,0.021907
covalent_only,1560,0.227761,0.34,0.34,0.021795
covalent_only,1568,0.228955,0.34,0.34,0.021684
covalent_only,1576,0.230149,0.34,0.34,0.021574
covalent_only,1584,0.231343,0.34,0.34,0.021465
covalent_only,1592,0.232537,0.34,0.34,0.021357
covalent_only,1600,0.233731,0.34,0.34,0.02125
covalent_only,1608,0.234925,0.34,0.34,0.021144
covalent_only,1616,0.236119,0.34,0.34,0.02104
covalent_only,1624,0.237313,0.34,0.34,0.020936
covalent_only,1632,0.238507,0.34,0.34,0.020833
covalent_only,1640,0.239701,0.34,0.34,0.020732
covalent_only,1648,0.240896,0.34,0.34,0.020631
covalent_only,1656,0.24209,0.34,0.34,0.020531
covalent_only,1664,0.243284,0.34,0.34,0.020433
covalent_only,1672,0.244478,0.34,0.34,0.020335
covalent_only,1680,0.245672,0.34,0.34,0.020238
covalent_only,1688,0.246866,0.34,0.34,0.020142
covalent_only,1696,0.24806,0.34,0.34,0.020047
covalent_only,1704,0.249254,0.34,0.34,0.019953
covalent_only,1712,0.250448,0.34,0.34,0.01986
covalent_only,1720,0.251642,0.34,0.34,0.019767
covalent_only,1728,0.252836,0.34,0.34,0.019676
covalent_only,1736,0.25403,0.34,0.34,0.019585
covalent_only,1744,0.255075,0.35,0.35,0.020069
covalent_only,1752,0.256269,0.35,0.35,0.019977
covalent_only,1760,0.257463,0.35,0.35,0.019886
covalent_only,1768,0.258657,0.35,0.35,0.019796
covalent_only,1776,0.259851,0.35,0.35,0.019707
covalent_only,1784,0.261045,0.35,0.35,0.019619
covalent_only,1792,0.262239,0.35,0.35,0.019531
covalent_only,1800,0.263433,0.35,0.35,0.019444
covalent_only,1808,0.264627,0.35,0.35,0.019358
covalent_only,1816,0.265821,0.35,0.35,0.019273
covalent_only,1824,0.267015,0.35,0.35,0.019189
covalent_only,1832,0.268209,0.35,0.35,0.019105
covalent_only,1840,0.269403,0.35,0.35,0.019022
covalent_only,1848,0.270597,0.35,0.35,0.018939
covalent_only,1856,0.271791,0.35,0.35,0.018858
covalent_only,1864,0.272985,0.35,0.35,0.018777
covalent_only,1872,0.274179,0.35,0.35,0.018697
covalent_only,1880,0.275373,0.35,0.35,0.018617
covalent_only,1888,0.276567,0.35,0.35,0.018538
covalent_only,1896,0.277761,0.35,0.35,0.01846
covalent_only,1904,0.278955,0.35,0.35,0.018382
covalent_only,1912,0.280149,0.35,0.35,0.018305
covalent_only,1920,0.281343,0.35,0.35,0.018229
covalent_only,1928,0.282537,0.35,0.35,0.018154
covalent_only,1936,0.283731,0.35,0.35,0.018079
covalent_only,1944,0.284925,0.35,0.35,0.018004
covalent_only,1952,0.286119,0.35,0.35,0.01793
covalent_only,1960,0.287313,0.35,0.35,0.017857
covalent_only,1968,0.288358,0.36,0.36,0.018293
covalent_only,1976,0.289403,0.37,0.37,0.018725
covalent_only,1984,0.290597,0.37,0.37,0.018649
covalent_only,1992,0.291791,0.37,0.37,0.018574
covalent_only,2000,0.292836,0.38,0.38,0.019
covalent_only,2008,0.29403,0.38,0.38,0.018924
covalent_only,2016,0.295224,0.38,0.38,0.018849
covalent_only,2024,0.296269,0.39,0.39,0.019269
covalent_only,2032,0.297463,0.39,0.39,0.019193
covalent_only,2040,0.298657,0.39,0.39,0.019118
covalent_only,2048,0.299851,0.39,0.39,0.019043
covalent_only,2056,0.301045,0.39,0.39,0.018969
covalent_only,2064,0.302239,0.39,0.39,0.018895
covalent_only,2072,0.303433,0.39,0.39,0.018822
covalent_only,2080,0.304627,0.39,0.39,0.01875
covalent_only,2088,0.305672,0.4,0.4,0.019157
covalent_only,2096,0.306866,0.4,0.4,0.019084
covalent_only,2104,0.30806,0.4,0.4,0.019011
covalent_only,2112,0.309254,0.4,0.4,0.018939
covalent_only,2120,0.310448,0.4,0.4,0.018868
covalent_only,2128,0.311642,0.4,0.4,0.018797
covalent_only,2136,0.312836,0.4,0.4,0.018727
covalent_only,2144,0.31403,0.4,0.4,0.018657
covalent_only,2152,0.315224,0.4,0.4,0.018587
covalent_only,2160,0.316418,0.4,0.4,0.018519
covalent_only,2168,0.317612,0.4,0.4,0.01845
covalent_only,2176,0.318806,0.4,0.4,0.018382
covalent_only,2184,0.32,0.4,0.4,0.018315
covalent_only,2192,0.321194,0.4,0.4,0.018248
covalent_only,2200,0.322388,0.4,0.4,0.018182
covalent_only,2208,0.323582,0.4,0.4,0.018116
covalent_only,2216,0.324776,0.4,0.4,0.018051
covalent_only,2224,0.325821,0.41,0.41,0.018435
covalent_only,2232,0.327015,0.41,0.41,0.018369
covalent_only,2240,0.328209,0.41,0.41,0.018304
covalent_only,2248,0.329403,0.41,0.41,0.018238
covalent_only,2256,0.330448,0.42,0.42,0.018617
covalent_only,2264,0.331642,0.42,0.42,0.018551
covalent_only,2272,0.332687,0.43,0.43,0.018926
covalent_only,2280,0.333881,0.43,0.43,0.01886
covalent_only,2288,0.335075,0.43,0.43,0.018794
covalent_only,2296,0.336269,0.43,0.43,0.018728
covalent_only,2304,0.337463,0.43,0.43,0.018663
covalent_only,2312,0.338657,0.43,0.43,0.018599
covalent_only,2320,0.339851,0.43,0.43,0.018534
covalent_only,2328,0.341045,0.43,0.43,0.018471
covalent_only,2336,0.34209,0.44,0.44,0.018836
covalent_only,2344,0.343284,0.44,0.44,0.018771
covalent_only,2352,0.344478,0.44,0.44,0.018707
covalent_only,2360,0.345672,0.44,0.44,0.018644
covalent_only,2368,0.346866,0.44,0.44,0.018581
covalent_only,2376,0.34806,0.44,0.44,0.018519
covalent_only,2384,0.349254,0.44,0.44,0.018456
covalent_only,2392,0.350448,0.44,0.44,0.018395
covalent_only,2400,0.351642,0.44,0.44,0.018333
covalent_only,2408,0.352836,0.44,0.44,0.018272
covalent_only,2416,0.35403,0.44,0.44,0.018212
covalent_only,2424,0.355224,0.44,0.44,0.018152
covalent_only,2432,0.356418,0.44,0.44,0.018092
covalent_only,2440,0.357612,0.44,0.44,0.018033
covalent_only,2448,0.358657,0.45,0.45,0.018382
covalent_only,2456,0.359851,0.45,0.45,0.018322
covalent_only,2464,0.361045,0.45,0.45,0.018263
covalent_only,2472,0.362239,0.45,0.45,0.018204
covalent_only,2480,0.363433,0.45,0.45,0.018145
covalent_only,2488,0.364627,0.45,0.45,0.018087
covalent_only,2496,0.365821,0.45,0.45,0.018029
covalent_only,2504,0.367015,0.45,0.45,0.017971
covalent_only,2512,0.368209,0.45,0.45,0.017914
covalent_only,2520,0.369403,0.45,0.45,0.017857
covalent_only,2528,0.370597,0.45,0.45,0.017801
covalent_only,2536,0.371791,0.45,0.45,0.017744
covalent_only,2544,0.372985,0.45,0.45,0.017689
covalent_only,2552,0.374179,0.45,0.45,0.017633
covalent_only,2560,0.375373,0.45,0.45,0.017578
covalent_only,2568,0.376567,0.45,0.45,0.017523
covalent_only,2576,0.377612,0.46,0.46,0.017857
covalent_only,2584,0.378806,0.46,0.46,0.017802
covalent_only,2592,0.38,0.46,0.46,0.017747
covalent_only,2600,0.381194,0.46,0.46,0.017692
covalent_only,2608,0.382239,0.47,0.47,0.018021
covalent_only,2616,0.383134,0.49,0.49,0.018731
covalent_only,2624,0.384328,0.49,0.49,0.018674
covalent_only,2632,0.385522,0.49,0.49,0.018617
covalent_only,2640,0.386716,0.49,0.49,0.018561
covalent_only,2648,0.38791,0.49,0.49,0.018505
covalent_only,2656,0.389104,0.49,0.49,0.018449
covalent_only,2664,0.390299,0.49,0.49,0.018393
covalent_only,2672,0.391493,0.49,0.49,0.018338
covalent_only,2680,0.392687,0.49,0.49,0.018284
covalent_only,2688,0.393881,0.49,0.49,0.018229
covalent_only,2696,0.395075,0.49,0.49,0.018175
covalent_only,2704,0.396269,0.49,0.49,0.018121
covalent_only,2712,0.397463,0.49,0.49,0.018068
covalent_only,2720,0.398657,0.49,0.49,0.018015
covalent_only,2728,0.399851,0.49,0.49,0.017962
covalent_only,2736,0.401045,0.49,0.49,0.017909
covalent_only,2744,0.402239,0.49,0.49,0.017857
covalent_only,2752,0.403433,0.49,0.49,0.017805
covalent_only,2760,0.404627,0.49,0.49,0.017754
covalent_only,2768,0.405672,0.5,0.5,0.018064
covalent_only,2776,0.406866,0.5,0.5,0.018012
covalent_only,2784,0.40806,0.5,0.5,0.01796
covalent_only,2792,0.409254,0.5,0.5,0.017908
covalent_only,2800,0.410448,0.5,0.5,0.017857
covalent_only,2808,0.411642,0.5,0.5,0.017806
covalent_only,2816,0.412836,0.5,0.5,0.017756
covalent_only,2824,0.41403,0.5,0.5,0.017705
covalent_only,2832,0.415224,0.5,0.5,0.017655
covalent_only,2840,0.416418,0.5,0.5,0.017606
covalent_only,2848,0.417463,0.51,0.51,0.017907
covalent_only,2856,0.418657,0.51,0.51,0.017857
covalent_only,2864,0.419851,0.51,0.51,0.017807
covalent_only,2872,0.421045,0.51,0.51,0.017758
covalent_only,2880,0.422239,0.51,0.51,0.017708
covalent_only,2888,0.423433,0.51,0.51,0.017659
covalent_only,2896,0.424627,0.51,0.51,0.01761
covalent_only,2904,0.425821,0.51,0.51,0.017562
covalent_only,2912,0.427015,0.51,0.51,0.017514
covalent_only,2920,0.428209,0.51,0.51,0.017466
covalent_only,2928,0.429254,0.52,0.52,0.01776
covalent_only,2936,0.430448,0.52,0.52,0.017711
covalent_only,2944,0.431642,0.52,0.52,0.017663
covalent_only,2952,0.432836,0.52,0.52,0.017615
covalent_only,2960,0.43403,0.52,0.52,0.017568
covalent_only,2968,0.435224,0.52,0.52,0.01752
covalent_only,2976,0.436418,0.52,0.52,0.017473
covalent_only,2984,0.437612,0.52,0.52,0.017426
covalent_only,2992,0.438806,0.52,0.52,0.01738
covalent_only,3000,0.44,0.52,0.52,0.017333
covalent_only,3008,0.441194,0.52,0.52,0.017287
covalent_only,3016,0.442239,0.53,0.53,0.017573
covalent_only,3024,0.443433,0.53,0.53,0.017526
covalent_only,3032,0.444478,0.54,0.54,0.01781
covalent_only,3040,0.445672,0.54,0.54,0.017763
covalent_only,3048,0.446866,0.54,0.54,0.017717
covalent_only,3056,0.44806,0.54,0.54,0.01767
covalent_only,3064,0.449254,0.54,0.54,0.017624
covalent_only,3072,0.450448,0.54,0.54,0.017578
covalent_only,3080,0.451642,0.54,0.54,0.017532
covalent_only,3088,0.452836,0.54,0.54,0.017487
covalent_only,3096,0.45403,0.54,0.54,0.017442
covalent_only,3104,0.455224,0.54,0.54,0.017397
covalent_only,3112,0.456418,0.54,0.54,0.017352
covalent_only,3120,0.457612,0.54,0.54,0.017308
covalent_only,3128,0.458806,0.54,0.54,0.017263
covalent_only,3136,0.459851,0.55,0.55,0.017538
covalent_only,3144,0.461045,0.55,0.55,0.017494
covalent_only,3152,0.462239,0.55,0.55,0.017449
covalent_only,3160,0.463433,0.55,0.55,0.017405
covalent_only,3168,0.464627,0.55,0.55,0.017361
covalent_only,3176,0.465821,0.55,0.55,0.017317
covalent_only,3184,0.467015,0.55,0.55,0.017274
covalent_only,3192,0.468209,0.55,0.55,0.017231
covalent_only,3200,0.469403,0.55,0.55,0.017188
covalent_only,3208,0.470597,0.55,0.55,0.017145
covalent_only,3216,0.471791,0.55,0.55,0.017102
covalent_only,3224,0.472985,0.55,0.55,0.01706
covalent_only,3232,0.474179,0.55,0.55,0.017017
covalent_only,3240,0.475373,0.55,0.55,0.016975
covalent_only,3248,0.476567,0.55,0.55,0.016933
covalent_only,3256,0.477761,0.55,0.55,0.016892
covalent_only,3264,0.478955,0.55,0.55,0.01685
covalent_only,3272,0.480149,0.55,0.55,0.016809
covalent_only,3280,0.481343,0.55,0.55,0.016768
covalent_only,3288,0.482537,0.55,0.55,0.016727
covalent_only,3296,0.483582,0.56,0.56,0.01699
covalent_only,3304,0.484776,0.56,0.56,0.016949
covalent_only,3312,0.48597,0.56,0.56,0.016908
covalent_only,3320,0.487164,0.56,0.56,0.016867
covalent_only,3328,0.488358,0.56,0.56,0.016827
covalent_only,3336,0.489552,0.56,0.56,0.016787
covalent_only,3344,0.490746,0.56,0.56,0.016746
covalent_only,3352,0.49194,0.56,0.56,0.016706
covalent_only,3360,0.493134,0.56,0.56,0.016667
covalent_only,3368,0.494328,0.56,0.56,0.016627
covalent_only,3376,0.495522,0.56,0.56,0.016588
covalent_only,3384,0.496418,0.58,0.58,0.017139
covalent_only,3392,0.497612,0.58,0.58,0.017099
covalent_only,3400,0.498806,0.58,0.58,0.017059
covalent_only,3408,0.5,0.58,0.58,0.017019
covalent_only,3416,0.501045,0.59,0.59,0.017272
covalent_only,3424,0.502239,0.59,0.59,0.017231
covalent_only,3432,0.503284,0.6,0.6,0.017483
covalent_only,3440,0.504478,0.6,0.6,0.017442
covalent_only,3448,0.505672,0.6,0.6,0.017401
covalent_only,3456,0.506866,0.6,0.6,0.017361
covalent_only,3464,0.50806,0.6,0.6,0.017321
covalent_only,3472,0.509254,0.6,0.6,0.017281
covalent_only,3480,0.510448,0.6,0.6,0.017241
covalent_only,3488,0.511642,0.6,0.6,0.017202
covalent_only,3496,0.512836,0.6,0.6,0.017162
covalent_only,3504,0.51403,0.6,0.6,0.017123
covalent_only,3512,0.515224,0.6,0.6,0.017084
covalent_only,3520,0.516269,0.61,0.61,0.01733
covalent_only,3528,0.517463,0.61,0.61,0.01729
covalent_only,3536,0.518657,0.61,0.61,0.017251
covalent_only,3544,0.519851,0.61,0.61,0.017212
covalent_only,3552,0.521045,0.61,0.61,0.017173
covalent_only,3560,0.522239,0.61,0.61,0.017135
covalent_only,3568,0.523433,0.61,0.61,0.017096
covalent_only,3576,0.524627,0.61,0.61,0.017058
covalent_only,3584,0.525821,0.61,0.61,0.01702
covalent_only,3592,0.527015,0.61,0.61,0.016982
covalent_only,3600,0.528209,0.61,0.61,0.016944
covalent_only,3608,0.529403,0.61,0.61,0.016907
covalent_only,3616,0.530597,0.61,0.61,0.016869
covalent_only,3624,0.531791,0.61,0.61,0.016832
covalent_only,3632,0.532985,0.61,0.61,0.016795
covalent_only,3640,0.53403,0.62,0.62,0.017033
covalent_only,3648,0.535075,0.63,0.63,0.01727
covalent_only,3656,0.536269,0.63,0.63,0.017232
covalent_only,3664,0.537463,0.63,0.63,0.017194
covalent_only,3672,0.538657,0.63,0.63,0.017157
covalent_only,3680,0.539851,0.63,0.63,0.01712
covalent_only,3688,0.541045,0.63,0.63,0.017082
covalent_only,3696,0.542239,0.63,0.63,0.017045
covalent_only,3704,0.543433,0.63,0.63,0.017009
covalent_only,3712,0.544627,0.63,0.63,0.016972
covalent_only,3720,0.545821,0.63,0.63,0.016935
covalent_only,3728,0.547015,0.63,0.63,0.016899
covalent_only,3736,0.548209,0.63,0.63,0.016863
covalent_only,3744,0.549403,0.63,0.63,0.016827
covalent_only,3752,0.550597,0.63,0.63,0.016791
covalent_only,3760,0.551791,0.63,0.63,0.016755
covalent_only,3768,0.552985,0.63,0.63,0.01672
covalent_only,3776,0.55403,0.64,0.64,0.016949
covalent_only,3784,0.555224,0.64,0.64,0.016913
covalent_only,3792,0.556418,0.64,0.64,0.016878
covalent_only,3800,0.557612,0.64,0.64,0.016842
covalent_only,3808,0.558806,0.64,0.64,0.016807
covalent_only,3816,0.56,0.64,0.64,0.016771
covalent_only,3824,0.561194,0.64,0.64,0.016736
covalent_only,3832,0.562388,0.64,0.64,0.016701
covalent_only,3840,0.563433,0.65,0.65,0.016927
covalent_only,3848,0.564627,0.65,0.65,0.016892
covalent_only,3856,0.565821,0.65,0.65,0.016857
covalent_only,3864,0.567015,0.65,0.65,0.016822
covalent_only,3872,0.568209,0.65,0.65,0.016787
covalent_only,3880,0.569403,0.65,0.65,0.016753
covalent_only,3888,0.570597,0.65,0.65,0.016718
covalent_only,3896,0.571791,0.65,0.65,0.016684
covalent_only,3904,0.572985,0.65,0.65,0.01665
covalent_only,3912,0.574179,0.65,0.65,0.016616
covalent_only,3920,0.575373,0.65,0.65,0.016582
covalent_only,3928,0.576567,0.65,0.65,0.016548
covalent_only,3936,0.577761,0.65,0.65,0.016514
covalent_only,3944,0.578955,0.65,0.65,0.016481
covalent_only,3952,0.580149,0.65,0.65,0.016447
covalent_only,3960,0.581343,0.65,0.65,0.016414
covalent_only,3968,0.582537,0.65,0.65,0.016381
covalent_only,3976,0.583731,0.65,0.65,0.016348
covalent_only,3984,0.584776,0.66,0.66,0.016566
covalent_only,3992,0.585821,0.67,0.67,0.016784
covalent_only,4000,0.587015,0.67,0.67,0.01675
covalent_only,4008,0.58806,0.68,0.68,0.016966
covalent_only,4016,0.589254,0.68,0.68,0.016932
covalent_only,4024,0.590448,0.68,0.68,0.016899
covalent_only,4032,0.591642,0.68,0.68,0.016865
covalent_only,4040,0.592836,0.68,0.68,0.016832
covalent_only,4048,0.593881,0.69,0.69,0.017045
covalent_only,4056,0.595075,0.69,0.69,0.017012
covalent_only,4064,0.596269,0.69,0.69,0.016978
covalent_only,4072,0.597463,0.69,0.69,0.016945
covalent_only,4080,0.598657,0.69,0.69,0.016912
covalent_only,4088,0.599851,0.69,0.69,0.016879
covalent_only,4096,0.601045,0.69,0.69,0.016846
covalent_only,4104,0.602239,0.69,0.69,0.016813
covalent_only,4112,0.603433,0.69,0.69,0.01678
covalent_only,4120,0.604627,0.69,0.69,0.016748
covalent_only,4128,0.605821,0.69,0.69,0.016715
covalent_only,4136,0.607015,0.69,0.69,0.016683
covalent_only,4144,0.608209,0.69,0.69,0.016651
covalent_only,4152,0.609254,0.7,0.7,0.016859
covalent_only,4160,0.610448,0.7,0.7,0.016827
covalent_only,4168,0.611642,0.7,0.7,0.016795
covalent_only,4176,0.612836,0.7,0.7,0.016762
covalent_only,4184,0.61403,0.7,0.7,0.01673
covalent_only,4192,0.615224,0.7,0.7,0.016698
covalent_only,4200,0.616418,0.7,0.7,0.016667
covalent_only,4208,0.617463,0.71,0.71,0.016873
covalent_only,4216,0.618657,0.71,0.71,0.016841
covalent_only,4224,0.619851,0.71,0.71,0.016809
covalent_only,4232,0.621045,0.71,0.71,0.016777
covalent_only,4240,0.622239,0.71,0.71,0.016745
covalent_only,4248,0.623284,0.72,0.72,0.016949
covalent_only,4256,0.624478,0.72,0.72,0.016917
covalent_only,4264,0.625672,0.72,0.72,0.016886
covalent_only,4272,0.626866,0.72,0.72,0.016854
covalent_only,4280,0.62806,0.72,0.72,0.016822
covalent_only,4288,0.629254,0.72,0.72,0.016791
covalent_only,4296,0.630448,0.72,0.72,0.01676
covalent_only,4304,0.631642,0.72,0.72,0.016729
covalent_only,4312,0.632836,0.72,0.72,0.016698
covalent_only,4320,0.63403,0.72,0.72,0.016667
covalent_only,4328,0.635224,0.72,0.72,0.016636
covalent_only,4336,0.636418,0.72,0.72,0.016605
covalent_only,4344,0.637612,0.72,0.72,0.016575
covalent_only,4352,0.638806,0.72,0.72,0.016544
covalent_only,4360,0.64,0.72,0.72,0.016514
covalent_only,4368,0.641194,0.72,0.72,0.016484
covalent_only,4376,0.642388,0.72,0.72,0.016453
covalent_only,4384,0.643582,0.72,0.72,0.016423
covalent_only,4392,0.644776,0.72,0.72,0.016393
covalent_only,4400,0.645821,0.73,0.73,0.016591
covalent_only,4408,0.647015,0.73,0.73,0.016561
covalent_only,4416,0.648209,0.73,0.73,0.016531
covalent_only,4424,0.649403,0.73,0.73,0.016501
covalent_only,4432,0.650597,0.73,0.73,0.016471
covalent_only,4440,0.651791,0.73,0.73,0.016441
covalent_only,4448,0.652985,0.73,0.73,0.016412
covalent_only,4456,0.654179,0.73,0.73,0.016382
covalent_only,4464,0.655373,0.73,0.73,0.016353
covalent_only,4472,0.656567,0.73,0.73,0.016324
covalent_only,4480,0.657761,0.73,0.73,0.016295
covalent_only,4488,0.658955,0.73,0.73,0.016266
covalent_only,4496,0.660149,0.73,0.73,0.016237
covalent_only,4504,0.661343,0.73,0.73,0.016208
covalent_only,4512,0.662537,0.73,0.73,0.016179
covalent_only,4520,0.663731,0.73,0.73,0.01615
covalent_only,4528,0.664925,0.73,0.73,0.016122
covalent_only,4536,0.666119,0.73,0.73,0.016093
covalent_only,4544,0.667313,0.73,0.73,0.016065
covalent_only,4552,0.668507,0.73,0.73,0.016037
covalent_only,4560,0.669701,0.73,0.73,0.016009
covalent_only,4568,0.670896,0.73,0.73,0.015981
covalent_only,4576,0.67209,0.73,0.73,0.015953
covalent_only,4584,0.673284,0.73,0.73,0.015925
covalent_only,4592,0.674478,0.73,0.73,0.015897
covalent_only,4600,0.675672,0.73,0.73,0.01587
covalent_only,4608,0.676866,0.73,0.73,0.015842
covalent_only,4616,0.67806,0.73,0.73,0.015815
covalent_only,4624,0.679254,0.73,0.73,0.015787
covalent_only,4632,0.680299,0.74,0.74,0.015976
covalent_only,4640,0.681493,0.74,0.74,0.015948
covalent_only,4648,0.682537,0.75,0.75,0.016136
covalent_only,4656,0.683731,0.75,0.75,0.016108
covalent_only,4664,0.684925,0.75,0.75,0.016081
covalent_only,4672,0.686119,0.75,0.75,0.016053
covalent_only,4680,0.687313,0.75,0.75,0.016026
covalent_only,4688,0.688507,0.75,0.75,0.015998
covalent_only,4696,0.689701,0.75,0.75,0.015971
covalent_only,4704,0.690896,0.75,0.75,0.015944
covalent_only,4712,0.69209,0.75,0.75,0.015917
covalent_only,4720,0.693284,0.75,0.75,0.01589
covalent_only,4728,0.694328,0.76,0.76,0.016074
covalent_only,4736,0.695522,0.76,0.76,0.016047
covalent_only,4744,0.696567,0.77,0.77,0.016231
covalent_only,4752,0.697761,0.77,0.77,0.016204
covalent_only,4760,0.698955,0.77,0.77,0.016176
covalent_only,4768,0.700149,0.77,0.77,0.016149
covalent_only,4776,0.701343,0.77,0.77,0.016122
covalent_only,4784,0.702537,0.77,0.77,0.016095
covalent_only,4792,0.703582,0.78,0.78,0.016277
covalent_only,4800,0.704776,0.78,0.78,0.01625
covalent_only,4808,0.70597,0.78,0.78,0.016223
covalent_only,4816,0.707164,0.78,0.78,0.016196
covalent_only,4824,0.708358,0.78,0.78,0.016169
covalent_only,4832,0.709552,0.78,0.78,0.016142
covalent_only,4840,0.710746,0.78,0.78,0.016116
covalent_only,4848,0.71194,0.78,0.78,0.016089
covalent_only,4856,0.713134,0.78,0.78,0.016063
covalent_only,4864,0.714328,0.78,0.78,0.016036
covalent_only,4872,0.715522,0.78,0.78,0.01601
covalent_only,4880,0.716716,0.78,0.78,0.015984
covalent_only,4888,0.71791,0.78,0.78,0.015957
covalent_only,4896,0.719104,0.78,0.78,0.015931
covalent_only,4904,0.720299,0.78,0.78,0.015905
covalent_only,4912,0.721493,0.78,0.78,0.015879
covalent_only,4920,0.722687,0.78,0.78,0.015854
covalent_only,4928,0.723881,0.78,0.78,0.015828
covalent_only,4936,0.725075,0.78,0.78,0.015802
covalent_only,4944,0.726269,0.78,0.78,0.015777
covalent_only,4952,0.727463,0.78,0.78,0.015751
covalent_only,4960,0.728657,0.78,0.78,0.015726
covalent_only,4968,0.729701,0.79,0.79,0.015902
covalent_only,4976,0.730896,0.79,0.79,0.015876
covalent_only,4984,0.73209,0.79,0.79,0.015851
covalent_only,4992,0.733284,0.79,0.79,0.015825
covalent_only,5000,0.734478,0.79,0.79,0.0158
covalent_only,5008,0.735672,0.79,0.79,0.015775
covalent_only,5016,0.736866,0.79,0.79,0.01575
covalent_only,5024,0.73806,0.79,0.79,0.015725
covalent_only,5032,0.739254,0.79,0.79,0.0157
covalent_only,5040,0.740448,0.79,0.79,0.015675
covalent_only,5048,0.741642,0.79,0.79,0.01565
covalent_only,5056,0.742836,0.79,0.79,0.015625
covalent_only,5064,0.743881,0.8,0.8,0.015798
covalent_only,5072,0.745075,0.8,0.8,0.015773
covalent_only,5080,0.746269,0.8,0.8,0.015748
covalent_only,5088,0.747463,0.8,0.8,0.015723
covalent_only,5096,0.748657,0.8,0.8,0.015699
covalent_only,5104,0.749851,0.8,0.8,0.015674
covalent_only,5112,0.751045,0.8,0.8,0.015649
covalent_only,5120,0.752239,0.8,0.8,0.015625
covalent_only,5128,0.753433,0.8,0.8,0.015601
covalent_only,5136,0.754627,0.8,0.8,0.015576
covalent_only,5144,0.755821,0.8,0.8,0.015552
covalent_only,5152,0.757015,0.8,0.8,0.015528
covalent_only,5160,0.758209,0.8,0.8,0.015504
covalent_only,5168,0.759403,0.8,0.8,0.01548
covalent_only,5176,0.760597,0.8,0.8,0.015456
covalent_only,5184,0.761791,0.8,0.8,0.015432
covalent_only,5192,0.762985,0.8,0.8,0.015408
covalent_only,5200,0.764179,0.8,0.8,0.015385
covalent_only,5208,0.765373,0.8,0.8,0.015361
covalent_only,5216,0.766567,0.8,0.8,0.015337
covalent_only,5224,0.767761,0.8,0.8,0.015314
covalent_only,5232,0.768955,0.8,0.8,0.015291
covalent_only,5240,0.770149,0.8,0.8,0.015267
covalent_only,5248,0.771343,0.8,0.8,0.015244
covalent_only,5256,0.772537,0.8,0.8,0.015221
covalent_only,5264,0.773582,0.81,0.81,0.015388
covalent_only,5272,0.774776,0.81,0.81,0.015364
covalent_only,5280,0.77597,0.81,0.81,0.015341
covalent_only,5288,0.777164,0.81,0.81,0.015318
covalent_only,5296,0.778358,0.81,0.81,0.015295
covalent_only,5304,0.779552,0.81,0.81,0.015271
covalent_only,5312,0.780746,0.81,0.81,0.015248
covalent_only,5320,0.781791,0.82,0.82,0.015414
covalent_only,5328,0.782985,0.82,0.82,0.01539
covalent_only,5336,0.784179,0.82,0.82,0.015367
covalent_only,5344,0.785373,0.82,0.82,0.015344
covalent_only,5352,0.786418,0.83,0.83,0.015508
covalent_only,5360,0.787612,0.83,0.83,0.015485
covalent_only,5368,0.788806,0.83,0.83,0.015462
covalent_only,5376,0.789851,0.84,0.84,0.015625
covalent_only,5384,0.791045,0.84,0.84,0.015602
covalent_only,5392,0.792239,0.84,0.84,0.015579
covalent_only,5400,0.793433,0.84,0.84,0.015556
covalent_only,5408,0.794627,0.84,0.84,0.015533
covalent_only,5416,0.795821,0.84,0.84,0.01551
covalent_only,5424,0.796866,0.85,0.85,0.015671
covalent_only,5432,0.79806,0.85,0.85,0.015648
covalent_only,5440,0.799254,0.85,0.85,0.015625
covalent_only,5448,0.800448,0.85,0.85,0.015602
covalent_only,5456,0.801642,0.85,0.85,0.015579
covalent_only,5464,0.802836,0.85,0.85,0.015556
covalent_only,5472,0.80403,0.85,0.85,0.015534
covalent_only,5480,0.805075,0.86,0.86,0.015693
covalent_only,5488,0.806119,0.87,0.87,0.015853
covalent_only,5496,0.807313,0.87,0.87,0.01583
covalent_only,5504,0.808507,0.87,0.87,0.015807
covalent_only,5512,0.809701,0.87,0.87,0.015784
covalent_only,5520,0.810896,0.87,0.87,0.015761
covalent_only,5528,0.81209,0.87,0.87,0.015738
covalent_only,5536,0.813284,0.87,0.87,0.015715
covalent_only,5544,0.814478,0.87,0.87,0.015693
covalent_only,5552,0.815672,0.87,0.87,0.01567
covalent_only,5560,0.816866,0.87,0.87,0.015647
covalent_only,5568,0.81806,0.87,0.87,0.015625
covalent_only,5576,0.819254,0.87,0.87,0.015603
covalent_only,5584,0.820448,0.87,0.87,0.01558
covalent_only,5592,0.821642,0.87,0.87,0.015558
covalent_only,5600,0.822836,0.87,0.87,0.015536
covalent_only,5608,0.82403,0.87,0.87,0.015514
covalent_only,5616,0.825224,0.87,0.87,0.015491
covalent_only,5624,0.826418,0.87,0.87,0.015469
covalent_only,5632,0.827612,0.87,0.87,0.015447
covalent_only,5640,0.828806,0.87,0.87,0.015426
covalent_only,5648,0.83,0.87,0.87,0.015404
covalent_only,5656,0.831194,0.87,0.87,0.015382
covalent_only,5664,0.832239,0.88,0.88,0.015537
covalent_only,5672,0.833433,0.88,0.88,0.015515
covalent_only,5680,0.834627,0.88,0.88,0.015493
covalent_only,5688,0.835821,0.88,0.88,0.015471
covalent_only,5696,0.837015,0.88,0.88,0.015449
covalent_only,5704,0.838209,0.88,0.88,0.015428
covalent_only,5712,0.839403,0.88,0.88,0.015406
covalent_only,5720,0.840597,0.88,0.88,0.015385
covalent_only,5728,0.841791,0.88,0.88,0.015363
covalent_only,5736,0.842985,0.88,0.88,0.015342
covalent_only,5744,0.844179,0.88,0.88,0.01532
covalent_only,5752,0.845373,0.88,0.88,0.015299
covalent_only,5760,0.846567,0.88,0.88,0.015278
covalent_only,5768,0.847761,0.88,0.88,0.015257
covalent_only,5776,0.848955,0.88,0.88,0.015235
covalent_only,5784,0.850149,0.88,0.88,0.015214
covalent_only,5792,0.851343,0.88,0.88,0.015193
covalent_only,5800,0.852537,0.88,0.88,0.015172
covalent_only,5808,0.853582,0.89,0.89,0.015324
covalent_only,5816,0.854627,0.9,0.9,0.015475
covalent_only,5824,0.855821,0.9,0.9,0.015453
covalent_only,5832,0.857015,0.9,0.9,0.015432
covalent_only,5840,0.858209,0.9,0.9,0.015411
covalent_only,5848,0.859403,0.9,0.9,0.01539
covalent_only,5856,0.860597,0.9,0.9,0.015369
covalent_only,5864,0.861791,0.9,0.9,0.015348
covalent_only,5872,0.862985,0.9,0.9,0.015327
covalent_only,5880,0.864179,0.9,0.9,0.015306
covalent_only,5888,0.865373,0.9,0.9,0.015285
covalent_only,5896,0.866567,0.9,0.9,0.015265
covalent_only,5904,0.867761,0.9,0.9,0.015244
covalent_only,5912,0.868955,0.9,0.9,0.015223
covalent_only,5920,0.870149,0.9,0.9,0.015203
covalent_only,5928,0.871343,0.9,0.9,0.015182
covalent_only,5936,0.872537,0.9,0.9,0.015162
covalent_only,5944,0.873731,0.9,0.9,0.015141
covalent_only,5952,0.874925,0.9,0.9,0.015121
covalent_only,5960,0.87597,0.91,0.91,0.015268
covalent_only,5968,0.877164,0.91,0.91,0.015248
covalent_only,5976,0.878358,0.91,0.91,0.015228
covalent_only,5984,0.879552,0.91,0.91,0.015207
covalent_only,5992,0.880746,0.91,0.91,0.015187
covalent_only,6000,0.881791,0.92,0.92,0.015333
covalent_only,6008,0.882985,0.92,0.92,0.015313
covalent_only,6016,0.884179,0.92,0.92,0.015293
covalent_only,6024,0.885373,0.92,0.92,0.015272
covalent_only,6032,0.886567,0.92,0.92,0.015252
covalent_only,6040,0.887761,0.92,0.92,0.015232
covalent_only,6048,0.888955,0.92,0.92,0.015212
covalent_only,6056,0.890149,0.92,0.92,0.015192
covalent_only,6064,0.891343,0.92,0.92,0.015172
covalent_only,6072,0.892537,0.92,0.92,0.015152
covalent_only,6080,0.893731,0.92,0.92,0.015132
covalent_only,6088,0.894925,0.92,0.92,0.015112
covalent_only,6096,0.896119,0.92,0.92,0.015092
covalent_only,6104,0.897313,0.92,0.92,0.015072
covalent_only,6112,0.898507,0.92,0.92,0.015052
covalent_only,6120,0.899701,0.92,0.92,0.015033
covalent_only,6128,0.900896,0.92,0.92,0.015013
covalent_only,6136,0.90209,0.92,0.92,0.014993
covalent_only,6144,0.903284,0.92,0.92,0.014974
covalent_only,6152,0.904478,0.92,0.92,0.014954
covalent_only,6160,0.905522,0.93,0.93,0.015097
covalent_only,6168,0.906716,0.93,0.93,0.015078
covalent_only,6176,0.90791,0.93,0.93,0.015058
covalent_only,6184,0.909104,0.93,0.93,0.015039
covalent_only,6192,0.910299,0.93,0.93,0.015019
covalent_only,6200,0.911493,0.93,0.93,0.015
covalent_only,6208,0.912687,0.93,0.93,0.014981
covalent_only,6216,0.913881,0.93,0.93,0.014961
covalent_only,6224,0.915075,0.93,0.93,0.014942
covalent_only,6232,0.916269,0.93,0.93,0.014923
covalent_only,6240,0.917463,0.93,0.93,0.014904
covalent_only,6248,0.918657,0.93,0.93,0.014885
covalent_only,6256,0.919851,0.93,0.93,0.014866
covalent_only,6264,0.921045,0.93,0.93,0.014847
covalent_only,6272,0.922239,0.93,0.93,0.014828
covalent_only,6280,0.923433,0.93,0.93,0.014809
covalent_only,6288,0.924627,0.93,0.93,0.01479
covalent_only,6296,0.925821,0.93,0.93,0.014771
covalent_only,6304,0.927015,0.93,0.93,0.014753
covalent_only,6312,0.928209,0.93,0.93,0.014734
covalent_only,6320,0.929403,0.93,0.93,0.014715
covalent_only,6328,0.930597,0.93,0.93,0.014697
covalent_only,6336,0.931791,0.93,0.93,0.014678
covalent_only,6344,0.932985,0.93,0.93,0.01466
covalent_only,6352,0.93403,0.94,0.94,0.014798
covalent_only,6360,0.935224,0.94,0.94,0.01478
covalent_only,6368,0.936418,0.94,0.94,0.014761
covalent_only,6376,0.937612,0.94,0.94,0.014743
covalent_only,6384,0.938806,0.94,0.94,0.014724
covalent_only,6392,0.94,0.94,0.94,0.014706
covalent_only,6400,0.941194,0.94,0.94,0.014687
covalent_only,6408,0.942388,0.94,0.94,0.014669
covalent_only,6416,0.943582,0.94,0.94,0.014651
covalent_only,6424,0.944776,0.94,0.94,0.014633
covalent_only,6432,0.94597,0.94,0.94,0.014614
covalent_only,6440,0.947164,0.94,0.94,0.014596
covalent_only,6448,0.948358,0.94,0.94,0.014578
covalent_only,6456,0.949552,0.94,0.94,0.01456
covalent_only,6464,0.950746,0.94,0.94,0.014542
covalent_only,6472,0.95194,0.94,0.94,0.014524
covalent_only,6480,0.953134,0.94,0.94,0.014506
covalent_only,6488,0.954328,0.94,0.94,0.014488
covalent_only,6496,0.955373,0.95,0.95,0.014624
covalent_only,6504,0.956567,0.95,0.95,0.014606
covalent_only,6512,0.957761,0.95,0.95,0.014588
covalent_only,6520,0.958955,0.95,0.95,0.014571
covalent_only,6528,0.96,0.96,0.96,0.014706
covalent_only,6536,0.961194,0.96,0.96,0.014688
covalent_only,6544,0.962388,0.96,0.96,0.01467
covalent_only,6552,0.963582,0.96,0.96,0.014652
covalent_only,6560,0.964776,0.96,0.96,0.014634
covalent_only,6568,0.96597,0.96,0.96,0.014616
covalent_only,6576,0.967015,0.97,0.97,0.014751
covalent_only,6584,0.968209,0.97,0.97,0.014733
covalent_only,6592,0.969403,0.97,0.97,0.014715
covalent_only,6600,0.970597,0.97,0.97,0.014697
covalent_only,6608,0.971791,0.97,0.97,0.014679
covalent_only,6616,0.972985,0.97,0.97,0.014661
covalent_only,6624,0.974179,0.97,0.97,0.014644
covalent_only,6632,0.975373,0.97,0.97,0.014626
covalent_only,6640,0.976567,0.97,0.97,0.014608
covalent_only,6648,0.977761,0.97,0.97,0.014591
covalent_only,6656,0.978955,0.97,0.97,0.014573
covalent_only,6664,0.980149,0.97,0.97,0.014556
covalent_only,6672,0.981194,0.98,0.98,0.014688
covalent_only,6680,0.982388,0.98,0.98,0.014671
covalent_only,6688,0.983582,0.98,0.98,0.014653
covalent_only,6696,0.984776,0.98,0.98,0.014636
covalent_only,6704,0.98597,0.98,0.98,0.014618
covalent_only,6712,0.987164,0.98,0.98,0.014601
covalent_only,6720,0.988358,0.98,0.98,0.014583
covalent_only,6728,0.989403,0.99,0.99,0.014715
covalent_only,6736,0.990597,0.99,0.99,0.014697
covalent_only,6744,0.991791,0.99,0.99,0.01468
covalent_only,6752,0.992985,0.99,0.99,0.014662
covalent_only,6760,0.994179,0.99,0.99,0.014645
covalent_only,6768,0.995373,0.99,0.99,0.014628
covalent_only,6776,0.996418,1.0,1.0,0.014758
covalent_only,6784,0.997612,1.0,1.0,0.014741
covalent_only,6792,0.998806,1.0,1.0,0.014723
covalent_only,6800,1.0,1.0,1.0,0.014706
covalent_only,6800,1.0,1.0,1.0,0.014706
all_actives_unscored_ranked_last,0,0.0,0.0,0.0,0.0
all_actives_unscored_ranked_last,10,0.000997,0.007576,0.007576,0.2
all_actives_unscored_ranked_last,20,0.002243,0.007576,0.007576,0.1
all_actives_unscored_ranked_last,30,0.003364,0.011364,0.011364,0.1
all_actives_unscored_ranked_last,40,0.00461,0.011364,0.011364,0.075
all_actives_unscored_ranked_last,50,0.005731,0.015152,0.015152,0.08
all_actives_unscored_ranked_last,60,0.006977,0.015152,0.015152,0.066667
all_actives_unscored_ranked_last,70,0.008223,0.015152,0.015152,0.057143
all_actives_unscored_ranked_last,80,0.009469,0.015152,0.015152,0.05
all_actives_unscored_ranked_last,90,0.010715,0.015152,0.015152,0.044444
all_actives_unscored_ranked_last,100,0.011961,0.015152,0.015152,0.04
all_actives_unscored_ranked_last,110,0.013207,0.015152,0.015152,0.036364
all_actives_unscored_ranked_last,120,0.014453,0.015152,0.015152,0.033333
all_actives_unscored_ranked_last,130,0.015325,0.026515,0.026515,0.053846
all_actives_unscored_ranked_last,140,0.016571,0.026515,0.026515,0.05
all_actives_unscored_ranked_last,150,0.017692,0.030303,0.030303,0.053333
all_actives_unscored_ranked_last,160,0.018938,0.030303,0.030303,0.05
all_actives_unscored_ranked_last,170,0.020184,0.030303,0.030303,0.047059
all_actives_unscored_ranked_last,180,0.021306,0.034091,0.034091,0.05
all_actives_unscored_ranked_last,190,0.022552,0.034091,0.034091,0.047368
all_actives_unscored_ranked_last,200,0.023673,0.037879,0.037879,0.05
all_actives_unscored_ranked_last,210,0.024794,0.041667,0.041667,0.052381
all_actives_unscored_ranked_last,220,0.025916,0.045455,0.045455,0.054545
all_actives_unscored_ranked_last,230,0.027162,0.045455,0.045455,0.052174
all_actives_unscored_ranked_last,240,0.028408,0.045455,0.045455,0.05
all_actives_unscored_ranked_last,250,0.029654,0.045455,0.045455,0.048
all_actives_unscored_ranked_last,260,0.030775,0.049242,0.049242,0.05
all_actives_unscored_ranked_last,270,0.031896,0.05303,0.05303,0.051852
all_actives_unscored_ranked_last,280,0.033018,0.056818,0.056818,0.053571
all_actives_unscored_ranked_last,290,0.034264,0.056818,0.056818,0.051724
all_actives_unscored_ranked_last,300,0.03551,0.056818,0.056818,0.05
all_actives_unscored_ranked_last,310,0.036756,0.056818,0.056818,0.048387
all_actives_unscored_ranked_last,320,0.037877,0.060606,0.060606,0.05
all_actives_unscored_ranked_last,330,0.038998,0.064394,0.064394,0.051515
all_actives_unscored_ranked_last,340,0.040244,0.064394,0.064394,0.05
all_actives_unscored_ranked_last,350,0.041366,0.068182,0.068182,0.051429
all_actives_unscored_ranked_last,360,0.042612,0.068182,0.068182,0.05
all_actives_unscored_ranked_last,370,0.043857,0.068182,0.068182,0.048649
all_actives_unscored_ranked_last,380,0.045103,0.068182,0.068182,0.047368
all_actives_unscored_ranked_last,390,0.046225,0.07197,0.07197,0.048718
all_actives_unscored_ranked_last,400,0.047471,0.07197,0.07197,0.0475
all_actives_unscored_ranked_last,410,0.048717,0.07197,0.07197,0.046341
all_actives_unscored_ranked_last,420,0.049963,0.07197,0.07197,0.045238
all_actives_unscored_ranked_last,430,0.051084,0.075758,0.075758,0.046512
all_actives_unscored_ranked_last,440,0.05233,0.075758,0.075758,0.045455
all_actives_unscored_ranked_last,450,0.053451,0.079545,0.079545,0.046667
all_actives_unscored_ranked_last,460,0.054697,0.079545,0.079545,0.045652
all_actives_unscored_ranked_last,470,0.055445,0.094697,0.094697,0.053191
all_actives_unscored_ranked_last,480,0.056691,0.094697,0.094697,0.052083
all_actives_unscored_ranked_last,490,0.057812,0.098485,0.098485,0.053061
all_actives_unscored_ranked_last,500,0.059058,0.098485,0.098485,0.052
all_actives_unscored_ranked_last,510,0.060304,0.098485,0.098485,0.05098
all_actives_unscored_ranked_last,520,0.061425,0.102273,0.102273,0.051923
all_actives_unscored_ranked_last,530,0.062671,0.102273,0.102273,0.050943
all_actives_unscored_ranked_last,540,0.063793,0.106061,0.106061,0.051852
all_actives_unscored_ranked_last,550,0.064789,0.113636,0.113636,0.054545
all_actives_unscored_ranked_last,560,0.065911,0.117424,0.117424,0.055357
all_actives_unscored_ranked_last,570,0.067157,0.117424,0.117424,0.054386
all_actives_unscored_ranked_last,580,0.068278,0.121212,0.121212,0.055172
all_actives_unscored_ranked_last,590,0.069399,0.125,0.125,0.055932
all_actives_unscored_ranked_last,600,0.070645,0.125,0.125,0.055
all_actives_unscored_ranked_last,610,0.071767,0.128788,0.128788,0.055738
all_actives_unscored_ranked_last,620,0.073013,0.128788,0.128788,0.054839
all_actives_unscored_ranked_last,630,0.074259,0.128788,0.128788,0.053968
all_actives_unscored_ranked_last,640,0.075505,0.128788,0.128788,0.053125
all_actives_unscored_ranked_last,650,0.076751,0.128788,0.128788,0.052308
all_actives_unscored_ranked_last,660,0.077872,0.132576,0.132576,0.05303
all_actives_unscored_ranked_last,670,0.079118,0.132576,0.132576,0.052239
all_actives_unscored_ranked_last,680,0.080364,0.132576,0.132576,0.051471
all_actives_unscored_ranked_last,690,0.081485,0.136364,0.136364,0.052174
all_actives_unscored_ranked_last,700,0.082607,0.140152,0.140152,0.052857
all_actives_unscored_ranked_last,710,0.083728,0.143939,0.143939,0.053521
all_actives_unscored_ranked_last,720,0.084974,0.143939,0.143939,0.052778
all_actives_unscored_ranked_last,730,0.08622,0.143939,0.143939,0.052055
all_actives_unscored_ranked_last,740,0.087466,0.143939,0.143939,0.051351
all_actives_unscored_ranked_last,750,0.088462,0.151515,0.151515,0.053333
all_actives_unscored_ranked_last,760,0.089708,0.151515,0.151515,0.052632
all_actives_unscored_ranked_last,770,0.09083,0.155303,0.155303,0.053247
all_actives_unscored_ranked_last,780,0.091951,0.159091,0.159091,0.053846
all_actives_unscored_ranked_last,790,0.093197,0.159091,0.159091,0.053165
all_actives_unscored_ranked_last,800,0.094443,0.159091,0.159091,0.0525
all_actives_unscored_ranked_last,810,0.095564,0.162879,0.162879,0.053086
all_actives_unscored_ranked_last,820,0.09681,0.162879,0.162879,0.052439
all_actives_unscored_ranked_last,830,0.098056,0.162879,0.162879,0.051807
all_actives_unscored_ranked_last,840,0.099302,0.162879,0.162879,0.05119
all_actives_unscored_ranked_last,850,0.100548,0.162879,0.162879,0.050588
all_actives_unscored_ranked_last,860,0.10167,0.166667,0.166667,0.051163
all_actives_unscored_ranked_last,870,0.102916,0.166667,0.166667,0.050575
all_actives_unscored_ranked_last,880,0.104161,0.166667,0.166667,0.05
all_actives_unscored_ranked_last,890,0.105283,0.170455,0.170455,0.050562
all_actives_unscored_ranked_last,900,0.106404,0.174242,0.174242,0.051111
all_actives_unscored_ranked_last,910,0.10765,0.174242,0.174242,0.050549
all_actives_unscored_ranked_last,920,0.108896,0.174242,0.174242,0.05
all_actives_unscored_ranked_last,930,0.110142,0.174242,0.174242,0.049462
all_actives_unscored_ranked_last,940,0.111388,0.174242,0.174242,0.048936
all_actives_unscored_ranked_last,950,0.112634,0.174242,0.174242,0.048421
all_actives_unscored_ranked_last,960,0.113755,0.17803,0.17803,0.048958
all_actives_unscored_ranked_last,970,0.115001,0.17803,0.17803,0.048454
all_actives_unscored_ranked_last,980,0.116247,0.17803,0.17803,0.047959
all_actives_unscored_ranked_last,990,0.117493,0.17803,0.17803,0.047475
all_actives_unscored_ranked_last,1000,0.118739,0.17803,0.17803,0.047
all_actives_unscored_ranked_last,1010,0.11986,0.181818,0.181818,0.047525
all_actives_unscored_ranked_last,1020,0.121106,0.181818,0.181818,0.047059
all_actives_unscored_ranked_last,1030,0.122352,0.181818,0.181818,0.046602
all_actives_unscored_ranked_last,1040,0.123598,0.181818,0.181818,0.046154
all_actives_unscored_ranked_last,1050,0.124844,0.181818,0.181818,0.045714
all_actives_unscored_ranked_last,1060,0.12609,0.181818,0.181818,0.045283
all_actives_unscored_ranked_last,1070,0.127336,0.181818,0.181818,0.04486
all_actives_unscored_ranked_last,1080,0.128458,0.185606,0.185606,0.04537
all_actives_unscored_ranked_last,1090,0.129703,0.185606,0.185606,0.044954
all_actives_unscored_ranked_last,1100,0.130825,0.189394,0.189394,0.045455
all_actives_unscored_ranked_last,1110,0.132071,0.189394,0.189394,0.045045
all_actives_unscored_ranked_last,1120,0.133317,0.189394,0.189394,0.044643
all_actives_unscored_ranked_last,1130,0.134438,0.193182,0.193182,0.045133
all_actives_unscored_ranked_last,1140,0.135684,0.193182,0.193182,0.044737
all_actives_unscored_ranked_last,1150,0.13693,0.193182,0.193182,0.044348
all_actives_unscored_ranked_last,1160,0.138051,0.19697,0.19697,0.044828
all_actives_unscored_ranked_last,1170,0.139297,0.19697,0.19697,0.044444
all_actives_unscored_ranked_last,1180,0.140419,0.200758,0.200758,0.044915
all_actives_unscored_ranked_last,1190,0.14154,0.204545,0.204545,0.045378
all_actives_unscored_ranked_last,1200,0.142786,0.204545,0.204545,0.045
all_actives_unscored_ranked_last,1210,0.143783,0.212121,0.212121,0.046281
all_actives_unscored_ranked_last,1220,0.145029,0.212121,0.212121,0.045902
all_actives_unscored_ranked_last,1230,0.14615,0.215909,0.215909,0.046341
all_actives_unscored_ranked_last,1240,0.147396,0.215909,0.215909,0.045968
all_actives_unscored_ranked_last,1250,0.148517,0.219697,0.219697,0.0464
all_actives_unscored_ranked_last,1260,0.149763,0.219697,0.219697,0.046032
all_actives_unscored_ranked_last,1270,0.151009,0.219697,0.219697,0.045669
all_actives_unscored_ranked_last,1280,0.152131,0.223485,0.223485,0.046094
all_actives_unscored_ranked_last,1290,0.153377,0.223485,0.223485,0.045736
all_actives_unscored_ranked_last,1300,0.154622,0.223485,0.223485,0.045385
all_actives_unscored_ranked_last,1310,0.155744,0.227273,0.227273,0.045802
all_actives_unscored_ranked_last,1320,0.15699,0.227273,0.227273,0.045455
all_actives_unscored_ranked_last,1330,0.158111,0.231061,0.231061,0.045865
all_actives_unscored_ranked_last,1340,0.159232,0.234848,0.234848,0.046269
all_actives_unscored_ranked_last,1350,0.160478,0.234848,0.234848,0.045926
all_actives_unscored_ranked_last,1360,0.161724,0.234848,0.234848,0.045588
all_actives_unscored_ranked_last,1370,0.16297,0.234848,0.234848,0.045255
all_actives_unscored_ranked_last,1380,0.164216,0.234848,0.234848,0.044928
all_actives_unscored_ranked_last,1390,0.165462,0.234848,0.234848,0.044604
all_actives_unscored_ranked_last,1400,0.166584,0.238636,0.238636,0.045
all_actives_unscored_ranked_last,1410,0.16783,0.238636,0.238636,0.044681
all_actives_unscored_ranked_last,1420,0.169076,0.238636,0.238636,0.044366
all_actives_unscored_ranked_last,1430,0.170321,0.238636,0.238636,0.044056
all_actives_unscored_ranked_last,1440,0.171567,0.238636,0.238636,0.04375
all_actives_unscored_ranked_last,1450,0.172813,0.238636,0.238636,0.043448
all_actives_unscored_ranked_last,1460,0.174059,0.238636,0.238636,0.043151
all_actives_unscored_ranked_last,1470,0.175305,0.238636,0.238636,0.042857
all_actives_unscored_ranked_last,1480,0.176427,0.242424,0.242424,0.043243
all_actives_unscored_ranked_last,1490,0.177673,0.242424,0.242424,0.042953
all_actives_unscored_ranked_last,1500,0.178919,0.242424,0.242424,0.042667
all_actives_unscored_ranked_last,1510,0.18004,0.246212,0.246212,0.043046
all_actives_unscored_ranked_last,1520,0.181286,0.246212,0.246212,0.042763
all_actives_unscored_ranked_last,1530,0.182532,0.246212,0.246212,0.042484
all_actives_unscored_ranked_last,1540,0.183778,0.246212,0.246212,0.042208
all_actives_unscored_ranked_last,1550,0.185024,0.246212,0.246212,0.041935
all_actives_unscored_ranked_last,1560,0.186145,0.25,0.25,0.042308
all_actives_unscored_ranked_last,1570,0.187266,0.253788,0.253788,0.042675
all_actives_unscored_ranked_last,1580,0.188512,0.253788,0.253788,0.042405
all_actives_unscored_ranked_last,1590,0.189758,0.253788,0.253788,0.042138
all_actives_unscored_ranked_last,1600,0.19088,0.257576,0.257576,0.0425
all_actives_unscored_ranked_last,1610,0.192126,0.257576,0.257576,0.042236
all_actives_unscored_ranked_last,1620,0.193372,0.257576,0.257576,0.041975
all_actives_unscored_ranked_last,1630,0.194493,0.261364,0.261364,0.042331
all_actives_unscored_ranked_last,1640,0.195739,0.261364,0.261364,0.042073
all_actives_unscored_ranked_last,1650,0.19686,0.265152,0.265152,0.042424
all_actives_unscored_ranked_last,1660,0.198106,0.265152,0.265152,0.042169
all_actives_unscored_ranked_last,1670,0.199352,0.265152,0.265152,0.041916
all_actives_unscored_ranked_last,1680,0.200598,0.265152,0.265152,0.041667
all_actives_unscored_ranked_last,1690,0.201844,0.265152,0.265152,0.04142
all_actives_unscored_ranked_last,1700,0.202965,0.268939,0.268939,0.041765
all_actives_unscored_ranked_last,1710,0.204211,0.268939,0.268939,0.04152
all_actives_unscored_ranked_last,1720,0.205457,0.268939,0.268939,0.041279
all_actives_unscored_ranked_last,1730,0.206703,0.268939,0.268939,0.04104
all_actives_unscored_ranked_last,1740,0.207949,0.268939,0.268939,0.040805
all_actives_unscored_ranked_last,1750,0.209195,0.268939,0.268939,0.040571
all_actives_unscored_ranked_last,1760,0.210316,0.272727,0.272727,0.040909
all_actives_unscored_ranked_last,1770,0.211562,0.272727,0.272727,0.040678
all_actives_unscored_ranked_last,1780,0.212684,0.276515,0.276515,0.041011
all_actives_unscored_ranked_last,1790,0.21393,0.276515,0.276515,0.040782
all_actives_unscored_ranked_last,1800,0.215051,0.280303,0.280303,0.041111
all_actives_unscored_ranked_last,1810,0.216297,0.280303,0.280303,0.040884
all_actives_unscored_ranked_last,1820,0.217294,0.287879,0.287879,0.041758
all_actives_unscored_ranked_last,1830,0.21854,0.287879,0.287879,0.04153
all_actives_unscored_ranked_last,1840,0.219786,0.287879,0.287879,0.041304
all_actives_unscored_ranked_last,1850,0.221032,0.287879,0.287879,0.041081
all_actives_unscored_ranked_last,1860,0.222278,0.287879,0.287879,0.04086
all_actives_unscored_ranked_last,1870,0.223524,0.287879,0.287879,0.040642
all_actives_unscored_ranked_last,1880,0.224769,0.287879,0.287879,0.040426
all_actives_unscored_ranked_last,1890,0.226015,0.287879,0.287879,0.040212
all_actives_unscored_ranked_last,1900,0.227261,0.287879,0.287879,0.04
all_actives_unscored_ranked_last,1910,0.228507,0.287879,0.287879,0.039791
all_actives_unscored_ranked_last,1920,0.229753,0.287879,0.287879,0.039583
all_actives_unscored_ranked_last,1930,0.230999,0.287879,0.287879,0.039378
all_actives_unscored_ranked_last,1940,0.232245,0.287879,0.287879,0.039175
all_actives_unscored_ranked_last,1950,0.233491,0.287879,0.287879,0.038974
all_actives_unscored_ranked_last,1960,0.234737,0.287879,0.287879,0.038776
all_actives_unscored_ranked_last,1970,0.235983,0.287879,0.287879,0.038579
all_actives_unscored_ranked_last,1980,0.237229,0.287879,0.287879,0.038384
all_actives_unscored_ranked_last,1990,0.23835,0.291667,0.291667,0.038693
all_actives_unscored_ranked_last,2000,0.239596,0.291667,0.291667,0.0385
all_actives_unscored_ranked_last,2010,0.240468,0.30303,0.30303,0.039801
all_actives_unscored_ranked_last,2020,0.24159,0.306818,0.306818,0.040099
all_actives_unscored_ranked_last,2030,0.242836,0.306818,0.306818,0.039901
all_actives_unscored_ranked_last,2040,0.244082,0.306818,0.306818,0.039706
all_actives_unscored_ranked_last,2050,0.245203,0.310606,0.310606,0.04
all_actives_unscored_ranked_last,2060,0.246449,0.310606,0.310606,0.039806
all_actives_unscored_ranked_last,2070,0.24757,0.314394,0.314394,0.040097
all_actives_unscored_ranked_last,2080,0.248816,0.314394,0.314394,0.039904
all_actives_unscored_ranked_last,2090,0.250062,0.314394,0.314394,0.039713
all_actives_unscored_ranked_last,2100,0.251308,0.314394,0.314394,0.039524
all_actives_unscored_ranked_last,2110,0.25243,0.318182,0.318182,0.03981
all_actives_unscored_ranked_last,2120,0.253676,0.318182,0.318182,0.039623
all_actives_unscored_ranked_last,2130,0.254922,0.318182,0.318182,0.039437
all_actives_unscored_ranked_last,2140,0.256043,0.32197,0.32197,0.03972
all_actives_unscored_ranked_last,2150,0.257289,0.32197,0.32197,0.039535
all_actives_unscored_ranked_last,2160,0.258535,0.32197,0.32197,0.039352
all_actives_unscored_ranked_last,2170,0.259781,0.32197,0.32197,0.039171
all_actives_unscored_ranked_last,2180,0.261027,0.32197,0.32197,0.038991
all_actives_unscored_ranked_last,2190,0.262273,0.32197,0.32197,0.038813
all_actives_unscored_ranked_last,2200,0.263519,0.32197,0.32197,0.038636
all_actives_unscored_ranked_last,2210,0.26464,0.325758,0.325758,0.038914
all_actives_unscored_ranked_last,2220,0.265886,0.325758,0.325758,0.038739
all_actives_unscored_ranked_last,2230,0.267132,0.325758,0.325758,0.038565
all_actives_unscored_ranked_last,2240,0.268378,0.325758,0.325758,0.038393
all_actives_unscored_ranked_last,2250,0.269624,0.325758,0.325758,0.038222
all_actives_unscored_ranked_last,2260,0.27087,0.325758,0.325758,0.038053
all_actives_unscored_ranked_last,2270,0.271991,0.329545,0.329545,0.038326
all_actives_unscored_ranked_last,2280,0.273237,0.329545,0.329545,0.038158
all_actives_unscored_ranked_last,2290,0.274483,0.329545,0.329545,0.037991
all_actives_unscored_ranked_last,2300,0.275604,0.333333,0.333333,0.038261
all_actives_unscored_ranked_last,2310,0.27685,0.333333,0.333333,0.038095
all_actives_unscored_ranked_last,2320,0.277972,0.337121,0.337121,0.038362
all_actives_unscored_ranked_last,2330,0.279218,0.337121,0.337121,0.038197
all_actives_unscored_ranked_last,2340,0.280463,0.337121,0.337121,0.038034
all_actives_unscored_ranked_last,2350,0.281585,0.340909,0.340909,0.038298
all_actives_unscored_ranked_last,2360,0.282831,0.340909,0.340909,0.038136
all_actives_unscored_ranked_last,2370,0.284077,0.340909,0.340909,0.037975
all_actives_unscored_ranked_last,2380,0.285198,0.344697,0.344697,0.038235
all_actives_unscored_ranked_last,2390,0.286319,0.348485,0.348485,0.038494
all_actives_unscored_ranked_last,2400,0.287565,0.348485,0.348485,0.038333
all_actives_unscored_ranked_last,2410,0.288687,0.352273,0.352273,0.038589
all_actives_unscored_ranked_last,2420,0.289808,0.356061,0.356061,0.038843
all_actives_unscored_ranked_last,2430,0.291054,0.356061,0.356061,0.038683
all_actives_unscored_ranked_last,2440,0.292175,0.359848,0.359848,0.038934
all_actives_unscored_ranked_last,2450,0.293421,0.359848,0.359848,0.038776
all_actives_unscored_ranked_last,2460,0.294667,0.359848,0.359848,0.038618
all_actives_unscored_ranked_last,2470,0.295913,0.359848,0.359848,0.038462
all_actives_unscored_ranked_last,2480,0.297159,0.359848,0.359848,0.038306
all_actives_unscored_ranked_last,2490,0.298405,0.359848,0.359848,0.038153
all_actives_unscored_ranked_last,2500,0.299402,0.367424,0.367424,0.0388
all_actives_unscored_ranked_last,2510,0.300648,0.367424,0.367424,0.038645
all_actives_unscored_ranked_last,2520,0.301894,0.367424,0.367424,0.038492
all_actives_unscored_ranked_last,2530,0.30314,0.367424,0.367424,0.03834
all_actives_unscored_ranked_last,2540,0.304386,0.367424,0.367424,0.038189
all_actives_unscored_ranked_last,2550,0.305632,0.367424,0.367424,0.038039
all_actives_unscored_ranked_last,2560,0.306753,0.371212,0.371212,0.038281
all_actives_unscored_ranked_last,2570,0.307999,0.371212,0.371212,0.038132
all_actives_unscored_ranked_last,2580,0.30912,0.375,0.375,0.038372
all_actives_unscored_ranked_last,2590,0.310366,0.375,0.375,0.038224
all_actives_unscored_ranked_last,2600,0.311612,0.375,0.375,0.038077
all_actives_unscored_ranked_last,2610,0.312858,0.375,0.375,0.037931
all_actives_unscored_ranked_last,2620,0.31398,0.378788,0.378788,0.038168
all_actives_unscored_ranked_last,2630,0.315101,0.382576,0.382576,0.038403
all_actives_unscored_ranked_last,2640,0.316222,0.386364,0.386364,0.038636
all_actives_unscored_ranked_last,2650,0.317468,0.386364,0.386364,0.038491
all_actives_unscored_ranked_last,2660,0.31859,0.390152,0.390152,0.038722
all_actives_unscored_ranked_last,2670,0.319586,0.397727,0.397727,0.039326
all_actives_unscored_ranked_last,2680,0.320708,0.401515,0.401515,0.039552
all_actives_unscored_ranked_last,2690,0.321954,0.401515,0.401515,0.039405
all_actives_unscored_ranked_last,2700,0.3232,0.401515,0.401515,0.039259
all_actives_unscored_ranked_last,2710,0.324321,0.405303,0.405303,0.039483
all_actives_unscored_ranked_last,2720,0.325567,0.405303,0.405303,0.039338
all_actives_unscored_ranked_last,2730,0.326813,0.405303,0.405303,0.039194
all_actives_unscored_ranked_last,2740,0.328059,0.405303,0.405303,0.039051
all_actives_unscored_ranked_last,2750,0.329305,0.405303,0.405303,0.038909
all_actives_unscored_ranked_last,2760,0.330551,0.405303,0.405303,0.038768
all_actives_unscored_ranked_last,2770,0.331672,0.409091,0.409091,0.038989
all_actives_unscored_ranked_last,2780,0.332793,0.412879,0.412879,0.039209
all_actives_unscored_ranked_last,2790,0.334039,0.412879,0.412879,0.039068
all_actives_unscored_ranked_last,2800,0.335285,0.412879,0.412879,0.038929
all_actives_unscored_ranked_last,2810,0.336531,0.412879,0.412879,0.03879
all_actives_unscored_ranked_last,2820,0.337777,0.412879,0.412879,0.038652
all_actives_unscored_ranked_last,2830,0.338774,0.420455,0.420455,0.039223
all_actives_unscored_ranked_last,2840,0.34002,0.420455,0.420455,0.039085
all_actives_unscored_ranked_last,2850,0.341266,0.420455,0.420455,0.038947
all_actives_unscored_ranked_last,2860,0.342512,0.420455,0.420455,0.038811
all_actives_unscored_ranked_last,2870,0.343758,0.420455,0.420455,0.038676
all_actives_unscored_ranked_last,2880,0.345004,0.420455,0.420455,0.038542
all_actives_unscored_ranked_last,2890,0.34625,0.420455,0.420455,0.038408
all_actives_unscored_ranked_last,2900,0.347496,0.420455,0.420455,0.038276
all_actives_unscored_ranked_last,2910,0.348617,0.424242,0.424242,0.038488
all_actives_unscored_ranked_last,2920,0.349863,0.424242,0.424242,0.038356
all_actives_unscored_ranked_last,2930,0.351109,0.424242,0.424242,0.038225
all_actives_unscored_ranked_last,2940,0.352355,0.424242,0.424242,0.038095
all_actives_unscored_ranked_last,2950,0.353601,0.424242,0.424242,0.037966
all_actives_unscored_ranked_last,2960,0.354847,0.424242,0.424242,0.037838
all_actives_unscored_ranked_last,2970,0.356093,0.424242,0.424242,0.03771
all_actives_unscored_ranked_last,2980,0.357339,0.424242,0.424242,0.037584
all_actives_unscored_ranked_last,2990,0.35846,0.42803,0.42803,0.037793
all_actives_unscored_ranked_last,3000,0.359581,0.431818,0.431818,0.038
all_actives_unscored_ranked_last,3010,0.360827,0.431818,0.431818,0.037874
all_actives_unscored_ranked_last,3020,0.361949,0.435606,0.435606,0.038079
all_actives_unscored_ranked_last,3030,0.363195,0.435606,0.435606,0.037954
all_actives_unscored_ranked_last,3040,0.364441,0.435606,0.435606,0.037829
all_actives_unscored_ranked_last,3050,0.365687,0.435606,0.435606,0.037705
all_actives_unscored_ranked_last,3060,0.366932,0.435606,0.435606,0.037582
all_actives_unscored_ranked_last,3070,0.368178,0.435606,0.435606,0.037459
all_actives_unscored_ranked_last,3080,0.3693,0.439394,0.439394,0.037662
all_actives_unscored_ranked_last,3090,0.370172,0.450758,0.450758,0.038511
all_actives_unscored_ranked_last,3100,0.371418,0.450758,0.450758,0.038387
all_actives_unscored_ranked_last,3110,0.372664,0.450758,0.450758,0.038264
all_actives_unscored_ranked_last,3120,0.37391,0.450758,0.450758,0.038141
all_actives_unscored_ranked_last,3130,0.375031,0.454545,0.454545,0.038339
all_actives_unscored_ranked_last,3140,0.376277,0.454545,0.454545,0.038217
all_actives_unscored_ranked_last,3150,0.377398,0.458333,0.458333,0.038413
all_actives_unscored_ranked_last,3160,0.37852,0.462121,0.462121,0.038608
all_actives_unscored_ranked_last,3170,0.379766,0.462121,0.462121,0.038486
all_actives_unscored_ranked_last,3180,0.381012,0.462121,0.462121,0.038365
all_actives_unscored_ranked_last,3190,0.382258,0.462121,0.462121,0.038245
all_actives_unscored_ranked_last,3200,0.383504,0.462121,0.462121,0.038125
all_actives_unscored_ranked_last,3210,0.3845,0.469697,0.469697,0.038629
all_actives_unscored_ranked_last,3220,0.385746,0.469697,0.469697,0.038509
all_actives_unscored_ranked_last,3230,0.386992,0.469697,0.469697,0.03839
all_actives_unscored_ranked_last,3240,0.388238,0.469697,0.469697,0.038272
all_actives_unscored_ranked_last,3250,0.38936,0.473485,0.473485,0.038462
all_actives_unscored_ranked_last,3260,0.390606,0.473485,0.473485,0.038344
all_actives_unscored_ranked_last,3270,0.391727,0.477273,0.477273,0.038532
all_actives_unscored_ranked_last,3280,0.392848,0.481061,0.481061,0.03872
all_actives_unscored_ranked_last,3290,0.394094,0.481061,0.481061,0.038602
all_actives_unscored_ranked_last,3300,0.39534,0.481061,0.481061,0.038485
all_actives_unscored_ranked_last,3310,0.396586,0.481061,0.481061,0.038369
all_actives_unscored_ranked_last,3320,0.397832,0.481061,0.481061,0.038253
all_actives_unscored_ranked_last,3330,0.399078,0.481061,0.481061,0.038138
all_actives_unscored_ranked_last,3340,0.400324,0.481061,0.481061,0.038024
all_actives_unscored_ranked_last,3350,0.40157,0.481061,0.481061,0.03791
all_actives_unscored_ranked_last,3360,0.402816,0.481061,0.481061,0.037798
all_actives_unscored_ranked_last,3370,0.403813,0.488636,0.488636,0.038279
all_actives_unscored_ranked_last,3380,0.405059,0.488636,0.488636,0.038166
all_actives_unscored_ranked_last,3390,0.406305,0.488636,0.488636,0.038053
all_actives_unscored_ranked_last,3400,0.40755,0.488636,0.488636,0.037941
all_actives_unscored_ranked_last,3410,0.408796,0.488636,0.488636,0.03783
all_actives_unscored_ranked_last,3420,0.410042,0.488636,0.488636,0.037719
all_actives_unscored_ranked_last,3430,0.411288,0.488636,0.488636,0.037609
all_actives_unscored_ranked_last,3440,0.412285,0.496212,0.496212,0.038081
all_actives_unscored_ranked_last,3450,0.413406,0.5,0.5,0.038261
all_actives_unscored_ranked_last,3460,0.414403,0.507576,0.507576,0.038728
all_actives_unscored_ranked_last,3470,0.415649,0.507576,0.507576,0.038617
all_actives_unscored_ranked_last,3480,0.416895,0.507576,0.507576,0.038506
all_actives_unscored_ranked_last,3490,0.417892,0.515152,0.515152,0.038968
all_actives_unscored_ranked_last,3500,0.419138,0.515152,0.515152,0.038857
all_actives_unscored_ranked_last,3510,0.420259,0.518939,0.518939,0.039031
all_actives_unscored_ranked_last,3520,0.421505,0.518939,0.518939,0.03892
all_actives_unscored_ranked_last,3530,0.422751,0.518939,0.518939,0.03881
all_actives_unscored_ranked_last,3540,0.423997,0.518939,0.518939,0.038701
all_actives_unscored_ranked_last,3550,0.425118,0.522727,0.522727,0.038873
all_actives_unscored_ranked_last,3560,0.42624,0.526515,0.526515,0.039045
all_actives_unscored_ranked_last,3570,0.427486,0.526515,0.526515,0.038936
all_actives_unscored_ranked_last,3580,0.428732,0.526515,0.526515,0.038827
all_actives_unscored_ranked_last,3590,0.429853,0.530303,0.530303,0.038997
all_actives_unscored_ranked_last,3600,0.43085,0.537879,0.537879,0.039444
all_actives_unscored_ranked_last,3610,0.432096,0.537879,0.537879,0.039335
all_actives_unscored_ranked_last,3620,0.433342,0.537879,0.537879,0.039227
all_actives_unscored_ranked_last,3630,0.434338,0.545455,0.545455,0.039669
all_actives_unscored_ranked_last,3640,0.435584,0.545455,0.545455,0.03956
all_actives_unscored_ranked_last,3650,0.43683,0.545455,0.545455,0.039452
all_actives_unscored_ranked_last,3660,0.438076,0.545455,0.545455,0.039344
all_actives_unscored_ranked_last,3670,0.439322,0.545455,0.545455,0.039237
all_actives_unscored_ranked_last,3680,0.440568,0.545455,0.545455,0.03913
all_actives_unscored_ranked_last,3690,0.441814,0.545455,0.545455,0.039024
all_actives_unscored_ranked_last,3700,0.44306,0.545455,0.545455,0.038919
all_actives_unscored_ranked_last,3710,0.444181,0.549242,0.549242,0.039084
all_actives_unscored_ranked_last,3720,0.445303,0.55303,0.55303,0.039247
all_actives_unscored_ranked_last,3730,0.4463,0.560606,0.560606,0.039678
all_actives_unscored_ranked_last,3740,0.447545,0.560606,0.560606,0.039572
all_actives_unscored_ranked_last,3750,0.448791,0.560606,0.560606,0.039467
all_actives_unscored_ranked_last,3760,0.450037,0.560606,0.560606,0.039362
all_actives_unscored_ranked_last,3770,0.451283,0.560606,0.560606,0.039257
all_actives_unscored_ranked_last,3780,0.452529,0.560606,0.560606,0.039153
all_actives_unscored_ranked_last,3790,0.453775,0.560606,0.560606,0.03905
all_actives_unscored_ranked_last,3800,0.455021,0.560606,0.560606,0.038947
all_actives_unscored_ranked_last,3810,0.456267,0.560606,0.560606,0.038845
all_actives_unscored_ranked_last,3820,0.457513,0.560606,0.560606,0.038743
all_actives_unscored_ranked_last,3830,0.458759,0.560606,0.560606,0.038642
all_actives_unscored_ranked_last,3840,0.460005,0.560606,0.560606,0.038542
all_actives_unscored_ranked_last,3850,0.461251,0.560606,0.560606,0.038442
all_actives_unscored_ranked_last,3860,0.462372,0.564394,0.564394,0.038601
all_actives_unscored_ranked_last,3870,0.463618,0.564394,0.564394,0.038501
all_actives_unscored_ranked_last,3880,0.464864,0.564394,0.564394,0.038402
all_actives_unscored_ranked_last,3890,0.46611,0.564394,0.564394,0.038303
all_actives_unscored_ranked_last,3900,0.467356,0.564394,0.564394,0.038205
all_actives_unscored_ranked_last,3910,0.468602,0.564394,0.564394,0.038107
all_actives_unscored_ranked_last,3920,0.469848,0.564394,0.564394,0.03801
all_actives_unscored_ranked_last,3930,0.470845,0.57197,0.57197,0.038422
all_actives_unscored_ranked_last,3940,0.472091,0.57197,0.57197,0.038325
all_actives_unscored_ranked_last,3950,0.473337,0.57197,0.57197,0.038228
all_actives_unscored_ranked_last,3960,0.474583,0.57197,0.57197,0.038131
all_actives_unscored_ranked_last,3970,0.475704,0.575758,0.575758,0.038287
all_actives_unscored_ranked_last,3980,0.47695,0.575758,0.575758,0.038191
all_actives_unscored_ranked_last,3990,0.478196,0.575758,0.575758,0.038095
all_actives_unscored_ranked_last,4000,0.479317,0.579545,0.579545,0.03825
all_actives_unscored_ranked_last,4010,0.480439,0.583333,0.583333,0.038404
all_actives_unscored_ranked_last,4020,0.48156,0.587121,0.587121,0.038557
all_actives_unscored_ranked_last,4030,0.482806,0.587121,0.587121,0.038462
all_actives_unscored_ranked_last,4040,0.484052,0.587121,0.587121,0.038366
all_actives_unscored_ranked_last,4050,0.485298,0.587121,0.587121,0.038272
all_actives_unscored_ranked_last,4060,0.486419,0.590909,0.590909,0.038424
all_actives_unscored_ranked_last,4070,0.487665,0.590909,0.590909,0.038329
all_actives_unscored_ranked_last,4080,0.488786,0.594697,0.594697,0.03848
all_actives_unscored_ranked_last,4090,0.489908,0.598485,0.598485,0.038631
all_actives_unscored_ranked_last,4100,0.491029,0.602273,0.602273,0.03878
all_actives_unscored_ranked_last,4110,0.492275,0.602273,0.602273,0.038686
all_actives_unscored_ranked_last,4120,0.493521,0.602273,0.602273,0.038592
all_actives_unscored_ranked_last,4130,0.494642,0.606061,0.606061,0.038741
all_actives_unscored_ranked_last,4140,0.495764,0.609848,0.609848,0.038889
all_actives_unscored_ranked_last,4150,0.49701,0.609848,0.609848,0.038795
all_actives_unscored_ranked_last,4160,0.498256,0.609848,0.609848,0.038702
all_actives_unscored_ranked_last,4170,0.499502,0.609848,0.609848,0.038609
all_actives_unscored_ranked_last,4180,0.500748,0.609848,0.609848,0.038517
all_actives_unscored_ranked_last,4190,0.501994,0.609848,0.609848,0.038425
all_actives_unscored_ranked_last,4200,0.503239,0.609848,0.609848,0.038333
all_actives_unscored_ranked_last,4210,0.504485,0.609848,0.609848,0.038242
all_actives_unscored_ranked_last,4220,0.505731,0.609848,0.609848,0.038152
all_actives_unscored_ranked_last,4230,0.506977,0.609848,0.609848,0.038061
all_actives_unscored_ranked_last,4240,0.508099,0.613636,0.613636,0.038208
all_actives_unscored_ranked_last,4250,0.509345,0.613636,0.613636,0.038118
all_actives_unscored_ranked_last,4260,0.510591,0.613636,0.613636,0.038028
all_actives_unscored_ranked_last,4270,0.511837,0.613636,0.613636,0.037939
all_actives_unscored_ranked_last,4280,0.513082,0.613636,0.613636,0.03785
all_actives_unscored_ranked_last,4290,0.514328,0.613636,0.613636,0.037762
all_actives_unscored_ranked_last,4300,0.51545,0.617424,0.617424,0.037907
all_actives_unscored_ranked_last,4310,0.516571,0.621212,0.621212,0.038051
all_actives_unscored_ranked_last,4320,0.517817,0.621212,0.621212,0.037963
all_actives_unscored_ranked_last,4330,0.519063,0.621212,0.621212,0.037875
all_actives_unscored_ranked_last,4340,0.520184,0.625,0.625,0.038018
all_actives_unscored_ranked_last,4350,0.52143,0.625,0.625,0.037931
all_actives_unscored_ranked_last,4360,0.522676,0.625,0.625,0.037844
all_actives_unscored_ranked_last,4370,0.523922,0.625,0.625,0.037757
all_actives_unscored_ranked_last,4380,0.525168,0.625,0.625,0.037671
all_actives_unscored_ranked_last,4390,0.52629,0.628788,0.628788,0.037813
all_actives_unscored_ranked_last,4400,0.527536,0.628788,0.628788,0.037727
all_actives_unscored_ranked_last,4410,0.528781,0.628788,0.628788,0.037642
all_actives_unscored_ranked_last,4420,0.530027,0.628788,0.628788,0.037557
all_actives_unscored_ranked_last,4430,0.531273,0.628788,0.628788,0.037472
all_actives_unscored_ranked_last,4440,0.532519,0.628788,0.628788,0.037387
all_actives_unscored_ranked_last,4450,0.533765,0.628788,0.628788,0.037303
all_actives_unscored_ranked_last,4460,0.534887,0.632576,0.632576,0.037444
all_actives_unscored_ranked_last,4470,0.536133,0.632576,0.632576,0.03736
all_actives_unscored_ranked_last,4480,0.537379,0.632576,0.632576,0.037277
all_actives_unscored_ranked_last,4490,0.538624,0.632576,0.632576,0.037194
all_actives_unscored_ranked_last,4500,0.539621,0.640152,0.640152,0.037556
all_actives_unscored_ranked_last,4510,0.540867,0.640152,0.640152,0.037472
all_actives_unscored_ranked_last,4520,0.542113,0.640152,0.640152,0.037389
all_actives_unscored_ranked_last,4530,0.543359,0.640152,0.640152,0.037307
all_actives_unscored_ranked_last,4540,0.544605,0.640152,0.640152,0.037225
all_actives_unscored_ranked_last,4550,0.545851,0.640152,0.640152,0.037143
all_actives_unscored_ranked_last,4560,0.547097,0.640152,0.640152,0.037061
all_actives_unscored_ranked_last,4570,0.548343,0.640152,0.640152,0.03698
all_actives_unscored_ranked_last,4580,0.549589,0.640152,0.640152,0.0369
all_actives_unscored_ranked_last,4590,0.550835,0.640152,0.640152,0.036819
all_actives_unscored_ranked_last,4600,0.552081,0.640152,0.640152,0.036739
all_actives_unscored_ranked_last,4610,0.553202,0.643939,0.643939,0.036876
all_actives_unscored_ranked_last,4620,0.554448,0.643939,0.643939,0.036797
all_actives_unscored_ranked_last,4630,0.555694,0.643939,0.643939,0.036717
all_actives_unscored_ranked_last,4640,0.55694,0.643939,0.643939,0.036638
all_actives_unscored_ranked_last,4650,0.558186,0.643939,0.643939,0.036559
all_actives_unscored_ranked_last,4660,0.559432,0.643939,0.643939,0.036481
all_actives_unscored_ranked_last,4670,0.560553,0.647727,0.647727,0.036617
all_actives_unscored_ranked_last,4680,0.561799,0.647727,0.647727,0.036538
all_actives_unscored_ranked_last,4690,0.563045,0.647727,0.647727,0.036461
all_actives_unscored_ranked_last,4700,0.564166,0.651515,0.651515,0.036596
all_actives_unscored_ranked_last,4710,0.565412,0.651515,0.651515,0.036518
all_actives_unscored_ranked_last,4720,0.566658,0.651515,0.651515,0.036441
all_actives_unscored_ranked_last,4730,0.56778,0.655303,0.655303,0.036575
all_actives_unscored_ranked_last,4740,0.568901,0.659091,0.659091,0.036709
all_actives_unscored_ranked_last,4750,0.569898,0.666667,0.666667,0.037053
all_actives_unscored_ranked_last,4760,0.571144,0.666667,0.666667,0.036975
all_actives_unscored_ranked_last,4770,0.57239,0.666667,0.666667,0.036897
all_actives_unscored_ranked_last,4780,0.573636,0.666667,0.666667,0.03682
all_actives_unscored_ranked_last,4790,0.574882,0.666667,0.666667,0.036743
all_actives_unscored_ranked_last,4800,0.576128,0.666667,0.666667,0.036667
all_actives_unscored_ranked_last,4810,0.577374,0.666667,0.666667,0.03659
all_actives_unscored_ranked_last,4820,0.578619,0.666667,0.666667,0.036515
all_actives_unscored_ranked_last,4830,0.579741,0.670455,0.670455,0.036646
all_actives_unscored_ranked_last,4840,0.580862,0.674242,0.674242,0.036777
all_actives_unscored_ranked_last,4850,0.581984,0.67803,0.67803,0.036907
all_actives_unscored_ranked_last,4860,0.58323,0.67803,0.67803,0.036831
all_actives_unscored_ranked_last,4870,0.584475,0.67803,0.67803,0.036756
all_actives_unscored_ranked_last,4880,0.585721,0.67803,0.67803,0.03668
all_actives_unscored_ranked_last,4890,0.586967,0.67803,0.67803,0.036605
all_actives_unscored_ranked_last,4900,0.587964,0.685606,0.685606,0.036939
all_actives_unscored_ranked_last,4910,0.58921,0.685606,0.685606,0.036864
all_actives_unscored_ranked_last,4920,0.590331,0.689394,0.689394,0.036992
all_actives_unscored_ranked_last,4930,0.591453,0.693182,0.693182,0.03712
all_actives_unscored_ranked_last,4940,0.592699,0.693182,0.693182,0.037045
all_actives_unscored_ranked_last,4950,0.593945,0.693182,0.693182,0.03697
all_actives_unscored_ranked_last,4960,0.595191,0.693182,0.693182,0.036895
all_actives_unscored_ranked_last,4970,0.596437,0.693182,0.693182,0.036821
all_actives_unscored_ranked_last,4980,0.597683,0.693182,0.693182,0.036747
all_actives_unscored_ranked_last,4990,0.598928,0.693182,0.693182,0.036673
all_actives_unscored_ranked_last,5000,0.600174,0.693182,0.693182,0.0366
all_actives_unscored_ranked_last,5010,0.60142,0.693182,0.693182,0.036527
all_actives_unscored_ranked_last,5020,0.602666,0.693182,0.693182,0.036454
all_actives_unscored_ranked_last,5030,0.603912,0.693182,0.693182,0.036382
all_actives_unscored_ranked_last,5040,0.605034,0.69697,0.69697,0.036508
all_actives_unscored_ranked_last,5050,0.60628,0.69697,0.69697,0.036436
all_actives_unscored_ranked_last,5060,0.607526,0.69697,0.69697,0.036364
all_actives_unscored_ranked_last,5070,0.608771,0.69697,0.69697,0.036292
all_actives_unscored_ranked_last,5080,0.609893,0.700758,0.700758,0.036417
all_actives_unscored_ranked_last,5090,0.611139,0.700758,0.700758,0.036346
all_actives_unscored_ranked_last,5100,0.612385,0.700758,0.700758,0.036275
all_actives_unscored_ranked_last,5110,0.613631,0.700758,0.700758,0.036204
all_actives_unscored_ranked_last,5120,0.614752,0.704545,0.704545,0.036328
all_actives_unscored_ranked_last,5130,0.615998,0.704545,0.704545,0.036257
all_actives_unscored_ranked_last,5140,0.617244,0.704545,0.704545,0.036187
all_actives_unscored_ranked_last,5150,0.61849,0.704545,0.704545,0.036117
all_actives_unscored_ranked_last,5160,0.619736,0.704545,0.704545,0.036047
all_actives_unscored_ranked_last,5170,0.620857,0.708333,0.708333,0.03617
all_actives_unscored_ranked_last,5180,0.622103,0.708333,0.708333,0.0361
all_actives_unscored_ranked_last,5190,0.623349,0.708333,0.708333,0.036031
all_actives_unscored_ranked_last,5200,0.624595,0.708333,0.708333,0.035962
all_actives_unscored_ranked_last,5210,0.625841,0.708333,0.708333,0.035893
all_actives_unscored_ranked_last,5220,0.627087,0.708333,0.708333,0.035824
all_actives_unscored_ranked_last,5230,0.628333,0.708333,0.708333,0.035755
all_actives_unscored_ranked_last,5240,0.629579,0.708333,0.708333,0.035687
all_actives_unscored_ranked_last,5250,0.630825,0.708333,0.708333,0.035619
all_actives_unscored_ranked_last,5260,0.632071,0.708333,0.708333,0.035551
all_actives_unscored_ranked_last,5270,0.633317,0.708333,0.708333,0.035484
all_actives_unscored_ranked_last,5280,0.634563,0.708333,0.708333,0.035417
all_actives_unscored_ranked_last,5290,0.635809,0.708333,0.708333,0.03535
all_actives_unscored_ranked_last,5300,0.637055,0.708333,0.708333,0.035283
all_actives_unscored_ranked_last,5310,0.638301,0.708333,0.708333,0.035217
all_actives_unscored_ranked_last,5320,0.639546,0.708333,0.708333,0.03515
all_actives_unscored_ranked_last,5330,0.640792,0.708333,0.708333,0.035084
all_actives_unscored_ranked_last,5340,0.642038,0.708333,0.708333,0.035019
all_actives_unscored_ranked_last,5350,0.643284,0.708333,0.708333,0.034953
all_actives_unscored_ranked_last,5360,0.64453,0.708333,0.708333,0.034888
all_actives_unscored_ranked_last,5370,0.645652,0.712121,0.712121,0.035009
all_actives_unscored_ranked_last,5380,0.646898,0.712121,0.712121,0.034944
all_actives_unscored_ranked_last,5390,0.648144,0.712121,0.712121,0.034879
all_actives_unscored_ranked_last,5400,0.649389,0.712121,0.712121,0.034815
all_actives_unscored_ranked_last,5410,0.650635,0.712121,0.712121,0.03475
all_actives_unscored_ranked_last,5420,0.651881,0.712121,0.712121,0.034686
all_actives_unscored_ranked_last,5430,0.653003,0.715909,0.715909,0.034807
all_actives_unscored_ranked_last,5440,0.654249,0.715909,0.715909,0.034743
all_actives_unscored_ranked_last,5450,0.655495,0.715909,0.715909,0.034679
all_actives_unscored_ranked_last,5460,0.656491,0.723485,0.723485,0.034982
all_actives_unscored_ranked_last,5470,0.657613,0.727273,0.727273,0.035101
all_actives_unscored_ranked_last,5480,0.658734,0.731061,0.731061,0.035219
all_actives_unscored_ranked_last,5490,0.659855,0.734848,0.734848,0.035337
all_actives_unscored_ranked_last,5500,0.661101,0.734848,0.734848,0.035273
all_actives_unscored_ranked_last,5510,0.662223,0.738636,0.738636,0.03539
all_actives_unscored_ranked_last,5520,0.663469,0.738636,0.738636,0.035326
all_actives_unscored_ranked_last,5530,0.66459,0.742424,0.742424,0.035443
all_actives_unscored_ranked_last,5540,0.665836,0.742424,0.742424,0.035379
all_actives_unscored_ranked_last,5550,0.667082,0.742424,0.742424,0.035315
all_actives_unscored_ranked_last,5560,0.668328,0.742424,0.742424,0.035252
all_actives_unscored_ranked_last,5570,0.669574,0.742424,0.742424,0.035189
all_actives_unscored_ranked_last,5580,0.67082,0.742424,0.742424,0.035125
all_actives_unscored_ranked_last,5590,0.671941,0.746212,0.746212,0.035242
all_actives_unscored_ranked_last,5600,0.673063,0.75,0.75,0.035357
all_actives_unscored_ranked_last,5610,0.674184,0.753788,0.753788,0.035472
all_actives_unscored_ranked_last,5620,0.67543,0.753788,0.753788,0.035409
all_actives_unscored_ranked_last,5630,0.676676,0.753788,0.753788,0.035346
all_actives_unscored_ranked_last,5640,0.677922,0.753788,0.753788,0.035284
all_actives_unscored_ranked_last,5650,0.679168,0.753788,0.753788,0.035221
all_actives_unscored_ranked_last,5660,0.680414,0.753788,0.753788,0.035159
all_actives_unscored_ranked_last,5670,0.68166,0.753788,0.753788,0.035097
all_actives_unscored_ranked_last,5680,0.682906,0.753788,0.753788,0.035035
all_actives_unscored_ranked_last,5690,0.684152,0.753788,0.753788,0.034974
all_actives_unscored_ranked_last,5700,0.685397,0.753788,0.753788,0.034912
all_actives_unscored_ranked_last,5710,0.686643,0.753788,0.753788,0.034851
all_actives_unscored_ranked_last,5720,0.687889,0.753788,0.753788,0.03479
all_actives_unscored_ranked_last,5730,0.689135,0.753788,0.753788,0.034729
all_actives_unscored_ranked_last,5740,0.690381,0.753788,0.753788,0.034669
all_actives_unscored_ranked_last,5750,0.691627,0.753788,0.753788,0.034609
all_actives_unscored_ranked_last,5760,0.692749,0.757576,0.757576,0.034722
all_actives_unscored_ranked_last,5770,0.693995,0.757576,0.757576,0.034662
all_actives_unscored_ranked_last,5780,0.695116,0.761364,0.761364,0.034775
all_actives_unscored_ranked_last,5790,0.696362,0.761364,0.761364,0.034715
all_actives_unscored_ranked_last,5800,0.697608,0.761364,0.761364,0.034655
all_actives_unscored_ranked_last,5810,0.698854,0.761364,0.761364,0.034596
all_actives_unscored_ranked_last,5820,0.7001,0.761364,0.761364,0.034536
all_actives_unscored_ranked_last,5830,0.701346,0.761364,0.761364,0.034477
all_actives_unscored_ranked_last,5840,0.702592,0.761364,0.761364,0.034418
all_actives_unscored_ranked_last,5850,0.703838,0.761364,0.761364,0.034359
all_actives_unscored_ranked_last,5860,0.705083,0.761364,0.761364,0.0343
all_actives_unscored_ranked_last,5870,0.706329,0.761364,0.761364,0.034242
all_actives_unscored_ranked_last,5880,0.707575,0.761364,0.761364,0.034184
all_actives_unscored_ranked_last,5890,0.708821,0.761364,0.761364,0.034126
all_actives_unscored_ranked_last,5900,0.710067,0.761364,0.761364,0.034068
all_actives_unscored_ranked_last,5910,0.711313,0.761364,0.761364,0.03401
all_actives_unscored_ranked_last,5920,0.712435,0.765152,0.765152,0.034122
all_actives_unscored_ranked_last,5930,0.713556,0.768939,0.768939,0.034233
all_actives_unscored_ranked_last,5940,0.714802,0.768939,0.768939,0.034175
all_actives_unscored_ranked_last,5950,0.716048,0.768939,0.768939,0.034118
all_actives_unscored_ranked_last,5960,0.717294,0.768939,0.768939,0.03406
all_actives_unscored_ranked_last,5970,0.71854,0.768939,0.768939,0.034003
all_actives_unscored_ranked_last,5980,0.719786,0.768939,0.768939,0.033946
all_actives_unscored_ranked_last,5990,0.721032,0.768939,0.768939,0.03389
all_actives_unscored_ranked_last,6000,0.722278,0.768939,0.768939,0.033833
all_actives_unscored_ranked_last,6010,0.723399,0.772727,0.772727,0.033943
all_actives_unscored_ranked_last,6020,0.724645,0.772727,0.772727,0.033887
all_actives_unscored_ranked_last,6030,0.725766,0.776515,0.776515,0.033997
all_actives_unscored_ranked_last,6040,0.727012,0.776515,0.776515,0.03394
all_actives_unscored_ranked_last,6050,0.728258,0.776515,0.776515,0.033884
all_actives_unscored_ranked_last,6060,0.729504,0.776515,0.776515,0.033828
all_actives_unscored_ranked_last,6070,0.73075,0.776515,0.776515,0.033773
all_actives_unscored_ranked_last,6080,0.731871,0.780303,0.780303,0.033882
all_actives_unscored_ranked_last,6090,0.732993,0.784091,0.784091,0.03399
all_actives_unscored_ranked_last,6100,0.734239,0.784091,0.784091,0.033934
all_actives_unscored_ranked_last,6110,0.735485,0.784091,0.784091,0.033879
all_actives_unscored_ranked_last,6120,0.736481,0.791667,0.791667,0.03415
all_actives_unscored_ranked_last,6130,0.737727,0.791667,0.791667,0.034095
all_actives_unscored_ranked_last,6140,0.738973,0.791667,0.791667,0.034039
all_actives_unscored_ranked_last,6150,0.740219,0.791667,0.791667,0.033984
all_actives_unscored_ranked_last,6160,0.741465,0.791667,0.791667,0.033929
all_actives_unscored_ranked_last,6170,0.742711,0.791667,0.791667,0.033874
all_actives_unscored_ranked_last,6180,0.743957,0.791667,0.791667,0.033819
all_actives_unscored_ranked_last,6190,0.745203,0.791667,0.791667,0.033764
all_actives_unscored_ranked_last,6200,0.746449,0.791667,0.791667,0.03371
all_actives_unscored_ranked_last,6210,0.74757,0.795455,0.795455,0.033816
all_actives_unscored_ranked_last,6220,0.748816,0.795455,0.795455,0.033762
all_actives_unscored_ranked_last,6230,0.750062,0.795455,0.795455,0.033708
all_actives_unscored_ranked_last,6240,0.751308,0.795455,0.795455,0.033654
all_actives_unscored_ranked_last,6250,0.752554,0.795455,0.795455,0.0336
all_actives_unscored_ranked_last,6260,0.7538,0.795455,0.795455,0.033546
all_actives_unscored_ranked_last,6270,0.755046,0.795455,0.795455,0.033493
all_actives_unscored_ranked_last,6280,0.756167,0.799242,0.799242,0.033599
all_actives_unscored_ranked_last,6290,0.757413,0.799242,0.799242,0.033545
all_actives_unscored_ranked_last,6300,0.758659,0.799242,0.799242,0.033492
all_actives_unscored_ranked_last,6310,0.759905,0.799242,0.799242,0.033439
all_actives_unscored_ranked_last,6320,0.761151,0.799242,0.799242,0.033386
all_actives_unscored_ranked_last,6330,0.762397,0.799242,0.799242,0.033333
all_actives_unscored_ranked_last,6340,0.763519,0.80303,0.80303,0.033438
all_actives_unscored_ranked_last,6350,0.764765,0.80303,0.80303,0.033386
all_actives_unscored_ranked_last,6360,0.76601,0.80303,0.80303,0.033333
all_actives_unscored_ranked_last,6370,0.767256,0.80303,0.80303,0.033281
all_actives_unscored_ranked_last,6380,0.768502,0.80303,0.80303,0.033229
all_actives_unscored_ranked_last,6390,0.769748,0.80303,0.80303,0.033177
all_actives_unscored_ranked_last,6400,0.77087,0.806818,0.806818,0.033281
all_actives_unscored_ranked_last,6410,0.772116,0.806818,0.806818,0.033229
all_actives_unscored_ranked_last,6420,0.773362,0.806818,0.806818,0.033178
all_actives_unscored_ranked_last,6430,0.774608,0.806818,0.806818,0.033126
all_actives_unscored_ranked_last,6440,0.775853,0.806818,0.806818,0.033075
all_actives_unscored_ranked_last,6450,0.776975,0.810606,0.810606,0.033178
all_actives_unscored_ranked_last,6460,0.778221,0.810606,0.810606,0.033127
all_actives_unscored_ranked_last,6470,0.779467,0.810606,0.810606,0.033076
all_actives_unscored_ranked_last,6480,0.780588,0.814394,0.814394,0.033179
all_actives_unscored_ranked_last,6490,0.781834,0.814394,0.814394,0.033128
all_actives_unscored_ranked_last,6500,0.78308,0.814394,0.814394,0.033077
all_actives_unscored_ranked_last,6510,0.784201,0.818182,0.818182,0.03318
all_actives_unscored_ranked_last,6520,0.785447,0.818182,0.818182,0.033129
all_actives_unscored_ranked_last,6530,0.786693,0.818182,0.818182,0.033078
all_actives_unscored_ranked_last,6540,0.787815,0.82197,0.82197,0.03318
all_actives_unscored_ranked_last,6550,0.789061,0.82197,0.82197,0.03313
all_actives_unscored_ranked_last,6560,0.790182,0.825758,0.825758,0.033232
all_actives_unscored_ranked_last,6570,0.791428,0.825758,0.825758,0.033181
all_actives_unscored_ranked_last,6580,0.792674,0.825758,0.825758,0.033131
all_actives_unscored_ranked_last,6590,0.79392,0.825758,0.825758,0.03308
all_actives_unscored_ranked_last,6600,0.795166,0.825758,0.825758,0.03303
all_actives_unscored_ranked_last,6610,0.796412,0.825758,0.825758,0.03298
all_actives_unscored_ranked_last,6620,0.797533,0.829545,0.829545,0.033082
all_actives_unscored_ranked_last,6630,0.798779,0.829545,0.829545,0.033032
all_actives_unscored_ranked_last,6640,0.800025,0.829545,0.829545,0.032982
all_actives_unscored_ranked_last,6650,0.801146,0.833333,0.833333,0.033083
all_actives_unscored_ranked_last,6660,0.802392,0.833333,0.833333,0.033033
all_actives_unscored_ranked_last,6670,0.803638,0.833333,0.833333,0.032984
all_actives_unscored_ranked_last,6680,0.804884,0.833333,0.833333,0.032934
all_actives_unscored_ranked_last,6690,0.80613,0.833333,0.833333,0.032885
all_actives_unscored_ranked_last,6700,0.807251,0.837121,0.837121,0.032985
all_actives_unscored_ranked_last,6710,0.808497,0.837121,0.837121,0.032936
all_actives_unscored_ranked_last,6720,0.809743,0.837121,0.837121,0.032887
all_actives_unscored_ranked_last,6730,0.810865,0.840909,0.840909,0.032987
all_actives_unscored_ranked_last,6740,0.811986,0.844697,0.844697,0.033086
all_actives_unscored_ranked_last,6750,0.813232,0.844697,0.844697,0.033037
all_actives_unscored_ranked_last,6760,0.814478,0.844697,0.844697,0.032988
all_actives_unscored_ranked_last,6770,0.815724,0.844697,0.844697,0.032939
all_actives_unscored_ranked_last,6780,0.81697,0.844697,0.844697,0.032891
all_actives_unscored_ranked_last,6790,0.818091,0.848485,0.848485,0.03299
all_actives_unscored_ranked_last,6800,0.819213,0.852273,0.852273,0.033088
all_actives_unscored_ranked_last,6810,0.820334,0.856061,0.856061,0.033186
all_actives_unscored_ranked_last,6820,0.82158,0.856061,0.856061,0.033138
all_actives_unscored_ranked_last,6830,0.822826,0.856061,0.856061,0.033089
all_actives_unscored_ranked_last,6840,0.824072,0.856061,0.856061,0.033041
all_actives_unscored_ranked_last,6850,0.825318,0.856061,0.856061,0.032993
all_actives_unscored_ranked_last,6860,0.826439,0.859848,0.859848,0.03309
all_actives_unscored_ranked_last,6870,0.82756,0.863636,0.863636,0.033188
all_actives_unscored_ranked_last,6880,0.828806,0.863636,0.863636,0.03314
all_actives_unscored_ranked_last,6890,0.830052,0.863636,0.863636,0.033091
all_actives_unscored_ranked_last,6900,0.831298,0.863636,0.863636,0.033043
all_actives_unscored_ranked_last,6910,0.83242,0.867424,0.867424,0.03314
all_actives_unscored_ranked_last,6920,0.833666,0.867424,0.867424,0.033092
all_actives_unscored_ranked_last,6930,0.834787,0.871212,0.871212,0.033189
all_actives_unscored_ranked_last,6940,0.834787,0.909091,0.909091,0.034582
all_actives_unscored_ranked_last,6950,0.834787,0.94697,0.94697,0.035971
all_actives_unscored_ranked_last,6960,0.834787,0.984848,0.984848,0.037356
all_actives_unscored_ranked_last,6970,0.835535,1.0,1.0,0.037877
all_actives_unscored_ranked_last,6980,0.83678,1.0,1.0,0.037822
all_actives_unscored_ranked_last,6990,0.838026,1.0,1.0,0.037768
all_actives_unscored_ranked_last,7000,0.839272,1.0,1.0,0.037714
all_actives_unscored_ranked_last,7010,0.840518,1.0,1.0,0.03766
all_actives_unscored_ranked_last,7020,0.841764,1.0,1.0,0.037607
all_actives_unscored_ranked_last,7030,0.84301,1.0,1.0,0.037553
all_actives_unscored_ranked_last,7040,0.844256,1.0,1.0,0.0375
all_actives_unscored_ranked_last,7050,0.845502,1.0,1.0,0.037447
all_actives_unscored_ranked_last,7060,0.846748,1.0,1.0,0.037394
all_actives_unscored_ranked_last,7070,0.847994,1.0,1.0,0.037341
all_actives_unscored_ranked_last,7080,0.84924,1.0,1.0,0.037288
all_actives_unscored_ranked_last,7090,0.850486,1.0,1.0,0.037236
all_actives_unscored_ranked_last,7100,0.851732,1.0,1.0,0.037183
all_actives_unscored_ranked_last,7110,0.852978,1.0,1.0,0.037131
all_actives_unscored_ranked_last,7120,0.854224,1.0,1.0,0.037079
all_actives_unscored_ranked_last,7130,0.85547,1.0,1.0,0.037027
all_actives_unscored_ranked_last,7140,0.856716,1.0,1.0,0.036975
all_actives_unscored_ranked_last,7150,0.857962,1.0,1.0,0.036923
all_actives_unscored_ranked_last,7160,0.859208,1.0,1.0,0.036872
all_actives_unscored_ranked_last,7170,0.860454,1.0,1.0,0.03682
all_actives_unscored_ranked_last,7180,0.861699,1.0,1.0,0.036769
all_actives_unscored_ranked_last,7190,0.862945,1.0,1.0,0.036718
all_actives_unscored_ranked_last,7200,0.864191,1.0,1.0,0.036667
all_actives_unscored_ranked_last,7210,0.865437,1.0,1.0,0.036616
all_actives_unscored_ranked_last,7220,0.866683,1.0,1.0,0.036565
all_actives_unscored_ranked_last,7230,0.867929,1.0,1.0,0.036515
all_actives_unscored_ranked_last,7240,0.869175,1.0,1.0,0.036464
all_actives_unscored_ranked_last,7250,0.870421,1.0,1.0,0.036414
all_actives_unscored_ranked_last,7260,0.871667,1.0,1.0,0.036364
all_actives_unscored_ranked_last,7270,0.872913,1.0,1.0,0.036314
all_actives_unscored_ranked_last,7280,0.874159,1.0,1.0,0.036264
all_actives_unscored_ranked_last,7290,0.875405,1.0,1.0,0.036214
all_actives_unscored_ranked_last,7300,0.876651,1.0,1.0,0.036164
all_actives_unscored_ranked_last,7310,0.877897,1.0,1.0,0.036115
all_actives_unscored_ranked_last,7320,0.879143,1.0,1.0,0.036066
all_actives_unscored_ranked_last,7330,0.880389,1.0,1.0,0.036016
all_actives_unscored_ranked_last,7340,0.881635,1.0,1.0,0.035967
all_actives_unscored_ranked_last,7350,0.882881,1.0,1.0,0.035918
all_actives_unscored_ranked_last,7360,0.884127,1.0,1.0,0.03587
all_actives_unscored_ranked_last,7370,0.885373,1.0,1.0,0.035821
all_actives_unscored_ranked_last,7380,0.886618,1.0,1.0,0.035772
all_actives_unscored_ranked_last,7390,0.887864,1.0,1.0,0.035724
all_actives_unscored_ranked_last,7400,0.88911,1.0,1.0,0.035676
all_actives_unscored_ranked_last,7410,0.890356,1.0,1.0,0.035628
all_actives_unscored_ranked_last,7420,0.891602,1.0,1.0,0.03558
all_actives_unscored_ranked_last,7430,0.892848,1.0,1.0,0.035532
all_actives_unscored_ranked_last,7440,0.894094,1.0,1.0,0.035484
all_actives_unscored_ranked_last,7450,0.89534,1.0,1.0,0.035436
all_actives_unscored_ranked_last,7460,0.896586,1.0,1.0,0.035389
all_actives_unscored_ranked_last,7470,0.897832,1.0,1.0,0.035341
all_actives_unscored_ranked_last,7480,0.899078,1.0,1.0,0.035294
all_actives_unscored_ranked_last,7490,0.900324,1.0,1.0,0.035247
all_actives_unscored_ranked_last,7500,0.90157,1.0,1.0,0.0352
all_actives_unscored_ranked_last,7510,0.902816,1.0,1.0,0.035153
all_actives_unscored_ranked_last,7520,0.904062,1.0,1.0,0.035106
all_actives_unscored_ranked_last,7530,0.905308,1.0,1.0,0.03506
all_actives_unscored_ranked_last,7540,0.906554,1.0,1.0,0.035013
all_actives_unscored_ranked_last,7550,0.9078,1.0,1.0,0.034967
all_actives_unscored_ranked_last,7560,0.909046,1.0,1.0,0.034921
all_actives_unscored_ranked_last,7570,0.910292,1.0,1.0,0.034875
all_actives_unscored_ranked_last,7580,0.911538,1.0,1.0,0.034828
all_actives_unscored_ranked_last,7590,0.912783,1.0,1.0,0.034783
all_actives_unscored_ranked_last,7600,0.914029,1.0,1.0,0.034737
all_actives_unscored_ranked_last,7610,0.915275,1.0,1.0,0.034691
all_actives_unscored_ranked_last,7620,0.916521,1.0,1.0,0.034646
all_actives_unscored_ranked_last,7630,0.917767,1.0,1.0,0.0346
all_actives_unscored_ranked_last,7640,0.919013,1.0,1.0,0.034555
all_actives_unscored_ranked_last,7650,0.920259,1.0,1.0,0.03451
all_actives_unscored_ranked_last,7660,0.921505,1.0,1.0,0.034465
all_actives_unscored_ranked_last,7670,0.922751,1.0,1.0,0.03442
all_actives_unscored_ranked_last,7680,0.923997,1.0,1.0,0.034375
all_actives_unscored_ranked_last,7690,0.925243,1.0,1.0,0.03433
all_actives_unscored_ranked_last,7700,0.926489,1.0,1.0,0.034286
all_actives_unscored_ranked_last,7710,0.927735,1.0,1.0,0.034241
all_actives_unscored_ranked_last,7720,0.928981,1.0,1.0,0.034197
all_actives_unscored_ranked_last,7730,0.930227,1.0,1.0,0.034153
all_actives_unscored_ranked_last,7740,0.931473,1.0,1.0,0.034109
all_actives_unscored_ranked_last,7750,0.932719,1.0,1.0,0.034065
all_actives_unscored_ranked_last,7760,0.933965,1.0,1.0,0.034021
all_actives_unscored_ranked_last,7770,0.935211,1.0,1.0,0.033977
all_actives_unscored_ranked_last,7780,0.936457,1.0,1.0,0.033933
all_actives_unscored_ranked_last,7790,0.937702,1.0,1.0,0.03389
all_actives_unscored_ranked_last,7800,0.938948,1.0,1.0,0.033846
all_actives_unscored_ranked_last,7810,0.940194,1.0,1.0,0.033803
all_actives_unscored_ranked_last,7820,0.94144,1.0,1.0,0.03376
all_actives_unscored_ranked_last,7830,0.942686,1.0,1.0,0.033716
all_actives_unscored_ranked_last,7840,0.943932,1.0,1.0,0.033673
all_actives_unscored_ranked_last,7850,0.945178,1.0,1.0,0.033631
all_actives_unscored_ranked_last,7860,0.946424,1.0,1.0,0.033588
all_actives_unscored_ranked_last,7870,0.94767,1.0,1.0,0.033545
all_actives_unscored_ranked_last,7880,0.948916,1.0,1.0,0.033503
all_actives_unscored_ranked_last,7890,0.950162,1.0,1.0,0.03346
all_actives_unscored_ranked_last,7900,0.951408,1.0,1.0,0.033418
all_actives_unscored_ranked_last,7910,0.952654,1.0,1.0,0.033375
all_actives_unscored_ranked_last,7920,0.9539,1.0,1.0,0.033333
all_actives_unscored_ranked_last,7930,0.955146,1.0,1.0,0.033291
all_actives_unscored_ranked_last,7940,0.956392,1.0,1.0,0.033249
all_actives_unscored_ranked_last,7950,0.957638,1.0,1.0,0.033208
all_actives_unscored_ranked_last,7960,0.958884,1.0,1.0,0.033166
all_actives_unscored_ranked_last,7970,0.96013,1.0,1.0,0.033124
all_actives_unscored_ranked_last,7980,0.961376,1.0,1.0,0.033083
all_actives_unscored_ranked_last,7990,0.962621,1.0,1.0,0.033041
all_actives_unscored_ranked_last,8000,0.963867,1.0,1.0,0.033
all_actives_unscored_ranked_last,8010,0.965113,1.0,1.0,0.032959
all_actives_unscored_ranked_last,8020,0.966359,1.0,1.0,0.032918
all_actives_unscored_ranked_last,8030,0.967605,1.0,1.0,0.032877
all_actives_unscored_ranked_last,8040,0.968851,1.0,1.0,0.032836
all_actives_unscored_ranked_last,8050,0.970097,1.0,1.0,0.032795
all_actives_unscored_ranked_last,8060,0.971343,1.0,1.0,0.032754
all_actives_unscored_ranked_last,8070,0.972589,1.0,1.0,0.032714
all_actives_unscored_ranked_last,8080,0.973835,1.0,1.0,0.032673
all_actives_unscored_ranked_last,8090,0.975081,1.0,1.0,0.032633
all_actives_unscored_ranked_last,8100,0.976327,1.0,1.0,0.032593
all_actives_unscored_ranked_last,8110,0.977573,1.0,1.0,0.032552
all_actives_unscored_ranked_last,8120,0.978819,1.0,1.0,0.032512
all_actives_unscored_ranked_last,8130,0.980065,1.0,1.0,0.032472
all_actives_unscored_ranked_last,8140,0.981311,1.0,1.0,0.032432
all_actives_unscored_ranked_last,8150,0.982557,1.0,1.0,0.032393
all_actives_unscored_ranked_last,8160,0.983803,1.0,1.0,0.032353
all_actives_unscored_ranked_last,8170,0.985049,1.0,1.0,0.032313
all_actives_unscored_ranked_last,8180,0.986295,1.0,1.0,0.032274
all_actives_unscored_ranked_last,8190,0.98754,1.0,1.0,0.032234
all_actives_unscored_ranked_last,8200,0.988786,1.0,1.0,0.032195
all_actives_unscored_ranked_last,8210,0.990032,1.0,1.0,0.032156
all_actives_unscored_ranked_last,8220,0.991278,1.0,1.0,0.032117
all_actives_unscored_ranked_last,8230,0.992524,1.0,1.0,0.032078
all_actives_unscored_ranked_last,8240,0.99377,1.0,1.0,0.032039
all_actives_unscored_ranked_last,8250,0.995016,1.0,1.0,0.032
all_actives_unscored_ranked_last,8260,0.996262,1.0,1.0,0.031961
all_actives_unscored_ranked_last,8270,0.997508,1.0,1.0,0.031923
all_actives_unscored_ranked_last,8280,0.998754,1.0,1.0,0.031884
all_actives_unscored_ranked_last,8290,1.0,1.0,1.0,0.031846
all_actives_unscored_ranked_last,8290,1.0,1.0,1.0,0.031846
covalent_only_unscored_ranked_last,0,0.0,0.0,0.0,0.0
covalent_only_unscored_ranked_last,10,0.001246,0.0,0.0,0.0
covalent_only_unscored_ranked_last,20,0.002492,0.0,0.0,0.0
covalent_only_unscored_ranked_last,30,0.003613,0.00885,0.00885,0.033333
covalent_only_unscored_ranked_last,40,0.004859,0.00885,0.00885,0.025
covalent_only_unscored_ranked_last,50,0.005981,0.017699,0.017699,0.04
covalent_only_unscored_ranked_last,60,0.007227,0.017699,0.017699,0.033333
covalent_only_unscored_ranked_last,70,0.008472,0.017699,0.017699,0.028571
covalent_only_unscored_ranked_last,80,0.009718,0.017699,0.017699,0.025
covalent_only_unscored_ranked_last,90,0.010964,0.017699,0.017699,0.022222
covalent_only_unscored_ranked_last,100,0.01221,0.017699,0.017699,0.02
covalent_only_unscored_ranked_last,110,0.013456,0.017699,0.017699,0.018182
covalent_only_unscored_ranked_last,120,0.014578,0.026549,0.026549,0.025
covalent_only_unscored_ranked_last,130,0.015699,0.035398,0.035398,0.030769
covalent_only_unscored_ranked_last,140,0.01682,0.044248,0.044248,0.035714
covalent_only_unscored_ranked_last,150,0.018066,0.044248,0.044248,0.033333
covalent_only_unscored_ranked_last,160,0.019312,0.044248,0.044248,0.03125
covalent_only_unscored_ranked_last,170,0.020558,0.044248,0.044248,0.029412
covalent_only_unscored_ranked_last,180,0.02168,0.053097,0.053097,0.033333
covalent_only_unscored_ranked_last,190,0.022925,0.053097,0.053097,0.031579
covalent_only_unscored_ranked_last,200,0.024047,0.061947,0.061947,0.035
covalent_only_unscored_ranked_last,210,0.025168,0.070796,0.070796,0.038095
covalent_only_unscored_ranked_last,220,0.026414,0.070796,0.070796,0.036364
covalent_only_unscored_ranked_last,230,0.02766,0.070796,0.070796,0.034783
covalent_only_unscored_ranked_last,240,0.028906,0.070796,0.070796,0.033333
covalent_only_unscored_ranked_last,250,0.030152,0.070796,0.070796,0.032
covalent_only_unscored_ranked_last,260,0.031398,0.070796,0.070796,0.030769
covalent_only_unscored_ranked_last,270,0.032519,0.079646,0.079646,0.033333
covalent_only_unscored_ranked_last,280,0.033641,0.088496,0.088496,0.035714
covalent_only_unscored_ranked_last,290,0.034887,0.088496,0.088496,0.034483
covalent_only_unscored_ranked_last,300,0.036133,0.088496,0.088496,0.033333
covalent_only_unscored_ranked_last,310,0.037254,0.097345,0.097345,0.035484
covalent_only_unscored_ranked_last,320,0.038375,0.106195,0.106195,0.0375
covalent_only_unscored_ranked_last,330,0.039621,0.106195,0.106195,0.036364
covalent_only_unscored_ranked_last,340,0.040867,0.106195,0.106195,0.035294
covalent_only_unscored_ranked_last,350,0.041989,0.115044,0.115044,0.037143
covalent_only_unscored_ranked_last,360,0.043234,0.115044,0.115044,0.036111
covalent_only_unscored_ranked_last,370,0.04448,0.115044,0.115044,0.035135
covalent_only_unscored_ranked_last,380,0.045726,0.115044,0.115044,0.034211
covalent_only_unscored_ranked_last,390,0.046848,0.123894,0.123894,0.035897
covalent_only_unscored_ranked_last,400,0.048094,0.123894,0.123894,0.035
covalent_only_unscored_ranked_last,410,0.04934,0.123894,0.123894,0.034146
covalent_only_unscored_ranked_last,420,0.050586,0.123894,0.123894,0.033333
covalent_only_unscored_ranked_last,430,0.051832,0.123894,0.123894,0.032558
covalent_only_unscored_ranked_last,440,0.053077,0.123894,0.123894,0.031818
covalent_only_unscored_ranked_last,450,0.054323,0.123894,0.123894,0.031111
covalent_only_unscored_ranked_last,460,0.05532,0.141593,0.141593,0.034783
covalent_only_unscored_ranked_last,470,0.056566,0.141593,0.141593,0.034043
covalent_only_unscored_ranked_last,480,0.057688,0.150442,0.150442,0.035417
covalent_only_unscored_ranked_last,490,0.058933,0.150442,0.150442,0.034694
covalent_only_unscored_ranked_last,500,0.060179,0.150442,0.150442,0.034
covalent_only_unscored_ranked_last,510,0.061425,0.150442,0.150442,0.033333
covalent_only_unscored_ranked_last,520,0.062547,0.159292,0.159292,0.034615
covalent_only_unscored_ranked_last,530,0.063668,0.168142,0.168142,0.035849
covalent_only_unscored_ranked_last,540,0.064914,0.168142,0.168142,0.035185
covalent_only_unscored_ranked_last,550,0.066035,0.176991,0.176991,0.036364
covalent_only_unscored_ranked_last,560,0.067281,0.176991,0.176991,0.035714
covalent_only_unscored_ranked_last,570,0.068403,0.185841,0.185841,0.036842
covalent_only_unscored_ranked_last,580,0.069649,0.185841,0.185841,0.036207
covalent_only_unscored_ranked_last,590,0.070895,0.185841,0.185841,0.035593
covalent_only_unscored_ranked_last,600,0.072141,0.185841,0.185841,0.035
covalent_only_unscored_ranked_last,610,0.073386,0.185841,0.185841,0.034426
covalent_only_unscored_ranked_last,620,0.074632,0.185841,0.185841,0.033871
covalent_only_unscored_ranked_last,630,0.075878,0.185841,0.185841,0.033333
covalent_only_unscored_ranked_last,640,0.077124,0.185841,0.185841,0.032813
covalent_only_unscored_ranked_last,650,0.078246,0.19469,0.19469,0.033846
covalent_only_unscored_ranked_last,660,0.079492,0.19469,0.19469,0.033333
covalent_only_unscored_ranked_last,670,0.080738,0.19469,0.19469,0.032836
covalent_only_unscored_ranked_last,680,0.081984,0.19469,0.19469,0.032353
covalent_only_unscored_ranked_last,690,0.083105,0.20354,0.20354,0.033333
covalent_only_unscored_ranked_last,700,0.084226,0.212389,0.212389,0.034286
covalent_only_unscored_ranked_last,710,0.085472,0.212389,0.212389,0.033803
covalent_only_unscored_ranked_last,720,0.086718,0.212389,0.212389,0.033333
covalent_only_unscored_ranked_last,730,0.08784,0.221239,0.221239,0.034247
covalent_only_unscored_ranked_last,740,0.089085,0.221239,0.221239,0.033784
covalent_only_unscored_ranked_last,750,0.090331,0.221239,0.221239,0.033333
covalent_only_unscored_ranked_last,760,0.091577,0.221239,0.221239,0.032895
covalent_only_unscored_ranked_last,770,0.092823,0.221239,0.221239,0.032468
covalent_only_unscored_ranked_last,780,0.094069,0.221239,0.221239,0.032051
covalent_only_unscored_ranked_last,790,0.095315,0.221239,0.221239,0.031646
covalent_only_unscored_ranked_last,800,0.096561,0.221239,0.221239,0.03125
covalent_only_unscored_ranked_last,810,0.097807,0.221239,0.221239,0.030864
covalent_only_unscored_ranked_last,820,0.099053,0.221239,0.221239,0.030488
covalent_only_unscored_ranked_last,830,0.100299,0.221239,0.221239,0.03012
covalent_only_unscored_ranked_last,840,0.10142,0.230088,0.230088,0.030952
covalent_only_unscored_ranked_last,850,0.102666,0.230088,0.230088,0.030588
covalent_only_unscored_ranked_last,860,0.103912,0.230088,0.230088,0.030233
covalent_only_unscored_ranked_last,870,0.105158,0.230088,0.230088,0.029885
covalent_only_unscored_ranked_last,880,0.10628,0.238938,0.238938,0.030682
covalent_only_unscored_ranked_last,890,0.107526,0.238938,0.238938,0.030337
covalent_only_unscored_ranked_last,900,0.108771,0.238938,0.238938,0.03
covalent_only_unscored_ranked_last,910,0.110017,0.238938,0.238938,0.02967
covalent_only_unscored_ranked_last,920,0.111263,0.238938,0.238938,0.029348
covalent_only_unscored_ranked_last,930,0.112509,0.238938,0.238938,0.029032
covalent_only_unscored_ranked_last,940,0.113755,0.238938,0.238938,0.028723
covalent_only_unscored_ranked_last,950,0.115001,0.238938,0.238938,0.028421
covalent_only_unscored_ranked_last,960,0.116247,0.238938,0.238938,0.028125
covalent_only_unscored_ranked_last,970,0.117493,0.238938,0.238938,0.027835
covalent_only_unscored_ranked_last,980,0.118739,0.238938,0.238938,0.027551
covalent_only_unscored_ranked_last,990,0.11986,0.247788,0.247788,0.028283
covalent_only_unscored_ranked_last,1000,0.121106,0.247788,0.247788,0.028
covalent_only_unscored_ranked_last,1010,0.122352,0.247788,0.247788,0.027723
covalent_only_unscored_ranked_last,1020,0.123598,0.247788,0.247788,0.027451
covalent_only_unscored_ranked_last,1030,0.124844,0.247788,0.247788,0.027184
covalent_only_unscored_ranked_last,1040,0.12609,0.247788,0.247788,0.026923
covalent_only_unscored_ranked_last,1050,0.127336,0.247788,0.247788,0.026667
covalent_only_unscored_ranked_last,1060,0.128458,0.256637,0.256637,0.027358
covalent_only_unscored_ranked_last,1070,0.129703,0.256637,0.256637,0.027103
covalent_only_unscored_ranked_last,1080,0.130949,0.256637,0.256637,0.026852
covalent_only_unscored_ranked_last,1090,0.132195,0.256637,0.256637,0.026606
covalent_only_unscored_ranked_last,1100,0.133441,0.256637,0.256637,0.026364
covalent_only_unscored_ranked_last,1110,0.134563,0.265487,0.265487,0.027027
covalent_only_unscored_ranked_last,1120,0.135809,0.265487,0.265487,0.026786
covalent_only_unscored_ranked_last,1130,0.137055,0.265487,0.265487,0.026549
covalent_only_unscored_ranked_last,1140,0.138301,0.265487,0.265487,0.026316
covalent_only_unscored_ranked_last,1150,0.139546,0.265487,0.265487,0.026087
covalent_only_unscored_ranked_last,1160,0.140792,0.265487,0.265487,0.025862
covalent_only_unscored_ranked_last,1170,0.142038,0.265487,0.265487,0.025641
covalent_only_unscored_ranked_last,1180,0.143284,0.265487,0.265487,0.025424
covalent_only_unscored_ranked_last,1190,0.144406,0.274336,0.274336,0.02605
covalent_only_unscored_ranked_last,1200,0.145652,0.274336,0.274336,0.025833
covalent_only_unscored_ranked_last,1210,0.146898,0.274336,0.274336,0.02562
covalent_only_unscored_ranked_last,1220,0.148144,0.274336,0.274336,0.02541
covalent_only_unscored_ranked_last,1230,0.149389,0.274336,0.274336,0.025203
covalent_only_unscored_ranked_last,1240,0.150635,0.274336,0.274336,0.025
covalent_only_unscored_ranked_last,1250,0.151881,0.274336,0.274336,0.0248
covalent_only_unscored_ranked_last,1260,0.153127,0.274336,0.274336,0.024603
covalent_only_unscored_ranked_last,1270,0.154373,0.274336,0.274336,0.024409
covalent_only_unscored_ranked_last,1280,0.155619,0.274336,0.274336,0.024219
covalent_only_unscored_ranked_last,1290,0.156865,0.274336,0.274336,0.024031
covalent_only_unscored_ranked_last,1300,0.158111,0.274336,0.274336,0.023846
covalent_only_unscored_ranked_last,1310,0.159232,0.283186,0.283186,0.024427
covalent_only_unscored_ranked_last,1320,0.160478,0.283186,0.283186,0.024242
covalent_only_unscored_ranked_last,1330,0.161724,0.283186,0.283186,0.02406
covalent_only_unscored_ranked_last,1340,0.16297,0.283186,0.283186,0.023881
covalent_only_unscored_ranked_last,1350,0.164216,0.283186,0.283186,0.023704
covalent_only_unscored_ranked_last,1360,0.165462,0.283186,0.283186,0.023529
covalent_only_unscored_ranked_last,1370,0.166708,0.283186,0.283186,0.023358
covalent_only_unscored_ranked_last,1380,0.167954,0.283186,0.283186,0.023188
covalent_only_unscored_ranked_last,1390,0.1692,0.283186,0.283186,0.023022
covalent_only_unscored_ranked_last,1400,0.170446,0.283186,0.283186,0.022857
covalent_only_unscored_ranked_last,1410,0.171692,0.283186,0.283186,0.022695
covalent_only_unscored_ranked_last,1420,0.172938,0.283186,0.283186,0.022535
covalent_only_unscored_ranked_last,1430,0.174184,0.283186,0.283186,0.022378
covalent_only_unscored_ranked_last,1440,0.17543,0.283186,0.283186,0.022222
covalent_only_unscored_ranked_last,1450,0.176676,0.283186,0.283186,0.022069
covalent_only_unscored_ranked_last,1460,0.177922,0.283186,0.283186,0.021918
covalent_only_unscored_ranked_last,1470,0.179043,0.292035,0.292035,0.022449
covalent_only_unscored_ranked_last,1480,0.180289,0.292035,0.292035,0.022297
covalent_only_unscored_ranked_last,1490,0.181535,0.292035,0.292035,0.022148
covalent_only_unscored_ranked_last,1500,0.182781,0.292035,0.292035,0.022
covalent_only_unscored_ranked_last,1510,0.184027,0.292035,0.292035,0.021854
covalent_only_unscored_ranked_last,1520,0.185148,0.300885,0.300885,0.022368
covalent_only_unscored_ranked_last,1530,0.186394,0.300885,0.300885,0.022222
covalent_only_unscored_ranked_last,1540,0.18764,0.300885,0.300885,0.022078
covalent_only_unscored_ranked_last,1550,0.188886,0.300885,0.300885,0.021935
covalent_only_unscored_ranked_last,1560,0.190132,0.300885,0.300885,0.021795
covalent_only_unscored_ranked_last,1570,0.191378,0.300885,0.300885,0.021656
covalent_only_unscored_ranked_last,1580,0.192624,0.300885,0.300885,0.021519
covalent_only_unscored_ranked_last,1590,0.19387,0.300885,0.300885,0.021384
covalent_only_unscored_ranked_last,1600,0.195116,0.300885,0.300885,0.02125
covalent_only_unscored_ranked_last,1610,0.196362,0.300885,0.300885,0.021118
covalent_only_unscored_ranked_last,1620,0.197608,0.300885,0.300885,0.020988
covalent_only_unscored_ranked_last,1630,0.198854,0.300885,0.300885,0.020859
covalent_only_unscored_ranked_last,1640,0.2001,0.300885,0.300885,0.020732
covalent_only_unscored_ranked_last,1650,0.201346,0.300885,0.300885,0.020606
covalent_only_unscored_ranked_last,1660,0.202592,0.300885,0.300885,0.020482
covalent_only_unscored_ranked_last,1670,0.203838,0.300885,0.300885,0.020359
covalent_only_unscored_ranked_last,1680,0.205083,0.300885,0.300885,0.020238
covalent_only_unscored_ranked_last,1690,0.206329,0.300885,0.300885,0.020118
covalent_only_unscored_ranked_last,1700,0.207575,0.300885,0.300885,0.02
covalent_only_unscored_ranked_last,1710,0.208821,0.300885,0.300885,0.019883
covalent_only_unscored_ranked_last,1720,0.210067,0.300885,0.300885,0.019767
covalent_only_unscored_ranked_last,1730,0.211313,0.300885,0.300885,0.019653
covalent_only_unscored_ranked_last,1740,0.212559,0.300885,0.300885,0.01954
covalent_only_unscored_ranked_last,1750,0.213681,0.309735,0.309735,0.02
covalent_only_unscored_ranked_last,1760,0.214926,0.309735,0.309735,0.019886
covalent_only_unscored_ranked_last,1770,0.216172,0.309735,0.309735,0.019774
covalent_only_unscored_ranked_last,1780,0.217418,0.309735,0.309735,0.019663
covalent_only_unscored_ranked_last,1790,0.218664,0.309735,0.309735,0.019553
covalent_only_unscored_ranked_last,1800,0.21991,0.309735,0.309735,0.019444
covalent_only_unscored_ranked_last,1810,0.221156,0.309735,0.309735,0.019337
covalent_only_unscored_ranked_last,1820,0.222402,0.309735,0.309735,0.019231
covalent_only_unscored_ranked_last,1830,0.223648,0.309735,0.309735,0.019126
covalent_only_unscored_ranked_last,1840,0.224894,0.309735,0.309735,0.019022
covalent_only_unscored_ranked_last,1850,0.22614,0.309735,0.309735,0.018919
covalent_only_unscored_ranked_last,1860,0.227386,0.309735,0.309735,0.018817
covalent_only_unscored_ranked_last,1870,0.228632,0.309735,0.309735,0.018717
covalent_only_unscored_ranked_last,1880,0.229878,0.309735,0.309735,0.018617
covalent_only_unscored_ranked_last,1890,0.231124,0.309735,0.309735,0.018519
covalent_only_unscored_ranked_last,1900,0.23237,0.309735,0.309735,0.018421
covalent_only_unscored_ranked_last,1910,0.233616,0.309735,0.309735,0.018325
covalent_only_unscored_ranked_last,1920,0.234862,0.309735,0.309735,0.018229
covalent_only_unscored_ranked_last,1930,0.236108,0.309735,0.309735,0.018135
covalent_only_unscored_ranked_last,1940,0.237354,0.309735,0.309735,0.018041
covalent_only_unscored_ranked_last,1950,0.2386,0.309735,0.309735,0.017949
covalent_only_unscored_ranked_last,1960,0.239846,0.309735,0.309735,0.017857
covalent_only_unscored_ranked_last,1970,0.240967,0.318584,0.318584,0.018274
covalent_only_unscored_ranked_last,1980,0.242088,0.327434,0.327434,0.018687
covalent_only_unscored_ranked_last,1990,0.243334,0.327434,0.327434,0.018593
covalent_only_unscored_ranked_last,2000,0.244456,0.336283,0.336283,0.019
covalent_only_unscored_ranked_last,2010,0.245701,0.336283,0.336283,0.018905
covalent_only_unscored_ranked_last,2020,0.246947,0.336283,0.336283,0.018812
covalent_only_unscored_ranked_last,2030,0.248069,0.345133,0.345133,0.019212
covalent_only_unscored_ranked_last,2040,0.249315,0.345133,0.345133,0.019118
covalent_only_unscored_ranked_last,2050,0.250561,0.345133,0.345133,0.019024
covalent_only_unscored_ranked_last,2060,0.251807,0.345133,0.345133,0.018932
covalent_only_unscored_ranked_last,2070,0.253053,0.345133,0.345133,0.018841
covalent_only_unscored_ranked_last,2080,0.254299,0.345133,0.345133,0.01875
covalent_only_unscored_ranked_last,2090,0.25542,0.353982,0.353982,0.019139
covalent_only_unscored_ranked_last,2100,0.256666,0.353982,0.353982,0.019048
covalent_only_unscored_ranked_last,2110,0.257912,0.353982,0.353982,0.018957
covalent_only_unscored_ranked_last,2120,0.259158,0.353982,0.353982,0.018868
covalent_only_unscored_ranked_last,2130,0.260404,0.353982,0.353982,0.018779
covalent_only_unscored_ranked_last,2140,0.26165,0.353982,0.353982,0.018692
covalent_only_unscored_ranked_last,2150,0.262896,0.353982,0.353982,0.018605
covalent_only_unscored_ranked_last,2160,0.264142,0.353982,0.353982,0.018519
covalent_only_unscored_ranked_last,2170,0.265387,0.353982,0.353982,0.018433
covalent_only_unscored_ranked_last,2180,0.266633,0.353982,0.353982,0.018349
covalent_only_unscored_ranked_last,2190,0.267879,0.353982,0.353982,0.018265
covalent_only_unscored_ranked_last,2200,0.269125,0.353982,0.353982,0.018182
covalent_only_unscored_ranked_last,2210,0.270371,0.353982,0.353982,0.0181
covalent_only_unscored_ranked_last,2220,0.271493,0.362832,0.362832,0.018468
covalent_only_unscored_ranked_last,2230,0.272739,0.362832,0.362832,0.018386
covalent_only_unscored_ranked_last,2240,0.273985,0.362832,0.362832,0.018304
covalent_only_unscored_ranked_last,2250,0.275106,0.371681,0.371681,0.018667
covalent_only_unscored_ranked_last,2260,0.276352,0.371681,0.371681,0.018584
covalent_only_unscored_ranked_last,2270,0.277473,0.380531,0.380531,0.018943
covalent_only_unscored_ranked_last,2280,0.278719,0.380531,0.380531,0.01886
covalent_only_unscored_ranked_last,2290,0.279965,0.380531,0.380531,0.018777
covalent_only_unscored_ranked_last,2300,0.281211,0.380531,0.380531,0.018696
covalent_only_unscored_ranked_last,2310,0.282457,0.380531,0.380531,0.018615
covalent_only_unscored_ranked_last,2320,0.283703,0.380531,0.380531,0.018534
covalent_only_unscored_ranked_last,2330,0.284949,0.380531,0.380531,0.018455
covalent_only_unscored_ranked_last,2340,0.28607,0.389381,0.389381,0.018803
covalent_only_unscored_ranked_last,2350,0.287316,0.389381,0.389381,0.018723
covalent_only_unscored_ranked_last,2360,0.288562,0.389381,0.389381,0.018644
covalent_only_unscored_ranked_last,2370,0.289808,0.389381,0.389381,0.018565
covalent_only_unscored_ranked_last,2380,0.291054,0.389381,0.389381,0.018487
covalent_only_unscored_ranked_last,2390,0.2923,0.389381,0.389381,0.01841
covalent_only_unscored_ranked_last,2400,0.293546,0.389381,0.389381,0.018333
covalent_only_unscored_ranked_last,2410,0.294792,0.389381,0.389381,0.018257
covalent_only_unscored_ranked_last,2420,0.296038,0.389381,0.389381,0.018182
covalent_only_unscored_ranked_last,2430,0.297284,0.389381,0.389381,0.018107
covalent_only_unscored_ranked_last,2440,0.29853,0.389381,0.389381,0.018033
covalent_only_unscored_ranked_last,2450,0.299651,0.39823,0.39823,0.018367
covalent_only_unscored_ranked_last,2460,0.300897,0.39823,0.39823,0.018293
covalent_only_unscored_ranked_last,2470,0.302143,0.39823,0.39823,0.018219
covalent_only_unscored_ranked_last,2480,0.303389,0.39823,0.39823,0.018145
covalent_only_unscored_ranked_last,2490,0.304635,0.39823,0.39823,0.018072
covalent_only_unscored_ranked_last,2500,0.305881,0.39823,0.39823,0.018
covalent_only_unscored_ranked_last,2510,0.307127,0.39823,0.39823,0.017928
covalent_only_unscored_ranked_last,2520,0.308373,0.39823,0.39823,0.017857
covalent_only_unscored_ranked_last,2530,0.309619,0.39823,0.39823,0.017787
covalent_only_unscored_ranked_last,2540,0.310865,0.39823,0.39823,0.017717
covalent_only_unscored_ranked_last,2550,0.312111,0.39823,0.39823,0.017647
covalent_only_unscored_ranked_last,2560,0.313357,0.39823,0.39823,0.017578
covalent_only_unscored_ranked_last,2570,0.314603,0.39823,0.39823,0.01751
covalent_only_unscored_ranked_last,2580,0.315724,0.40708,0.40708,0.017829
covalent_only_unscored_ranked_last,2590,0.31697,0.40708,0.40708,0.017761
covalent_only_unscored_ranked_last,2600,0.318216,0.40708,0.40708,0.017692
covalent_only_unscored_ranked_last,2610,0.319213,0.424779,0.424779,0.018391
covalent_only_unscored_ranked_last,2620,0.320334,0.433628,0.433628,0.018702
covalent_only_unscored_ranked_last,2630,0.32158,0.433628,0.433628,0.018631
covalent_only_unscored_ranked_last,2640,0.322826,0.433628,0.433628,0.018561
covalent_only_unscored_ranked_last,2650,0.324072,0.433628,0.433628,0.018491
covalent_only_unscored_ranked_last,2660,0.325318,0.433628,0.433628,0.018421
covalent_only_unscored_ranked_last,2670,0.326564,0.433628,0.433628,0.018352
covalent_only_unscored_ranked_last,2680,0.32781,0.433628,0.433628,0.018284
covalent_only_unscored_ranked_last,2690,0.329056,0.433628,0.433628,0.018216
covalent_only_unscored_ranked_last,2700,0.330302,0.433628,0.433628,0.018148
covalent_only_unscored_ranked_last,2710,0.331547,0.433628,0.433628,0.018081
covalent_only_unscored_ranked_last,2720,0.332793,0.433628,0.433628,0.018015
covalent_only_unscored_ranked_last,2730,0.334039,0.433628,0.433628,0.017949
covalent_only_unscored_ranked_last,2740,0.335285,0.433628,0.433628,0.017883
covalent_only_unscored_ranked_last,2750,0.336531,0.433628,0.433628,0.017818
covalent_only_unscored_ranked_last,2760,0.337777,0.433628,0.433628,0.017754
covalent_only_unscored_ranked_last,2770,0.338899,0.442478,0.442478,0.018051
covalent_only_unscored_ranked_last,2780,0.340145,0.442478,0.442478,0.017986
covalent_only_unscored_ranked_last,2790,0.34139,0.442478,0.442478,0.017921
covalent_only_unscored_ranked_last,2800,0.342636,0.442478,0.442478,0.017857
covalent_only_unscored_ranked_last,2810,0.343882,0.442478,0.442478,0.017794
covalent_only_unscored_ranked_last,2820,0.345128,0.442478,0.442478,0.01773
covalent_only_unscored_ranked_last,2830,0.346374,0.442478,0.442478,0.017668
covalent_only_unscored_ranked_last,2840,0.34762,0.442478,0.442478,0.017606
covalent_only_unscored_ranked_last,2850,0.348742,0.451327,0.451327,0.017895
covalent_only_unscored_ranked_last,2860,0.349988,0.451327,0.451327,0.017832
covalent_only_unscored_ranked_last,2870,0.351233,0.451327,0.451327,0.01777
covalent_only_unscored_ranked_last,2880,0.352479,0.451327,0.451327,0.017708
covalent_only_unscored_ranked_last,2890,0.353725,0.451327,0.451327,0.017647
covalent_only_unscored_ranked_last,2900,0.354971,0.451327,0.451327,0.017586
covalent_only_unscored_ranked_last,2910,0.356217,0.451327,0.451327,0.017526
covalent_only_unscored_ranked_last,2920,0.357463,0.451327,0.451327,0.017466
covalent_only_unscored_ranked_last,2930,0.358585,0.460177,0.460177,0.017747
covalent_only_unscored_ranked_last,2940,0.359831,0.460177,0.460177,0.017687
covalent_only_unscored_ranked_last,2950,0.361077,0.460177,0.460177,0.017627
covalent_only_unscored_ranked_last,2960,0.362322,0.460177,0.460177,0.017568
covalent_only_unscored_ranked_last,2970,0.363568,0.460177,0.460177,0.017508
covalent_only_unscored_ranked_last,2980,0.364814,0.460177,0.460177,0.01745
covalent_only_unscored_ranked_last,2990,0.36606,0.460177,0.460177,0.017391
covalent_only_unscored_ranked_last,3000,0.367306,0.460177,0.460177,0.017333
covalent_only_unscored_ranked_last,3010,0.368428,0.469027,0.469027,0.017608
covalent_only_unscored_ranked_last,3020,0.369674,0.469027,0.469027,0.01755
covalent_only_unscored_ranked_last,3030,0.370795,0.477876,0.477876,0.017822
covalent_only_unscored_ranked_last,3040,0.372041,0.477876,0.477876,0.017763
covalent_only_unscored_ranked_last,3050,0.373287,0.477876,0.477876,0.017705
covalent_only_unscored_ranked_last,3060,0.374533,0.477876,0.477876,0.017647
covalent_only_unscored_ranked_last,3070,0.375779,0.477876,0.477876,0.01759
covalent_only_unscored_ranked_last,3080,0.377025,0.477876,0.477876,0.017532
covalent_only_unscored_ranked_last,3090,0.378271,0.477876,0.477876,0.017476
covalent_only_unscored_ranked_last,3100,0.379517,0.477876,0.477876,0.017419
covalent_only_unscored_ranked_last,3110,0.380763,0.477876,0.477876,0.017363
covalent_only_unscored_ranked_last,3120,0.382008,0.477876,0.477876,0.017308
covalent_only_unscored_ranked_last,3130,0.383254,0.477876,0.477876,0.017252
covalent_only_unscored_ranked_last,3140,0.384376,0.486726,0.486726,0.017516
covalent_only_unscored_ranked_last,3150,0.385622,0.486726,0.486726,0.01746
covalent_only_unscored_ranked_last,3160,0.386868,0.486726,0.486726,0.017405
covalent_only_unscored_ranked_last,3170,0.388114,0.486726,0.486726,0.01735
covalent_only_unscored_ranked_last,3180,0.38936,0.486726,0.486726,0.017296
covalent_only_unscored_ranked_last,3190,0.390606,0.486726,0.486726,0.017241
covalent_only_unscored_ranked_last,3200,0.391851,0.486726,0.486726,0.017188
covalent_only_unscored_ranked_last,3210,0.393097,0.486726,0.486726,0.017134
covalent_only_unscored_ranked_last,3220,0.394343,0.486726,0.486726,0.017081
covalent_only_unscored_ranked_last,3230,0.395589,0.486726,0.486726,0.017028
covalent_only_unscored_ranked_last,3240,0.396835,0.486726,0.486726,0.016975
covalent_only_unscored_ranked_last,3250,0.398081,0.486726,0.486726,0.016923
covalent_only_unscored_ranked_last,3260,0.399327,0.486726,0.486726,0.016871
covalent_only_unscored_ranked_last,3270,0.400573,0.486726,0.486726,0.01682
covalent_only_unscored_ranked_last,3280,0.401819,0.486726,0.486726,0.016768
covalent_only_unscored_ranked_last,3290,0.403065,0.486726,0.486726,0.016717
covalent_only_unscored_ranked_last,3300,0.404186,0.495575,0.495575,0.01697
covalent_only_unscored_ranked_last,3310,0.405432,0.495575,0.495575,0.016918
covalent_only_unscored_ranked_last,3320,0.406678,0.495575,0.495575,0.016867
covalent_only_unscored_ranked_last,3330,0.407924,0.495575,0.495575,0.016817
covalent_only_unscored_ranked_last,3340,0.40917,0.495575,0.495575,0.016766
covalent_only_unscored_ranked_last,3350,0.410416,0.495575,0.495575,0.016716
covalent_only_unscored_ranked_last,3360,0.411662,0.495575,0.495575,0.016667
covalent_only_unscored_ranked_last,3370,0.412908,0.495575,0.495575,0.016617
covalent_only_unscored_ranked_last,3380,0.414029,0.504425,0.504425,0.016864
covalent_only_unscored_ranked_last,3390,0.415151,0.513274,0.513274,0.017109
covalent_only_unscored_ranked_last,3400,0.416397,0.513274,0.513274,0.017059
covalent_only_unscored_ranked_last,3410,0.417518,0.522124,0.522124,0.017302
covalent_only_unscored_ranked_last,3420,0.418764,0.522124,0.522124,0.017251
covalent_only_unscored_ranked_last,3430,0.419885,0.530973,0.530973,0.017493
covalent_only_unscored_ranked_last,3440,0.421131,0.530973,0.530973,0.017442
covalent_only_unscored_ranked_last,3450,0.422377,0.530973,0.530973,0.017391
covalent_only_unscored_ranked_last,3460,0.423623,0.530973,0.530973,0.017341
covalent_only_unscored_ranked_last,3470,0.424869,0.530973,0.530973,0.017291
covalent_only_unscored_ranked_last,3480,0.426115,0.530973,0.530973,0.017241
covalent_only_unscored_ranked_last,3490,0.427361,0.530973,0.530973,0.017192
covalent_only_unscored_ranked_last,3500,0.428607,0.530973,0.530973,0.017143
covalent_only_unscored_ranked_last,3510,0.429853,0.530973,0.530973,0.017094
covalent_only_unscored_ranked_last,3520,0.430974,0.539823,0.539823,0.01733
covalent_only_unscored_ranked_last,3530,0.43222,0.539823,0.539823,0.01728
covalent_only_unscored_ranked_last,3540,0.433466,0.539823,0.539823,0.017232
covalent_only_unscored_ranked_last,3550,0.434712,0.539823,0.539823,0.017183
covalent_only_unscored_ranked_last,3560,0.435958,0.539823,0.539823,0.017135
covalent_only_unscored_ranked_last,3570,0.437204,0.539823,0.539823,0.017087
covalent_only_unscored_ranked_last,3580,0.43845,0.539823,0.539823,0.017039
covalent_only_unscored_ranked_last,3590,0.439696,0.539823,0.539823,0.016992
covalent_only_unscored_ranked_last,3600,0.440942,0.539823,0.539823,0.016944
covalent_only_unscored_ranked_last,3610,0.442188,0.539823,0.539823,0.016898
covalent_only_unscored_ranked_last,3620,0.443434,0.539823,0.539823,0.016851
covalent_only_unscored_ranked_last,3630,0.44468,0.539823,0.539823,0.016804
covalent_only_unscored_ranked_last,3640,0.445801,0.548673,0.548673,0.017033
covalent_only_unscored_ranked_last,3650,0.446923,0.557522,0.557522,0.01726
covalent_only_unscored_ranked_last,3660,0.448168,0.557522,0.557522,0.017213
covalent_only_unscored_ranked_last,3670,0.449414,0.557522,0.557522,0.017166
covalent_only_unscored_ranked_last,3680,0.45066,0.557522,0.557522,0.01712
covalent_only_unscored_ranked_last,3690,0.451906,0.557522,0.557522,0.017073
covalent_only_unscored_ranked_last,3700,0.453152,0.557522,0.557522,0.017027
covalent_only_unscored_ranked_last,3710,0.454398,0.557522,0.557522,0.016981
covalent_only_unscored_ranked_last,3720,0.455644,0.557522,0.557522,0.016935
covalent_only_unscored_ranked_last,3730,0.45689,0.557522,0.557522,0.01689
covalent_only_unscored_ranked_last,3740,0.458136,0.557522,0.557522,0.016845
covalent_only_unscored_ranked_last,3750,0.459382,0.557522,0.557522,0.0168
covalent_only_unscored_ranked_last,3760,0.460628,0.557522,0.557522,0.016755
covalent_only_unscored_ranked_last,3770,0.461749,0.566372,0.566372,0.016976
covalent_only_unscored_ranked_last,3780,0.462995,0.566372,0.566372,0.016931
covalent_only_unscored_ranked_last,3790,0.464241,0.566372,0.566372,0.016887
covalent_only_unscored_ranked_last,3800,0.465487,0.566372,0.566372,0.016842
covalent_only_unscored_ranked_last,3810,0.466733,0.566372,0.566372,0.016798
covalent_only_unscored_ranked_last,3820,0.467979,0.566372,0.566372,0.016754
covalent_only_unscored_ranked_last,3830,0.469225,0.566372,0.566372,0.01671
covalent_only_unscored_ranked_last,3840,0.470346,0.575221,0.575221,0.016927
covalent_only_unscored_ranked_last,3850,0.471592,0.575221,0.575221,0.016883
covalent_only_unscored_ranked_last,3860,0.472838,0.575221,0.575221,0.016839
covalent_only_unscored_ranked_last,3870,0.474084,0.575221,0.575221,0.016796
covalent_only_unscored_ranked_last,3880,0.47533,0.575221,0.575221,0.016753
covalent_only_unscored_ranked_last,3890,0.476576,0.575221,0.575221,0.01671
covalent_only_unscored_ranked_last,3900,0.477822,0.575221,0.575221,0.016667
covalent_only_unscored_ranked_last,3910,0.479068,0.575221,0.575221,0.016624
covalent_only_unscored_ranked_last,3920,0.480314,0.575221,0.575221,0.016582
covalent_only_unscored_ranked_last,3930,0.48156,0.575221,0.575221,0.016539
covalent_only_unscored_ranked_last,3940,0.482806,0.575221,0.575221,0.016497
covalent_only_unscored_ranked_last,3950,0.484052,0.575221,0.575221,0.016456
covalent_only_unscored_ranked_last,3960,0.485298,0.575221,0.575221,0.016414
covalent_only_unscored_ranked_last,3970,0.486544,0.575221,0.575221,0.016373
covalent_only_unscored_ranked_last,3980,0.48779,0.575221,0.575221,0.016332
covalent_only_unscored_ranked_last,3990,0.488786,0.59292,0.59292,0.016792
covalent_only_unscored_ranked_last,4000,0.490032,0.59292,0.59292,0.01675
covalent_only_unscored_ranked_last,4010,0.491154,0.60177,0.60177,0.016958
covalent_only_unscored_ranked_last,4020,0.4924,0.60177,0.60177,0.016915
covalent_only_unscored_ranked_last,4030,0.493646,0.60177,0.60177,0.016873
covalent_only_unscored_ranked_last,4040,0.494892,0.60177,0.60177,0.016832
covalent_only_unscored_ranked_last,4050,0.496013,0.610619,0.610619,0.017037
covalent_only_unscored_ranked_last,4060,0.497259,0.610619,0.610619,0.016995
covalent_only_unscored_ranked_last,4070,0.498505,0.610619,0.610619,0.016953
covalent_only_unscored_ranked_last,4080,0.499751,0.610619,0.610619,0.016912
covalent_only_unscored_ranked_last,4090,0.500997,0.610619,0.610619,0.01687
covalent_only_unscored_ranked_last,4100,0.502243,0.610619,0.610619,0.016829
covalent_only_unscored_ranked_last,4110,0.503489,0.610619,0.610619,0.016788
covalent_only_unscored_ranked_last,4120,0.504735,0.610619,0.610619,0.016748
covalent_only_unscored_ranked_last,4130,0.505981,0.610619,0.610619,0.016707
covalent_only_unscored_ranked_last,4140,0.507227,0.610619,0.610619,0.016667
covalent_only_unscored_ranked_last,4150,0.508348,0.619469,0.619469,0.016867
covalent_only_unscored_ranked_last,4160,0.509594,0.619469,0.619469,0.016827
covalent_only_unscored_ranked_last,4170,0.51084,0.619469,0.619469,0.016787
covalent_only_unscored_ranked_last,4180,0.512086,0.619469,0.619469,0.016746
covalent_only_unscored_ranked_last,4190,0.513332,0.619469,0.619469,0.016706
covalent_only_unscored_ranked_last,4200,0.514578,0.619469,0.619469,0.016667
covalent_only_unscored_ranked_last,4210,0.515699,0.628319,0.628319,0.016865
covalent_only_unscored_ranked_last,4220,0.516945,0.628319,0.628319,0.016825
covalent_only_unscored_ranked_last,4230,0.518191,0.628319,0.628319,0.016785
covalent_only_unscored_ranked_last,4240,0.519437,0.628319,0.628319,0.016745
covalent_only_unscored_ranked_last,4250,0.520558,0.637168,0.637168,0.016941
covalent_only_unscored_ranked_last,4260,0.521804,0.637168,0.637168,0.016901
covalent_only_unscored_ranked_last,4270,0.52305,0.637168,0.637168,0.016862
covalent_only_unscored_ranked_last,4280,0.524296,0.637168,0.637168,0.016822
covalent_only_unscored_ranked_last,4290,0.525542,0.637168,0.637168,0.016783
covalent_only_unscored_ranked_last,4300,0.526788,0.637168,0.637168,0.016744
covalent_only_unscored_ranked_last,4310,0.528034,0.637168,0.637168,0.016705
covalent_only_unscored_ranked_last,4320,0.52928,0.637168,0.637168,0.016667
covalent_only_unscored_ranked_last,4330,0.530526,0.637168,0.637168,0.016628
covalent_only_unscored_ranked_last,4340,0.531772,0.637168,0.637168,0.01659
covalent_only_unscored_ranked_last,4350,0.533018,0.637168,0.637168,0.016552
covalent_only_unscored_ranked_last,4360,0.534264,0.637168,0.637168,0.016514
covalent_only_unscored_ranked_last,4370,0.53551,0.637168,0.637168,0.016476
covalent_only_unscored_ranked_last,4380,0.536756,0.637168,0.637168,0.016438
covalent_only_unscored_ranked_last,4390,0.538001,0.637168,0.637168,0.016401
covalent_only_unscored_ranked_last,4400,0.539123,0.646018,0.646018,0.016591
covalent_only_unscored_ranked_last,4410,0.540369,0.646018,0.646018,0.016553
covalent_only_unscored_ranked_last,4420,0.541615,0.646018,0.646018,0.016516
covalent_only_unscored_ranked_last,4430,0.542861,0.646018,0.646018,0.016479
covalent_only_unscored_ranked_last,4440,0.544107,0.646018,0.646018,0.016441
covalent_only_unscored_ranked_last,4450,0.545353,0.646018,0.646018,0.016404
covalent_only_unscored_ranked_last,4460,0.546599,0.646018,0.646018,0.016368
covalent_only_unscored_ranked_last,4470,0.547845,0.646018,0.646018,0.016331
covalent_only_unscored_ranked_last,4480,0.54909,0.646018,0.646018,0.016295
covalent_only_unscored_ranked_last,4490,0.550336,0.646018,0.646018,0.016258
covalent_only_unscored_ranked_last,4500,0.551582,0.646018,0.646018,0.016222
covalent_only_unscored_ranked_last,4510,0.552828,0.646018,0.646018,0.016186
covalent_only_unscored_ranked_last,4520,0.554074,0.646018,0.646018,0.01615
covalent_only_unscored_ranked_last,4530,0.55532,0.646018,0.646018,0.016115
covalent_only_unscored_ranked_last,4540,0.556566,0.646018,0.646018,0.016079
covalent_only_unscored_ranked_last,4550,0.557812,0.646018,0.646018,0.016044
covalent_only_unscored_ranked_last,4560,0.559058,0.646018,0.646018,0.016009
covalent_only_unscored_ranked_last,4570,0.560304,0.646018,0.646018,0.015974
covalent_only_unscored_ranked_last,4580,0.56155,0.646018,0.646018,0.015939
covalent_only_unscored_ranked_last,4590,0.562796,0.646018,0.646018,0.015904
covalent_only_unscored_ranked_last,4600,0.564042,0.646018,0.646018,0.01587
covalent_only_unscored_ranked_last,4610,0.565288,0.646018,0.646018,0.015835
covalent_only_unscored_ranked_last,4620,0.566534,0.646018,0.646018,0.015801
covalent_only_unscored_ranked_last,4630,0.567655,0.654867,0.654867,0.015983
covalent_only_unscored_ranked_last,4640,0.568901,0.654867,0.654867,0.015948
covalent_only_unscored_ranked_last,4650,0.570022,0.663717,0.663717,0.016129
covalent_only_unscored_ranked_last,4660,0.571268,0.663717,0.663717,0.016094
covalent_only_unscored_ranked_last,4670,0.572514,0.663717,0.663717,0.01606
covalent_only_unscored_ranked_last,4680,0.57376,0.663717,0.663717,0.016026
covalent_only_unscored_ranked_last,4690,0.575006,0.663717,0.663717,0.015991
covalent_only_unscored_ranked_last,4700,0.576252,0.663717,0.663717,0.015957
covalent_only_unscored_ranked_last,4710,0.577498,0.663717,0.663717,0.015924
covalent_only_unscored_ranked_last,4720,0.578744,0.663717,0.663717,0.01589
covalent_only_unscored_ranked_last,4730,0.579865,0.672566,0.672566,0.016068
covalent_only_unscored_ranked_last,4740,0.581111,0.672566,0.672566,0.016034
covalent_only_unscored_ranked_last,4750,0.582233,0.681416,0.681416,0.016211
covalent_only_unscored_ranked_last,4760,0.583479,0.681416,0.681416,0.016176
covalent_only_unscored_ranked_last,4770,0.584725,0.681416,0.681416,0.016143
covalent_only_unscored_ranked_last,4780,0.585971,0.681416,0.681416,0.016109
covalent_only_unscored_ranked_last,4790,0.587217,0.681416,0.681416,0.016075
covalent_only_unscored_ranked_last,4800,0.588338,0.690265,0.690265,0.01625
covalent_only_unscored_ranked_last,4810,0.589584,0.690265,0.690265,0.016216
covalent_only_unscored_ranked_last,4820,0.59083,0.690265,0.690265,0.016183
covalent_only_unscored_ranked_last,4830,0.592076,0.690265,0.690265,0.016149
covalent_only_unscored_ranked_last,4840,0.593322,0.690265,0.690265,0.016116
covalent_only_unscored_ranked_last,4850,0.594568,0.690265,0.690265,0.016082
covalent_only_unscored_ranked_last,4860,0.595814,0.690265,0.690265,0.016049
covalent_only_unscored_ranked_last,4870,0.59706,0.690265,0.690265,0.016016
covalent_only_unscored_ranked_last,4880,0.598306,0.690265,0.690265,0.015984
covalent_only_unscored_ranked_last,4890,0.599551,0.690265,0.690265,0.015951
covalent_only_unscored_ranked_last,4900,0.600797,0.690265,0.690265,0.015918
covalent_only_unscored_ranked_last,4910,0.602043,0.690265,0.690265,0.015886
covalent_only_unscored_ranked_last,4920,0.603289,0.690265,0.690265,0.015854
covalent_only_unscored_ranked_last,4930,0.604535,0.690265,0.690265,0.015822
covalent_only_unscored_ranked_last,4940,0.605781,0.690265,0.690265,0.015789
covalent_only_unscored_ranked_last,4950,0.607027,0.690265,0.690265,0.015758
covalent_only_unscored_ranked_last,4960,0.608273,0.690265,0.690265,0.015726
covalent_only_unscored_ranked_last,4970,0.609394,0.699115,0.699115,0.015895
covalent_only_unscored_ranked_last,4980,0.61064,0.699115,0.699115,0.015863
covalent_only_unscored_ranked_last,4990,0.611886,0.699115,0.699115,0.015832
covalent_only_unscored_ranked_last,5000,0.613132,0.699115,0.699115,0.0158
covalent_only_unscored_ranked_last,5010,0.614378,0.699115,0.699115,0.015768
covalent_only_unscored_ranked_last,5020,0.615624,0.699115,0.699115,0.015737
covalent_only_unscored_ranked_last,5030,0.61687,0.699115,0.699115,0.015706
covalent_only_unscored_ranked_last,5040,0.618116,0.699115,0.699115,0.015675
covalent_only_unscored_ranked_last,5050,0.619362,0.699115,0.699115,0.015644
covalent_only_unscored_ranked_last,5060,0.620608,0.699115,0.699115,0.015613
covalent_only_unscored_ranked_last,5070,0.621729,0.707965,0.707965,0.015779
covalent_only_unscored_ranked_last,5080,0.622975,0.707965,0.707965,0.015748
covalent_only_unscored_ranked_last,5090,0.624221,0.707965,0.707965,0.015717
covalent_only_unscored_ranked_last,5100,0.625467,0.707965,0.707965,0.015686
covalent_only_unscored_ranked_last,5110,0.626713,0.707965,0.707965,0.015656
covalent_only_unscored_ranked_last,5120,0.627959,0.707965,0.707965,0.015625
covalent_only_unscored_ranked_last,5130,0.629205,0.707965,0.707965,0.015595
covalent_only_unscored_ranked_last,5140,0.630451,0.707965,0.707965,0.015564
covalent_only_unscored_ranked_last,5150,0.631697,0.707965,0.707965,0.015534
covalent_only_unscored_ranked_last,5160,0.632943,0.707965,0.707965,0.015504
covalent_only_unscored_ranked_last,5170,0.634189,0.707965,0.707965,0.015474
covalent_only_unscored_ranked_last,5180,0.635435,0.707965,0.707965,0.015444
covalent_only_unscored_ranked_last,5190,0.636681,0.707965,0.707965,0.015414
covalent_only_unscored_ranked_last,5200,0.637927,0.707965,0.707965,0.015385
covalent_only_unscored_ranked_last,5210,0.639173,0.707965,0.707965,0.015355
covalent_only_unscored_ranked_last,5220,0.640419,0.707965,0.707965,0.015326
covalent_only_unscored_ranked_last,5230,0.641665,0.707965,0.707965,0.015296
covalent_only_unscored_ranked_last,5240,0.642911,0.707965,0.707965,0.015267
covalent_only_unscored_ranked_last,5250,0.644156,0.707965,0.707965,0.015238
covalent_only_unscored_ranked_last,5260,0.645278,0.716814,0.716814,0.015399
covalent_only_unscored_ranked_last,5270,0.646524,0.716814,0.716814,0.01537
covalent_only_unscored_ranked_last,5280,0.64777,0.716814,0.716814,0.015341
covalent_only_unscored_ranked_last,5290,0.649016,0.716814,0.716814,0.015312
covalent_only_unscored_ranked_last,5300,0.650262,0.716814,0.716814,0.015283
covalent_only_unscored_ranked_last,5310,0.651508,0.716814,0.716814,0.015254
covalent_only_unscored_ranked_last,5320,0.652629,0.725664,0.725664,0.015414
covalent_only_unscored_ranked_last,5330,0.653875,0.725664,0.725664,0.015385
covalent_only_unscored_ranked_last,5340,0.655121,0.725664,0.725664,0.015356
covalent_only_unscored_ranked_last,5350,0.656242,0.734513,0.734513,0.015514
covalent_only_unscored_ranked_last,5360,0.657488,0.734513,0.734513,0.015485
covalent_only_unscored_ranked_last,5370,0.658734,0.734513,0.734513,0.015456
covalent_only_unscored_ranked_last,5380,0.659855,0.743363,0.743363,0.015613
covalent_only_unscored_ranked_last,5390,0.661101,0.743363,0.743363,0.015584
covalent_only_unscored_ranked_last,5400,0.662347,0.743363,0.743363,0.015556
covalent_only_unscored_ranked_last,5410,0.663593,0.743363,0.743363,0.015527
covalent_only_unscored_ranked_last,5420,0.664715,0.752212,0.752212,0.015683
covalent_only_unscored_ranked_last,5430,0.665961,0.752212,0.752212,0.015654
covalent_only_unscored_ranked_last,5440,0.667207,0.752212,0.752212,0.015625
covalent_only_unscored_ranked_last,5450,0.668453,0.752212,0.752212,0.015596
covalent_only_unscored_ranked_last,5460,0.669698,0.752212,0.752212,0.015568
covalent_only_unscored_ranked_last,5470,0.670944,0.752212,0.752212,0.015539
covalent_only_unscored_ranked_last,5480,0.672066,0.761062,0.761062,0.015693
covalent_only_unscored_ranked_last,5490,0.673187,0.769912,0.769912,0.015847
covalent_only_unscored_ranked_last,5500,0.674433,0.769912,0.769912,0.015818
covalent_only_unscored_ranked_last,5510,0.675679,0.769912,0.769912,0.015789
covalent_only_unscored_ranked_last,5520,0.676925,0.769912,0.769912,0.015761
covalent_only_unscored_ranked_last,5530,0.678171,0.769912,0.769912,0.015732
covalent_only_unscored_ranked_last,5540,0.679417,0.769912,0.769912,0.015704
covalent_only_unscored_ranked_last,5550,0.680663,0.769912,0.769912,0.015676
covalent_only_unscored_ranked_last,5560,0.681909,0.769912,0.769912,0.015647
covalent_only_unscored_ranked_last,5570,0.683155,0.769912,0.769912,0.015619
covalent_only_unscored_ranked_last,5580,0.684401,0.769912,0.769912,0.015591
covalent_only_unscored_ranked_last,5590,0.685647,0.769912,0.769912,0.015564
covalent_only_unscored_ranked_last,5600,0.686893,0.769912,0.769912,0.015536
covalent_only_unscored_ranked_last,5610,0.688139,0.769912,0.769912,0.015508
covalent_only_unscored_ranked_last,5620,0.689385,0.769912,0.769912,0.01548
covalent_only_unscored_ranked_last,5630,0.69063,0.769912,0.769912,0.015453
covalent_only_unscored_ranked_last,5640,0.691876,0.769912,0.769912,0.015426
covalent_only_unscored_ranked_last,5650,0.693122,0.769912,0.769912,0.015398
covalent_only_unscored_ranked_last,5660,0.694244,0.778761,0.778761,0.015548
covalent_only_unscored_ranked_last,5670,0.69549,0.778761,0.778761,0.01552
covalent_only_unscored_ranked_last,5680,0.696736,0.778761,0.778761,0.015493
covalent_only_unscored_ranked_last,5690,0.697982,0.778761,0.778761,0.015466
covalent_only_unscored_ranked_last,5700,0.699228,0.778761,0.778761,0.015439
covalent_only_unscored_ranked_last,5710,0.700473,0.778761,0.778761,0.015412
covalent_only_unscored_ranked_last,5720,0.701719,0.778761,0.778761,0.015385
covalent_only_unscored_ranked_last,5730,0.702965,0.778761,0.778761,0.015358
covalent_only_unscored_ranked_last,5740,0.704211,0.778761,0.778761,0.015331
covalent_only_unscored_ranked_last,5750,0.705457,0.778761,0.778761,0.015304
covalent_only_unscored_ranked_last,5760,0.706703,0.778761,0.778761,0.015278
covalent_only_unscored_ranked_last,5770,0.707949,0.778761,0.778761,0.015251
covalent_only_unscored_ranked_last,5780,0.709195,0.778761,0.778761,0.015225
covalent_only_unscored_ranked_last,5790,0.710441,0.778761,0.778761,0.015199
covalent_only_unscored_ranked_last,5800,0.711687,0.778761,0.778761,0.015172
covalent_only_unscored_ranked_last,5810,0.712808,0.787611,0.787611,0.015318
covalent_only_unscored_ranked_last,5820,0.71393,0.79646,0.79646,0.015464
covalent_only_unscored_ranked_last,5830,0.715176,0.79646,0.79646,0.015437
covalent_only_unscored_ranked_last,5840,0.716422,0.79646,0.79646,0.015411
covalent_only_unscored_ranked_last,5850,0.717668,0.79646,0.79646,0.015385
covalent_only_unscored_ranked_last,5860,0.718914,0.79646,0.79646,0.015358
covalent_only_unscored_ranked_last,5870,0.720159,0.79646,0.79646,0.015332
covalent_only_unscored_ranked_last,5880,0.721405,0.79646,0.79646,0.015306
covalent_only_unscored_ranked_last,5890,0.722651,0.79646,0.79646,0.01528
covalent_only_unscored_ranked_last,5900,0.723897,0.79646,0.79646,0.015254
covalent_only_unscored_ranked_last,5910,0.725143,0.79646,0.79646,0.015228
covalent_only_unscored_ranked_last,5920,0.726389,0.79646,0.79646,0.015203
covalent_only_unscored_ranked_last,5930,0.727635,0.79646,0.79646,0.015177
covalent_only_unscored_ranked_last,5940,0.728881,0.79646,0.79646,0.015152
covalent_only_unscored_ranked_last,5950,0.730127,0.79646,0.79646,0.015126
covalent_only_unscored_ranked_last,5960,0.731248,0.80531,0.80531,0.015268
covalent_only_unscored_ranked_last,5970,0.732494,0.80531,0.80531,0.015243
covalent_only_unscored_ranked_last,5980,0.73374,0.80531,0.80531,0.015217
covalent_only_unscored_ranked_last,5990,0.734986,0.80531,0.80531,0.015192
covalent_only_unscored_ranked_last,6000,0.736108,0.814159,0.814159,0.015333
covalent_only_unscored_ranked_last,6010,0.737354,0.814159,0.814159,0.015308
covalent_only_unscored_ranked_last,6020,0.7386,0.814159,0.814159,0.015282
covalent_only_unscored_ranked_last,6030,0.739846,0.814159,0.814159,0.015257
covalent_only_unscored_ranked_last,6040,0.741091,0.814159,0.814159,0.015232
covalent_only_unscored_ranked_last,6050,0.742337,0.814159,0.814159,0.015207
covalent_only_unscored_ranked_last,6060,0.743583,0.814159,0.814159,0.015182
covalent_only_unscored_ranked_last,6070,0.744829,0.814159,0.814159,0.015157
covalent_only_unscored_ranked_last,6080,0.746075,0.814159,0.814159,0.015132
covalent_only_unscored_ranked_last,6090,0.747321,0.814159,0.814159,0.015107
covalent_only_unscored_ranked_last,6100,0.748567,0.814159,0.814159,0.015082
covalent_only_unscored_ranked_last,6110,0.749813,0.814159,0.814159,0.015057
covalent_only_unscored_ranked_last,6120,0.751059,0.814159,0.814159,0.015033
covalent_only_unscored_ranked_last,6130,0.752305,0.814159,0.814159,0.015008
covalent_only_unscored_ranked_last,6140,0.753551,0.814159,0.814159,0.014984
covalent_only_unscored_ranked_last,6150,0.754797,0.814159,0.814159,0.014959
covalent_only_unscored_ranked_last,6160,0.755918,0.823009,0.823009,0.015097
covalent_only_unscored_ranked_last,6170,0.757164,0.823009,0.823009,0.015073
covalent_only_unscored_ranked_last,6180,0.75841,0.823009,0.823009,0.015049
covalent_only_unscored_ranked_last,6190,0.759656,0.823009,0.823009,0.015024
covalent_only_unscored_ranked_last,6200,0.760902,0.823009,0.823009,0.015
covalent_only_unscored_ranked_last,6210,0.762148,0.823009,0.823009,0.014976
covalent_only_unscored_ranked_last,6220,0.763394,0.823009,0.823009,0.014952
covalent_only_unscored_ranked_last,6230,0.76464,0.823009,0.823009,0.014928
covalent_only_unscored_ranked_last,6240,0.765886,0.823009,0.823009,0.014904
covalent_only_unscored_ranked_last,6250,0.767132,0.823009,0.823009,0.01488
covalent_only_unscored_ranked_last,6260,0.768378,0.823009,0.823009,0.014856
covalent_only_unscored_ranked_last,6270,0.769624,0.823009,0.823009,0.014833
covalent_only_unscored_ranked_last,6280,0.77087,0.823009,0.823009,0.014809
covalent_only_unscored_ranked_last,6290,0.772116,0.823009,0.823009,0.014785
covalent_only_unscored_ranked_last,6300,0.773362,0.823009,0.823009,0.014762
covalent_only_unscored_ranked_last,6310,0.774608,0.823009,0.823009,0.014739
covalent_only_unscored_ranked_last,6320,0.775853,0.823009,0.823009,0.014715
covalent_only_unscored_ranked_last,6330,0.777099,0.823009,0.823009,0.014692
covalent_only_unscored_ranked_last,6340,0.778345,0.823009,0.823009,0.014669
covalent_only_unscored_ranked_last,6350,0.779591,0.823009,0.823009,0.014646
covalent_only_unscored_ranked_last,6360,0.780713,0.831858,0.831858,0.01478
covalent_only_unscored_ranked_last,6370,0.781959,0.831858,0.831858,0.014757
covalent_only_unscored_ranked_last,6380,0.783205,0.831858,0.831858,0.014734
covalent_only_unscored_ranked_last,6390,0.784451,0.831858,0.831858,0.01471
covalent_only_unscored_ranked_last,6400,0.785696,0.831858,0.831858,0.014687
covalent_only_unscored_ranked_last,6410,0.786942,0.831858,0.831858,0.014665
covalent_only_unscored_ranked_last,6420,0.788188,0.831858,0.831858,0.014642
covalent_only_unscored_ranked_last,6430,0.789434,0.831858,0.831858,0.014619
covalent_only_unscored_ranked_last,6440,0.79068,0.831858,0.831858,0.014596
covalent_only_unscored_ranked_last,6450,0.791926,0.831858,0.831858,0.014574
covalent_only_unscored_ranked_last,6460,0.793172,0.831858,0.831858,0.014551
covalent_only_unscored_ranked_last,6470,0.794418,0.831858,0.831858,0.014529
covalent_only_unscored_ranked_last,6480,0.795664,0.831858,0.831858,0.014506
covalent_only_unscored_ranked_last,6490,0.796785,0.840708,0.840708,0.014638
covalent_only_unscored_ranked_last,6500,0.798031,0.840708,0.840708,0.014615
covalent_only_unscored_ranked_last,6510,0.799277,0.840708,0.840708,0.014593
covalent_only_unscored_ranked_last,6520,0.800523,0.840708,0.840708,0.014571
covalent_only_unscored_ranked_last,6530,0.801645,0.849558,0.849558,0.014701
covalent_only_unscored_ranked_last,6540,0.802891,0.849558,0.849558,0.014679
covalent_only_unscored_ranked_last,6550,0.804137,0.849558,0.849558,0.014656
covalent_only_unscored_ranked_last,6560,0.805383,0.849558,0.849558,0.014634
covalent_only_unscored_ranked_last,6570,0.806628,0.849558,0.849558,0.014612
covalent_only_unscored_ranked_last,6580,0.80775,0.858407,0.858407,0.014742
covalent_only_unscored_ranked_last,6590,0.808996,0.858407,0.858407,0.014719
covalent_only_unscored_ranked_last,6600,0.810242,0.858407,0.858407,0.014697
covalent_only_unscored_ranked_last,6610,0.811488,0.858407,0.858407,0.014675
covalent_only_unscored_ranked_last,6620,0.812734,0.858407,0.858407,0.014653
covalent_only_unscored_ranked_last,6630,0.81398,0.858407,0.858407,0.01463
covalent_only_unscored_ranked_last,6640,0.815226,0.858407,0.858407,0.014608
covalent_only_unscored_ranked_last,6650,0.816471,0.858407,0.858407,0.014586
covalent_only_unscored_ranked_last,6660,0.817717,0.858407,0.858407,0.014565
covalent_only_unscored_ranked_last,6670,0.818963,0.858407,0.858407,0.014543
covalent_only_unscored_ranked_last,6680,0.820085,0.867257,0.867257,0.014671
covalent_only_unscored_ranked_last,6690,0.821331,0.867257,0.867257,0.014649
covalent_only_unscored_ranked_last,6700,0.822577,0.867257,0.867257,0.014627
covalent_only_unscored_ranked_last,6710,0.823823,0.867257,0.867257,0.014605
covalent_only_unscored_ranked_last,6720,0.825069,0.867257,0.867257,0.014583
covalent_only_unscored_ranked_last,6730,0.82619,0.876106,0.876106,0.01471
covalent_only_unscored_ranked_last,6740,0.827436,0.876106,0.876106,0.014688
covalent_only_unscored_ranked_last,6750,0.828682,0.876106,0.876106,0.014667
covalent_only_unscored_ranked_last,6760,0.829928,0.876106,0.876106,0.014645
covalent_only_unscored_ranked_last,6770,0.831174,0.876106,0.876106,0.014623
covalent_only_unscored_ranked_last,6780,0.832295,0.884956,0.884956,0.014749
covalent_only_unscored_ranked_last,6790,0.833541,0.884956,0.884956,0.014728
covalent_only_unscored_ranked_last,6800,0.834787,0.884956,0.884956,0.014706
covalent_only_unscored_ranked_last,6810,0.834787,0.973451,0.973451,0.016153
covalent_only_unscored_ranked_last,6820,0.835659,1.0,1.0,0.016569
covalent_only_unscored_ranked_last,6830,0.836905,1.0,1.0,0.016545
covalent_only_unscored_ranked_last,6840,0.838151,1.0,1.0,0.01652
covalent_only_unscored_ranked_last,6850,0.839397,1.0,1.0,0.016496
covalent_only_unscored_ranked_last,6860,0.840643,1.0,1.0,0.016472
covalent_only_unscored_ranked_last,6870,0.841889,1.0,1.0,0.016448
covalent_only_unscored_ranked_last,6880,0.843135,1.0,1.0,0.016424
covalent_only_unscored_ranked_last,6890,0.844381,1.0,1.0,0.016401
covalent_only_unscored_ranked_last,6900,0.845627,1.0,1.0,0.016377
covalent_only_unscored_ranked_last,6910,0.846873,1.0,1.0,0.016353
covalent_only_unscored_ranked_last,6920,0.848119,1.0,1.0,0.016329
covalent_only_unscored_ranked_last,6930,0.849365,1.0,1.0,0.016306
covalent_only_unscored_ranked_last,6940,0.850611,1.0,1.0,0.016282
covalent_only_unscored_ranked_last,6950,0.851856,1.0,1.0,0.016259
covalent_only_unscored_ranked_last,6960,0.853102,1.0,1.0,0.016236
covalent_only_unscored_ranked_last,6970,0.854348,1.0,1.0,0.016212
covalent_only_unscored_ranked_last,6980,0.855594,1.0,1.0,0.016189
covalent_only_unscored_ranked_last,6990,0.85684,1.0,1.0,0.016166
covalent_only_unscored_ranked_last,7000,0.858086,1.0,1.0,0.016143
covalent_only_unscored_ranked_last,7010,0.859332,1.0,1.0,0.01612
covalent_only_unscored_ranked_last,7020,0.860578,1.0,1.0,0.016097
covalent_only_unscored_ranked_last,7030,0.861824,1.0,1.0,0.016074
covalent_only_unscored_ranked_last,7040,0.86307,1.0,1.0,0.016051
covalent_only_unscored_ranked_last,7050,0.864316,1.0,1.0,0.016028
covalent_only_unscored_ranked_last,7060,0.865562,1.0,1.0,0.016006
covalent_only_unscored_ranked_last,7070,0.866808,1.0,1.0,0.015983
covalent_only_unscored_ranked_last,7080,0.868054,1.0,1.0,0.01596
covalent_only_unscored_ranked_last,7090,0.8693,1.0,1.0,0.015938
covalent_only_unscored_ranked_last,7100,0.870546,1.0,1.0,0.015915
covalent_only_unscored_ranked_last,7110,0.871792,1.0,1.0,0.015893
covalent_only_unscored_ranked_last,7120,0.873038,1.0,1.0,0.015871
covalent_only_unscored_ranked_last,7130,0.874284,1.0,1.0,0.015849
covalent_only_unscored_ranked_last,7140,0.87553,1.0,1.0,0.015826
covalent_only_unscored_ranked_last,7150,0.876775,1.0,1.0,0.015804
covalent_only_unscored_ranked_last,7160,0.878021,1.0,1.0,0.015782
covalent_only_unscored_ranked_last,7170,0.879267,1.0,1.0,0.01576
covalent_only_unscored_ranked_last,7180,0.880513,1.0,1.0,0.015738
covalent_only_unscored_ranked_last,7190,0.881759,1.0,1.0,0.015716
covalent_only_unscored_ranked_last,7200,0.883005,1.0,1.0,0.015694
covalent_only_unscored_ranked_last,7210,0.884251,1.0,1.0,0.015673
covalent_only_unscored_ranked_last,7220,0.885497,1.0,1.0,0.015651
covalent_only_unscored_ranked_last,7230,0.886743,1.0,1.0,0.015629
covalent_only_unscored_ranked_last,7240,0.887989,1.0,1.0,0.015608
covalent_only_unscored_ranked_last,7250,0.889235,1.0,1.0,0.015586
covalent_only_unscored_ranked_last,7260,0.890481,1.0,1.0,0.015565
covalent_only_unscored_ranked_last,7270,0.891727,1.0,1.0,0.015543
covalent_only_unscored_ranked_last,7280,0.892973,1.0,1.0,0.015522
covalent_only_unscored_ranked_last,7290,0.894219,1.0,1.0,0.015501
covalent_only_unscored_ranked_last,7300,0.895465,1.0,1.0,0.015479
covalent_only_unscored_ranked_last,7310,0.896711,1.0,1.0,0.015458
covalent_only_unscored_ranked_last,7320,0.897957,1.0,1.0,0.015437
covalent_only_unscored_ranked_last,7330,0.899203,1.0,1.0,0.015416
covalent_only_unscored_ranked_last,7340,0.900449,1.0,1.0,0.015395
covalent_only_unscored_ranked_last,7350,0.901694,1.0,1.0,0.015374
covalent_only_unscored_ranked_last,7360,0.90294,1.0,1.0,0.015353
covalent_only_unscored_ranked_last,7370,0.904186,1.0,1.0,0.015332
covalent_only_unscored_ranked_last,7380,0.905432,1.0,1.0,0.015312
covalent_only_unscored_ranked_last,7390,0.906678,1.0,1.0,0.015291
covalent_only_unscored_ranked_last,7400,0.907924,1.0,1.0,0.01527
covalent_only_unscored_ranked_last,7410,0.90917,1.0,1.0,0.01525
covalent_only_unscored_ranked_last,7420,0.910416,1.0,1.0,0.015229
covalent_only_unscored_ranked_last,7430,0.911662,1.0,1.0,0.015209
covalent_only_unscored_ranked_last,7440,0.912908,1.0,1.0,0.015188
covalent_only_unscored_ranked_last,7450,0.914154,1.0,1.0,0.015168
covalent_only_unscored_ranked_last,7460,0.9154,1.0,1.0,0.015147
covalent_only_unscored_ranked_last,7470,0.916646,1.0,1.0,0.015127
covalent_only_unscored_ranked_last,7480,0.917892,1.0,1.0,0.015107
covalent_only_unscored_ranked_last,7490,0.919138,1.0,1.0,0.015087
covalent_only_unscored_ranked_last,7500,0.920384,1.0,1.0,0.015067
covalent_only_unscored_ranked_last,7510,0.92163,1.0,1.0,0.015047
covalent_only_unscored_ranked_last,7520,0.922876,1.0,1.0,0.015027
covalent_only_unscored_ranked_last,7530,0.924122,1.0,1.0,0.015007
covalent_only_unscored_ranked_last,7540,0.925368,1.0,1.0,0.014987
covalent_only_unscored_ranked_last,7550,0.926614,1.0,1.0,0.014967
covalent_only_unscored_ranked_last,7560,0.927859,1.0,1.0,0.014947
covalent_only_unscored_ranked_last,7570,0.929105,1.0,1.0,0.014927
covalent_only_unscored_ranked_last,7580,0.930351,1.0,1.0,0.014908
covalent_only_unscored_ranked_last,7590,0.931597,1.0,1.0,0.014888
covalent_only_unscored_ranked_last,7600,0.932843,1.0,1.0,0.014868
covalent_only_unscored_ranked_last,7610,0.934089,1.0,1.0,0.014849
covalent_only_unscored_ranked_last,7620,0.935335,1.0,1.0,0.014829
covalent_only_unscored_ranked_last,7630,0.936581,1.0,1.0,0.01481
covalent_only_unscored_ranked_last,7640,0.937827,1.0,1.0,0.014791
covalent_only_unscored_ranked_last,7650,0.939073,1.0,1.0,0.014771
covalent_only_unscored_ranked_last,7660,0.940319,1.0,1.0,0.014752
covalent_only_unscored_ranked_last,7670,0.941565,1.0,1.0,0.014733
covalent_only_unscored_ranked_last,7680,0.942811,1.0,1.0,0.014714
covalent_only_unscored_ranked_last,7690,0.944057,1.0,1.0,0.014694
covalent_only_unscored_ranked_last,7700,0.945303,1.0,1.0,0.014675
covalent_only_unscored_ranked_last,7710,0.946549,1.0,1.0,0.014656
covalent_only_unscored_ranked_last,7720,0.947795,1.0,1.0,0.014637
covalent_only_unscored_ranked_last,7730,0.949041,1.0,1.0,0.014618
covalent_only_unscored_ranked_last,7740,0.950287,1.0,1.0,0.014599
covalent_only_unscored_ranked_last,7750,0.951533,1.0,1.0,0.014581
covalent_only_unscored_ranked_last,7760,0.952778,1.0,1.0,0.014562
covalent_only_unscored_ranked_last,7770,0.954024,1.0,1.0,0.014543
covalent_only_unscored_ranked_last,7780,0.95527,1.0,1.0,0.014524
covalent_only_unscored_ranked_last,7790,0.956516,1.0,1.0,0.014506
covalent_only_unscored_ranked_last,7800,0.957762,1.0,1.0,0.014487
covalent_only_unscored_ranked_last,7810,0.959008,1.0,1.0,0.014469
covalent_only_unscored_ranked_last,7820,0.960254,1.0,1.0,0.01445
covalent_only_unscored_ranked_last,7830,0.9615,1.0,1.0,0.014432
covalent_only_unscored_ranked_last,7840,0.962746,1.0,1.0,0.014413
covalent_only_unscored_ranked_last,7850,0.963992,1.0,1.0,0.014395
covalent_only_unscored_ranked_last,7860,0.965238,1.0,1.0,0.014377
covalent_only_unscored_ranked_last,7870,0.966484,1.0,1.0,0.014358
covalent_only_unscored_ranked_last,7880,0.96773,1.0,1.0,0.01434
covalent_only_unscored_ranked_last,7890,0.968976,1.0,1.0,0.014322
covalent_only_unscored_ranked_last,7900,0.970222,1.0,1.0,0.014304
covalent_only_unscored_ranked_last,7910,0.971468,1.0,1.0,0.014286
covalent_only_unscored_ranked_last,7920,0.972714,1.0,1.0,0.014268
covalent_only_unscored_ranked_last,7930,0.97396,1.0,1.0,0.01425
covalent_only_unscored_ranked_last,7940,0.975206,1.0,1.0,0.014232
covalent_only_unscored_ranked_last,7950,0.976452,1.0,1.0,0.014214
covalent_only_unscored_ranked_last,7960,0.977697,1.0,1.0,0.014196
covalent_only_unscored_ranked_last,7970,0.978943,1.0,1.0,0.014178
covalent_only_unscored_ranked_last,7980,0.980189,1.0,1.0,0.01416
covalent_only_unscored_ranked_last,7990,0.981435,1.0,1.0,0.014143
covalent_only_unscored_ranked_last,8000,0.982681,1.0,1.0,0.014125
covalent_only_unscored_ranked_last,8010,0.983927,1.0,1.0,0.014107
covalent_only_unscored_ranked_last,8020,0.985173,1.0,1.0,0.01409
covalent_only_unscored_ranked_last,8030,0.986419,1.0,1.0,0.014072
covalent_only_unscored_ranked_last,8040,0.987665,1.0,1.0,0.014055
covalent_only_unscored_ranked_last,8050,0.988911,1.0,1.0,0.014037
covalent_only_unscored_ranked_last,8060,0.990157,1.0,1.0,0.01402
covalent_only_unscored_ranked_last,8070,0.991403,1.0,1.0,0.014002
covalent_only_unscored_ranked_last,8080,0.992649,1.0,1.0,0.013985
covalent_only_unscored_ranked_last,8090,0.993895,1.0,1.0,0.013968
covalent_only_unscored_ranked_last,8100,0.995141,1.0,1.0,0.013951
covalent_only_unscored_ranked_last,8110,0.996387,1.0,1.0,0.013933
covalent_only_unscored_ranked_last,8120,0.997633,1.0,1.0,0.013916
covalent_only_unscored_ranked_last,8130,0.998879,1.0,1.0,0.013899
covalent_only_unscored_ranked_last,8139,1.0,1.0,1.0,0.013884
