id,label,cls,score,stage
CHEMBL5437384,1,covalent,-4.63021173419151,HTVS
CHEMBL5398692,1,covalent,-6.63342222135251,SP
CHEMBL1215628,1,covalent,-4.67507936889076,HTVS
CHEMBL4226307,1,covalent,-7.41797396119658,SP
CHEMBL5420328,1,covalent,-5.92744233019703,SP
CHEMBL4224764,1,covalent,-6.93172963807749,SP
CHEMBL4227031,1,covalent,-8.17098912046298,SP
CHEMBL486232,1,covalent,-6.91403042781659,SP
CHEMBL4227166,1,covalent,-7.99491919400516,SP
CHEMBL3358129,1,covalent,-7.62462470588466,SP
CHEMBL4227486,1,covalent,-4.74292116570913,HTVS
CHEMBL5407224,1,covalent,-7.16091360379994,SP
CHEMBL5411543,1,covalent,-6.18157621251994,SP
CHEMBL4227427,1,covalent,-4.91481963068493,HTVS
CHEMBL3358128,1,covalent,-5.55538845880496,SP
CHEMBL3352874,1,covalent,-4.18628850143089,HTVS
CHEMBL4228926,1,covalent,-4.59092386803067,HTVS
CHEMBL4226577,1,covalent,-6.61690392155936,SP
CHEMBL541700,1,covalent,-1.99850727566898,HTVS
CHEMBL4227848,1,covalent,-7.17920049068667,SP
CHEMBL3358141,1,covalent,-3.88338430839694,HTVS
CHEMBL3358144,1,covalent,-3.62740291364199,HTVS
CHEMBL3358143,1,covalent,-4.83634346759537,HTVS
CHEMBL1171802,1,covalent,-4.46434435123272,HTVS
CHEMBL501901,1,covalent,-3.84658700965352,HTVS
CHEMBL4228861,1,covalent,-4.67524093518556,HTVS
CHEMBL3358140,1,covalent,-6.79061202218897,SP
CHEMBL4225350,1,covalent,-7.24186573719647,SP
CHEMBL4227295,1,covalent,-4.66544519157296,HTVS
CHEMBL4434685,1,covalent,-4.22940763981754,HTVS
CHEMBL4467013,1,covalent,-6.28951879926033,SP
CHEMBL191881,1,covalent,-4.81478914967636,HTVS
CHEMBL4227696,1,covalent,-7.25620851590699,SP
CHEMBL4228143,1,covalent,-4.54371481904965,HTVS
CHEMBL4472824,1,covalent,-1.0806237209412,HTVS
CHEMBL4251480,1,covalent,-3.48767525763598,HTVS
CHEMBL4564002,1,covalent,-7.4012859494346,SP
CHEMBL3218476,1,covalent,-5.36055577404269,SP
CHEMBL3120847,1,noncovalent,-6.56326311269171,SP
CHEMBL327624,1,covalent,-3.72619649010249,HTVS
CHEMBL4442674,1,covalent,-2.57307879773702,HTVS
CHEMBL4096388,1,covalent,-3.33620921517591,HTVS
CHEMBL4224829,1,covalent,-5.58694789810805,SP
CHEMBL374508,1,covalent,-4.45886636599067,HTVS
CHEMBL2235031,1,noncovalent,-6.45694543537824,SP
CHEMBL4527228,1,covalent,-6.58607139339498,SP
CHEMBL2235039,1,noncovalent,-5.61237395135039,SP
CHEMBL4228343,1,covalent,-6.45299863172174,SP
CHEMBL4240920,1,covalent,-5.29809702316312,SP
CHEMBL4227965,1,covalent,-4.31237868638477,HTVS
CHEMBL3409895,1,noncovalent,-4.81066356492742,HTVS
CHEMBL2235030,1,noncovalent,-4.14646992354309,HTVS
CHEMBL4229174,1,covalent,-6.48733431768455,SP
CHEMBL4437416,1,covalent,-3.52638765463129,HTVS
CHEMBL4072275,1,covalent,-5.50576872247696,SP
CHEMBL2235038,1,noncovalent,-6.19934878988573,SP
CHEMBL4456644,1,covalent,-4.65887706792638,HTVS
CHEMBL2235034,1,noncovalent,-4.23959665385897,HTVS
CHEMBL2235037,1,noncovalent,-4.77086679236254,HTVS
CHEMBL3409913,1,noncovalent,-6.78076701076886,SP
CHEMBL3409912,1,noncovalent,-6.93486071303387,SP
CHEMBL182790,1,noncovalent,-4.62905600872852,HTVS
CHEMBL2235032,1,noncovalent,-3.48941180039944,HTVS
CHEMBL383647,1,covalent,-7.12217049790364,SP
CHEMBL4294334,1,covalent,0.411290189112426,HTVS
CHEMBL4555968,1,covalent,-3.93354055491964,HTVS
CHEMBL1171804,1,covalent,-3.61873884717383,HTVS
CHEMBL4475837,1,covalent,-6.84151052853734,SP
CHEMBL181752,1,noncovalent,-3.91660621864893,HTVS
CHEMBL2235033,1,noncovalent,-4.50189513116225,HTVS
CHEMBL5398031,1,noncovalent,-4.06734352276718,HTVS
CHEMBL4245127,1,covalent,-4.36942798857787,HTVS
CHEMBL3409915,1,noncovalent,-4.22321684942365,HTVS
CHEMBL181504,1,noncovalent,-3.40602112227037,HTVS
CHEMBL434743,1,noncovalent,-6.18242137188659,SP
CHEMBL183396,1,noncovalent,-4.6483526921323,HTVS
CHEMBL4226767,1,covalent,-4.92505483075996,HTVS
CHEMBL2235035,1,noncovalent,-6.22653684148873,SP
CHEMBL223654,1,noncovalent,-6.10343714435913,SP
CHEMBL2235041,1,noncovalent,-3.18572203619074,HTVS
CHEMBL4062015,1,covalent,-4.78964815799773,HTVS
CHEMBL4083754,1,covalent,-4.70202765661466,HTVS
CHEMBL3409900,1,noncovalent,-3.25988793384062,HTVS
CHEMBL2235040,1,noncovalent,-4.68015731879764,HTVS
CHEMBL2235028,1,noncovalent,-4.49313544451938,HTVS
CHEMBL2235036,1,noncovalent,-4.72429234949789,HTVS
CHEMBL270278,1,covalent,-4.44409022847481,HTVS
CHEMBL271992,1,covalent,-6.24430564910611,SP
CHEMBL224801,1,noncovalent,-3.91138214639597,HTVS
CHEMBL5428518,1,noncovalent,-2.47538345204008,HTVS
CHEMBL408071,1,covalent,-4.58891900292911,HTVS
CHEMBL5439199,1,noncovalent,-7.2955582909768,SP
CHEMBL3120848,1,noncovalent,-7.38310458408767,SP
CHEMBL3409907,1,noncovalent,-0.663317084356345,HTVS
CHEMBL4248915,1,covalent,-3.95599998663024,HTVS
CHEMBL200151,1,covalent,-5.76301026315263,SP
CHEMBL3409908,1,noncovalent,-5.59403537306162,SP
CHEMBL4070637,1,covalent,-7.55939495122596,SP
CHEMBL5411313,1,noncovalent,-2.44576105543802,HTVS
CHEMBL5434197,1,noncovalent,-6.15150092951952,SP
CHEMBL1171633,1,covalent,-4.2225645789387,HTVS
CHEMBL4225367,1,covalent,-4.40671862343039,HTVS
CHEMBL203801,1,noncovalent,-6.05007621293964,SP
CHEMBL403991,1,covalent,-6.9398458910936,SP
CHEMBL407354,1,covalent,-4.38619632115474,HTVS
CHEMBL272015,1,covalent,-7.61403520982898,SP
CHEMBL182795,1,noncovalent,-4.63367376227225,SP
CHEMBL222870,1,noncovalent,-5.89929115112411,SP
CHEMBL5439062,1,noncovalent,-1.950128995336,HTVS
CHEMBL222871,1,noncovalent,-4.85908377648483,HTVS
CHEMBL4215216,1,covalent,-6.67645153552576,SP
CHEMBL1171803,1,covalent,-2.74312741180502,HTVS
CHEMBL224312,1,noncovalent,-6.82349857258497,SP
CHEMBL2235029,1,noncovalent,-3.89482805868782,HTVS
CHEMBL195822,1,covalent,-5.17029512088223,SP
CHEMBL3358135,1,covalent,-4.08198741965095,HTVS
CHEMBL5426937,1,noncovalent,-4.64475036444556,HTVS
CHEMBL3409903,1,noncovalent,-4.61683252767727,HTVS
CHEMBL183005,1,noncovalent,-4.58962656817602,HTVS
CHEMBL194821,1,covalent,-3.09233813336218,SP
CHEMBL191640,1,covalent,-4.46762989131695,SP
CHEMBL225449,1,noncovalent,-5.26277326379893,SP
CHEMBL5425369,1,noncovalent,-4.67882749808548,HTVS
CHEMBL5407886,1,noncovalent,-5.60209061903649,SP
CHEMBL559434,1,noncovalent,-5.07099219601745,SP
CHEMBL203802,1,noncovalent,-2.97638538728584,HTVS
CHEMBL5424376,1,noncovalent,-4.61911383999816,HTVS
CHEMBL5420093,1,noncovalent,-5.78512344926994,SP
CHEMBL4078345,1,covalent,-6.33956834798821,SP
CHEMBL224025,1,noncovalent,-9.26353735729112,SP
CHEMBL3120842,1,noncovalent,-6.64625984974461,SP
CHEMBL3409904,1,noncovalent,-7.00322567503818,SP
CHEMBL373022,1,covalent,-5.96537202731545,SP
CHEMBL204344,1,noncovalent,-3.74667796142746,HTVS
CHEMBL3358136,1,covalent,-4.85919394650431,HTVS
CHEMBL1171636,1,covalent,-5.56999367083236,SP
CHEMBL5409393,1,covalent,-5.59826214748205,SP
CHEMBL5556412,1,noncovalent,-6.5542503984964,SP
CHEMBL3358130,1,covalent,-4.91050411240307,HTVS
CHEMBL191457,1,covalent,-4.52133786205844,SP
CHEMBL225646,1,noncovalent,-4.47234214580401,HTVS
CHEMBL222322,1,noncovalent,-4.32633965166935,HTVS
CHEMBL5630614,1,noncovalent,-4.35517283504633,HTVS
CHEMBL92805,1,covalent,-4.91308853783218,HTVS
CHEMBL92956,1,covalent,-4.16071616264456,HTVS
CHEMBL91050,1,noncovalent,-4.73264643083901,HTVS
CHEMBL91856,1,covalent,-3.85719232110574,HTVS
CHEMBL5412407,1,noncovalent,-4.66640077913906,HTVS
CHEMBL120254,1,noncovalent,-5.87764845143269,SP
CHEMBL3120835,1,noncovalent,-6.10849931992906,SP
CHEMBL4856045,1,noncovalent,-3.01210266249629,HTVS
CHEMBL203823,1,noncovalent,-6.21090562951029,SP
CHEMBL222325,1,noncovalent,-5.8297007002754,SP
CHEMBL5624599,1,noncovalent,-4.18213220678657,HTVS
CHEMBL5394920,1,noncovalent,-6.58567751540596,SP
CHEMBL5630817,1,noncovalent,-5.24130677320876,SP
CHEMBL4211317,1,noncovalent,-6.12627476765561,SP
CHEMBL414179,1,covalent,-3.90596211038569,HTVS
CHEMBL329629,1,covalent,-5.3741071117315,SP
CHEMBL90245,1,noncovalent,-5.32714658927581,SP
CHEMBL91049,1,covalent,-5.40148351771008,SP
CHEMBL329532,1,covalent,-4.04243638251769,HTVS
CHEMBL93341,1,covalent,-3.91808667968076,HTVS
CHEMBL423112,1,covalent,-6.8169257791485,SP
CHEMBL203649,1,noncovalent,-2.06906876508454,HTVS
CHEMBL5630121,1,noncovalent,-4.15926870100337,HTVS
CHEMBL3120834,1,noncovalent,-4.70263844652695,HTVS
CHEMBL374510,1,covalent,-6.09232343510784,SP
CHEMBL5404235,1,noncovalent,-4.3841302371194,HTVS
CHEMBL224893,1,noncovalent,-4.31042449091362,HTVS
CHEMBL5434874,1,noncovalent,-3.90644944366189,HTVS
CHEMBL1458713,1,covalent,-4.17834928763947,HTVS
CHEMBL3358137,1,covalent,-7.4674532217271,SP
CHEMBL5625072,1,noncovalent,-5.26624636632222,SP
CHEMBL221991,1,covalent,-7.05801330618241,SP
CHEMBL436500,1,noncovalent,-3.57561374882249,HTVS
CHEMBL3409897,1,noncovalent,-4.52137115148935,HTVS
CHEMBL4218177,1,noncovalent,-4.15311433626752,HTVS
CHEMBL5398485,1,noncovalent,-4.95808674725324,SP
CHEMBL203856,1,noncovalent,-6.95475002314465,SP
CHEMBL378223,1,noncovalent,-7.5892716806302,SP
CHEMBL5400091,1,noncovalent,-4.74332929371475,HTVS
CHEMBL1302947,1,noncovalent,-6.83278302284531,SP
CHEMBL4451728,1,noncovalent,-4.44798927022193,HTVS
CHEMBL4582464,1,noncovalent,-4.76535128823451,HTVS
CHEMBL4449400,1,noncovalent,-4.22092680679606,HTVS
CHEMBL4582597,1,noncovalent,-4.25008747531094,HTVS
CHEMBL4578038,1,noncovalent,-5.98965583065273,SP
CHEMBL4458321,1,noncovalent,-4.87764659410651,HTVS
CHEMBL4551614,1,noncovalent,-5.91776340627592,SP
CHEMBL1584095,1,noncovalent,-5.7413348331063,SP
CHEMBL4444541,1,noncovalent,-5.30220480299568,SP
CHEMBL4471644,1,noncovalent,-6.37383397252483,SP
CHEMBL4786898,1,noncovalent,-6.52435069725177,SP
CHEMBL438659,1,noncovalent,-4.92210144558732,HTVS
CHEMBL1939368,1,noncovalent,-3.13416624872432,HTVS
CHEMBL5421969,1,noncovalent,-5.16318222863439,SP
CHEMBL5624786,1,noncovalent,-5.4461405786374,SP
CHEMBL2402204,1,covalent,-6.8605040226198,SP
CHEMBL5395393,1,noncovalent,-3.0458207493086,HTVS
CHEMBL4211543,1,noncovalent,-3.51478987269921,HTVS
CHEMBL3409905,1,noncovalent,-6.9430037801687,SP
CHEMBL224803,1,noncovalent,-5.75048503175078,SP
CHEMBL221833,1,noncovalent,-6.72975724366976,SP
CHEMBL4203015,1,noncovalent,-6.26640894468922,SP
CHEMBL4212687,1,noncovalent,-4.48995317843428,HTVS
CHEMBL5419296,1,noncovalent,-5.86100108652567,SP
CHEMBL1171866,1,noncovalent,-4.78550924274991,HTVS
CHEMBL209147,1,noncovalent,-4.26694296257902,HTVS
CHEMBL183767,1,noncovalent,-5.74118951861798,SP
CHEMBL5394154,1,noncovalent,-3.56064226185175,HTVS
CHEMBL3410086,1,noncovalent,-8.75059323359259,SP
CHEMBL5630622,1,noncovalent,-4.87445520146312,HTVS
CHEMBL207117,1,noncovalent,-5.52258445786046,SP
CHEMBL1171868,1,noncovalent,-3.83913961959415,HTVS
CHEMBL117767,1,noncovalent,-6.16904612527434,SP
CHEMBL118355,1,noncovalent,-4.80725935324508,HTVS
CHEMBL4101714,1,covalent,-4.78408311421766,HTVS
CHEMBL4100751,1,covalent,-2.83481295912941,HTVS
CHEMBL93881,1,noncovalent,-4.68041470331608,HTVS
CHEMBL420812,1,noncovalent,-4.91406751478658,SP
CHEMBL91234,1,noncovalent,-4.7875941415782,HTVS
CHEMBL433390,1,noncovalent,-4.75916507492451,HTVS
CHEMBL92738,1,noncovalent,-4.89898691101879,HTVS
CHEMBL323975,1,noncovalent,-4.72903402043849,HTVS
CHEMBL4213904,1,noncovalent,-4.59464169750611,HTVS
CHEMBL4209486,1,noncovalent,-4.48496903220435,HTVS
CHEMBL5397408,1,noncovalent,-5.03211117172497,SP
CHEMBL5438601,1,noncovalent,-4.09409515607535,HTVS
CHEMBL3351009,0,decoy,-6.25209397442013,SP
CHEMBL83247,0,decoy,-4.0372984186128,HTVS
CHEMBL1744144,0,decoy,-1.94178607070747,HTVS
CHEMBL542928,0,decoy,-4.20362239179207,HTVS
CHEMBL4104183,0,decoy,-5.7366447590253,SP
CHEMBL4104334,0,decoy,-5.73270437212094,SP
CHEMBL4105097,0,decoy,-5.88857088783087,SP
CHEMBL1800472,0,decoy,-4.28692579470286,HTVS
CHEMBL1800474,0,decoy,-8.76339105975186,SP
CHEMBL1800660,0,decoy,-2.64457361374209,HTVS
CHEMBL4215261,0,decoy,-3.77217166675738,HTVS
CHEMBL3985409,0,decoy,-5.60588771751575,SP
CHEMBL3986023,0,decoy,-4.24638538071909,HTVS
CHEMBL3986121,0,decoy,-4.06055724840144,HTVS
CHEMBL313367,0,decoy,-5.59982304951111,SP
CHEMBL87684,0,decoy,-2.2121432886767,HTVS
CHEMBL1978417,0,decoy,-5.48505943855098,SP
CHEMBL1714762,0,decoy,-8.54351015524856,SP
CHEMBL1742409,0,decoy,-5.87303499029114,SP
CHEMBL1743675,0,decoy,-4.8046610170469,HTVS
CHEMBL1744052,0,decoy,-6.9995429551094,SP
CHEMBL3608989,0,decoy,-1.53926302929834,HTVS
CHEMBL544780,0,decoy,-3.35246832941837,HTVS
CHEMBL542930,0,decoy,-7.73831180518043,SP
CHEMBL1762696,0,decoy,-3.85587895967763,HTVS
CHEMBL1765560,0,decoy,-4.32182045278281,HTVS
CHEMBL1765561,0,decoy,-6.05362249912267,SP
CHEMBL1765563,0,decoy,-4.88641780780086,HTVS
CHEMBL1765564,0,decoy,-6.19398306602807,SP
CHEMBL4104248,0,decoy,-6.32440406511285,SP
CHEMBL4104444,0,decoy,-7.20676341675308,SP
CHEMBL4105126,0,decoy,-3.76301123463555,HTVS
CHEMBL1797976,0,decoy,-3.75662409760296,HTVS
CHEMBL1797977,0,decoy,-3.60781713591734,HTVS
CHEMBL1797989,0,decoy,-3.32844672283381,HTVS
CHEMBL1797994,0,decoy,-3.33476732919491,SP
CHEMBL1797995,0,decoy,-3.55438357101803,HTVS
CHEMBL1797998,0,decoy,-4.15844453478861,HTVS
CHEMBL1798000,0,decoy,-4.02084215039838,HTVS
CHEMBL1800335,0,decoy,-4.35217181790565,HTVS
CHEMBL1800336,0,decoy,-4.69717055479547,HTVS
CHEMBL1800078,0,decoy,-4.20166621477694,HTVS
CHEMBL1800337,0,decoy,-4.48647279527535,HTVS
CHEMBL1800656,0,decoy,-6.90508634719064,SP
CHEMBL1800657,0,decoy,-4.01888927451819,HTVS
CHEMBL1800658,0,decoy,-7.43637645621429,SP
CHEMBL1800659,0,decoy,-4.55468272359139,HTVS
CHEMBL4214926,0,decoy,-6.07162310628217,SP
CHEMBL4214962,0,decoy,-7.38156151700066,SP
CHEMBL4215114,0,decoy,-3.48092920291039,HTVS
CHEMBL4214953,0,decoy,-4.44303491049692,HTVS
CHEMBL4215063,0,decoy,-7.07328332835288,SP
CHEMBL4215458,0,decoy,-3.68476985578163,HTVS
CHEMBL4215936,0,decoy,-4.49851642236162,HTVS
CHEMBL3338120,0,decoy,-4.42726614336162,HTVS
CHEMBL85248,0,decoy,-5.41010109967584,SP
CHEMBL86088,0,decoy,-3.69167567525527,HTVS
CHEMBL82623,0,decoy,-4.77384385091616,SP
CHEMBL85896,0,decoy,-6.6336561342302,SP
CHEMBL86092,0,decoy,-4.47559830742037,HTVS
CHEMBL5560794,0,decoy,-4.24350602112766,HTVS
CHEMBL5560927,0,decoy,-2.91593664826819,HTVS
CHEMBL5561143,0,decoy,-5.60274517154923,SP
CHEMBL4540930,0,decoy,-2.71974637565263,HTVS
CHEMBL4541389,0,decoy,-6.0799181044006,SP
CHEMBL2359201,0,decoy,-2.89620749401745,HTVS
CHEMBL2359399,0,decoy,-3.18120150625977,HTVS
CHEMBL2359876,0,decoy,-5.44704048350753,SP
CHEMBL2359901,0,decoy,-5.61452847857695,SP
CHEMBL2360066,0,decoy,-4.867890442623,HTVS
CHEMBL1977908,0,decoy,-3.30955098586072,HTVS
CHEMBL1978741,0,decoy,-4.36493417126072,HTVS
CHEMBL1714447,0,decoy,-4.54599590676845,SP
CHEMBL1714465,0,decoy,-6.51992483336958,SP
CHEMBL1714483,0,decoy,-4.46009124486941,HTVS
CHEMBL1714558,0,decoy,-4.81993940020068,HTVS
CHEMBL1714759,0,decoy,-4.061444471423,HTVS
CHEMBL3351100,0,decoy,-4.10199478807029,HTVS
CHEMBL2287019,0,decoy,-3.60864388705087,HTVS
CHEMBL2287034,0,decoy,-4.0305475675981,SP
CHEMBL2287035,0,decoy,-3.53904646323862,HTVS
CHEMBL2287036,0,decoy,-5.34293236591351,SP
CHEMBL2287037,0,decoy,-3.61718101204193,HTVS
CHEMBL2287038,0,decoy,-4.12549807559379,HTVS
CHEMBL1742036,0,decoy,-2.90145838310011,HTVS
CHEMBL1742181,0,decoy,-5.70166477506016,SP
CHEMBL1742223,0,decoy,-3.24804587295173,HTVS
CHEMBL1742309,0,decoy,-5.97581726456642,SP
CHEMBL1742330,0,decoy,-4.74102667425928,HTVS
CHEMBL1742424,0,decoy,-3.35255431097068,HTVS
CHEMBL1743867,0,decoy,-5.97574532091258,SP
CHEMBL1743903,0,decoy,-6.46704873108941,SP
CHEMBL1743924,0,decoy,-4.1561696197292,HTVS
CHEMBL1744140,0,decoy,-4.90841930170404,HTVS
CHEMBL1744163,0,decoy,-5.35459575509974,SP
CHEMBL1713369,0,decoy,-4.61690620184717,HTVS
CHEMBL1713428,0,decoy,-5.32384072456769,SP
CHEMBL1713461,0,decoy,-3.86406968780593,HTVS
CHEMBL1713603,0,decoy,-3.15071650021559,HTVS
CHEMBL3985681,0,decoy,-4.77727405448852,HTVS
CHEMBL3986256,0,decoy,-4.27471505180743,HTVS
CHEMBL1762723,0,decoy,-2.69421850213111,HTVS
CHEMBL1762724,0,decoy,-3.96437337083367,HTVS
CHEMBL1762725,0,decoy,-3.4602636367774,HTVS
CHEMBL1762726,0,decoy,-3.81723049115628,HTVS
CHEMBL1765471,0,decoy,-5.44216395756115,SP
CHEMBL1765472,0,decoy,-6.10717454657801,SP
CHEMBL1766179,0,decoy,-4.39881749078062,HTVS
CHEMBL4104212,0,decoy,-4.69607476884067,HTVS
CHEMBL4104287,0,decoy,-4.85791133837918,HTVS
CHEMBL4104332,0,decoy,-5.71201635834563,SP
CHEMBL4104347,0,decoy,-3.79227202033924,HTVS
CHEMBL4104376,0,decoy,-4.69817228288686,HTVS
CHEMBL4104541,0,decoy,-3.50067502429501,HTVS
CHEMBL4104572,0,decoy,-4.16054686611611,HTVS
CHEMBL4104861,0,decoy,-4.25433040982172,HTVS
CHEMBL4105034,0,decoy,-5.12492818773556,SP
CHEMBL4105093,0,decoy,-6.57888884693239,SP
CHEMBL4105128,0,decoy,-4.25891611029394,HTVS
CHEMBL4105137,0,decoy,-7.23141959567407,SP
CHEMBL4105196,0,decoy,-4.16294063709679,HTVS
CHEMBL4105492,0,decoy,-2.27236576090103,HTVS
CHEMBL1798085,0,decoy,-3.53417002795946,HTVS
CHEMBL1800317,0,decoy,-3.56333102841215,HTVS
CHEMBL1800324,0,decoy,-3.47935740653163,HTVS
CHEMBL1800829,0,decoy,-6.45965395138401,SP
CHEMBL1800951,0,decoy,-5.40360207361105,SP
CHEMBL1801044,0,decoy,-5.7625303560562,SP
CHEMBL1801045,0,decoy,-4.7959645872906,HTVS
CHEMBL1801046,0,decoy,-4.30829109503919,HTVS
CHEMBL4214752,0,decoy,-3.86498258866127,HTVS
CHEMBL4214913,0,decoy,-4.75936386543348,HTVS
CHEMBL4215025,0,decoy,-3.69990831297309,HTVS
CHEMBL4215034,0,decoy,-6.48603157378792,SP
CHEMBL4215068,0,decoy,-4.58073688848459,HTVS
CHEMBL4215071,0,decoy,-6.30813020646874,SP
CHEMBL4215102,0,decoy,-6.02488905001544,SP
CHEMBL4215140,0,decoy,-5.14990517442151,SP
CHEMBL4215233,0,decoy,-4.75953146758244,SP
CHEMBL4215577,0,decoy,-4.23383722031767,HTVS
CHEMBL4215629,0,decoy,-6.13127581688802,SP
CHEMBL4215722,0,decoy,-3.61635037734725,HTVS
CHEMBL4216003,0,decoy,-3.66958616641728,HTVS
CHEMBL3654330,0,decoy,-4.40273773044604,HTVS
CHEMBL3654747,0,decoy,-6.66812690887631,SP
CHEMBL3654752,0,decoy,-6.18690419748023,SP
CHEMBL3654753,0,decoy,-7.85878220717659,SP
CHEMBL3654760,0,decoy,-7.62665552208057,SP
CHEMBL3654761,0,decoy,-6.9090923128891,SP
CHEMBL3338605,0,decoy,-3.61643783388633,SP
CHEMBL4104740,0,decoy,-3.56260474117089,HTVS
CHEMBL4214937,0,decoy,-2.72162835031371,HTVS
CHEMBL4214993,0,decoy,-2.16443279023476,HTVS
CHEMBL4215052,0,decoy,-4.26082090679608,HTVS
CHEMBL4215053,0,decoy,-5.45106878904916,SP
CHEMBL4215782,0,decoy,-3.67977644699674,HTVS
CHEMBL3654631,0,decoy,-5.41585795390928,SP
CHEMBL3654636,0,decoy,-3.81152008884706,HTVS
CHEMBL3654648,0,decoy,-5.78957846655498,SP
CHEMBL3985392,0,decoy,-2.74932809396522,HTVS
CHEMBL3985584,0,decoy,-4.76530870291154,HTVS
CHEMBL83505,0,decoy,-6.5011742794495,SP
CHEMBL315322,0,decoy,-3.49389578805184,HTVS
CHEMBL5560351,0,decoy,-6.41380614125469,SP
CHEMBL5560863,0,decoy,-2.28414870804075,HTVS
CHEMBL5561029,0,decoy,-2.24300376446893,HTVS
CHEMBL5561089,0,decoy,-3.37828372709998,HTVS
CHEMBL5561253,0,decoy,-3.29649201290946,HTVS
CHEMBL5561370,0,decoy,-4.16295766526105,HTVS
CHEMBL4541445,0,decoy,-6.57991201392993,SP
CHEMBL3717462,0,decoy,-4.03550157864457,HTVS
CHEMBL2359218,0,decoy,-3.6109176710496,HTVS
CHEMBL1714571,0,decoy,-3.63854097780675,HTVS
CHEMBL1715063,0,decoy,-6.76589692302443,SP
CHEMBL1715410,0,decoy,-4.64524995881752,HTVS
CHEMBL1743346,0,decoy,-7.87196390955394,SP
CHEMBL1743687,0,decoy,-3.76069487284748,HTVS
CHEMBL1743894,0,decoy,-5.27249031010363,SP
CHEMBL1744168,0,decoy,-4.2868759160761,HTVS
CHEMBL1744169,0,decoy,-3.80474514273082,HTVS
CHEMBL1744250,0,decoy,-4.50052305048947,HTVS
CHEMBL544336,0,decoy,-7.81899318997359,SP
CHEMBL1762699,0,decoy,-7.53906219698661,SP
CHEMBL1760000,0,decoy,-3.3631894891494,HTVS
CHEMBL1762705,0,decoy,-6.69929537498509,SP
CHEMBL1765143,0,decoy,-3.55868185738643,HTVS
CHEMBL4104467,0,decoy,-5.24443324939493,SP
CHEMBL4104890,0,decoy,-3.93732999596461,HTVS
CHEMBL4105073,0,decoy,-6.85724745147132,SP
CHEMBL4105382,0,decoy,-5.39983844119397,SP
CHEMBL1800361,0,decoy,-4.87390282686358,HTVS
CHEMBL4214873,0,decoy,-6.90234087828327,SP
CHEMBL4214910,0,decoy,-6.32646855853114,SP
CHEMBL1801084,0,decoy,-3.55055217346425,HTVS
CHEMBL4215370,0,decoy,-6.30393459968855,SP
CHEMBL3654366,0,decoy,-3.15032889782912,HTVS
CHEMBL83532,0,decoy,-4.13602704961616,HTVS
CHEMBL314909,0,decoy,-3.62412288095858,HTVS
CHEMBL5561677,0,decoy,-6.61681181101542,SP
CHEMBL3353214,0,decoy,-6.3117640482134,SP
CHEMBL1713310,0,decoy,-3.25520986374984,HTVS
CHEMBL1713867,0,decoy,-4.47135103497683,HTVS
CHEMBL3608586,0,decoy,-4.22157315784791,HTVS
CHEMBL3609309,0,decoy,-4.50109306537844,HTVS
CHEMBL1762812,0,decoy,-4.42037800300375,SP
CHEMBL1765559,0,decoy,-4.52569333928022,HTVS
CHEMBL1765562,0,decoy,-4.26049154377014,HTVS
CHEMBL1765626,0,decoy,-7.22746292107489,SP
CHEMBL1765627,0,decoy,-7.62648325379143,SP
CHEMBL1765628,0,decoy,-4.72060599318227,HTVS
CHEMBL1765781,0,decoy,-4.75884227423037,HTVS
CHEMBL1765782,0,decoy,-7.54326514864158,SP
CHEMBL1766086,0,decoy,-3.43873021879812,HTVS
CHEMBL1766088,0,decoy,-3.61236481637633,HTVS
CHEMBL4104317,0,decoy,-4.70131386796501,HTVS
CHEMBL4104360,0,decoy,-4.48323800712342,HTVS
CHEMBL4104416,0,decoy,-3.61158704998698,HTVS
CHEMBL4104445,0,decoy,-5.98491418829253,SP
CHEMBL4104492,0,decoy,-6.33147202202236,SP
CHEMBL4104561,0,decoy,-4.2393263997194,HTVS
CHEMBL4104597,0,decoy,-4.34311077920896,HTVS
CHEMBL4104646,0,decoy,-3.46136640012392,HTVS
CHEMBL4104680,0,decoy,-6.199623427943,SP
CHEMBL4104739,0,decoy,-4.11112125083072,HTVS
CHEMBL4104763,0,decoy,-3.53488348047766,HTVS
CHEMBL4104917,0,decoy,-3.06879595972481,HTVS
CHEMBL4104959,0,decoy,-3.71230850631429,HTVS
CHEMBL4104963,0,decoy,-4.55773505510567,HTVS
CHEMBL4105016,0,decoy,-7.76041745663167,SP
CHEMBL4105045,0,decoy,-3.93957796117911,HTVS
CHEMBL4105100,0,decoy,-4.23647404376597,HTVS
CHEMBL4105159,0,decoy,-6.48042771877771,SP
CHEMBL4105218,0,decoy,-3.82482054483351,HTVS
CHEMBL4105223,0,decoy,-5.00785490163179,SP
CHEMBL4105254,0,decoy,-6.41915045996605,SP
CHEMBL4105299,0,decoy,-4.76859885106871,HTVS
CHEMBL4105333,0,decoy,-6.3941198874002,SP
CHEMBL4105377,0,decoy,-4.15914397782798,HTVS
CHEMBL4105422,0,decoy,-5.20373964564671,SP
CHEMBL1797987,0,decoy,-2.49273037069623,HTVS
CHEMBL4215407,0,decoy,-3.2901471170696,HTVS
CHEMBL2359099,0,decoy,-4.33432217124663,HTVS
CHEMBL1762703,0,decoy,-4.76732441395187,HTVS
CHEMBL4104393,0,decoy,-5.94050019808753,SP
CHEMBL4104793,0,decoy,-3.56982334188249,HTVS
CHEMBL4105513,0,decoy,-1.772947528643,HTVS
CHEMBL1801057,0,decoy,-6.31864399623129,SP
CHEMBL1801078,0,decoy,-4.39865635824375,HTVS
CHEMBL4215242,0,decoy,-5.90427200407828,SP
CHEMBL4215264,0,decoy,-4.17412101581411,HTVS
CHEMBL4215415,0,decoy,-4.32563473303149,HTVS
CHEMBL4215521,0,decoy,-3.40441908240961,HTVS
CHEMBL4215794,0,decoy,-5.3794031481502,SP
CHEMBL4215848,0,decoy,-6.02846504504316,SP
CHEMBL4216015,0,decoy,-4.20055640527645,HTVS
CHEMBL3654370,0,decoy,-4.61666921925399,HTVS
CHEMBL3654622,0,decoy,-6.02530578266089,SP
CHEMBL3654630,0,decoy,-4.53277047184564,HTVS
CHEMBL3338094,0,decoy,-3.09987881845192,HTVS
CHEMBL3338095,0,decoy,-3.56611863099926,SP
CHEMBL3338104,0,decoy,-3.95525554777859,HTVS
CHEMBL3985466,0,decoy,-5.88127718147066,SP
CHEMBL3985742,0,decoy,-3.60967832320583,HTVS
CHEMBL3985859,0,decoy,-4.06947004693788,HTVS
CHEMBL3986455,0,decoy,-1.81800589873092,HTVS
CHEMBL3986555,0,decoy,-3.63624086414241,HTVS
CHEMBL82851,0,decoy,-2.93272649612479,HTVS
CHEMBL313121,0,decoy,-3.29946871118739,HTVS
CHEMBL4540460,0,decoy,-3.91198181300122,HTVS
CHEMBL4540560,0,decoy,-5.53508022698378,SP
CHEMBL4540828,0,decoy,-6.37404529319214,SP
CHEMBL4541177,0,decoy,-6.36490561394065,SP
CHEMBL4541352,0,decoy,-4.83667384616865,HTVS
CHEMBL4541457,0,decoy,-4.64205215190627,HTVS
CHEMBL3718683,0,decoy,1.14274240052528,HTVS
CHEMBL3719344,0,decoy,0.203143777922643,HTVS
CHEMBL3716408,0,decoy,-6.58169293504618,SP
CHEMBL2359087,0,decoy,-2.83652350584094,HTVS
CHEMBL2359148,0,decoy,-3.20262949183458,HTVS
CHEMBL2359372,0,decoy,-4.13542355559855,HTVS
CHEMBL2359425,0,decoy,-3.77993348578255,HTVS
CHEMBL2359488,0,decoy,-4.06273991108311,HTVS
CHEMBL2359657,0,decoy,-5.56019491738266,SP
CHEMBL2359833,0,decoy,-3.68828611631037,HTVS
CHEMBL2359967,0,decoy,-3.84443562538685,HTVS
CHEMBL1977507,0,decoy,-5.91774402114544,SP
CHEMBL1977532,0,decoy,-3.54179528941595,HTVS
CHEMBL1714449,0,decoy,-6.6153458077653,SP
CHEMBL1714509,0,decoy,-4.33690656216135,SP
CHEMBL4540968,0,decoy,-3.69168068599769,HTVS
CHEMBL1762706,0,decoy,-4.99318941860384,SP
CHEMBL4214879,0,decoy,-7.1707566794689,SP
CHEMBL4215319,0,decoy,-4.79085030097861,HTVS
CHEMBL4216092,0,decoy,-4.37171127946277,HTVS
CHEMBL3654621,0,decoy,-4.89019173740678,HTVS
CHEMBL3338610,0,decoy,-3.35700378221364,HTVS
CHEMBL3338611,0,decoy,-3.93330302694966,HTVS
CHEMBL3338612,0,decoy,-3.33070766972377,HTVS
CHEMBL3338613,0,decoy,-3.08436873938918,HTVS
CHEMBL3986407,0,decoy,-4.96929611398788,SP
CHEMBL85762,0,decoy,-3.58650134485778,HTVS
CHEMBL5560627,0,decoy,-7.66385032223902,SP
CHEMBL5560835,0,decoy,-4.39240994343921,HTVS
CHEMBL5560900,0,decoy,-4.02736477911526,HTVS
CHEMBL5560995,0,decoy,-2.27665927477717,HTVS
CHEMBL5561030,0,decoy,-3.47932224240396,HTVS
CHEMBL5561079,0,decoy,-4.84635355792629,HTVS
CHEMBL2358995,0,decoy,-3.429783416324,HTVS
CHEMBL2359058,0,decoy,-2.56885498027086,HTVS
CHEMBL2359071,0,decoy,-4.25534744748191,HTVS
CHEMBL2359210,0,decoy,-6.00609920447485,SP
CHEMBL2359309,0,decoy,-2.3444300967855,HTVS
CHEMBL2359329,0,decoy,-5.79113417797161,SP
CHEMBL2359431,0,decoy,-4.18147617812501,HTVS
CHEMBL2359536,0,decoy,-4.71609481742298,HTVS
CHEMBL2359608,0,decoy,-3.45081950738964,HTVS
CHEMBL2359718,0,decoy,-3.20454048893712,HTVS
CHEMBL2359896,0,decoy,-7.48270792025236,SP
CHEMBL2360118,0,decoy,-2.73381004365117,HTVS
CHEMBL1714925,0,decoy,-4.19506264206502,HTVS
CHEMBL1714944,0,decoy,-4.04892712092646,HTVS
CHEMBL1715422,0,decoy,-4.65923620404695,HTVS
CHEMBL3353477,0,decoy,-2.11917051505831,HTVS
CHEMBL3353478,0,decoy,-1.03319159503448,HTVS
CHEMBL3353479,0,decoy,-3.66369211867555,HTVS
CHEMBL3353480,0,decoy,-3.6731391029782,HTVS
CHEMBL3353481,0,decoy,-4.20324151206504,HTVS
CHEMBL3353529,0,decoy,-3.39682335522993,HTVS
CHEMBL3353534,0,decoy,-2.52049210711965,HTVS
CHEMBL1743895,0,decoy,-4.10846114728081,HTVS
CHEMBL1743897,0,decoy,-5.42116719504627,SP
CHEMBL1743900,0,decoy,-5.50389110327109,SP
CHEMBL1743902,0,decoy,-6.18270286426266,SP
CHEMBL1743912,0,decoy,-3.93772674939754,HTVS
CHEMBL1743917,0,decoy,-4.56291708650287,HTVS
CHEMBL1743919,0,decoy,-4.86467478610082,HTVS
CHEMBL1744338,0,decoy,-2.43857898384692,HTVS
CHEMBL3654796,0,decoy,-7.44343520907863,SP
CHEMBL3654798,0,decoy,-5.92256719459837,SP
CHEMBL3654799,0,decoy,-4.81691859273645,HTVS
CHEMBL3654801,0,decoy,-4.80985729205024,HTVS
CHEMBL3654820,0,decoy,-6.60239782728816,SP
CHEMBL3654824,0,decoy,-6.90244365361031,SP
CHEMBL3654917,0,decoy,-5.51249381066006,SP
CHEMBL3654932,0,decoy,-4.5376313558988,HTVS
CHEMBL3655083,0,decoy,-4.17813941592533,HTVS
CHEMBL3655084,0,decoy,-6.95203567395425,SP
CHEMBL3655087,0,decoy,-4.78212396818864,HTVS
CHEMBL3655088,0,decoy,-7.08219349985082,SP
CHEMBL3655090,0,decoy,-3.60691840651772,HTVS
CHEMBL3655093,0,decoy,-4.78042536621632,HTVS
CHEMBL3655094,0,decoy,-6.10699740028059,SP
CHEMBL3655103,0,decoy,-6.98676449437325,SP
CHEMBL3655358,0,decoy,-4.0096895414639,HTVS
CHEMBL3338112,0,decoy,-4.05309012744449,HTVS
CHEMBL3338116,0,decoy,-4.14894144982039,HTVS
CHEMBL3338119,0,decoy,-4.00045567819505,HTVS
CHEMBL3338122,0,decoy,-4.68324345825188,HTVS
CHEMBL3338430,0,decoy,-4.40312956451404,HTVS
CHEMBL3985527,0,decoy,-7.03687555806978,SP
CHEMBL3985609,0,decoy,-6.25501713137963,SP
CHEMBL3985624,0,decoy,-6.25425688178126,SP
CHEMBL3985648,0,decoy,-4.59892084237246,HTVS
CHEMBL3986002,0,decoy,-6.13327337954823,SP
CHEMBL3986235,0,decoy,-6.95469929247356,SP
CHEMBL3986339,0,decoy,-6.98578714274578,SP
CHEMBL3986489,0,decoy,-6.82176833769145,SP
CHEMBL3986666,0,decoy,-6.00660593034422,SP
CHEMBL3986776,0,decoy,-4.78760495527614,SP
CHEMBL315547,0,decoy,-4.83789672606434,HTVS
CHEMBL315968,0,decoy,-4.47570234739978,HTVS
CHEMBL83132,0,decoy,-4.78128033443746,HTVS
CHEMBL83291,0,decoy,-4.52373259904782,HTVS
CHEMBL85757,0,decoy,-4.89236617667427,HTVS
CHEMBL5560374,0,decoy,-3.77917570685263,HTVS
CHEMBL5560375,0,decoy,-7.09877495786349,SP
CHEMBL5560423,0,decoy,-4.56438770117538,HTVS
CHEMBL5560743,0,decoy,-5.44155194241145,SP
CHEMBL5560760,0,decoy,-5.28302709229886,SP
CHEMBL5560830,0,decoy,-6.58494550465002,SP
CHEMBL5560836,0,decoy,-4.38537557180117,HTVS
CHEMBL5560889,0,decoy,-4.40407334676607,HTVS
CHEMBL5560916,0,decoy,-6.2633745955474,SP
CHEMBL5561178,0,decoy,-4.24438803436112,HTVS
CHEMBL5561224,0,decoy,-3.93422823017244,HTVS
CHEMBL5561279,0,decoy,-3.66437837335857,HTVS
CHEMBL5560870,0,decoy,-5.83807455680702,SP
CHEMBL1744351,0,decoy,-4.19023117781781,HTVS
CHEMBL552668,0,decoy,-7.17146799308432,SP
CHEMBL543893,0,decoy,-3.62907498860115,HTVS
CHEMBL4104407,0,decoy,-4.54695051034411,HTVS
CHEMBL1800279,0,decoy,-4.86218366819408,HTVS
CHEMBL1800940,0,decoy,-4.19132033433024,HTVS
CHEMBL1800944,0,decoy,-3.98438657313946,HTVS
CHEMBL4215716,0,decoy,-6.94458811386399,SP
CHEMBL4215746,0,decoy,-5.77328066761629,SP
CHEMBL4215947,0,decoy,-5.82310609802106,SP
CHEMBL3655089,0,decoy,-4.30748206801633,HTVS
CHEMBL3655100,0,decoy,-7.44200188782752,SP
CHEMBL3986184,0,decoy,-5.59514088373095,SP
CHEMBL3986515,0,decoy,-7.06883089552653,SP
CHEMBL3986740,0,decoy,-3.59638154177856,HTVS
CHEMBL3986866,0,decoy,-3.86960138673144,HTVS
CHEMBL86287,0,decoy,-5.63699594868666,SP
CHEMBL85546,0,decoy,-4.65851589399347,HTVS
CHEMBL5560690,0,decoy,-5.9218707202247,SP
CHEMBL5560935,0,decoy,-4.65621802586424,HTVS
CHEMBL5561013,0,decoy,-6.33986209827617,SP
CHEMBL5561340,0,decoy,-5.77414697815358,SP
CHEMBL5561629,0,decoy,-5.75575601259178,SP
CHEMBL4541081,0,decoy,-5.21610569106951,SP
CHEMBL2358958,0,decoy,-4.51466806058575,HTVS
CHEMBL2359018,0,decoy,-5.9252738817078,SP
CHEMBL2359302,0,decoy,-4.67721002115055,HTVS
CHEMBL2359865,0,decoy,-5.65247447989178,SP
CHEMBL2360008,0,decoy,-1.92271007156637,HTVS
CHEMBL1977445,0,decoy,-4.46379066347324,HTVS
CHEMBL1977935,0,decoy,-4.80552837398589,HTVS
CHEMBL1978007,0,decoy,-3.64727712198147,HTVS
CHEMBL1714443,0,decoy,-4.4739592168772,HTVS
CHEMBL1714652,0,decoy,-4.20054425722215,HTVS
CHEMBL1714782,0,decoy,-4.39688471650717,HTVS
CHEMBL1714875,0,decoy,-6.69577797694987,SP
CHEMBL1714909,0,decoy,-4.65230827849386,HTVS
CHEMBL1715055,0,decoy,-6.50952678025343,SP
CHEMBL1715078,0,decoy,-4.0798915305699,HTVS
CHEMBL1715122,0,decoy,-4.90779267408942,HTVS
CHEMBL1715124,0,decoy,-6.67543691224339,SP
CHEMBL1715167,0,decoy,-4.35928864042976,HTVS
CHEMBL1715171,0,decoy,-3.79581568640634,HTVS
CHEMBL1715317,0,decoy,-4.1607845105745,HTVS
CHEMBL1715326,0,decoy,-4.23074800266834,HTVS
CHEMBL1715411,0,decoy,-3.57207750528089,HTVS
CHEMBL3350477,0,decoy,-4.05308571193841,HTVS
CHEMBL3350552,0,decoy,-4.21436922221317,HTVS
CHEMBL3350580,0,decoy,-4.90387023742349,HTVS
CHEMBL3350659,0,decoy,-4.67467906222057,HTVS
CHEMBL3350999,0,decoy,-4.76231207793414,HTVS
CHEMBL2286315,0,decoy,-3.03115789404072,HTVS
CHEMBL2286320,0,decoy,-2.85086997685127,HTVS
CHEMBL1797978,0,decoy,-3.60532977393683,HTVS
CHEMBL4215519,0,decoy,-5.89248381477038,SP
CHEMBL3338115,0,decoy,-3.50381435545216,HTVS
CHEMBL85750,0,decoy,-2.62885901934433,HTVS
CHEMBL85924,0,decoy,-4.07461103176346,HTVS
CHEMBL5560582,0,decoy,-3.57064661596728,HTVS
CHEMBL5561058,0,decoy,-4.84457453190986,HTVS
CHEMBL5561186,0,decoy,-3.74696271374964,HTVS
CHEMBL2359261,0,decoy,-5.41708572288886,SP
CHEMBL2359420,0,decoy,-4.14957298575251,HTVS
CHEMBL2359548,0,decoy,-5.53901743034516,SP
CHEMBL2359768,0,decoy,-4.39179235598612,HTVS
CHEMBL2359921,0,decoy,-3.47792595632388,HTVS
CHEMBL1714508,0,decoy,-4.80228153373148,HTVS
CHEMBL1714727,0,decoy,-2.51992684654337,HTVS
CHEMBL1715186,0,decoy,-2.52470877417608,HTVS
CHEMBL1715519,0,decoy,-3.4915223071959,HTVS
CHEMBL2287023,0,decoy,-4.21389295661287,HTVS
CHEMBL1742336,0,decoy,-4.86111423959942,HTVS
CHEMBL1713388,0,decoy,-7.37921203376355,SP
CHEMBL1713588,0,decoy,-5.14783738826693,SP
CHEMBL1713632,0,decoy,-5.64391050077913,SP
CHEMBL1713794,0,decoy,-3.65725369315322,HTVS
CHEMBL1713863,0,decoy,-4.69836725208807,HTVS
CHEMBL1714111,0,decoy,-6.42422312948084,SP
CHEMBL1714123,0,decoy,-4.07901417596585,HTVS
CHEMBL1714225,0,decoy,-3.17938747631229,HTVS
CHEMBL1714354,0,decoy,-2.29101237598162,HTVS
CHEMBL556022,0,decoy,-6.12231822267874,SP
CHEMBL555764,0,decoy,-4.72861144374997,HTVS
CHEMBL543420,0,decoy,-4.47912172445334,HTVS
CHEMBL1762697,0,decoy,-4.59073987287199,HTVS
CHEMBL4104472,0,decoy,-6.04868566009491,SP
CHEMBL4104785,0,decoy,-7.01881391744168,SP
CHEMBL4105247,0,decoy,-4.35377370526191,HTVS
CHEMBL1797988,0,decoy,-4.07058989480343,HTVS
CHEMBL1797999,0,decoy,-5.91322143269461,SP
CHEMBL1798065,0,decoy,-3.97787564947829,HTVS
CHEMBL1800473,0,decoy,-4.80979715084478,HTVS
CHEMBL1800790,0,decoy,-5.44345007072538,SP
CHEMBL4214992,0,decoy,-4.32218534780072,HTVS
CHEMBL4215028,0,decoy,-4.81013959562806,HTVS
CHEMBL4215182,0,decoy,-4.21425216672555,HTVS
CHEMBL4215186,0,decoy,-7.17136060263873,SP
CHEMBL4215288,0,decoy,-6.34237168791627,SP
CHEMBL4215294,0,decoy,-4.06560979013205,HTVS
CHEMBL4215318,0,decoy,-3.07402945561474,HTVS
CHEMBL5561259,0,decoy,-6.55200715732421,SP
CHEMBL1744317,0,decoy,-3.75881569986339,HTVS
CHEMBL1744371,0,decoy,-4.51493552777351,HTVS
CHEMBL1713485,0,decoy,-4.60330410644251,HTVS
CHEMBL1713807,0,decoy,-6.17288990420044,SP
CHEMBL1714403,0,decoy,-3.65730117227842,HTVS
CHEMBL3609906,0,decoy,-3.42888716826316,HTVS
CHEMBL554963,0,decoy,-6.38920515600371,SP
CHEMBL542696,0,decoy,-6.4029843982983,SP
CHEMBL554858,0,decoy,-6.16749021534206,SP
CHEMBL543174,0,decoy,-6.08582184019358,SP
CHEMBL1762704,0,decoy,-6.18812761149929,SP
CHEMBL1765660,0,decoy,-3.66915946096189,SP
CHEMBL4104195,0,decoy,-3.48442971061786,HTVS
CHEMBL4104197,0,decoy,-3.07470969953586,HTVS
CHEMBL4104312,0,decoy,-5.57855919297627,SP
CHEMBL4104507,0,decoy,-6.10689826878623,SP
CHEMBL4105147,0,decoy,-4.45597849292471,SP
CHEMBL1798061,0,decoy,-2.24599763071505,HTVS
CHEMBL1798076,0,decoy,-3.1344581278189,HTVS
CHEMBL1798078,0,decoy,-2.74194641993042,HTVS
CHEMBL1798082,0,decoy,-4.3709705216342,HTVS
CHEMBL1801073,0,decoy,-4.65198790148921,HTVS
CHEMBL1801074,0,decoy,-4.91966880620941,HTVS
CHEMBL4214748,0,decoy,-4.09210484238785,HTVS
CHEMBL4214847,0,decoy,-5.47521091529469,SP
CHEMBL4214850,0,decoy,-0.830881367452112,HTVS
CHEMBL4215518,0,decoy,-6.69601938374435,SP
CHEMBL4215628,0,decoy,-6.0409597467723,SP
CHEMBL4215805,0,decoy,-4.1274077235573,HTVS
CHEMBL3639532,0,decoy,-4.7990618598758,HTVS
CHEMBL3654368,0,decoy,-4.75710879997117,HTVS
CHEMBL3654496,0,decoy,-3.60093936770244,HTVS
CHEMBL3654592,0,decoy,-4.50536431531136,HTVS
CHEMBL3654613,0,decoy,-4.40094863385621,HTVS
CHEMBL3654641,0,decoy,-4.90655677313968,HTVS
CHEMBL3654642,0,decoy,-6.44178284637228,SP
CHEMBL3654643,0,decoy,-7.44343836353388,SP
CHEMBL3654647,0,decoy,-4.65777342238328,HTVS
CHEMBL3654649,0,decoy,-4.18195011426628,HTVS
CHEMBL3654653,0,decoy,-4.92190098516921,HTVS
CHEMBL3654657,0,decoy,-4.40546667421791,HTVS
CHEMBL3654663,0,decoy,-7.64838887638517,SP
CHEMBL3654665,0,decoy,-6.42016854664319,SP
CHEMBL3338127,0,decoy,-4.56920515589998,HTVS
CHEMBL3338154,0,decoy,-4.44625744212301,HTVS
CHEMBL3338606,0,decoy,-3.56071606433341,HTVS
CHEMBL3338607,0,decoy,-3.83754553755332,HTVS
CHEMBL4105151,0,decoy,-7.07476960384044,SP
CHEMBL4541400,0,decoy,-3.7267488288596,HTVS
CHEMBL1762692,0,decoy,-2.71462045763971,HTVS
CHEMBL4104315,0,decoy,-7.39474830608156,SP
CHEMBL4104581,0,decoy,-5.80271796322783,SP
CHEMBL4104954,0,decoy,-3.58040989364513,HTVS
CHEMBL1797982,0,decoy,-5.13192724828429,SP
CHEMBL4215246,0,decoy,-2.73701200147789,HTVS
CHEMBL4215499,0,decoy,-2.89615116014876,HTVS
CHEMBL3985465,0,decoy,-6.51966974713134,SP
CHEMBL3985689,0,decoy,-7.69069649957544,SP
CHEMBL3985968,0,decoy,-6.19983715491225,SP
CHEMBL5560460,0,decoy,-6.27815469152298,SP
CHEMBL5560564,0,decoy,-3.12557214841521,HTVS
CHEMBL5560650,0,decoy,-7.02636732888825,SP
CHEMBL5561158,0,decoy,-6.75319706622902,SP
CHEMBL5561424,0,decoy,-6.07786028582338,SP
CHEMBL5561509,0,decoy,-4.74139533114464,HTVS
CHEMBL4540377,0,decoy,-6.71170934571003,SP
CHEMBL3719320,0,decoy,-4.51801608000002,HTVS
CHEMBL2359191,0,decoy,-2.32367318625112,HTVS
CHEMBL2359266,0,decoy,-4.69739967605052,HTVS
CHEMBL2359297,0,decoy,-4.04902775198486,HTVS
CHEMBL2359428,0,decoy,-3.19815000729039,HTVS
CHEMBL2359918,0,decoy,-4.75945123103292,HTVS
CHEMBL2359927,0,decoy,-2.7806671322185,HTVS
CHEMBL1977748,0,decoy,-3.5578813080233,HTVS
CHEMBL1977892,0,decoy,-3.49483169101179,HTVS
CHEMBL3353396,0,decoy,-4.35602885994994,HTVS
CHEMBL3353399,0,decoy,-7.16018640120204,SP
CHEMBL3353400,0,decoy,-5.92776069074058,SP
CHEMBL3353402,0,decoy,-4.20642598114586,HTVS
CHEMBL3608559,0,decoy,-7.27559381682128,SP
CHEMBL3608654,0,decoy,-2.03313419627081,HTVS
CHEMBL3608744,0,decoy,-6.6589855483268,SP
CHEMBL3608745,0,decoy,-7.18861541097439,SP
CHEMBL544111,0,decoy,-6.3135943745532,SP
CHEMBL544124,0,decoy,-6.37449047247435,SP
CHEMBL544589,0,decoy,-6.23077106062386,SP
CHEMBL1762549,0,decoy,-7.30301062010946,SP
CHEMBL1762633,0,decoy,-6.91503330617647,SP
CHEMBL1762691,0,decoy,-4.19731359762132,HTVS
CHEMBL1765384,0,decoy,-3.72393484079375,HTVS
CHEMBL1765392,0,decoy,-2.77483600413371,HTVS
CHEMBL1765453,0,decoy,-3.58372345534469,HTVS
CHEMBL1765818,0,decoy,-5.86483200622129,SP
CHEMBL4104319,0,decoy,-2.56884806820369,HTVS
CHEMBL4104450,0,decoy,-4.41573408923506,HTVS
CHEMBL5560563,0,decoy,-6.55546663684342,SP
CHEMBL5561690,0,decoy,-4.55373119449511,HTVS
CHEMBL1714470,0,decoy,-3.81751010947386,HTVS
CHEMBL1714949,0,decoy,-3.99301124416409,HTVS
CHEMBL1744406,0,decoy,-2.8664308374165,HTVS
CHEMBL3654590,0,decoy,-4.6928551543417,HTVS
CHEMBL3654624,0,decoy,-7.44229625757925,SP
CHEMBL3654625,0,decoy,-7.47058745134744,SP
CHEMBL3654626,0,decoy,-7.47331055016403,SP
CHEMBL3338096,0,decoy,-4.85113427859005,HTVS
CHEMBL3338101,0,decoy,-4.16923209673592,HTVS
CHEMBL3338102,0,decoy,-3.88299194422758,HTVS
CHEMBL3338103,0,decoy,-4.87730272172691,HTVS
CHEMBL3338105,0,decoy,-2.41435362647879,HTVS
CHEMBL3338106,0,decoy,-3.65252837107398,HTVS
CHEMBL3338110,0,decoy,-3.31174464718693,HTVS
CHEMBL3338111,0,decoy,-4.75486794426735,HTVS
CHEMBL3338118,0,decoy,-3.53226864748681,HTVS
CHEMBL3338130,0,decoy,-4.66649382510627,HTVS
CHEMBL3338131,0,decoy,-2.59162549181093,HTVS
CHEMBL4541527,0,decoy,-4.60828607980115,HTVS
CHEMBL2359497,0,decoy,-4.40960294498124,HTVS
CHEMBL1765682,0,decoy,-4.42966483177942,HTVS
CHEMBL1766060,0,decoy,-4.42723368794594,HTVS
CHEMBL1766061,0,decoy,-4.47094956412033,HTVS
CHEMBL4104409,0,decoy,-3.38864360392593,HTVS
CHEMBL4104797,0,decoy,-4.30036230621822,HTVS
CHEMBL4105225,0,decoy,-4.13185902611926,HTVS
CHEMBL4105534,0,decoy,-6.16084924264823,SP
CHEMBL1798066,0,decoy,-2.30658210422449,HTVS
CHEMBL1800319,0,decoy,0.712090084702202,HTVS
CHEMBL1800791,0,decoy,-6.03921764341012,SP
CHEMBL1800950,0,decoy,-4.41127357371239,HTVS
CHEMBL1801047,0,decoy,-4.50849769011904,HTVS
CHEMBL1801050,0,decoy,-3.61140166248729,HTVS
CHEMBL1801051,0,decoy,-4.82378407571362,SP
CHEMBL1801088,0,decoy,-5.58066168628898,SP
CHEMBL1801089,0,decoy,-4.87086257759241,HTVS
CHEMBL1801153,0,decoy,-6.12505435624316,SP
CHEMBL4214862,0,decoy,-4.51596789251207,HTVS
CHEMBL4214975,0,decoy,-4.60044688709014,HTVS
CHEMBL4214994,0,decoy,-6.70353589091979,SP
CHEMBL4215130,0,decoy,-5.6879662712606,SP
CHEMBL4215229,0,decoy,-4.90954878601593,SP
CHEMBL4215257,0,decoy,-4.82723835376253,HTVS
CHEMBL4215287,0,decoy,-3.90291783922923,HTVS
CHEMBL4215376,0,decoy,-4.76963140202293,HTVS
CHEMBL4215466,0,decoy,-6.11834705785918,SP
CHEMBL4215558,0,decoy,-3.04752257213969,HTVS
CHEMBL4215727,0,decoy,-4.72546811236679,HTVS
CHEMBL4215730,0,decoy,-4.04680388364393,HTVS
CHEMBL4215846,0,decoy,-7.07268625113481,SP
CHEMBL4215918,0,decoy,-6.30861509724008,SP
CHEMBL4215989,0,decoy,-6.86371573090502,SP
CHEMBL3338109,0,decoy,-4.14216320860093,SP
CHEMBL2360046,0,decoy,-6.33667699623866,SP
CHEMBL2360074,0,decoy,-4.28486542309208,HTVS
CHEMBL1713694,0,decoy,-3.4753037814528,HTVS
CHEMBL1714068,0,decoy,-3.95355645757724,HTVS
CHEMBL1714100,0,decoy,-2.61110252272568,HTVS
CHEMBL545043,0,decoy,-4.12957530271329,HTVS
CHEMBL4105504,0,decoy,-3.82428194450337,HTVS
CHEMBL1801052,0,decoy,-4.20683719586432,HTVS
CHEMBL1801072,0,decoy,-6.53353084971452,SP
CHEMBL1801077,0,decoy,-4.74843041611428,HTVS
CHEMBL1801083,0,decoy,-6.74133105690981,SP
CHEMBL1801163,0,decoy,-4.19521711481509,HTVS
CHEMBL4214793,0,decoy,1.75450392524345,HTVS
CHEMBL4215270,0,decoy,-3.23662464020181,HTVS
CHEMBL4215286,0,decoy,-4.07720312401035,HTVS
CHEMBL4215423,0,decoy,-3.94780719385873,HTVS
CHEMBL4215990,0,decoy,-4.3696625078715,HTVS
CHEMBL3654363,0,decoy,-4.5232503259926,HTVS
CHEMBL3654560,0,decoy,-8.54968778280172,SP
CHEMBL3654564,0,decoy,-6.67665042317829,SP
CHEMBL3654582,0,decoy,-7.08840067838905,SP
CHEMBL3654593,0,decoy,-6.04514665839679,SP
CHEMBL3654603,0,decoy,-7.87575208249686,SP
CHEMBL3654610,0,decoy,-4.47710989641473,HTVS
CHEMBL3655384,0,decoy,-4.14514415290285,HTVS
CHEMBL3338091,0,decoy,-3.46627428628197,HTVS
CHEMBL3338092,0,decoy,-3.83171274906498,HTVS
CHEMBL3338093,0,decoy,-4.19833187702463,SP
CHEMBL3338097,0,decoy,-4.85063370217034,HTVS
CHEMBL3338098,0,decoy,-4.7994345353385,HTVS
CHEMBL3338099,0,decoy,-3.22314460923932,HTVS
CHEMBL3337462,0,decoy,-4.85175970962887,HTVS
CHEMBL3338107,0,decoy,-3.39457801072241,HTVS
CHEMBL3338108,0,decoy,-3.49091357186217,HTVS
CHEMBL3338132,0,decoy,-4.36102007387109,SP
CHEMBL3985395,0,decoy,-6.98246809388134,SP
CHEMBL3985496,0,decoy,-3.46244609342832,HTVS
CHEMBL3985590,0,decoy,-4.59179877043016,HTVS
CHEMBL3985672,0,decoy,-6.52142030173567,SP
CHEMBL3985769,0,decoy,-4.51204244237527,HTVS
CHEMBL3986033,0,decoy,-6.84653681325101,SP
CHEMBL3986046,0,decoy,-6.78737378822401,SP
CHEMBL3986147,0,decoy,-4.19024962872627,HTVS
CHEMBL3986185,0,decoy,-6.13648258363675,SP
CHEMBL3986331,0,decoy,-5.74652662458217,SP
CHEMBL3986337,0,decoy,-3.62381402610604,HTVS
CHEMBL5561223,0,decoy,-7.94387069143913,SP
CHEMBL4215386,0,decoy,-6.70685503395639,SP
CHEMBL3986076,0,decoy,-4.45138777143079,HTVS
CHEMBL5560941,0,decoy,-6.60135465716354,SP
CHEMBL5561187,0,decoy,-7.09941519853938,SP
CHEMBL5561254,0,decoy,-6.3250859205238,SP
CHEMBL4540442,0,decoy,-4.12869140448483,HTVS
CHEMBL1977688,0,decoy,-4.36861871611205,HTVS
CHEMBL1713393,0,decoy,-3.26289042711267,HTVS
CHEMBL1762702,0,decoy,-4.79214226044357,HTVS
CHEMBL1765661,0,decoy,-2.74544539186243,HTVS
CHEMBL4104839,0,decoy,-6.29935106982012,SP
CHEMBL4105123,0,decoy,-6.98214251038736,SP
CHEMBL4105133,0,decoy,-5.79369983471498,SP
CHEMBL1798008,0,decoy,-4.79255607722594,SP
CHEMBL1800214,0,decoy,-4.37830677902169,SP
CHEMBL4215332,0,decoy,-4.61856843769987,HTVS
CHEMBL4215948,0,decoy,-4.06557676920921,HTVS
CHEMBL4215964,0,decoy,-8.35910056223577,SP
CHEMBL3338449,0,decoy,-4.25509802118293,HTVS
CHEMBL3338450,0,decoy,-4.16074622620942,HTVS
CHEMBL3985607,0,decoy,-3.7536083951304,HTVS
CHEMBL3986050,0,decoy,-7.98807378690079,SP
CHEMBL5560411,0,decoy,-2.96799045101998,HTVS
CHEMBL5560846,0,decoy,-7.8190959315023,SP
CHEMBL5560987,0,decoy,-7.32026533386809,SP
CHEMBL5561170,0,decoy,-4.42580982330559,HTVS
CHEMBL5561381,0,decoy,-3.84205351503475,HTVS
CHEMBL5561636,0,decoy,-6.47399675732749,SP
CHEMBL4540394,0,decoy,-4.33765749088993,HTVS
CHEMBL2359730,0,decoy,-4.54991197526761,HTVS
CHEMBL3350613,0,decoy,-7.88884612654893,SP
CHEMBL1744053,0,decoy,-9.66535788366868,SP
CHEMBL1713354,0,decoy,-7.81302311951832,SP
CHEMBL1713362,0,decoy,-3.39795994949069,HTVS
CHEMBL1713517,0,decoy,-3.34183083757297,HTVS
CHEMBL1713563,0,decoy,-6.51253569491298,SP
CHEMBL1713710,0,decoy,-7.74424292261611,SP
CHEMBL1713825,0,decoy,-4.64780922018999,HTVS
CHEMBL1714194,0,decoy,-3.55454450281963,HTVS
CHEMBL545261,0,decoy,-4.809885785935,HTVS
CHEMBL555859,0,decoy,-6.93283020338522,SP
CHEMBL545262,0,decoy,-4.57451465208963,HTVS
CHEMBL542689,0,decoy,-4.84651481232113,HTVS
CHEMBL542206,0,decoy,-6.03866810747187,SP
CHEMBL3338090,0,decoy,-2.99041454372667,HTVS
CHEMBL3338113,0,decoy,-4.68786726722066,HTVS
CHEMBL3338117,0,decoy,-3.98094653722111,HTVS
CHEMBL1978177,0,decoy,-5.35212534189496,SP
CHEMBL1715215,0,decoy,-4.64298587065618,HTVS
CHEMBL1713434,0,decoy,-4.27002008583965,HTVS
CHEMBL3608670,0,decoy,-6.6693170764804,SP
CHEMBL555658,0,decoy,-5.8291500979728,SP
CHEMBL1765775,0,decoy,-4.33667439971634,HTVS
CHEMBL1765779,0,decoy,-4.90246009157538,HTVS
CHEMBL4105375,0,decoy,-6.83547845454431,SP
CHEMBL1800788,0,decoy,-5.98412866567999,SP
CHEMBL1800789,0,decoy,-5.49869355252,SP
CHEMBL1800837,0,decoy,-5.40596848770958,SP
CHEMBL1800886,0,decoy,-4.25780666284636,HTVS
CHEMBL1800895,0,decoy,-5.29970611536934,SP
CHEMBL4214788,0,decoy,-3.32090137613694,HTVS
CHEMBL4214849,0,decoy,-4.2236231807989,HTVS
CHEMBL4215276,0,decoy,-5.66821880553768,SP
CHEMBL4215329,0,decoy,-6.52280467353927,SP
CHEMBL4215383,0,decoy,-4.77366018553827,HTVS
CHEMBL4215763,0,decoy,-4.52376007457073,HTVS
CHEMBL4215779,0,decoy,-4.0740744446128,HTVS
CHEMBL3654517,0,decoy,-7.28192711235789,SP
CHEMBL3654535,0,decoy,-7.28163692356466,SP
CHEMBL3654701,0,decoy,-6.7377014135478,SP
CHEMBL3654749,0,decoy,-6.27154083071335,SP
CHEMBL3654797,0,decoy,-7.56452063614886,SP
CHEMBL3655320,0,decoy,-5.74143316217301,SP
CHEMBL3655329,0,decoy,-5.80738113523291,SP
CHEMBL3655368,0,decoy,-5.03233809029239,SP
CHEMBL3655375,0,decoy,-4.30923377563804,HTVS
CHEMBL3655385,0,decoy,-3.53469145496185,HTVS
CHEMBL3655397,0,decoy,-5.28080831423985,SP
CHEMBL3338121,0,decoy,-5.50439994117273,SP
CHEMBL3338126,0,decoy,-3.27966061842568,HTVS
CHEMBL3338134,0,decoy,-3.50996398478199,HTVS
CHEMBL3338135,0,decoy,-3.42812824588679,HTVS
CHEMBL3338350,0,decoy,-4.01754594689236,HTVS
CHEMBL3338378,0,decoy,-4.31162064860554,HTVS
CHEMBL3338379,0,decoy,-4.31486862908873,HTVS
CHEMBL3338969,0,decoy,-5.43461423573654,SP
CHEMBL3338972,0,decoy,-3.9670288990305,HTVS
CHEMBL3338976,0,decoy,-4.73711390478753,SP
CHEMBL3338980,0,decoy,-6.15127262452171,SP
CHEMBL3339179,0,decoy,-4.49432048090325,HTVS
CHEMBL3339180,0,decoy,-5.76410994453366,SP
CHEMBL3985513,0,decoy,-6.82276971619816,SP
CHEMBL3985603,0,decoy,-3.92124856261181,HTVS
CHEMBL3985919,0,decoy,-6.16444066429667,SP
CHEMBL1765386,0,decoy,-0.0829704910960984,HTVS
CHEMBL1765387,0,decoy,-3.22606380035169,HTVS
CHEMBL4104549,0,decoy,-4.64114491999796,HTVS
CHEMBL4105191,0,decoy,-4.84850810473655,HTVS
CHEMBL3654448,0,decoy,-8.99385344372992,SP
CHEMBL3654449,0,decoy,-6.87633413240851,SP
CHEMBL3654973,0,decoy,-3.27541859953865,HTVS
CHEMBL3985556,0,decoy,-5.58676350308125,SP
CHEMBL3986215,0,decoy,-3.98827927880735,HTVS
CHEMBL3986253,0,decoy,-4.89870603582867,HTVS
CHEMBL3986416,0,decoy,-6.07551978753901,SP
CHEMBL5560478,0,decoy,-4.84204593972622,HTVS
CHEMBL5560623,0,decoy,-6.17527017266804,SP
CHEMBL5561156,0,decoy,-4.5125221990516,HTVS
CHEMBL2359871,0,decoy,-4.69724983237569,HTVS
CHEMBL1714920,0,decoy,-4.4387550236331,HTVS
CHEMBL1714108,0,decoy,-4.14390671642859,SP
CHEMBL3609303,0,decoy,-4.76620142554695,HTVS
CHEMBL3609313,0,decoy,-4.74019521703501,HTVS
CHEMBL542193,0,decoy,-4.76810138029799,HTVS
CHEMBL1765093,0,decoy,-3.40230566854545,HTVS
CHEMBL1765385,0,decoy,-2.4478150202146,HTVS
CHEMBL1766115,0,decoy,-4.67245115830577,HTVS
CHEMBL1766123,0,decoy,-4.86067314394741,SP
CHEMBL1766126,0,decoy,-3.17820468848237,HTVS
CHEMBL4104255,0,decoy,-6.95567275936146,SP
CHEMBL4104268,0,decoy,-3.11927829880484,HTVS
CHEMBL4104386,0,decoy,-4.35310489018452,HTVS
CHEMBL4104599,0,decoy,-5.88822084120104,SP
CHEMBL4104659,0,decoy,-4.59212730577155,HTVS
CHEMBL4104716,0,decoy,-6.94834529482647,SP
CHEMBL4104718,0,decoy,-4.89326617048696,HTVS
CHEMBL4104828,0,decoy,-3.11295423160054,HTVS
CHEMBL4104891,0,decoy,-4.48617453658335,HTVS
CHEMBL4104988,0,decoy,-6.52549376956612,SP
CHEMBL4105044,0,decoy,-6.79296759752194,SP
CHEMBL4105224,0,decoy,-5.12395524878924,SP
CHEMBL4105331,0,decoy,-6.11898883907808,SP
CHEMBL4105392,0,decoy,-5.6306944021431,SP
CHEMBL4105440,0,decoy,1.60852046514629,HTVS
CHEMBL4105500,0,decoy,-4.73767126306157,HTVS
CHEMBL4105503,0,decoy,-4.88596351747579,HTVS
CHEMBL1797983,0,decoy,-4.85721810317549,HTVS
CHEMBL1797984,0,decoy,-2.98493178870965,HTVS
CHEMBL1797986,0,decoy,-2.76915497432228,HTVS
CHEMBL1798007,0,decoy,-1.66570510712201,HTVS
CHEMBL1798093,0,decoy,-3.92087430431856,HTVS
CHEMBL3654434,0,decoy,-5.58893022756642,SP
CHEMBL3985560,0,decoy,-6.40817666419519,SP
CHEMBL3985863,0,decoy,-5.330350017781,SP
CHEMBL4541248,0,decoy,-5.94013676567937,SP
CHEMBL3714865,0,decoy,-5.79849567115724,SP
CHEMBL3718334,0,decoy,-4.69555191346669,HTVS
CHEMBL2359029,0,decoy,-3.73585991036283,HTVS
CHEMBL1978748,0,decoy,-4.66714017692017,HTVS
CHEMBL1714439,0,decoy,-5.71825000111138,SP
CHEMBL1715115,0,decoy,-6.08348323874198,SP
CHEMBL2286996,0,decoy,-3.49930075391827,HTVS
CHEMBL1713921,0,decoy,-3.87768265627271,HTVS
CHEMBL1714140,0,decoy,-4.33382439512828,HTVS
CHEMBL1765514,0,decoy,-4.18182837722173,HTVS
CHEMBL1765774,0,decoy,-5.95029062165482,SP
CHEMBL1765777,0,decoy,-4.73062725032266,HTVS
CHEMBL1765778,0,decoy,-5.81320302640771,SP
CHEMBL1765780,0,decoy,-4.72050272162594,HTVS
CHEMBL1766142,0,decoy,-5.72391224256468,SP
CHEMBL1766143,0,decoy,-5.83413715737708,SP
CHEMBL1766144,0,decoy,-5.24830263249899,SP
CHEMBL4104341,0,decoy,-5.00424727532178,HTVS
CHEMBL4104503,0,decoy,-5.37315962552034,SP
CHEMBL4104533,0,decoy,-5.79829430108153,SP
CHEMBL4104622,0,decoy,-3.22665514550836,HTVS
CHEMBL4104729,0,decoy,-4.97365931654251,SP
CHEMBL4104948,0,decoy,-5.24593202639724,SP
CHEMBL4105022,0,decoy,-6.63598897581168,SP
CHEMBL4105182,0,decoy,-4.74997711589665,HTVS
CHEMBL1798051,0,decoy,-4.85361639297158,HTVS
CHEMBL1798089,0,decoy,-2.84624534280497,HTVS
CHEMBL1798090,0,decoy,-4.00196695879188,HTVS
CHEMBL1800165,0,decoy,-5.33737434353454,SP
CHEMBL1800166,0,decoy,-4.64452606178002,SP
CHEMBL1800281,0,decoy,-4.07120810370348,HTVS
CHEMBL1800298,0,decoy,-6.476652809426,SP
CHEMBL1800321,0,decoy,-4.10519349145464,HTVS
CHEMBL1800503,0,decoy,-3.85541199220195,HTVS
CHEMBL1800822,0,decoy,-5.69527952712549,SP
CHEMBL1800824,0,decoy,-6.35350185499446,SP
CHEMBL1800839,0,decoy,-4.23199499265421,HTVS
CHEMBL1801090,0,decoy,-4.43078364829904,HTVS
CHEMBL4214853,0,decoy,-3.5839167444246,HTVS
CHEMBL4214951,0,decoy,-4.25574541426003,HTVS
CHEMBL4214991,0,decoy,-6.34018755120339,SP
CHEMBL4215051,0,decoy,-5.66169518503688,SP
CHEMBL4215088,0,decoy,-6.98344996298015,SP
CHEMBL4104180,0,decoy,-4.03624168800612,HTVS
CHEMBL4104504,0,decoy,-3.07756824423258,HTVS
CHEMBL1798101,0,decoy,-3.88138436482353,HTVS
CHEMBL3985669,0,decoy,-7.39721198156527,SP
CHEMBL3985755,0,decoy,-4.13488083227374,HTVS
CHEMBL5560847,0,decoy,-7.17885599477743,SP
CHEMBL3717681,0,decoy,-7.20736261215421,SP
CHEMBL1977982,0,decoy,-4.6230308471233,SP
CHEMBL3351013,0,decoy,-6.70116889900008,SP
CHEMBL3351025,0,decoy,-2.5032182229537,HTVS
CHEMBL544562,0,decoy,-6.36643158721173,SP
CHEMBL3986246,0,decoy,-4.75231697056182,HTVS
CHEMBL4540871,0,decoy,-5.82034051002947,SP
CHEMBL1713703,0,decoy,-2.93751466965995,HTVS
CHEMBL1713775,0,decoy,-7.492651425845,SP
CHEMBL545057,0,decoy,-4.03493231274893,HTVS
CHEMBL545527,0,decoy,-4.57839372373144,HTVS
CHEMBL1762727,0,decoy,-3.05243420645858,HTVS
CHEMBL4104342,0,decoy,-6.50134469980733,SP
CHEMBL4104372,0,decoy,-4.98670422157645,SP
CHEMBL4105304,0,decoy,-4.75579624764176,HTVS
CHEMBL1801056,0,decoy,-4.84956340322155,HTVS
CHEMBL4214868,0,decoy,-4.88668538282925,HTVS
CHEMBL4215638,0,decoy,-6.7378495655835,SP
CHEMBL3338114,0,decoy,-3.30155025666761,HTVS
CHEMBL3338968,0,decoy,-4.87918120460067,HTVS
CHEMBL3338971,0,decoy,-0.151681056155826,HTVS
CHEMBL3338975,0,decoy,-4.29332603939096,HTVS
CHEMBL3338979,0,decoy,-4.66749560490465,SP
CHEMBL3985566,0,decoy,-4.12105037749654,HTVS
CHEMBL3985654,0,decoy,-4.57730282819479,HTVS
CHEMBL3985709,0,decoy,-4.91005558772267,HTVS
CHEMBL3986075,0,decoy,-4.43069057340111,HTVS
CHEMBL3986274,0,decoy,-5.44023824069925,SP
CHEMBL3986324,0,decoy,-4.87230943640242,HTVS
CHEMBL3986453,0,decoy,-4.78069632752718,HTVS
CHEMBL3986505,0,decoy,-4.60299715404042,HTVS
CHEMBL3986615,0,decoy,-4.49628441779162,HTVS
CHEMBL85902,0,decoy,-6.88832348351716,SP
CHEMBL83416,0,decoy,-4.9807355820968,SP
CHEMBL85664,0,decoy,-6.83558500045903,SP
CHEMBL86049,0,decoy,-4.66964815940107,HTVS
CHEMBL5560343,0,decoy,-5.86643461932413,SP
CHEMBL5560528,0,decoy,-4.44418671350034,HTVS
CHEMBL5560607,0,decoy,-4.404253015489,HTVS
CHEMBL5560744,0,decoy,-4.57436022226997,HTVS
CHEMBL5560754,0,decoy,-6.24263272145534,SP
CHEMBL5560906,0,decoy,-6.26243071990838,SP
CHEMBL5561007,0,decoy,-5.778683865885,SP
CHEMBL5561049,0,decoy,-5.84238268291648,SP
CHEMBL4540349,0,decoy,-3.60753054822609,HTVS
CHEMBL4540451,0,decoy,-4.40708566217066,HTVS
CHEMBL4540946,0,decoy,-6.15107888295229,SP
CHEMBL4541404,0,decoy,-5.16488904994882,SP
CHEMBL4541413,0,decoy,-3.83505691169639,HTVS
CHEMBL4541670,0,decoy,-7.07375731645475,SP
CHEMBL2359082,0,decoy,-4.5257960354599,HTVS
CHEMBL2359108,0,decoy,-6.97326967797697,SP
CHEMBL2359161,0,decoy,-3.786626783886,HTVS
CHEMBL2359274,0,decoy,-4.23584614059854,HTVS
CHEMBL2359305,0,decoy,-3.59376644172303,HTVS
CHEMBL3655369,0,decoy,-5.9175082553283,SP
CHEMBL3338123,0,decoy,-4.43935227583911,SP
CHEMBL4540854,0,decoy,-5.33507294398805,SP
CHEMBL3719108,0,decoy,-4.75090676657159,HTVS
CHEMBL3717475,0,decoy,-3.39741463111142,HTVS
CHEMBL3716655,0,decoy,-4.17207191103349,HTVS
CHEMBL3717337,0,decoy,-3.50829438536418,HTVS
CHEMBL3718418,0,decoy,-3.45792384452262,HTVS
CHEMBL1714705,0,decoy,-6.32116628786054,SP
CHEMBL1713591,0,decoy,-5.96251168213144,SP
CHEMBL1713727,0,decoy,-4.74953851279275,HTVS
CHEMBL1762694,0,decoy,-4.14003756150183,HTVS
CHEMBL1765513,0,decoy,-5.39137383792337,SP
CHEMBL1765776,0,decoy,-4.75729252028119,HTVS
CHEMBL1766176,0,decoy,-7.12068392467888,SP
CHEMBL1766177,0,decoy,-7.05094358760273,SP
CHEMBL1766178,0,decoy,-6.62215099527561,SP
CHEMBL1766182,0,decoy,-6.41861560400777,SP
CHEMBL1766185,0,decoy,-6.4505483053732,SP
CHEMBL4104199,0,decoy,-5.30319323516324,SP
CHEMBL4104218,0,decoy,-5.21793281542756,SP
CHEMBL4104331,0,decoy,-3.99274655327986,HTVS
CHEMBL4104404,0,decoy,-4.24792468011199,HTVS
CHEMBL4104512,0,decoy,-7.09542960621489,SP
CHEMBL4104691,0,decoy,-4.82947601633491,HTVS
CHEMBL4104723,0,decoy,-7.01153824135981,SP
CHEMBL4104780,0,decoy,-4.57977026098742,SP
CHEMBL4105193,0,decoy,-6.17602124324668,SP
CHEMBL4105430,0,decoy,-3.72189849936788,HTVS
CHEMBL4105518,0,decoy,-5.9840778976512,SP
CHEMBL1798040,0,decoy,-4.09300687576863,HTVS
CHEMBL1800186,0,decoy,-4.03128726471004,HTVS
CHEMBL1800187,0,decoy,-3.41430685539414,HTVS
CHEMBL1800192,0,decoy,-4.79518391461567,HTVS
CHEMBL1800193,0,decoy,-4.70838349343546,HTVS
CHEMBL1800404,0,decoy,-4.56710028902162,HTVS
CHEMBL1800929,0,decoy,-5.99264901284894,SP
CHEMBL1801011,0,decoy,-4.69738624617883,HTVS
CHEMBL1801012,0,decoy,-4.16993347135333,HTVS
CHEMBL1801013,0,decoy,-4.69738624617883,HTVS
CHEMBL4214755,0,decoy,-5.72898560729,SP
CHEMBL4214878,0,decoy,-4.16019799267027,HTVS
CHEMBL4215008,0,decoy,-4.07001721891416,HTVS
CHEMBL4215027,0,decoy,-4.81509260745064,HTVS
CHEMBL4215047,0,decoy,-5.53840483810183,SP
CHEMBL4215050,0,decoy,-4.75170956996979,SP
CHEMBL4215136,0,decoy,-6.36245495946865,SP
CHEMBL4215146,0,decoy,-5.56380050805828,SP
CHEMBL4215183,0,decoy,-5.03399976296066,SP
CHEMBL4215202,0,decoy,-4.00585294890239,HTVS
CHEMBL1743667,0,decoy,-4.00344011146162,HTVS
CHEMBL545071,0,decoy,-5.49640804067299,SP
CHEMBL3986836,0,decoy,-5.22919362186315,SP
CHEMBL5560575,0,decoy,-4.51129903250101,HTVS
CHEMBL5561363,0,decoy,-3.02276102660537,HTVS
CHEMBL1977638,0,decoy,-3.56313612542981,HTVS
CHEMBL1978015,0,decoy,-4.30418905821408,HTVS
CHEMBL1978256,0,decoy,-4.39465725203789,HTVS
CHEMBL1978402,0,decoy,-7.10636673038801,SP
CHEMBL1742450,0,decoy,-3.98918238568063,HTVS
CHEMBL1743668,0,decoy,-3.96452883457186,HTVS
CHEMBL1743669,0,decoy,-5.26397193315119,SP
CHEMBL1714044,0,decoy,-3.07027730235409,HTVS
CHEMBL3609648,0,decoy,-3.15712451567263,HTVS
CHEMBL554048,0,decoy,-3.43141902853737,HTVS
CHEMBL542664,0,decoy,-3.27257290259028,HTVS
CHEMBL544080,0,decoy,-3.83270783248532,SP
CHEMBL545046,0,decoy,-6.60012873295724,SP
CHEMBL1765146,0,decoy,-2.97603916735801,HTVS
CHEMBL1765147,0,decoy,-3.3203773418588,HTVS
CHEMBL1765148,0,decoy,-3.74436290688547,HTVS
CHEMBL4104726,0,decoy,-1.48776591478883,HTVS
CHEMBL4215842,0,decoy,-3.70361892671007,HTVS
CHEMBL4215870,0,decoy,-3.60290657664566,HTVS
CHEMBL4215931,0,decoy,-4.7076126532691,HTVS
CHEMBL3654347,0,decoy,-4.08431264512846,HTVS
CHEMBL3654348,0,decoy,-4.33995623063594,HTVS
CHEMBL3654349,0,decoy,-3.83146499276521,HTVS
CHEMBL3654350,0,decoy,-4.30386728890475,HTVS
CHEMBL3654896,0,decoy,-3.91609079995207,HTVS
CHEMBL3339251,0,decoy,-4.38520843158751,HTVS
CHEMBL3985773,0,decoy,-6.61485035337569,SP
CHEMBL3986052,0,decoy,-3.12915338426535,HTVS
CHEMBL3986428,0,decoy,-6.81861600775765,SP
CHEMBL314855,0,decoy,-3.92114956390119,HTVS
CHEMBL313942,0,decoy,-6.07352972725692,SP
CHEMBL86291,0,decoy,-4.04652579907468,HTVS
CHEMBL85684,0,decoy,-4.10221910549978,HTVS
CHEMBL82044,0,decoy,-5.69326926230494,SP
CHEMBL86115,0,decoy,-3.51492571945419,HTVS
CHEMBL85149,0,decoy,-6.5197339044401,SP
CHEMBL86157,0,decoy,-3.93432598137623,HTVS
CHEMBL85225,0,decoy,-5.68499556303142,SP
CHEMBL315946,0,decoy,-6.86141267228817,SP
CHEMBL85265,0,decoy,-5.70399382856276,SP
CHEMBL85318,0,decoy,-4.5526349483976,HTVS
CHEMBL86130,0,decoy,-4.39976139926312,HTVS
CHEMBL315830,0,decoy,-4.17217057804691,HTVS
CHEMBL83520,0,decoy,-6.87439352399462,SP
CHEMBL1714327,0,decoy,-3.93580383689554,HTVS
CHEMBL4105183,0,decoy,-3.1419076832938,HTVS
CHEMBL3985936,0,decoy,-4.14227362411032,HTVS
CHEMBL85418,0,decoy,-4.21677571064665,HTVS
CHEMBL2359885,0,decoy,-2.91699874360074,HTVS
CHEMBL2359946,0,decoy,-1.15361404393977,HTVS
CHEMBL3351039,0,decoy,-3.8370486854704,HTVS
CHEMBL1743596,0,decoy,-4.94466701509009,SP
CHEMBL3608751,0,decoy,-6.37070598093538,SP
CHEMBL3608752,0,decoy,-6.17925441043259,SP
CHEMBL1762627,0,decoy,-6.35177721230919,SP
CHEMBL1762629,0,decoy,-5.71776262473777,SP
CHEMBL1762631,0,decoy,-2.92438142051125,HTVS
CHEMBL1762632,0,decoy,-5.61548984787939,SP
CHEMBL4104487,0,decoy,-6.00779338343147,SP
CHEMBL4105076,0,decoy,-5.43201736457512,SP
CHEMBL4105079,0,decoy,-4.16148361593952,HTVS
CHEMBL4105414,0,decoy,-4.48601876830137,HTVS
CHEMBL4214920,0,decoy,-4.42477144874601,HTVS
CHEMBL4215014,0,decoy,-4.53550402737793,HTVS
CHEMBL4215198,0,decoy,-5.63068046703551,SP
CHEMBL4215591,0,decoy,-5.55038515871252,SP
CHEMBL3654260,0,decoy,-6.06275660922553,SP
CHEMBL3986154,0,decoy,-7.17905883920496,SP
CHEMBL3986282,0,decoy,-7.01121199593104,SP
CHEMBL3986306,0,decoy,-7.35732354016644,SP
CHEMBL3986486,0,decoy,-5.26584947685062,SP
CHEMBL84714,0,decoy,-4.03219336577373,HTVS
CHEMBL5560697,0,decoy,-3.36309252656757,HTVS
CHEMBL4540536,0,decoy,-3.14313596983365,HTVS
CHEMBL2359654,0,decoy,-3.95444227282871,HTVS
CHEMBL2360018,0,decoy,-2.21954444485452,HTVS
CHEMBL1978168,0,decoy,-2.94411660615149,HTVS
CHEMBL1714673,0,decoy,-6.60880168392998,SP
CHEMBL1714849,0,decoy,-3.20110425299682,HTVS
CHEMBL1715008,0,decoy,-4.32166935118342,HTVS
CHEMBL1715062,0,decoy,-3.72582230348325,HTVS
CHEMBL1715254,0,decoy,-2.42096180943312,HTVS
CHEMBL3353051,0,decoy,-7.4065518340748,SP
CHEMBL3353052,0,decoy,-5.00041198662935,SP
CHEMBL2286605,0,decoy,-2.05435392482829,HTVS
CHEMBL1742014,0,decoy,-6.07361703269169,SP
CHEMBL1742101,0,decoy,-1.38073317424808,HTVS
CHEMBL1742952,0,decoy,-6.07361703269169,SP
CHEMBL1743582,0,decoy,-4.43497007924095,HTVS
CHEMBL1713394,0,decoy,-4.80570922138428,HTVS
CHEMBL1713505,0,decoy,-4.25854384703091,HTVS
CHEMBL3986406,0,decoy,-2.08512730457206,HTVS
CHEMBL2359476,0,decoy,-3.41950911991094,HTVS
CHEMBL2359819,0,decoy,-5.57842641553014,SP
CHEMBL2359855,0,decoy,-3.01801015651819,HTVS
CHEMBL1714819,0,decoy,-3.66025192826134,HTVS
CHEMBL1714941,0,decoy,-4.61713004579808,HTVS
CHEMBL1715079,0,decoy,-3.28330727453765,HTVS
CHEMBL1715313,0,decoy,-6.51782444005424,SP
CHEMBL1715332,0,decoy,-2.67140023476686,HTVS
CHEMBL1715403,0,decoy,-3.98307586108307,HTVS
CHEMBL1715466,0,decoy,-2.80734093522855,HTVS
CHEMBL1715539,0,decoy,-4.85740504156367,HTVS
CHEMBL1742382,0,decoy,-1.11728759032084,HTVS
CHEMBL1742471,0,decoy,-5.93204316590607,SP
CHEMBL1743590,0,decoy,-3.9562022097656,HTVS
CHEMBL1713489,0,decoy,-3.68541185496427,HTVS
CHEMBL1713757,0,decoy,-4.53076992339675,HTVS
CHEMBL1713803,0,decoy,-4.43354909785246,HTVS
CHEMBL1713862,0,decoy,-3.57753959121329,HTVS
CHEMBL1714127,0,decoy,-3.78822400622487,HTVS
CHEMBL1714242,0,decoy,-6.48736105410071,SP
CHEMBL1714419,0,decoy,-3.74287037830821,HTVS
CHEMBL3608758,0,decoy,-6.35528774838213,SP
CHEMBL3609486,0,decoy,-3.67717760039143,HTVS
CHEMBL3609875,0,decoy,-1.08168966135258,HTVS
CHEMBL543633,0,decoy,-4.75282629506864,HTVS
CHEMBL545045,0,decoy,-4.82648139519347,HTVS
CHEMBL545510,0,decoy,-4.9807355820968,SP
CHEMBL4104606,0,decoy,-5.54267100047774,SP
CHEMBL4104608,0,decoy,-6.60907051430021,SP
CHEMBL4105541,0,decoy,-3.98588969222443,HTVS
CHEMBL4215098,0,decoy,-4.14157207313101,HTVS
CHEMBL4215235,0,decoy,-3.71892692274538,HTVS
CHEMBL3654241,0,decoy,-4.7884287446462,HTVS
CHEMBL3654244,0,decoy,-4.59994999561868,HTVS
CHEMBL3654258,0,decoy,-3.94152630594307,HTVS
CHEMBL3654372,0,decoy,-4.46722795792811,HTVS
CHEMBL3338358,0,decoy,-3.9303457613653,HTVS
CHEMBL3338373,0,decoy,-4.36877951162714,HTVS
CHEMBL3985498,0,decoy,-5.26459445400601,SP
CHEMBL3985571,0,decoy,-4.27054681875576,HTVS
CHEMBL3985741,0,decoy,-7.13485928080712,SP
CHEMBL3985909,0,decoy,-6.52637738755125,SP
CHEMBL3985920,0,decoy,-3.92074178308676,HTVS
CHEMBL3986074,0,decoy,-6.00326140466636,SP
CHEMBL3986113,0,decoy,-4.75505184796059,HTVS
CHEMBL3986259,0,decoy,-4.49915734648582,HTVS
CHEMBL3986415,0,decoy,-5.71589573952882,SP
CHEMBL3986426,0,decoy,-3.84226255619574,HTVS
CHEMBL4215302,0,decoy,-2.4912267232229,HTVS
CHEMBL3986823,0,decoy,-3.53253497305034,HTVS
CHEMBL2359692,0,decoy,-5.66563550918054,SP
CHEMBL1714796,0,decoy,-3.79029211108641,HTVS
CHEMBL3353262,0,decoy,-3.92144450937351,HTVS
CHEMBL3353738,0,decoy,-3.76255521562072,HTVS
CHEMBL3353742,0,decoy,-4.70677317034566,HTVS
CHEMBL3353747,0,decoy,-3.94286906433998,HTVS
CHEMBL1762698,0,decoy,-6.59536010035326,SP
CHEMBL1762701,0,decoy,-6.47441904689818,SP
CHEMBL4105396,0,decoy,-3.25967312590593,HTVS
CHEMBL1798083,0,decoy,-4.49461084305277,HTVS
CHEMBL1800475,0,decoy,-4.73176168014499,HTVS
CHEMBL1800970,0,decoy,-4.66171515157523,HTVS
CHEMBL1800972,0,decoy,-3.31690833649126,HTVS
CHEMBL1800999,0,decoy,-3.44956765080823,HTVS
CHEMBL1801030,0,decoy,-4.72041729079868,HTVS
CHEMBL4215484,0,decoy,-4.77835485178188,HTVS
CHEMBL4216062,0,decoy,-6.81632173245122,SP
CHEMBL4216066,0,decoy,-2.55167680448172,HTVS
CHEMBL3655341,0,decoy,-5.59188377839023,SP
CHEMBL3338609,0,decoy,-2.59182020970257,HTVS
CHEMBL3985613,0,decoy,-5.8347670222016,SP
CHEMBL3985748,0,decoy,-4.17844195761555,HTVS
CHEMBL3986103,0,decoy,-5.52602544831838,SP
CHEMBL3986254,0,decoy,-5.69508863089142,SP
CHEMBL82791,0,decoy,-7.09827942000539,SP
CHEMBL5561098,0,decoy,-3.81171377616914,HTVS
CHEMBL5561101,0,decoy,-3.96328267462253,HTVS
CHEMBL5561183,0,decoy,-3.42752052413796,HTVS
CHEMBL4540458,0,decoy,-5.64896956964555,SP
CHEMBL4540827,0,decoy,-6.69855702332326,SP
CHEMBL3717973,0,decoy,-4.26358905966186,HTVS
CHEMBL3716821,0,decoy,-4.34292812541034,HTVS
CHEMBL3719062,0,decoy,-5.48732056996385,SP
CHEMBL2358939,0,decoy,-4.46466643532317,HTVS
CHEMBL2359197,0,decoy,-3.9142492771414,HTVS
CHEMBL2359826,0,decoy,-4.82696139510732,HTVS
CHEMBL2360003,0,decoy,-4.63247017018869,HTVS
CHEMBL1978027,0,decoy,-4.64791274155453,HTVS
CHEMBL1978133,0,decoy,-6.31607400719969,SP
CHEMBL1715276,0,decoy,-5.2295888884088,SP
CHEMBL3353261,0,decoy,-3.52899268033356,HTVS
CHEMBL4104666,0,decoy,-6.06736871282511,SP
CHEMBL4104733,0,decoy,-5.43876722561597,SP
CHEMBL1797971,0,decoy,-4.1162204239463,HTVS
CHEMBL4215644,0,decoy,-5.1924146090879,SP
CHEMBL419304,0,decoy,-5.57808805357481,SP
CHEMBL5560956,0,decoy,-4.24015214522101,HTVS
CHEMBL5561378,0,decoy,-5.69709639311583,SP
CHEMBL3716712,0,decoy,-5.4007692025621,SP
CHEMBL1978183,0,decoy,-3.82337685941508,HTVS
CHEMBL1978599,0,decoy,-4.86437795839856,SP
CHEMBL3350817,0,decoy,-3.77490964815153,HTVS
CHEMBL2286986,0,decoy,-4.09802981114662,HTVS
CHEMBL1714101,0,decoy,-4.24020438357075,HTVS
CHEMBL1762720,0,decoy,-4.70954593753774,HTVS
CHEMBL1762721,0,decoy,-3.70097400433305,HTVS
CHEMBL1765511,0,decoy,-4.21851698915456,HTVS
CHEMBL1765512,0,decoy,-4.65864706764325,HTVS
CHEMBL1765764,0,decoy,-4.89249808707274,HTVS
CHEMBL1765772,0,decoy,-6.3727994588557,SP
CHEMBL1766016,0,decoy,-4.209123748234,HTVS
CHEMBL1766019,0,decoy,-4.90653976735292,HTVS
CHEMBL1766139,0,decoy,-5.18565055346813,SP
CHEMBL1766147,0,decoy,-5.63614255098865,SP
CHEMBL1766150,0,decoy,-4.52634129217992,HTVS
CHEMBL4104215,0,decoy,-5.49075147513117,SP
CHEMBL4104278,0,decoy,-6.30562746423652,SP
CHEMBL4104365,0,decoy,-5.13546057345846,SP
CHEMBL4104458,0,decoy,-3.70171876815476,HTVS
CHEMBL4104728,0,decoy,-4.90691767328978,HTVS
CHEMBL4104818,0,decoy,-5.44370363874589,SP
CHEMBL4104922,0,decoy,-5.9090778079009,SP
CHEMBL4104944,0,decoy,-4.29713124090008,HTVS
CHEMBL4104947,0,decoy,-4.86329000911843,HTVS
CHEMBL4104985,0,decoy,-5.34855766088799,SP
CHEMBL4105165,0,decoy,-4.65493583738477,HTVS
CHEMBL4105313,0,decoy,-6.71073958382644,SP
CHEMBL4105319,0,decoy,-1.84253784666565,HTVS
CHEMBL4105320,0,decoy,-6.21952742725257,SP
CHEMBL4105364,0,decoy,-4.57630895714202,HTVS
CHEMBL4105511,0,decoy,-4.55040520214169,HTVS
CHEMBL1797882,0,decoy,-4.65484715470565,HTVS
CHEMBL1797883,0,decoy,-4.60604150032168,HTVS
CHEMBL1797898,0,decoy,-5.53627807048457,SP
CHEMBL1797928,0,decoy,-5.79989636320732,SP
CHEMBL1797953,0,decoy,-4.47741971886237,HTVS
CHEMBL1797974,0,decoy,-4.14887275286725,HTVS
CHEMBL1800188,0,decoy,-3.56822039252121,HTVS
CHEMBL1800189,0,decoy,-4.30980660158693,HTVS
CHEMBL1800190,0,decoy,-4.04916854414415,HTVS
CHEMBL1800191,0,decoy,-4.9172342647572,HTVS
CHEMBL553529,0,decoy,-6.19482124156202,SP
CHEMBL544338,0,decoy,-7.41127278924795,SP
CHEMBL1801080,0,decoy,-4.73145579986002,HTVS
CHEMBL4215316,0,decoy,-3.26753675222102,HTVS
CHEMBL3654328,0,decoy,-4.12653023688143,HTVS
CHEMBL3654329,0,decoy,-3.97751213884499,HTVS
CHEMBL3654331,0,decoy,-4.85724287768263,HTVS
CHEMBL3654332,0,decoy,-3.63566116292456,HTVS
CHEMBL3654336,0,decoy,-4.43737631119474,HTVS
CHEMBL3654339,0,decoy,-4.64817320436338,HTVS
CHEMBL3654346,0,decoy,-4.40532562327759,HTVS
CHEMBL3654892,0,decoy,-4.42735208880447,HTVS
CHEMBL3654906,0,decoy,-4.87923192015996,HTVS
CHEMBL3654924,0,decoy,-4.26024168216733,SP
CHEMBL3654925,0,decoy,-4.54355632361867,HTVS
CHEMBL3338582,0,decoy,-3.86980353708639,HTVS
CHEMBL3986626,0,decoy,-4.36464628088472,HTVS
CHEMBL85567,0,decoy,-2.04339558547643,HTVS
CHEMBL86114,0,decoy,-1.72528528663335,HTVS
CHEMBL315699,0,decoy,-3.59518273645111,HTVS
CHEMBL5561055,0,decoy,-4.03847390339448,HTVS
CHEMBL2359061,0,decoy,-4.44470590953857,HTVS
CHEMBL2359552,0,decoy,-5.72217936277417,SP
CHEMBL2359795,0,decoy,-3.84130578157485,HTVS
CHEMBL2360083,0,decoy,-6.25687320751157,SP
CHEMBL1978009,0,decoy,-4.01630136359691,HTVS
CHEMBL1978676,0,decoy,-5.75100705957367,SP
CHEMBL1714745,0,decoy,-4.15675128212852,HTVS
CHEMBL1714987,0,decoy,-6.59543183414003,SP
CHEMBL1715043,0,decoy,-4.88575040547034,HTVS
CHEMBL1715094,0,decoy,-3.36457607290123,HTVS
CHEMBL1715197,0,decoy,-3.8658042372158,HTVS
CHEMBL1715242,0,decoy,-3.90881061612492,HTVS
CHEMBL1715289,0,decoy,-5.04659872913329,SP
CHEMBL1715292,0,decoy,-4.63117628884765,HTVS
CHEMBL1715420,0,decoy,-2.64624881961691,HTVS
CHEMBL2287020,0,decoy,-2.88156525714419,HTVS
CHEMBL1742100,0,decoy,-5.8917483915224,SP
CHEMBL1744056,0,decoy,-7.95904920530643,SP
CHEMBL1744057,0,decoy,-7.07161883956186,SP
CHEMBL1744137,0,decoy,-4.77763898170528,SP
CHEMBL1713385,0,decoy,-4.62277826923928,HTVS
CHEMBL1713438,0,decoy,-4.23158104910038,SP
CHEMBL1713572,0,decoy,-4.56517573720454,HTVS
CHEMBL1713607,0,decoy,-4.25784425037914,HTVS
CHEMBL1713759,0,decoy,-4.49120429285179,HTVS
CHEMBL1713923,0,decoy,-2.33839353882851,HTVS
CHEMBL1713946,0,decoy,-2.05611462741308,HTVS
CHEMBL1714185,0,decoy,-3.83256563287893,HTVS
CHEMBL1714280,0,decoy,-5.42131566199643,SP
CHEMBL1743899,0,decoy,-3.59108123918547,HTVS
CHEMBL1743901,0,decoy,-5.7822100992599,SP
CHEMBL1743922,0,decoy,-6.14487968445791,SP
CHEMBL4104200,0,decoy,-4.63962235905369,HTVS
CHEMBL4104241,0,decoy,-7.34378418717327,SP
CHEMBL4104534,0,decoy,-4.25948939288661,HTVS
CHEMBL1801075,0,decoy,-4.81514962918617,HTVS
CHEMBL3654594,0,decoy,-3.19088415652608,HTVS
CHEMBL3338614,0,decoy,-3.5324525134923,HTVS
CHEMBL3338615,0,decoy,-1.64218440924477,HTVS
CHEMBL3985611,0,decoy,-5.29561093415125,SP
CHEMBL3985743,0,decoy,-5.65819307366199,SP
CHEMBL3985829,0,decoy,-4.66531540457596,HTVS
CHEMBL3985856,0,decoy,4.41641650752373,HTVS
CHEMBL3986078,0,decoy,-2.43798903449383,HTVS
CHEMBL3986297,0,decoy,-3.87748427810818,HTVS
CHEMBL3986608,0,decoy,-7.43085596135849,SP
CHEMBL3986734,0,decoy,-3.00410464043803,HTVS
CHEMBL3986777,0,decoy,-8.34560921875124,SP
CHEMBL3986804,0,decoy,-6.06978822809339,SP
CHEMBL86067,0,decoy,-6.61397075961537,SP
CHEMBL83885,0,decoy,-3.87410068945432,HTVS
CHEMBL5560345,0,decoy,-5.75940579217169,SP
CHEMBL5560417,0,decoy,-4.40782763527465,HTVS
CHEMBL5560476,0,decoy,-2.7474589474142,HTVS
CHEMBL5560705,0,decoy,-3.14744916272587,HTVS
CHEMBL5561050,0,decoy,-3.17757850914407,HTVS
CHEMBL5561125,0,decoy,-3.94562776880894,HTVS
CHEMBL5561309,0,decoy,-4.04915132636045,HTVS
CHEMBL5561686,0,decoy,-6.6646363456724,SP
CHEMBL4541621,0,decoy,-4.86471521350323,HTVS
CHEMBL3717875,0,decoy,-3.94059263784464,HTVS
CHEMBL3714824,0,decoy,-6.87117065253447,SP
CHEMBL3717036,0,decoy,-7.40438752330093,SP
CHEMBL3716220,0,decoy,-5.85792249713993,SP
CHEMBL2358950,0,decoy,-2.96586622422043,HTVS
CHEMBL2358966,0,decoy,-2.69356809740309,HTVS
CHEMBL2359049,0,decoy,-3.94899252736154,HTVS
CHEMBL2359103,0,decoy,-4.69856826053042,HTVS
CHEMBL2359184,0,decoy,-5.70405943171669,SP
CHEMBL2359194,0,decoy,-6.02838758796574,SP
CHEMBL2359251,0,decoy,-4.60740435777082,HTVS
CHEMBL2359459,0,decoy,-7.64487046509337,SP
CHEMBL2359513,0,decoy,-7.62076942914072,SP
CHEMBL2359540,0,decoy,-6.32818075288284,SP
CHEMBL4215835,0,decoy,-4.84350367454812,HTVS
CHEMBL3655356,0,decoy,-3.48210397972828,HTVS
CHEMBL3655382,0,decoy,-4.70024002907953,HTVS
CHEMBL4541425,0,decoy,-4.49531901170216,HTVS
CHEMBL3716894,0,decoy,-6.10254930365183,SP
CHEMBL3715011,0,decoy,-4.47295320111111,HTVS
CHEMBL3717240,0,decoy,-5.03874098537759,SP
CHEMBL2359604,0,decoy,-4.32636862370039,HTVS
CHEMBL2360056,0,decoy,-5.27131948989007,SP
CHEMBL1714602,0,decoy,-4.71704022401175,SP
CHEMBL1714895,0,decoy,-3.12796590267637,HTVS
CHEMBL1715045,0,decoy,-2.95888137612717,HTVS
CHEMBL1715179,0,decoy,-4.7409563685096,HTVS
CHEMBL1742258,0,decoy,-5.33679380934507,SP
CHEMBL1713857,0,decoy,-4.83914933711762,HTVS
CHEMBL1714222,0,decoy,-5.3687477153963,SP
CHEMBL1714412,0,decoy,-4.26624496712364,HTVS
CHEMBL1762806,0,decoy,-5.04851375895848,SP
CHEMBL1765461,0,decoy,-5.93156098221924,SP
CHEMBL1765465,0,decoy,-7.35234013597605,SP
CHEMBL1765621,0,decoy,-6.90845927323194,SP
CHEMBL1765622,0,decoy,-7.11806507330072,SP
CHEMBL1765716,0,decoy,-7.66048823352973,SP
CHEMBL4104406,0,decoy,-3.76928223083587,HTVS
CHEMBL4105066,0,decoy,-5.86371559897302,SP
CHEMBL4105077,0,decoy,-6.12250802510832,SP
CHEMBL4105420,0,decoy,-5.54238977334893,SP
CHEMBL4105466,0,decoy,-6.72896632620042,SP
CHEMBL1800238,0,decoy,-5.73769305680927,SP
CHEMBL1800296,0,decoy,-4.84194051942605,HTVS
CHEMBL1800304,0,decoy,-5.81298667020782,SP
CHEMBL1800311,0,decoy,-6.501020250098,SP
CHEMBL1800504,0,decoy,-1.44198421814862,HTVS
CHEMBL1800653,0,decoy,-4.8886053716813,SP
CHEMBL1800817,0,decoy,-6.52505653757654,SP
CHEMBL1800820,0,decoy,-6.34070619235668,SP
CHEMBL1800825,0,decoy,-6.78287623443591,SP
CHEMBL1800864,0,decoy,-5.83912002381921,SP
CHEMBL4214822,0,decoy,-4.76892145175941,HTVS
CHEMBL4214872,0,decoy,-5.869214602056,SP
CHEMBL4214939,0,decoy,-4.31726275049421,HTVS
CHEMBL4215044,0,decoy,-6.43212825617532,SP
CHEMBL4215103,0,decoy,-5.89832348576271,SP
CHEMBL4215189,0,decoy,-4.6564749302711,HTVS
CHEMBL4215222,0,decoy,-4.02108328869178,HTVS
CHEMBL4215289,0,decoy,-4.37412543980342,HTVS
CHEMBL4215296,0,decoy,-6.08447702828406,SP
CHEMBL4215456,0,decoy,-6.79539679371621,SP
CHEMBL4215508,0,decoy,-2.57271102158837,HTVS
CHEMBL4215541,0,decoy,-4.53046364742705,HTVS
CHEMBL1765917,0,decoy,-2.910739535814,HTVS
CHEMBL82520,0,decoy,-3.30163268608383,HTVS
CHEMBL4104370,0,decoy,-4.04031813851171,HTVS
CHEMBL4105213,0,decoy,-3.81684402890513,HTVS
CHEMBL4215190,0,decoy,-4.61162993638416,HTVS
CHEMBL4215440,0,decoy,-1.96714775592956,HTVS
CHEMBL4215487,0,decoy,-4.58673814248077,HTVS
CHEMBL4215581,0,decoy,-5.54370665772613,SP
CHEMBL3338324,0,decoy,-2.93556543850297,HTVS
CHEMBL312245,0,decoy,-4.17663022271713,HTVS
CHEMBL315534,0,decoy,-5.97528223213318,SP
CHEMBL5561001,0,decoy,-2.98835888982107,HTVS
CHEMBL4541703,0,decoy,-2.55161789916356,HTVS
CHEMBL2358956,0,decoy,-3.59506495289465,HTVS
CHEMBL2359633,0,decoy,-4.30954370214268,HTVS
CHEMBL2359835,0,decoy,-6.10557357822564,SP
CHEMBL1978638,0,decoy,-4.59055543857101,HTVS
CHEMBL3350727,0,decoy,-6.95008717907642,SP
CHEMBL3350728,0,decoy,-1.9399494151273,HTVS
CHEMBL3350729,0,decoy,-2.65786759088067,HTVS
CHEMBL1742274,0,decoy,-2.70787758026998,HTVS
CHEMBL1742460,0,decoy,-4.66762805653061,HTVS
CHEMBL1742474,0,decoy,-4.64088528521933,HTVS
CHEMBL1743671,0,decoy,-4.09940152723241,HTVS
CHEMBL1744049,0,decoy,-4.32544600150617,HTVS
CHEMBL1744051,0,decoy,-4.60958043010296,HTVS
CHEMBL1713696,0,decoy,-4.65925753794737,HTVS
CHEMBL1714373,0,decoy,-5.7234271530358,SP
CHEMBL3609895,0,decoy,-3.73219610934791,HTVS
CHEMBL544781,0,decoy,-4.3408784554588,HTVS
CHEMBL553374,0,decoy,-5.65581328508565,SP
CHEMBL545040,0,decoy,-4.45019897331765,HTVS
CHEMBL543631,0,decoy,-3.15038510393347,HTVS
CHEMBL552867,0,decoy,-3.57858394302992,HTVS
CHEMBL1762793,0,decoy,-4.83696720869831,HTVS
CHEMBL1765145,0,decoy,-4.81895364480159,HTVS
CHEMBL1765468,0,decoy,-4.29315841479916,HTVS
CHEMBL1765475,0,decoy,-6.84283699522804,SP
CHEMBL1766140,0,decoy,-5.53664105052601,SP
CHEMBL4104220,0,decoy,-7.84625878562926,SP
CHEMBL4104894,0,decoy,-4.81890946042359,HTVS
CHEMBL4105456,0,decoy,-4.53475780462024,HTVS
CHEMBL1797915,0,decoy,-3.44823930523279,HTVS
CHEMBL1800183,0,decoy,-6.20122691368632,SP
CHEMBL1800194,0,decoy,-3.30369755764456,HTVS
CHEMBL1800197,0,decoy,-3.0132081547967,HTVS
CHEMBL1800213,0,decoy,-2.60013570395645,HTVS
CHEMBL1800876,0,decoy,-5.9632698129016,SP
CHEMBL1800877,0,decoy,-5.49330176124505,SP
CHEMBL4214845,0,decoy,-7.10343983697325,SP
CHEMBL4104668,0,decoy,-6.12981733888668,SP
CHEMBL4214934,0,decoy,-3.53841244188043,HTVS
CHEMBL4215387,0,decoy,-3.7048049092611,HTVS
CHEMBL4215917,0,decoy,-6.33017499900484,SP
CHEMBL3654598,0,decoy,-6.36339213177286,SP
CHEMBL3655345,0,decoy,-3.70044660963938,HTVS
CHEMBL3338706,0,decoy,-1.74315152013098,HTVS
CHEMBL3338712,0,decoy,-3.49825910221181,HTVS
CHEMBL3338714,0,decoy,-3.23025666796923,HTVS
CHEMBL3338796,0,decoy,-6.58647451340841,SP
CHEMBL3337469,0,decoy,-6.34468977254975,SP
CHEMBL3338797,0,decoy,-7.15081840033932,SP
CHEMBL3985514,0,decoy,-4.40395437342155,HTVS
CHEMBL3985914,0,decoy,-5.8324659280432,SP
CHEMBL3986578,0,decoy,-3.93290322741292,HTVS
CHEMBL3986585,0,decoy,-8.05035565771278,SP
CHEMBL5560385,0,decoy,-3.6038891475097,HTVS
CHEMBL5560771,0,decoy,-5.96709704580857,SP
CHEMBL5560773,0,decoy,-4.23690348903677,HTVS
CHEMBL5561504,0,decoy,-5.7480787630274,SP
CHEMBL4541196,0,decoy,-6.24474273408218,SP
CHEMBL3717026,0,decoy,-6.23924950117132,SP
CHEMBL3714990,0,decoy,-3.47024415283698,HTVS
CHEMBL3719195,0,decoy,-4.04804582457122,HTVS
CHEMBL1978729,0,decoy,-5.8054026689302,SP
CHEMBL3608644,0,decoy,-3.56430126833737,HTVS
CHEMBL3608313,0,decoy,-3.6135185174101,HTVS
CHEMBL3609403,0,decoy,-6.55128179086668,SP
CHEMBL3609591,0,decoy,-4.16154512399394,HTVS
CHEMBL553089,0,decoy,-6.43171838628289,SP
CHEMBL1762815,0,decoy,-3.78210323994986,HTVS
CHEMBL1762816,0,decoy,-4.01065944780755,HTVS
CHEMBL1765091,0,decoy,-3.08446666122137,HTVS
CHEMBL1765180,0,decoy,-3.862695096589,HTVS
CHEMBL1765391,0,decoy,-4.03865849727021,HTVS
CHEMBL1765428,0,decoy,-3.17133417319024,HTVS
CHEMBL1765557,0,decoy,-5.7906064011069,SP
CHEMBL4104285,0,decoy,-5.41392047577759,SP
CHEMBL4104325,0,decoy,-3.83728218348195,HTVS
CHEMBL4104367,0,decoy,-3.58189663394494,HTVS
CHEMBL4104478,0,decoy,-5.38969026796367,SP
CHEMBL4104482,0,decoy,-6.06547198855335,SP
CHEMBL4104621,0,decoy,-6.48676668700525,SP
CHEMBL4104965,0,decoy,-6.2115539501791,SP
CHEMBL4105095,0,decoy,-5.99525179224964,SP
CHEMBL4105099,0,decoy,-3.58404645068991,HTVS
CHEMBL4105447,0,decoy,-3.75574639694003,HTVS
CHEMBL4105499,0,decoy,-6.15176788220095,SP
CHEMBL4105537,0,decoy,-6.87376031516378,SP
CHEMBL1800627,0,decoy,-5.55578987993321,SP
CHEMBL4214806,0,decoy,-3.62219348082284,HTVS
CHEMBL4214810,0,decoy,-6.84684399775041,SP
CHEMBL4214827,0,decoy,-4.71911568019963,HTVS
CHEMBL4215064,0,decoy,-4.81547824137465,HTVS
CHEMBL4215099,0,decoy,-6.41474910015196,SP
CHEMBL4215184,0,decoy,-3.02873426583588,HTVS
CHEMBL4215426,0,decoy,-3.89778160176925,HTVS
CHEMBL4215501,0,decoy,-6.19753930198836,SP
CHEMBL4215524,0,decoy,-7.22220041576268,SP
CHEMBL4215548,0,decoy,-2.13578028538952,HTVS
CHEMBL4215588,0,decoy,-5.67330844364836,SP
CHEMBL4215622,0,decoy,-3.79913282670348,HTVS
CHEMBL4215674,0,decoy,-3.07157843728641,HTVS
CHEMBL4215945,0,decoy,-0.609101462617387,HTVS
CHEMBL4216087,0,decoy,-3.68749278185465,HTVS
CHEMBL3654310,0,decoy,-2.73694057392572,HTVS
CHEMBL3654474,0,decoy,-7.07859731743789,SP
CHEMBL3654493,0,decoy,-7.15105638969326,SP
CHEMBL3654526,0,decoy,-7.42716711939519,SP
CHEMBL3654574,0,decoy,-6.25131105318709,SP
CHEMBL3654587,0,decoy,-7.5327111285108,SP
CHEMBL3654607,0,decoy,-6.16749028039794,SP
CHEMBL3654608,0,decoy,-8.14273417322757,SP
CHEMBL3654609,0,decoy,-6.4944294542137,SP
CHEMBL3654619,0,decoy,-7.67390024984822,SP
CHEMBL3654947,0,decoy,-3.91669803688589,HTVS
CHEMBL3655351,0,decoy,-5.9627970091363,SP
CHEMBL3655352,0,decoy,-4.08065422336176,HTVS
CHEMBL3655353,0,decoy,-6.6210130595737,SP
CHEMBL3338029,0,decoy,-3.98847564158734,HTVS
CHEMBL3338030,0,decoy,-4.07152698187186,HTVS
CHEMBL3338031,0,decoy,-4.18767551350955,HTVS
CHEMBL3338211,0,decoy,-3.67759112695659,HTVS
CHEMBL3338261,0,decoy,-5.56181344667479,SP
CHEMBL3338443,0,decoy,-5.37247899166814,SP
CHEMBL3338660,0,decoy,-4.28151804281099,HTVS
CHEMBL3338661,0,decoy,-4.21008141800559,HTVS
CHEMBL3338662,0,decoy,-4.86269902868637,HTVS
CHEMBL3338664,0,decoy,-3.12075434134011,HTVS
CHEMBL3338707,0,decoy,-4.16669629038949,HTVS
CHEMBL3338708,0,decoy,-3.48889588761689,HTVS
CHEMBL3338709,0,decoy,-4.15526112585097,HTVS
CHEMBL3338710,0,decoy,-3.04868423646819,HTVS
CHEMBL3338713,0,decoy,-4.29924712885108,HTVS
CHEMBL3986548,0,decoy,-7.46305328760308,SP
CHEMBL1715089,0,decoy,-3.26250574575627,HTVS
CHEMBL1715549,0,decoy,-3.31433792911646,HTVS
CHEMBL1713707,0,decoy,-4.18651880408058,HTVS
CHEMBL4105243,0,decoy,-4.72512760453099,HTVS
CHEMBL1798067,0,decoy,-3.15073805533029,HTVS
CHEMBL1798091,0,decoy,-2.34808790933062,HTVS
CHEMBL1801067,0,decoy,-6.1046422246292,SP
CHEMBL1801068,0,decoy,-6.03590345783563,SP
CHEMBL1801069,0,decoy,-5.71383944016944,SP
CHEMBL1801158,0,decoy,-6.1046422246292,SP
CHEMBL1801159,0,decoy,-5.89626525752951,SP
CHEMBL4215226,0,decoy,-4.58661672622294,HTVS
CHEMBL4215579,0,decoy,-4.10389394746697,HTVS
CHEMBL4215685,0,decoy,-5.33806451164666,SP
CHEMBL4215854,0,decoy,-6.30846967370926,SP
CHEMBL4216040,0,decoy,-3.62056022885633,HTVS
CHEMBL4216080,0,decoy,-4.03241246893468,HTVS
CHEMBL4216105,0,decoy,-4.81038062059578,SP
CHEMBL3654361,0,decoy,-1.88207879246118,HTVS
CHEMBL3654436,0,decoy,-3.10743013267114,HTVS
CHEMBL3654438,0,decoy,-4.67385230618395,HTVS
CHEMBL3654477,0,decoy,-6.99132974466478,SP
CHEMBL3654518,0,decoy,-7.23738435349837,SP
CHEMBL3654539,0,decoy,-8.00574912373768,SP
CHEMBL3654557,0,decoy,-8.70454589246977,SP
CHEMBL3654583,0,decoy,-7.80942333678431,SP
CHEMBL3654614,0,decoy,-7.31529514751306,SP
CHEMBL3654684,0,decoy,-4.69741008327922,HTVS
CHEMBL3654866,0,decoy,-7.50868948339652,SP
CHEMBL3654882,0,decoy,-8.14542535533915,SP
CHEMBL3655325,0,decoy,-5.82143038110333,SP
CHEMBL3655327,0,decoy,-5.54094501128826,SP
CHEMBL3655362,0,decoy,-3.6517923863515,HTVS
CHEMBL3655379,0,decoy,-3.60563752326116,HTVS
CHEMBL3655392,0,decoy,-4.49463959040477,HTVS
CHEMBL3338139,0,decoy,-4.24743536106507,HTVS
CHEMBL3338207,0,decoy,-4.15862917132614,HTVS
CHEMBL3338209,0,decoy,-4.45401541273976,HTVS
CHEMBL3338213,0,decoy,-4.75796733683469,HTVS
CHEMBL3338214,0,decoy,-5.18506203770095,SP
CHEMBL3338262,0,decoy,-5.78167016921352,SP
CHEMBL3338393,0,decoy,-6.67390507271615,SP
CHEMBL3338598,0,decoy,-2.91196593259189,HTVS
CHEMBL3339062,0,decoy,-4.28475380441978,HTVS
CHEMBL3985401,0,decoy,-4.2705293016117,HTVS
CHEMBL3985573,0,decoy,-3.14479599313755,HTVS
CHEMBL3985746,0,decoy,-4.51652705110903,HTVS
CHEMBL3986011,0,decoy,-8.13646991897976,SP
CHEMBL85610,0,decoy,-6.32470973801386,SP
CHEMBL1715511,0,decoy,-4.49117682421717,HTVS
CHEMBL543133,0,decoy,-4.60336283607926,HTVS
CHEMBL4215626,0,decoy,-4.79101380528247,HTVS
CHEMBL4215737,0,decoy,-3.88388697218891,HTVS
CHEMBL3985832,0,decoy,-4.37488394667604,HTVS
CHEMBL313309,0,decoy,-5.14193710907012,SP
CHEMBL85146,0,decoy,-6.45595513097359,SP
CHEMBL313716,0,decoy,-5.13103547196165,SP
CHEMBL420966,0,decoy,-3.98814206633671,HTVS
CHEMBL85983,0,decoy,-4.51056785226482,HTVS
CHEMBL87596,0,decoy,-4.51835632680151,HTVS
CHEMBL88013,0,decoy,-7.12364591411493,SP
CHEMBL5561603,0,decoy,-5.85921865601264,SP
CHEMBL2358978,0,decoy,-7.06986887020474,SP
CHEMBL2359079,0,decoy,-6.86907308458998,SP
CHEMBL2359172,0,decoy,-1.24410933243887,HTVS
CHEMBL2359291,0,decoy,-4.3834594293675,HTVS
CHEMBL2359323,0,decoy,-6.84949550768093,SP
CHEMBL2359829,0,decoy,-6.35164544538294,SP
CHEMBL1714601,0,decoy,-4.0995968071009,HTVS
CHEMBL1714992,0,decoy,-4.01895778265382,HTVS
CHEMBL1715103,0,decoy,-6.03799576776934,SP
CHEMBL1715204,0,decoy,-5.77282921060683,SP
CHEMBL1715365,0,decoy,-4.37521891101242,HTVS
CHEMBL1715397,0,decoy,-4.55472709989881,SP
CHEMBL1715489,0,decoy,-3.38743288076302,HTVS
CHEMBL1715495,0,decoy,-5.80088414834803,SP
CHEMBL2287022,0,decoy,-3.50933308801374,HTVS
CHEMBL1742071,0,decoy,-4.83933010690611,HTVS
CHEMBL1742296,0,decoy,-2.7187958711264,HTVS
CHEMBL1742448,0,decoy,-6.52311122611766,SP
CHEMBL1742461,0,decoy,-5.91932978121771,SP
CHEMBL1743904,0,decoy,-5.79994510851405,SP
CHEMBL1743906,0,decoy,-3.45005097630807,HTVS
CHEMBL1743907,0,decoy,-3.98542046458226,HTVS
CHEMBL1743908,0,decoy,-4.36296975626256,HTVS
CHEMBL1743909,0,decoy,-4.23739390845225,HTVS
CHEMBL1743911,0,decoy,-5.32237414653644,SP
CHEMBL1743914,0,decoy,-5.10378959926574,SP
CHEMBL1713494,0,decoy,-4.66791939357578,SP
CHEMBL1713546,0,decoy,-4.11424784758792,HTVS
CHEMBL1713636,0,decoy,-6.00997265359161,SP
CHEMBL1713651,0,decoy,-3.97912240141031,HTVS
CHEMBL1713815,0,decoy,-6.78245856235443,SP
CHEMBL1713827,0,decoy,-3.59507409778895,HTVS
CHEMBL1714013,0,decoy,-5.53278365617354,SP
CHEMBL1714061,0,decoy,-4.26322760262795,HTVS
CHEMBL1714066,0,decoy,-4.10886163501262,HTVS
CHEMBL2359983,0,decoy,-3.88783333437702,HTVS
CHEMBL1765783,0,decoy,-6.78115562131622,SP
CHEMBL4104302,0,decoy,-7.39876390403899,SP
CHEMBL4104756,0,decoy,-7.65841210245426,SP
CHEMBL4104814,0,decoy,-4.43790794995198,HTVS
CHEMBL4105116,0,decoy,-6.49924571142805,SP
CHEMBL4105222,0,decoy,-6.58349227304359,SP
CHEMBL4214758,0,decoy,-2.23386575069716,HTVS
CHEMBL4214777,0,decoy,-4.19171993330713,HTVS
CHEMBL4214896,0,decoy,-4.10475451199349,HTVS
CHEMBL4215284,0,decoy,-2.89484646135517,HTVS
CHEMBL4215615,0,decoy,-7.45365623029422,SP
CHEMBL4215688,0,decoy,-5.86543774162961,SP
CHEMBL4215710,0,decoy,-3.76118881193191,HTVS
CHEMBL3654468,0,decoy,-5.44197375819319,SP
CHEMBL3654471,0,decoy,-5.78682932809295,SP
CHEMBL3654476,0,decoy,-6.18873470936165,SP
CHEMBL3654485,0,decoy,-6.38922541952231,SP
CHEMBL3654495,0,decoy,-6.64556985196793,SP
CHEMBL3654542,0,decoy,-5.86457270192654,SP
CHEMBL3654740,0,decoy,-7.19406625493168,SP
CHEMBL3654750,0,decoy,-6.23868508812071,SP
CHEMBL3654757,0,decoy,-6.92423963758182,SP
CHEMBL3639536,0,decoy,-7.02089951458766,SP
CHEMBL3654758,0,decoy,-7.23506875894786,SP
CHEMBL3654759,0,decoy,-4.43540306747281,HTVS
CHEMBL3654762,0,decoy,-7.34573611277109,SP
CHEMBL3654864,0,decoy,-6.59928990647871,SP
CHEMBL3654870,0,decoy,-7.50530366244266,SP
CHEMBL3654876,0,decoy,-7.95701904722129,SP
CHEMBL3985771,0,decoy,-4.20539336287564,HTVS
CHEMBL3986504,0,decoy,-4.02092140632876,HTVS
CHEMBL3986510,0,decoy,-5.51957685615823,SP
CHEMBL3986609,0,decoy,-4.83154325906102,HTVS
CHEMBL3986623,0,decoy,-6.54333416153418,SP
CHEMBL3986707,0,decoy,-7.84740771300998,SP
CHEMBL431206,0,decoy,-4.33412473437931,HTVS
CHEMBL82502,0,decoy,-4.53957140221077,HTVS
CHEMBL446095,0,decoy,-4.59834643809994,SP
CHEMBL315943,0,decoy,-5.94101716564924,SP
CHEMBL87853,0,decoy,-3.35494866131036,HTVS
CHEMBL5560741,0,decoy,-4.10170373491141,HTVS
CHEMBL5561084,0,decoy,-3.66105553634078,HTVS
CHEMBL5561165,0,decoy,-4.82182543429654,HTVS
CHEMBL5561585,0,decoy,-4.59726059886709,HTVS
CHEMBL5561593,0,decoy,-3.7290667927822,HTVS
CHEMBL4540344,0,decoy,-4.85342127428233,HTVS
CHEMBL4540658,0,decoy,-4.54288898674464,HTVS
CHEMBL3985784,0,decoy,-6.11870472663537,SP
CHEMBL3985874,0,decoy,-5.7137467355171,SP
CHEMBL3985965,0,decoy,-5.9577348534623,SP
CHEMBL3986123,0,decoy,-3.9086454308258,HTVS
CHEMBL3986199,0,decoy,-4.45077285943661,HTVS
CHEMBL3986509,0,decoy,-5.96321881091911,SP
CHEMBL3986661,0,decoy,-4.54027390460116,HTVS
CHEMBL3986709,0,decoy,-4.55488121831303,HTVS
CHEMBL84601,0,decoy,-4.32546183481112,HTVS
CHEMBL313352,0,decoy,-4.87604823844845,HTVS
CHEMBL5560783,0,decoy,-4.35430439639831,HTVS
CHEMBL5561229,0,decoy,-4.59660280455695,HTVS
CHEMBL5561464,0,decoy,-6.63521171283188,SP
CHEMBL5561560,0,decoy,-3.23285706940333,HTVS
CHEMBL4540948,0,decoy,-6.8948269446572,SP
CHEMBL4541022,0,decoy,-4.19052626732285,HTVS
CHEMBL4541170,0,decoy,-0.0753036327968846,HTVS
CHEMBL4541336,0,decoy,-6.20829107378219,SP
CHEMBL4541354,0,decoy,-4.73091743009564,HTVS
CHEMBL4541370,0,decoy,-3.19847810882291,HTVS
CHEMBL4541442,0,decoy,-4.22794388150024,HTVS
CHEMBL4541499,0,decoy,-4.90966240777544,HTVS
CHEMBL4541588,0,decoy,-7.55397814581132,SP
CHEMBL3716787,0,decoy,-6.09163452749338,SP
CHEMBL3717885,0,decoy,-3.75173576859775,HTVS
CHEMBL3718152,0,decoy,-7.24248353619786,SP
CHEMBL3715367,0,decoy,-4.61017693575286,HTVS
CHEMBL3718330,0,decoy,0.0365844887862421,HTVS
CHEMBL3716601,0,decoy,-5.87791715960856,SP
CHEMBL3716023,0,decoy,-4.635523434107,HTVS
CHEMBL3716595,0,decoy,-7.38869593647792,SP
CHEMBL3719287,0,decoy,-6.90089294889726,SP
CHEMBL3715976,0,decoy,-6.72330095189238,SP
CHEMBL3717498,0,decoy,-5.75595756606313,SP
CHEMBL3719128,0,decoy,-5.83894023646706,SP
CHEMBL3716998,0,decoy,-6.19004829632001,SP
CHEMBL3716885,0,decoy,-6.24825781594992,SP
CHEMBL3715705,0,decoy,-6.15320513708417,SP
CHEMBL3718021,0,decoy,-4.59764445073075,HTVS
CHEMBL3717125,0,decoy,-4.05531110761579,HTVS
CHEMBL3717741,0,decoy,-4.79496208663165,HTVS
CHEMBL3716139,0,decoy,-6.20341651633643,SP
CHEMBL3715606,0,decoy,-6.21127089450881,SP
CHEMBL3717801,0,decoy,-3.50698378170083,HTVS
CHEMBL3718253,0,decoy,-5.37530698195811,SP
CHEMBL3716265,0,decoy,-4.82019273284817,HTVS
CHEMBL3718155,0,decoy,-4.59316930077719,HTVS
CHEMBL3715199,0,decoy,-4.35663567317273,HTVS
CHEMBL3986580,0,decoy,-3.64156516000224,HTVS
CHEMBL3717217,0,decoy,-3.13127125070315,HTVS
CHEMBL3715464,0,decoy,-2.8365498639178,HTVS
CHEMBL2359610,0,decoy,-4.86292122242529,HTVS
CHEMBL1714714,0,decoy,-6.29385240919084,SP
CHEMBL1715168,0,decoy,-3.15340936841245,HTVS
CHEMBL1713554,0,decoy,-5.37024256655982,SP
CHEMBL1713583,0,decoy,-3.87949343290089,HTVS
CHEMBL1714024,0,decoy,-4.37669296962224,HTVS
CHEMBL3609836,0,decoy,-4.49910506345144,HTVS
CHEMBL1765619,0,decoy,-6.54621195953042,SP
CHEMBL1765864,0,decoy,-5.88915220568518,SP
CHEMBL1766145,0,decoy,-6.69500696940925,SP
CHEMBL4104349,0,decoy,-2.87711946534988,HTVS
CHEMBL4104491,0,decoy,-4.04266370262999,HTVS
CHEMBL4104545,0,decoy,-4.78379673985153,HTVS
CHEMBL4104595,0,decoy,-2.92936612334657,HTVS
CHEMBL4104596,0,decoy,-4.62613735619389,HTVS
CHEMBL4104617,0,decoy,-6.29902104535399,SP
CHEMBL4104806,0,decoy,-4.7648909826761,HTVS
CHEMBL4105048,0,decoy,-3.92253654837029,HTVS
CHEMBL4105255,0,decoy,-6.94327288599468,SP
CHEMBL4105298,0,decoy,-3.81794088255703,HTVS
CHEMBL4105301,0,decoy,-1.84162848360814,HTVS
CHEMBL1798048,0,decoy,-5.74186192225301,SP
CHEMBL1798052,0,decoy,-4.61209240746872,HTVS
CHEMBL1798053,0,decoy,-7.04069258906902,SP
CHEMBL1800115,0,decoy,-3.44609736815781,HTVS
CHEMBL1800280,0,decoy,-4.16219177205388,HTVS
CHEMBL1800297,0,decoy,-6.68908091795798,SP
CHEMBL1800778,0,decoy,-4.35145511016188,HTVS
CHEMBL1800779,0,decoy,-5.30618257343053,SP
CHEMBL1800823,0,decoy,-5.69436605008736,SP
CHEMBL1800826,0,decoy,-7.00254943256661,SP
CHEMBL1800982,0,decoy,-4.7042850171212,HTVS
CHEMBL1801154,0,decoy,-5.67731676157527,SP
CHEMBL1801156,0,decoy,-4.91041862215577,HTVS
CHEMBL1801157,0,decoy,-4.91408692616498,HTVS
CHEMBL4214840,0,decoy,-4.02369398060825,HTVS
CHEMBL4214909,0,decoy,-4.88819829773383,HTVS
CHEMBL4214961,0,decoy,-3.83415515142048,HTVS
CHEMBL4215002,0,decoy,-3.38683127640549,HTVS
CHEMBL4215153,0,decoy,-5.28751620633083,SP
CHEMBL4215452,0,decoy,-3.25892477529583,HTVS
CHEMBL4215464,0,decoy,-2.88733259957971,HTVS
CHEMBL4215507,0,decoy,-3.45071563635147,HTVS
CHEMBL4215517,0,decoy,-3.47418661161778,HTVS
CHEMBL4215675,0,decoy,-4.11811377575748,HTVS
CHEMBL4215680,0,decoy,-4.58155647864381,HTVS
CHEMBL3338715,0,decoy,-5.46302914525837,SP
CHEMBL3985657,0,decoy,-6.71736497887646,SP
CHEMBL3985667,0,decoy,-4.87961368218406,HTVS
CHEMBL3986737,0,decoy,-4.68520394429995,HTVS
CHEMBL5561489,0,decoy,-4.00966447730889,HTVS
CHEMBL4540566,0,decoy,-4.39295189479644,HTVS
CHEMBL4541057,0,decoy,-5.19007466080901,SP
CHEMBL4541650,0,decoy,-7.56989546128016,SP
CHEMBL3717705,0,decoy,-4.64887479001524,HTVS
CHEMBL3716480,0,decoy,-6.55408766478147,SP
CHEMBL3715093,0,decoy,-6.24139954809581,SP
CHEMBL3716107,0,decoy,-5.60336448737938,SP
CHEMBL3716522,0,decoy,-5.65018683401317,SP
CHEMBL3717732,0,decoy,-5.15717305943569,SP
CHEMBL3716621,0,decoy,-4.18803912014623,HTVS
CHEMBL3716212,0,decoy,-7.03658789094739,SP
CHEMBL3715056,0,decoy,-4.82060964346309,SP
CHEMBL2358959,0,decoy,-4.64279325449863,HTVS
CHEMBL2359288,0,decoy,-3.76512860030633,HTVS
CHEMBL2359621,0,decoy,-4.61719865077429,HTVS
CHEMBL2359859,0,decoy,-2.46960177474275,HTVS
CHEMBL2360034,0,decoy,-7.66433870635204,SP
CHEMBL1977486,0,decoy,-2.21037559090257,HTVS
CHEMBL1977627,0,decoy,-1.493831287677,HTVS
CHEMBL1978588,0,decoy,-4.03127026232771,HTVS
CHEMBL1715479,0,decoy,-7.03218294756922,SP
CHEMBL3353595,0,decoy,-3.76627093573011,HTVS
CHEMBL3353596,0,decoy,-3.70600185950709,HTVS
CHEMBL3353597,0,decoy,-4.07898233520101,HTVS
CHEMBL1744084,0,decoy,-4.11624132924728,HTVS
CHEMBL1713942,0,decoy,-4.91098887900687,HTVS
CHEMBL3609639,0,decoy,-4.74130194128767,HTVS
CHEMBL3609751,0,decoy,-4.03050854965937,HTVS
CHEMBL3609806,0,decoy,-7.58372915743923,SP
CHEMBL3609904,0,decoy,-4.44345458221137,HTVS
CHEMBL1765377,0,decoy,-3.84102469258664,HTVS
CHEMBL1765379,0,decoy,-3.66721482219734,HTVS
CHEMBL1765499,0,decoy,-4.89226659055573,HTVS
CHEMBL1765540,0,decoy,-3.21570229679132,HTVS
CHEMBL1765819,0,decoy,-4.58331284942281,HTVS
CHEMBL1765968,0,decoy,-3.39855240170342,HTVS
CHEMBL1765537,0,decoy,-4.2356561127064,HTVS
CHEMBL3654512,0,decoy,-4.8794608594643,HTVS
CHEMBL3654513,0,decoy,-7.17166831405364,SP
CHEMBL3338727,0,decoy,-4.49044825786924,HTVS
CHEMBL3985393,0,decoy,-4.32739818966191,HTVS
CHEMBL3985711,0,decoy,-4.48605259424961,HTVS
CHEMBL3985733,0,decoy,-5.45137259909356,SP
CHEMBL3985870,0,decoy,-4.62203449005241,HTVS
CHEMBL3986223,0,decoy,-4.44483846715822,HTVS
CHEMBL3986298,0,decoy,-3.98663186229771,HTVS
CHEMBL3986340,0,decoy,-4.32677268401221,HTVS
CHEMBL3986482,0,decoy,-4.1843849935068,HTVS
CHEMBL5560342,0,decoy,-4.89072445149536,HTVS
CHEMBL5560466,0,decoy,-6.52050715842805,SP
CHEMBL5560557,0,decoy,-6.56363526309898,SP
CHEMBL5560573,0,decoy,-4.48336436738596,HTVS
CHEMBL5561076,0,decoy,-3.9520599170321,HTVS
CHEMBL5561446,0,decoy,-4.77337757106553,SP
CHEMBL4540607,0,decoy,-4.24129609190962,SP
CHEMBL4541423,0,decoy,-4.84805019017954,HTVS
CHEMBL4541678,0,decoy,-4.48332611407145,HTVS
CHEMBL3718606,0,decoy,-4.00906222886815,HTVS
CHEMBL3719106,0,decoy,-6.03210483854752,SP
CHEMBL3718564,0,decoy,-5.71626994624808,SP
CHEMBL3716398,0,decoy,-6.41696689192283,SP
CHEMBL3718901,0,decoy,-4.41821966076145,HTVS
CHEMBL3716719,0,decoy,-5.90527681135445,SP
CHEMBL3716576,0,decoy,-4.83207133599301,HTVS
CHEMBL3716644,0,decoy,-6.00091925789698,SP
CHEMBL3717688,0,decoy,-6.27524584438804,SP
CHEMBL2359328,0,decoy,-4.54539365327107,HTVS
CHEMBL2359878,0,decoy,-4.12675004588806,HTVS
CHEMBL1977433,0,decoy,-7.2799824365305,SP
CHEMBL1978342,0,decoy,-4.79674112032113,HTVS
CHEMBL1715021,0,decoy,-5.73104970567249,SP
CHEMBL3353605,0,decoy,-3.36899230282637,HTVS
CHEMBL3608526,0,decoy,-5.21565899041626,SP
CHEMBL3608527,0,decoy,-3.11400164991229,HTVS
CHEMBL3608528,0,decoy,-3.87695497902021,SP
CHEMBL3608843,0,decoy,-5.24827652135771,SP
CHEMBL3609404,0,decoy,-4.92420400122112,HTVS
CHEMBL3609635,0,decoy,-5.62365630062422,SP
CHEMBL3609779,0,decoy,-3.38358494500794,HTVS
CHEMBL1762814,0,decoy,-4.30020139667954,HTVS
CHEMBL1765164,0,decoy,-3.33384136250505,HTVS
CHEMBL1765183,0,decoy,-4.04854385375369,HTVS
CHEMBL3986451,0,decoy,-6.68221223812585,SP
CHEMBL3986793,0,decoy,-4.75320079169625,HTVS
CHEMBL5561609,0,decoy,-6.4929551238289,SP
CHEMBL4540722,0,decoy,-4.5893548233363,HTVS
CHEMBL3719309,0,decoy,-5.60315371452421,SP
CHEMBL3718880,0,decoy,-4.3413071930344,HTVS
CHEMBL3717354,0,decoy,-5.2569852690411,SP
CHEMBL3715840,0,decoy,-4.91727832916624,HTVS
CHEMBL3715863,0,decoy,-6.78242696098038,SP
CHEMBL3715485,0,decoy,-4.59465964832135,HTVS
CHEMBL3715953,0,decoy,-4.38135171226415,HTVS
CHEMBL1977783,0,decoy,-1.19254665677724,HTVS
CHEMBL3608529,0,decoy,-3.64752212572549,HTVS
CHEMBL3608530,0,decoy,-2.92212010127617,HTVS
CHEMBL1765184,0,decoy,-3.73147709340755,HTVS
CHEMBL1765185,0,decoy,-4.21524970480778,HTVS
CHEMBL4104221,0,decoy,-6.46252803377552,SP
CHEMBL4104224,0,decoy,-6.1021730415142,SP
CHEMBL4104283,0,decoy,-3.7203822016857,HTVS
CHEMBL4104286,0,decoy,-4.25948740957731,HTVS
CHEMBL4104294,0,decoy,-3.74327799419481,HTVS
CHEMBL4104314,0,decoy,-6.61767051218062,SP
CHEMBL4104391,0,decoy,-6.35263803733551,SP
CHEMBL4104493,0,decoy,-5.52396982313176,SP
CHEMBL4104658,0,decoy,-3.87884730912259,HTVS
CHEMBL4104697,0,decoy,-3.19468553079183,HTVS
CHEMBL4104735,0,decoy,-3.30928560490935,HTVS
CHEMBL4104751,0,decoy,-4.43524128016754,HTVS
CHEMBL4104930,0,decoy,-2.69376182526225,HTVS
CHEMBL4104957,0,decoy,-4.84665845038194,HTVS
CHEMBL4105014,0,decoy,-1.92333496300654,HTVS
CHEMBL4105111,0,decoy,-4.07310060942448,HTVS
CHEMBL4105300,0,decoy,-6.40273175880105,SP
CHEMBL4105324,0,decoy,-5.2260952319347,SP
CHEMBL4105371,0,decoy,-6.1501652932,SP
CHEMBL4105376,0,decoy,-4.45576363631973,HTVS
CHEMBL1800633,0,decoy,-5.84825580026864,SP
CHEMBL4214945,0,decoy,-6.01591552847875,SP
CHEMBL4214968,0,decoy,-4.35160385829141,HTVS
CHEMBL4214972,0,decoy,-2.8096199459376,HTVS
CHEMBL4215118,0,decoy,-5.01532765385309,SP
CHEMBL4215126,0,decoy,-6.03748999006689,SP
CHEMBL4215147,0,decoy,-4.92718479564837,HTVS
CHEMBL4215160,0,decoy,-4.88667609832347,HTVS
CHEMBL4215185,0,decoy,-4.13884229857431,HTVS
CHEMBL4215210,0,decoy,-7.23389607390821,SP
CHEMBL4215670,0,decoy,-3.10065095669967,HTVS
CHEMBL3986748,0,decoy,-6.38097486221916,SP
CHEMBL82446,0,decoy,-1.57059959890552,HTVS
CHEMBL85612,0,decoy,-3.69209391155604,HTVS
CHEMBL5560412,0,decoy,-6.13977634996557,SP
CHEMBL5561325,0,decoy,-7.99417198135388,SP
CHEMBL4540352,0,decoy,-6.34495895977817,SP
CHEMBL3608643,0,decoy,-3.9281121607956,HTVS
CHEMBL3608662,0,decoy,-3.92691623244399,HTVS
CHEMBL3609210,0,decoy,-4.47029772452916,HTVS
CHEMBL3609314,0,decoy,-4.48366432561261,HTVS
CHEMBL4105335,0,decoy,-3.10616591258599,HTVS
CHEMBL4215080,0,decoy,-5.98858229671183,SP
CHEMBL4215865,0,decoy,-4.03002838161738,HTVS
CHEMBL4216010,0,decoy,-5.8392010622113,SP
CHEMBL4216020,0,decoy,-4.50699359643325,HTVS
CHEMBL4216031,0,decoy,-3.30870909509556,HTVS
CHEMBL3654255,0,decoy,-6.83711739214332,SP
CHEMBL3654261,0,decoy,-4.01136505949254,HTVS
CHEMBL3654262,0,decoy,-3.79769987393945,HTVS
CHEMBL3654586,0,decoy,-7.17554437323976,SP
CHEMBL3654658,0,decoy,-4.13218012484459,HTVS
CHEMBL3655338,0,decoy,-7.35255167971707,SP
CHEMBL3338034,0,decoy,-4.38727378720691,HTVS
CHEMBL3338455,0,decoy,-5.23806389170944,SP
CHEMBL3985568,0,decoy,-7.66148389730942,SP
CHEMBL3985845,0,decoy,-6.16050026394523,SP
CHEMBL3986135,0,decoy,-4.72648470703616,HTVS
CHEMBL3986217,0,decoy,-6.8176017552796,SP
CHEMBL3986316,0,decoy,-5.40452943334723,SP
CHEMBL3986830,0,decoy,-5.37751282020064,SP
CHEMBL5560983,0,decoy,-7.51943880471169,SP
CHEMBL5561206,0,decoy,-6.43356502656412,SP
CHEMBL5561374,0,decoy,-6.51199621528178,SP
CHEMBL5561544,0,decoy,-4.070853006339,HTVS
CHEMBL5561660,0,decoy,-8.12908548750387,SP
CHEMBL4540444,0,decoy,-7.37447519349414,SP
CHEMBL4541237,0,decoy,-6.47629232874882,SP
CHEMBL4541514,0,decoy,-6.65626710790029,SP
CHEMBL4541666,0,decoy,-4.80504437113077,HTVS
CHEMBL3717579,0,decoy,-0.0626980604298151,HTVS
CHEMBL3715049,0,decoy,-0.427437989203324,HTVS
CHEMBL3715972,0,decoy,1.15965687865927,HTVS
CHEMBL3716746,0,decoy,-0.903196599632318,HTVS
CHEMBL3715964,0,decoy,-3.54913944587293,HTVS
CHEMBL5560977,0,decoy,-3.86965828794161,HTVS
CHEMBL4215496,0,decoy,-6.75658531203618,SP
CHEMBL3338669,0,decoy,-2.14683949978769,HTVS
CHEMBL85005,0,decoy,-4.4449205707238,HTVS
CHEMBL5560885,0,decoy,-8.45910404357608,SP
CHEMBL3716921,0,decoy,-7.60919153894952,SP
CHEMBL1978159,0,decoy,-4.50056910177979,HTVS
CHEMBL544572,0,decoy,-3.63513736210242,HTVS
CHEMBL1800406,0,decoy,-3.02738810777824,HTVS
CHEMBL1800409,0,decoy,-3.90193284434075,HTVS
CHEMBL4215742,0,decoy,-4.35951657752272,HTVS
CHEMBL3338327,0,decoy,-5.50862347153133,SP
CHEMBL3338329,0,decoy,-4.80502202739058,SP
CHEMBL3338330,0,decoy,-5.21361151459869,SP
CHEMBL3339144,0,decoy,-3.57818043801604,HTVS
CHEMBL3339147,0,decoy,-5.24508525124171,SP
CHEMBL3985497,0,decoy,-4.72685644034692,HTVS
CHEMBL84928,0,decoy,-6.00946238657767,SP
CHEMBL5560587,0,decoy,-6.12700257377645,SP
CHEMBL4540384,0,decoy,-3.68724341037784,HTVS
CHEMBL4540964,0,decoy,-4.0760760622087,HTVS
CHEMBL2359223,0,decoy,-6.81406946111138,SP
CHEMBL2359741,0,decoy,-4.35773655198235,HTVS
CHEMBL2359744,0,decoy,-6.91076361009454,SP
CHEMBL1978063,0,decoy,-3.24846972416173,HTVS
CHEMBL1714808,0,decoy,-5.30185310819333,SP
CHEMBL1713367,0,decoy,-4.80677601519524,HTVS
CHEMBL3608711,0,decoy,-4.23644776897569,HTVS
CHEMBL3608714,0,decoy,-3.92255868305924,HTVS
CHEMBL3608765,0,decoy,-5.97690311313232,SP
CHEMBL543389,0,decoy,-4.84584199234859,HTVS
CHEMBL1762689,0,decoy,-4.38491010583013,HTVS
CHEMBL1765250,0,decoy,-4.85805601021285,SP
CHEMBL1765270,0,decoy,-4.1271366363494,HTVS
CHEMBL1765507,0,decoy,-4.86508637800627,SP
CHEMBL1765518,0,decoy,-4.31416403743017,HTVS
CHEMBL1765522,0,decoy,-4.36282123489625,HTVS
CHEMBL1765523,0,decoy,-4.51235259790376,HTVS
CHEMBL1765526,0,decoy,-5.60444927496883,SP
CHEMBL1765722,0,decoy,-3.80984354256249,HTVS
CHEMBL1765768,0,decoy,-4.40871299554468,HTVS
CHEMBL1765769,0,decoy,-5.64792727835082,SP
CHEMBL1765770,0,decoy,-4.70150803374746,HTVS
CHEMBL1765771,0,decoy,-4.65193598101638,HTVS
CHEMBL1765773,0,decoy,-4.65610514760908,HTVS
CHEMBL1765097,0,decoy,-4.8408254049649,HTVS
CHEMBL1765785,0,decoy,-5.44541269482062,SP
CHEMBL1765885,0,decoy,-4.79135029298852,HTVS
CHEMBL1765892,0,decoy,-4.65370776448672,HTVS
CHEMBL1765893,0,decoy,-4.25541353310079,HTVS
CHEMBL1765894,0,decoy,-4.50632694931894,HTVS
CHEMBL1766022,0,decoy,-3.49578134873907,HTVS
CHEMBL1766024,0,decoy,-4.4146331286608,HTVS
CHEMBL1766041,0,decoy,-4.32357513303029,HTVS
CHEMBL1766151,0,decoy,-5.42986020209318,SP
CHEMBL1766155,0,decoy,-4.1540494601161,HTVS
CHEMBL1766157,0,decoy,-4.89727551154021,HTVS
CHEMBL3718204,0,decoy,-4.49592247807998,HTVS
CHEMBL3718032,0,decoy,-4.23983707124811,HTVS
CHEMBL3719252,0,decoy,-3.72873230629965,HTVS
CHEMBL3718428,0,decoy,-6.31948724561713,SP
CHEMBL3717422,0,decoy,-4.70675075931999,HTVS
CHEMBL2359456,0,decoy,-4.78591848778628,HTVS
CHEMBL1977364,0,decoy,-6.80516789725146,SP
CHEMBL1715324,0,decoy,-6.70240942211634,SP
CHEMBL3609405,0,decoy,-5.64878144695731,SP
CHEMBL1765504,0,decoy,-4.92340781101917,SP
CHEMBL1765684,0,decoy,-4.34018621671006,HTVS
CHEMBL1766129,0,decoy,-4.82939646290813,HTVS
CHEMBL4104263,0,decoy,-4.32778503433261,HTVS
CHEMBL4104326,0,decoy,-5.97352024765294,SP
CHEMBL4104437,0,decoy,-3.2137206135814,HTVS
CHEMBL4104519,0,decoy,-2.95867389186373,HTVS
CHEMBL4104540,0,decoy,-6.95186725120843,SP
CHEMBL4104571,0,decoy,-5.40043357341125,SP
CHEMBL4104875,0,decoy,-4.26447168679697,HTVS
CHEMBL4104962,0,decoy,-4.24326230207073,HTVS
CHEMBL4105130,0,decoy,-4.75039227803867,HTVS
CHEMBL4105168,0,decoy,-5.48455058114394,SP
CHEMBL4105201,0,decoy,-3.8706069881222,HTVS
CHEMBL4105349,0,decoy,-5.35210277544249,SP
CHEMBL4105383,0,decoy,-4.73551288820795,HTVS
CHEMBL4105452,0,decoy,-3.21284339217522,HTVS
CHEMBL4105491,0,decoy,-8.84963087885557,SP
CHEMBL1798079,0,decoy,-4.19695037380918,HTVS
CHEMBL1800625,0,decoy,-4.85627005434051,HTVS
CHEMBL1800631,0,decoy,-4.23294241500996,HTVS
CHEMBL4214783,0,decoy,-2.09246792929393,HTVS
CHEMBL4214828,0,decoy,-2.4418046974997,HTVS
CHEMBL4214970,0,decoy,-4.19131971476808,HTVS
CHEMBL4215004,0,decoy,-8.55106531117042,SP
CHEMBL4215036,0,decoy,-6.39361663809903,SP
CHEMBL4215049,0,decoy,-3.35254267927016,HTVS
CHEMBL4215240,0,decoy,-3.05675929916298,HTVS
CHEMBL4215255,0,decoy,-1.0814163107344,HTVS
CHEMBL4215268,0,decoy,-4.08617873607156,HTVS
CHEMBL4215275,0,decoy,-5.19467255873314,SP
CHEMBL4215461,0,decoy,-0.0764123986716521,HTVS
CHEMBL4215467,0,decoy,-4.22935323669983,HTVS
CHEMBL4215498,0,decoy,-2.31758807591003,HTVS
CHEMBL4215500,0,decoy,-3.80223583836412,HTVS
CHEMBL4215538,0,decoy,-4.17807571336024,HTVS
CHEMBL4215550,0,decoy,-4.58645644984411,HTVS
CHEMBL4215559,0,decoy,-6.17736279419732,SP
CHEMBL4215576,0,decoy,-4.45359464176663,HTVS
CHEMBL4215617,0,decoy,-4.67322399241499,HTVS
CHEMBL1714610,0,decoy,-4.04087906590401,HTVS
CHEMBL1715404,0,decoy,-5.11695548732717,SP
CHEMBL4214971,0,decoy,-7.67350459374964,SP
CHEMBL4216008,0,decoy,-3.97885949967648,HTVS
CHEMBL3654536,0,decoy,-9.29996924051775,SP
CHEMBL3654629,0,decoy,-5.34110865447423,SP
CHEMBL3986697,0,decoy,-6.04839048465698,SP
CHEMBL5560877,0,decoy,-4.41920019002418,HTVS
CHEMBL5560985,0,decoy,-3.96175691744423,HTVS
CHEMBL5561498,0,decoy,-6.52010903012311,SP
CHEMBL5561615,0,decoy,-6.52067689765004,SP
CHEMBL2359417,0,decoy,-3.11278145465194,HTVS
CHEMBL2359892,0,decoy,-2.5585448080212,HTVS
CHEMBL1714444,0,decoy,-4.3472584275917,HTVS
CHEMBL1714716,0,decoy,-6.84057181534796,SP
CHEMBL1714857,0,decoy,-4.57842548113607,HTVS
CHEMBL1714938,0,decoy,-6.62791302335971,SP
CHEMBL1715311,0,decoy,-6.82348440418582,SP
CHEMBL1715331,0,decoy,-3.78949194161436,HTVS
CHEMBL1715521,0,decoy,-3.69442818812182,HTVS
CHEMBL1715551,0,decoy,-3.25850793069333,HTVS
CHEMBL1713402,0,decoy,-7.04727598448231,SP
CHEMBL1713532,0,decoy,-4.05454577010304,HTVS
CHEMBL1713658,0,decoy,-6.33670102030617,SP
CHEMBL1713852,0,decoy,-5.04276159827047,SP
CHEMBL1713925,0,decoy,-2.47278588827332,HTVS
CHEMBL1713990,0,decoy,-3.53148348886563,HTVS
CHEMBL3609299,0,decoy,-3.44579670050433,HTVS
CHEMBL3609305,0,decoy,-3.42048643283157,HTVS
CHEMBL3609307,0,decoy,-2.56555740443303,HTVS
CHEMBL3609315,0,decoy,-4.1266971047432,HTVS
CHEMBL545020,0,decoy,-4.53775493785542,SP
CHEMBL553987,0,decoy,-4.15799407508138,HTVS
CHEMBL553086,0,decoy,-5.25189454787467,SP
CHEMBL544326,0,decoy,-4.33836111455542,HTVS
CHEMBL543407,0,decoy,-4.78506959450098,HTVS
CHEMBL542215,0,decoy,-4.29641115597996,HTVS
CHEMBL1765378,0,decoy,-5.33822147749508,SP
CHEMBL4105490,0,decoy,-6.91396539826526,SP
CHEMBL1801076,0,decoy,-6.67521989982842,SP
CHEMBL1801079,0,decoy,-4.64665444217562,HTVS
CHEMBL1801081,0,decoy,-4.59927691681051,HTVS
CHEMBL1801082,0,decoy,-4.82791373424572,HTVS
CHEMBL1801085,0,decoy,-6.19944659418515,SP
CHEMBL1801151,0,decoy,-6.3675574231424,SP
CHEMBL4214891,0,decoy,-1.72962628760594,HTVS
CHEMBL4105032,0,decoy,-4.15486265994393,SP
CHEMBL1800408,0,decoy,-4.25727690608969,HTVS
CHEMBL1800411,0,decoy,-3.3146087829392,HTVS
CHEMBL1800911,0,decoy,-5.02942802898606,SP
CHEMBL1800919,0,decoy,-5.25490989354443,SP
CHEMBL3338334,0,decoy,-6.37785100700326,SP
CHEMBL3985410,0,decoy,-6.08382947051278,SP
CHEMBL5561395,0,decoy,-4.55882843187308,HTVS
CHEMBL5561506,0,decoy,-4.25478941200129,HTVS
CHEMBL5561638,0,decoy,-4.33302948983403,HTVS
CHEMBL2358981,0,decoy,-4.18796695642081,HTVS
CHEMBL1715349,0,decoy,-4.51622548844672,HTVS
CHEMBL3353235,0,decoy,-3.42494529166383,HTVS
CHEMBL3353237,0,decoy,-3.33876711146,HTVS
CHEMBL1765153,0,decoy,-4.06989116601769,HTVS
CHEMBL1765154,0,decoy,-5.18701287235985,SP
CHEMBL1765156,0,decoy,-4.32300667642928,HTVS
CHEMBL1765159,0,decoy,-4.2664616917942,HTVS
CHEMBL1765160,0,decoy,-4.77662585368688,HTVS
CHEMBL1765229,0,decoy,-6.29614448091448,SP
CHEMBL1765246,0,decoy,-4.88612840377268,HTVS
CHEMBL1765252,0,decoy,-4.27147119723418,HTVS
CHEMBL1765253,0,decoy,-4.35319686202441,HTVS
CHEMBL1765254,0,decoy,-4.61914733765837,HTVS
CHEMBL1765261,0,decoy,-5.73507048064327,SP
CHEMBL1765262,0,decoy,-6.84930433304407,SP
CHEMBL1765263,0,decoy,-6.37324767293752,SP
CHEMBL1765267,0,decoy,-4.17581021065267,HTVS
CHEMBL1765276,0,decoy,-4.12949143656066,HTVS
CHEMBL1765278,0,decoy,-6.37324767293752,SP
CHEMBL1765524,0,decoy,-3.35578781177324,HTVS
CHEMBL1765527,0,decoy,-4.66139079181138,HTVS
CHEMBL1765909,0,decoy,-4.39583928066381,HTVS
CHEMBL1765911,0,decoy,-5.68284583644532,SP
CHEMBL1765101,0,decoy,-5.27783449618492,SP
CHEMBL1766171,0,decoy,-6.57711899713459,SP
CHEMBL1766173,0,decoy,-6.097396598729,SP
CHEMBL1766175,0,decoy,-5.47354111824192,SP
CHEMBL1766184,0,decoy,-6.57298471230089,SP
CHEMBL4104390,0,decoy,-6.2004207369022,SP
CHEMBL4104401,0,decoy,-4.56708747221379,HTVS
CHEMBL4104424,0,decoy,-5.77950337397747,SP
CHEMBL4104436,0,decoy,-3.51547900287515,HTVS
CHEMBL4104496,0,decoy,-4.88178218837097,HTVS
CHEMBL4104511,0,decoy,-4.41401822903371,HTVS
CHEMBL4104610,0,decoy,-5.96165573391957,SP
CHEMBL4104614,0,decoy,-6.2833169677417,SP
CHEMBL4104620,0,decoy,-5.39165682552105,SP
CHEMBL3985786,0,decoy,-3.910101494302,HTVS
CHEMBL3986329,0,decoy,-6.69421064236026,SP
CHEMBL4540472,0,decoy,-4.35957598225341,HTVS
CHEMBL4541013,0,decoy,-6.06808463229078,SP
CHEMBL3717530,0,decoy,-3.15142725378143,HTVS
CHEMBL3717660,0,decoy,-5.66674128480294,SP
CHEMBL2358983,0,decoy,-3.4057223391493,HTVS
CHEMBL2359845,0,decoy,-4.67268391008463,HTVS
CHEMBL3608468,0,decoy,-3.44997773079806,HTVS
CHEMBL3609778,0,decoy,-3.397890203462,HTVS
CHEMBL3609792,0,decoy,-3.12339804092871,HTVS
CHEMBL1762548,0,decoy,-4.66964324573545,HTVS
CHEMBL1765367,0,decoy,-5.56175710944658,SP
CHEMBL4104254,0,decoy,-7.77684884885993,SP
CHEMBL4104869,0,decoy,-3.68868721579498,HTVS
CHEMBL4104884,0,decoy,-6.0839611004162,SP
CHEMBL4104956,0,decoy,-4.33800415947545,HTVS
CHEMBL4105101,0,decoy,-6.05827903916784,SP
CHEMBL4105322,0,decoy,-4.95683004361404,SP
CHEMBL4215060,0,decoy,-3.70843252431888,HTVS
CHEMBL4215076,0,decoy,-6.70678383109038,SP
CHEMBL4215100,0,decoy,-7.19474383986082,SP
CHEMBL4215119,0,decoy,-6.16667415569495,SP
CHEMBL4215236,0,decoy,-3.78997721372282,HTVS
CHEMBL4215247,0,decoy,-5.42012998404291,SP
CHEMBL4215582,0,decoy,-4.88638268143246,HTVS
CHEMBL4215610,0,decoy,-3.32147568083705,HTVS
CHEMBL4215657,0,decoy,-6.49998956226983,SP
CHEMBL4215807,0,decoy,-4.68278305733621,HTVS
CHEMBL4215991,0,decoy,-2.76629511864539,HTVS
CHEMBL4216094,0,decoy,-5.40947800820229,SP
CHEMBL3654502,0,decoy,-6.47738133428731,SP
CHEMBL3654503,0,decoy,-4.23713130861127,HTVS
CHEMBL3654523,0,decoy,-6.33115001435464,SP
CHEMBL3654524,0,decoy,-7.25704455925989,SP
CHEMBL3654529,0,decoy,-6.32544867001008,SP
CHEMBL3654540,0,decoy,-4.92576880593694,HTVS
CHEMBL3654558,0,decoy,-8.45044552635691,SP
CHEMBL3654559,0,decoy,-8.44012493051595,SP
CHEMBL3654575,0,decoy,-6.31595839640071,SP
CHEMBL3654577,0,decoy,-7.13730855902146,SP
CHEMBL3654599,0,decoy,-4.82384007997377,HTVS
CHEMBL3654494,0,decoy,-6.03124567047472,SP
CHEMBL3654972,0,decoy,-4.36770870358927,HTVS
CHEMBL3655155,0,decoy,-6.33470793753202,SP
CHEMBL3655337,0,decoy,-5.63330350987533,SP
CHEMBL3338288,0,decoy,-3.18921259531914,HTVS
CHEMBL3338734,0,decoy,-3.11948847948687,HTVS
CHEMBL3338923,0,decoy,-3.60310530662714,HTVS
CHEMBL3338931,0,decoy,-4.60292996117008,HTVS
CHEMBL3985425,0,decoy,-6.91533480197612,SP
CHEMBL3985487,0,decoy,-3.16185205079701,HTVS
CHEMBL3985539,0,decoy,-4.1641137288914,HTVS
CHEMBL3985703,0,decoy,-6.47760714682116,SP
CHEMBL3985708,0,decoy,-6.88601604225131,SP
CHEMBL3985896,0,decoy,-4.80563646914882,HTVS
CHEMBL3986017,0,decoy,-5.83886041377042,SP
CHEMBL3986536,0,decoy,-4.33075675224665,HTVS
CHEMBL3986549,0,decoy,-4.71796806118142,HTVS
CHEMBL3986570,0,decoy,-3.60113025902143,HTVS
CHEMBL3986862,0,decoy,-6.42980138003538,SP
CHEMBL83459,0,decoy,-2.88347234531491,HTVS
CHEMBL82445,0,decoy,-6.38215074953566,SP
CHEMBL85601,0,decoy,-4.33006928345273,HTVS
CHEMBL86041,0,decoy,-3.99940465079618,HTVS
CHEMBL5560339,0,decoy,-4.8602869687628,HTVS
CHEMBL5560514,0,decoy,-7.19030546926307,SP
CHEMBL5560589,0,decoy,-7.48771570947149,SP
CHEMBL5560751,0,decoy,-6.92048256870033,SP
CHEMBL5560873,0,decoy,-4.66269785504414,HTVS
CHEMBL5560975,0,decoy,-4.86790333231032,HTVS
CHEMBL5561054,0,decoy,-7.3155647777185,SP
CHEMBL5561433,0,decoy,-4.43864644157181,HTVS
CHEMBL5561511,0,decoy,-6.55665977946739,SP
CHEMBL5561587,0,decoy,-4.59786082171019,HTVS
CHEMBL4540480,0,decoy,-3.53257754253382,HTVS
CHEMBL4540598,0,decoy,-5.24638099644349,SP
CHEMBL4541254,0,decoy,-4.186387492005,HTVS
CHEMBL4541391,0,decoy,-3.53062036561352,HTVS
CHEMBL4541397,0,decoy,-4.63268250974381,SP
CHEMBL3716420,0,decoy,-4.87422532185524,HTVS
CHEMBL3717746,0,decoy,-4.48116262271245,HTVS
CHEMBL3718272,0,decoy,-3.71182211403905,HTVS
CHEMBL3717609,0,decoy,-2.39927445435706,HTVS
CHEMBL3717884,0,decoy,-4.56476180697393,HTVS
CHEMBL3717574,0,decoy,-6.65040131000385,SP
CHEMBL3717253,0,decoy,-5.42653831563748,SP
CHEMBL3715654,0,decoy,-6.07083906319443,SP
CHEMBL3715722,0,decoy,-4.81181310599619,HTVS
CHEMBL3654632,0,decoy,-5.67984503395309,SP
CHEMBL3986093,0,decoy,-6.76131337545412,SP
CHEMBL3986353,0,decoy,-5.8395400301379,SP
CHEMBL3986421,0,decoy,-6.98207221969957,SP
CHEMBL3986665,0,decoy,-4.73225164326612,HTVS
CHEMBL3986800,0,decoy,-3.82712583731883,HTVS
CHEMBL3986814,0,decoy,-4.60287764185263,HTVS
CHEMBL5561035,0,decoy,-4.64228668347364,HTVS
CHEMBL5561059,0,decoy,-6.33853105345452,SP
CHEMBL5561649,0,decoy,-4.26206053545546,HTVS
CHEMBL3716924,0,decoy,-2.76856472268106,HTVS
CHEMBL3718458,0,decoy,-1.2319274312832,HTVS
CHEMBL3717369,0,decoy,-7.03813869566617,SP
CHEMBL3717294,0,decoy,-6.1540607517906,SP
CHEMBL3717730,0,decoy,-6.45116241445595,SP
CHEMBL3715955,0,decoy,-6.5424832770311,SP
CHEMBL3717455,0,decoy,-3.90581451971476,HTVS
CHEMBL3715595,0,decoy,-4.73223154220261,HTVS
CHEMBL3717929,0,decoy,-5.47105023762088,SP
CHEMBL3719355,0,decoy,-6.04992676479385,SP
CHEMBL3716487,0,decoy,-3.95377988785574,HTVS
CHEMBL3716288,0,decoy,-6.72325966054924,SP
CHEMBL3718030,0,decoy,-7.14996886343743,SP
CHEMBL2359015,0,decoy,-0.745249022597486,HTVS
CHEMBL2359016,0,decoy,-3.69488393878346,HTVS
CHEMBL2359475,0,decoy,-4.43845780225393,HTVS
CHEMBL2359534,0,decoy,-3.08801961165061,HTVS
CHEMBL2359567,0,decoy,-3.97736204293334,HTVS
CHEMBL2360054,0,decoy,-6.49830462220827,SP
CHEMBL2360109,0,decoy,-4.71302586030084,HTVS
CHEMBL1978649,0,decoy,-6.48550140963841,SP
CHEMBL1714582,0,decoy,-4.04218673563411,HTVS
CHEMBL3353407,0,decoy,-4.87272043737217,HTVS
CHEMBL1713610,0,decoy,-4.58742549199026,HTVS
CHEMBL1714006,0,decoy,-3.96172869100168,HTVS
CHEMBL1714330,0,decoy,-2.98445647232186,HTVS
CHEMBL3608534,0,decoy,-4.09861393264782,HTVS
CHEMBL3608535,0,decoy,-3.99319922217619,HTVS
CHEMBL3608645,0,decoy,-3.59730717485094,HTVS
CHEMBL3608646,0,decoy,-3.76275492433015,HTVS
CHEMBL3609282,0,decoy,-4.76321479563252,HTVS
CHEMBL3609302,0,decoy,-4.82157573112228,HTVS
CHEMBL3609312,0,decoy,-3.70940655501591,HTVS
CHEMBL1762719,0,decoy,-3.19803850873142,HTVS
CHEMBL1765680,0,decoy,-4.08823192384611,HTVS
CHEMBL1766125,0,decoy,-3.47850780967997,HTVS
CHEMBL4104495,0,decoy,-4.07928776771312,HTVS
CHEMBL4105355,0,decoy,-4.57805293848547,HTVS
CHEMBL3654615,0,decoy,-5.95107487739673,SP
CHEMBL3654637,0,decoy,-5.61846475507803,SP
CHEMBL3986146,0,decoy,-7.20550249781444,SP
CHEMBL4540412,0,decoy,-3.34242599681276,HTVS
CHEMBL3718568,0,decoy,-4.75512927781806,HTVS
CHEMBL3716056,0,decoy,-5.47216970708882,SP
CHEMBL3718141,0,decoy,-4.85159928704152,HTVS
CHEMBL3715332,0,decoy,-3.83191136200952,HTVS
CHEMBL3719014,0,decoy,-4.55091165005156,HTVS
CHEMBL2359432,0,decoy,-6.60409199701068,SP
CHEMBL2359587,0,decoy,-4.02402030626945,HTVS
CHEMBL2359943,0,decoy,-4.38512936199681,HTVS
CHEMBL1977595,0,decoy,-3.78353519463939,HTVS
CHEMBL1714646,0,decoy,-5.56050319736135,SP
CHEMBL3353403,0,decoy,-4.30835711524315,HTVS
CHEMBL1744253,0,decoy,-5.07891076455489,SP
CHEMBL3608656,0,decoy,-3.35587371792808,HTVS
CHEMBL3608657,0,decoy,-2.06055709725637,HTVS
CHEMBL3609301,0,decoy,-3.26063865837215,HTVS
CHEMBL542169,0,decoy,-2.50491434754459,HTVS
CHEMBL1765337,0,decoy,-4.91676260826408,HTVS
CHEMBL4104460,0,decoy,-4.98677664132464,SP
CHEMBL1801087,0,decoy,-6.75994446767568,SP
CHEMBL1801155,0,decoy,-6.43602306952164,SP
CHEMBL1801162,0,decoy,-5.91661984629016,SP
CHEMBL4214858,0,decoy,-4.76262342985409,HTVS
CHEMBL4215138,0,decoy,-3.48826217433683,HTVS
CHEMBL4215172,0,decoy,-4.01232680451081,HTVS
CHEMBL4215262,0,decoy,-3.57569002227227,HTVS
CHEMBL4215334,0,decoy,-3.54116168260132,HTVS
CHEMBL4215362,0,decoy,-1.67261524630887,HTVS
CHEMBL4215481,0,decoy,-2.34705725123636,HTVS
CHEMBL4215547,0,decoy,-3.73883642508507,HTVS
CHEMBL4215568,0,decoy,-6.10985200386941,SP
CHEMBL4215702,0,decoy,-5.99474466933641,SP
CHEMBL4215829,0,decoy,-4.50974285986612,HTVS
CHEMBL4215908,0,decoy,-2.51542377219685,HTVS
CHEMBL3654285,0,decoy,-4.47796031725614,HTVS
CHEMBL3654307,0,decoy,-4.46099820504552,HTVS
CHEMBL3654317,0,decoy,-6.22256052031359,SP
CHEMBL3654325,0,decoy,-4.18232342722119,HTVS
CHEMBL3654484,0,decoy,-7.40387072361778,SP
CHEMBL3654489,0,decoy,-4.45019044440905,HTVS
CHEMBL3654490,0,decoy,-8.3911879160086,SP
CHEMBL3654491,0,decoy,-3.86382785144791,HTVS
CHEMBL3654497,0,decoy,-5.33157774793437,SP
CHEMBL3654506,0,decoy,-6.81294385523254,SP
CHEMBL1798069,0,decoy,-2.29086996319372,HTVS
CHEMBL85721,0,decoy,-3.17183919433455,HTVS
CHEMBL85484,0,decoy,-5.44866432266534,SP
CHEMBL313286,0,decoy,-3.93068136779056,HTVS
CHEMBL2359067,0,decoy,-3.23156832500338,HTVS
CHEMBL1978430,0,decoy,-6.93395478347382,SP
CHEMBL1713635,0,decoy,-4.86165947991952,SP
CHEMBL1713799,0,decoy,-3.21399319526979,HTVS
CHEMBL1713943,0,decoy,-2.99891285283999,HTVS
CHEMBL1798068,0,decoy,-3.612348195298,HTVS
CHEMBL1800215,0,decoy,-1.89376855315738,HTVS
CHEMBL3986182,0,decoy,-5.41415780781975,SP
CHEMBL419117,0,decoy,-4.20917711672555,HTVS
CHEMBL5561009,0,decoy,-6.31745077601174,SP
CHEMBL5561150,0,decoy,-4.11879926078671,HTVS
CHEMBL4541126,0,decoy,-3.76448116633412,HTVS
CHEMBL4541554,0,decoy,-4.14094830632716,HTVS
CHEMBL2359348,0,decoy,-3.38959484081723,HTVS
CHEMBL1977397,0,decoy,-6.00161898899068,SP
CHEMBL3353263,0,decoy,-3.44162324714267,HTVS
CHEMBL3353739,0,decoy,-4.70018615232331,HTVS
CHEMBL3353740,0,decoy,-3.72225511451689,HTVS
CHEMBL3353741,0,decoy,-4.06929877572296,HTVS
CHEMBL3353748,0,decoy,-2.29289080849142,HTVS
CHEMBL1742018,0,decoy,-3.91761794141551,HTVS
CHEMBL1742472,0,decoy,-5.56270751570583,SP
CHEMBL1743896,0,decoy,-4.01333252834001,HTVS
CHEMBL1743898,0,decoy,-4.78867504725666,HTVS
CHEMBL1743915,0,decoy,-3.80796276640392,HTVS
CHEMBL1744030,0,decoy,-2.70536635185339,HTVS
CHEMBL1713718,0,decoy,-5.70235211584589,SP
CHEMBL1714023,0,decoy,-4.54190672296344,HTVS
CHEMBL545019,0,decoy,-5.27410329559827,SP
CHEMBL543146,0,decoy,-4.53052721999909,HTVS
CHEMBL1762718,0,decoy,-2.94535492375997,HTVS
CHEMBL1765404,0,decoy,-2.40066971142343,HTVS
CHEMBL1765630,0,decoy,-4.01226810587419,HTVS
CHEMBL1765631,0,decoy,-4.53532635900307,HTVS
CHEMBL1765632,0,decoy,-3.8985193322909,HTVS
CHEMBL4104240,0,decoy,-4.34015056684934,HTVS
CHEMBL4104485,0,decoy,-2.722776672318,HTVS
CHEMBL4104544,0,decoy,-4.78891428159109,HTVS
CHEMBL4104929,0,decoy,-4.14090687100816,HTVS
CHEMBL4105311,0,decoy,-3.17408274553077,HTVS
CHEMBL1797799,0,decoy,-5.37916778641904,SP
CHEMBL1797801,0,decoy,-4.29548748238021,HTVS
CHEMBL1797803,0,decoy,-4.567847794281,HTVS
CHEMBL431023,0,decoy,-3.70399914320895,HTVS
CHEMBL4540943,0,decoy,-3.17241563631286,HTVS
CHEMBL3715864,0,decoy,-4.77839086325228,HTVS
CHEMBL545739,0,decoy,-7.99041202374558,SP
CHEMBL542926,0,decoy,-7.14254114269454,SP
CHEMBL3338938,0,decoy,-4.42921417378985,HTVS
CHEMBL3338939,0,decoy,-4.77471195252972,SP
CHEMBL3338940,0,decoy,-4.81802216093752,HTVS
CHEMBL4540568,0,decoy,-2.93544611797507,HTVS
CHEMBL3351018,0,decoy,-4.28723188292218,HTVS
CHEMBL1744153,0,decoy,-3.16835096529293,HTVS
CHEMBL542437,0,decoy,-3.79577270283531,HTVS
CHEMBL553358,0,decoy,-6.99169483211201,SP
CHEMBL545039,0,decoy,-6.60493207240399,SP
CHEMBL542198,0,decoy,-6.84551665972887,SP
CHEMBL1798094,0,decoy,-3.97847217208799,HTVS
CHEMBL1798095,0,decoy,-4.77383674832524,HTVS
CHEMBL1798096,0,decoy,-3.76289995207219,HTVS
CHEMBL4215764,0,decoy,-4.84613035414904,HTVS
CHEMBL3654345,0,decoy,-4.17172339952815,HTVS
CHEMBL3337985,0,decoy,-4.1114623314681,HTVS
CHEMBL3337986,0,decoy,-4.7149745723181,HTVS
CHEMBL3337987,0,decoy,-4.43363951715805,HTVS
CHEMBL3337988,0,decoy,-4.27496462778357,HTVS
CHEMBL3337989,0,decoy,-6.23783710619203,SP
CHEMBL3337990,0,decoy,-4.4113112460702,HTVS
CHEMBL3339028,0,decoy,-4.69027359567443,HTVS
CHEMBL3339030,0,decoy,-4.31202733954119,HTVS
CHEMBL3339031,0,decoy,-6.70931964967129,SP
CHEMBL3985592,0,decoy,-5.45208397594101,SP
CHEMBL3985880,0,decoy,-5.41639904122229,SP
CHEMBL3986205,0,decoy,-2.64643382892734,HTVS
CHEMBL312915,0,decoy,-4.79869848414707,HTVS
CHEMBL5560362,0,decoy,-2.97190472515025,HTVS
CHEMBL5560601,0,decoy,-8.13249447981931,SP
CHEMBL5561457,0,decoy,-8.38365660247626,SP
CHEMBL4540997,0,decoy,-6.37148152355462,SP
CHEMBL3718857,0,decoy,-6.61516929539345,SP
CHEMBL1977745,0,decoy,-5.46799750115729,SP
CHEMBL1715423,0,decoy,-6.8570815329387,SP
CHEMBL3351021,0,decoy,-6.28982623631513,SP
CHEMBL1743879,0,decoy,-4.08340555489774,HTVS
CHEMBL1713595,0,decoy,-5.46634238012423,SP
CHEMBL1713639,0,decoy,-3.77599783103413,HTVS
CHEMBL1714253,0,decoy,-2.31140888724643,HTVS
CHEMBL543626,0,decoy,-6.64098462997117,SP
CHEMBL545744,0,decoy,-6.53776117858764,SP
CHEMBL544344,0,decoy,-4.4916951821765,HTVS
CHEMBL1765742,0,decoy,-5.67945561713545,SP
CHEMBL1765744,0,decoy,-5.07468785147571,SP
CHEMBL4104343,0,decoy,-2.25196445424696,HTVS
CHEMBL4105540,0,decoy,-4.38440583097132,HTVS
CHEMBL4215011,0,decoy,-4.84554379345678,SP
CHEMBL4215201,0,decoy,-4.5830872356601,HTVS
CHEMBL4215408,0,decoy,-6.08954249208305,SP
CHEMBL4215510,0,decoy,-6.61147938257837,SP
CHEMBL3339011,0,decoy,-4.71292816803287,HTVS
CHEMBL3339016,0,decoy,-4.4414469836931,HTVS
CHEMBL3339019,0,decoy,-3.88042117694486,HTVS
CHEMBL5561286,0,decoy,-5.95093419792022,SP
CHEMBL4540416,0,decoy,-4.66203996338121,HTVS
CHEMBL4540969,0,decoy,-4.85518224717835,HTVS
CHEMBL4541344,0,decoy,-4.82898914409036,HTVS
CHEMBL4541571,0,decoy,-5.91908045866842,SP
CHEMBL2359007,0,decoy,-6.23536963545981,SP
CHEMBL1978076,0,decoy,-5.46397060522464,SP
CHEMBL1978271,0,decoy,-4.72339056654186,HTVS
CHEMBL1978625,0,decoy,-6.13404211045648,SP
CHEMBL1765738,0,decoy,-4.47324671499326,HTVS
CHEMBL1765740,0,decoy,-4.32997176751518,HTVS
CHEMBL1765743,0,decoy,-5.76606343623925,SP
CHEMBL4104432,0,decoy,-4.71804530572228,HTVS
CHEMBL4104607,0,decoy,-7.23849753549441,SP
CHEMBL4104633,0,decoy,-6.27317008636903,SP
CHEMBL4215056,0,decoy,-7.33581100684086,SP
CHEMBL4215181,0,decoy,-4.32564454528398,HTVS
CHEMBL4215411,0,decoy,-5.76521940478861,SP
CHEMBL4215609,0,decoy,-7.49382230877135,SP
CHEMBL4215767,0,decoy,-6.10313935432244,SP
CHEMBL3654334,0,decoy,-3.96760846839167,HTVS
CHEMBL3654343,0,decoy,-6.58316772825109,SP
CHEMBL3654488,0,decoy,-5.88249502046634,SP
CHEMBL3654596,0,decoy,-5.99374380209609,SP
CHEMBL3654597,0,decoy,-7.97275160361508,SP
CHEMBL3654748,0,decoy,-7.56254810175848,SP
CHEMBL3654756,0,decoy,-7.62682278984817,SP
CHEMBL3654904,0,decoy,-4.00366682576907,HTVS
CHEMBL3654913,0,decoy,-3.57217296734374,HTVS
CHEMBL3654916,0,decoy,-4.54781717538023,HTVS
CHEMBL3654928,0,decoy,-4.57622192058736,HTVS
CHEMBL3654929,0,decoy,-4.16310825552767,HTVS
CHEMBL3654933,0,decoy,-4.28926493394932,HTVS
CHEMBL3338078,0,decoy,-3.59571186847431,HTVS
CHEMBL3339010,0,decoy,-4.73239147452019,HTVS
CHEMBL3339012,0,decoy,-4.4568962456874,HTVS
CHEMBL3339013,0,decoy,-7.22121498370201,SP
CHEMBL3339015,0,decoy,-6.29446101749925,SP
CHEMBL1800220,0,decoy,-4.7531730420095,HTVS
CHEMBL1800410,0,decoy,-4.19303253406306,HTVS
CHEMBL1800913,0,decoy,-5.3732703177848,SP
CHEMBL1800915,0,decoy,-4.81385190693215,HTVS
CHEMBL1800916,0,decoy,-5.37590737770968,SP
CHEMBL1800921,0,decoy,-5.51935632892245,SP
CHEMBL3715904,0,decoy,-3.90926906424799,HTVS
CHEMBL3717162,0,decoy,-4.87441984581445,HTVS
CHEMBL1742064,0,decoy,-4.48697545482442,HTVS
CHEMBL1714104,0,decoy,-4.41291203511218,HTVS
CHEMBL544579,0,decoy,-4.90140469971644,HTVS
CHEMBL1765155,0,decoy,-5.76456209266458,SP
CHEMBL1765161,0,decoy,-5.49487164732177,SP
CHEMBL1765258,0,decoy,-4.60465024814772,HTVS
CHEMBL1765259,0,decoy,-3.38997916405787,HTVS
CHEMBL1765914,0,decoy,-4.48883444788246,HTVS
CHEMBL4104274,0,decoy,-5.61734563622144,SP
CHEMBL4104609,0,decoy,-4.19785727949884,HTVS
CHEMBL4104649,0,decoy,-4.84032680200315,HTVS
CHEMBL4104682,0,decoy,-4.26038460540316,HTVS
CHEMBL4104784,0,decoy,-3.89155121651419,HTVS
CHEMBL4104794,0,decoy,-4.08982489396656,HTVS
CHEMBL4104798,0,decoy,-5.63164882932969,SP
CHEMBL4104931,0,decoy,-7.27316120959876,SP
CHEMBL4104932,0,decoy,-3.94553561178412,HTVS
CHEMBL4104946,0,decoy,-5.34850690262651,SP
CHEMBL4105180,0,decoy,-4.45125887923705,HTVS
CHEMBL4105314,0,decoy,-5.88482745860558,SP
CHEMBL4105419,0,decoy,-3.58590484976821,HTVS
CHEMBL4105451,0,decoy,-4.69884287509709,HTVS
CHEMBL4105539,0,decoy,-4.56834963604859,HTVS
CHEMBL1797948,0,decoy,-4.72937577610377,HTVS
CHEMBL1797951,0,decoy,-4.23734301030147,HTVS
CHEMBL1798043,0,decoy,-4.38353925602587,HTVS
CHEMBL1798045,0,decoy,-6.92442689298441,SP
CHEMBL1798055,0,decoy,-5.06478805565244,SP
CHEMBL1800139,0,decoy,-4.41032816059274,HTVS
CHEMBL1800141,0,decoy,-4.64823696358069,HTVS
CHEMBL1800142,0,decoy,-3.80835349578982,HTVS
CHEMBL1800143,0,decoy,-3.3836746878148,HTVS
CHEMBL1800221,0,decoy,-5.84709496644781,SP
CHEMBL1800331,0,decoy,-3.17962302497943,HTVS
CHEMBL1800405,0,decoy,-3.57230444128104,HTVS
CHEMBL1800419,0,decoy,-4.65588129674962,HTVS
CHEMBL1800420,0,decoy,-3.43177838691261,HTVS
CHEMBL1800421,0,decoy,-3.59359503813366,HTVS
CHEMBL1800426,0,decoy,-4.65039561287581,HTVS
CHEMBL3654633,0,decoy,-6.66538351617531,SP
CHEMBL3654635,0,decoy,-5.85163837086625,SP
CHEMBL3654638,0,decoy,-5.219528289878,SP
CHEMBL3654656,0,decoy,-4.77879907530754,HTVS
CHEMBL3655208,0,decoy,-6.81246587667367,SP
CHEMBL3655342,0,decoy,-6.38106381663338,SP
CHEMBL3655346,0,decoy,-4.67535544834453,HTVS
CHEMBL3337996,0,decoy,-2.75681264035491,HTVS
CHEMBL3337997,0,decoy,-4.82909368732417,HTVS
CHEMBL3338386,0,decoy,-3.17530699914421,HTVS
CHEMBL3985524,0,decoy,-4.72902333610355,HTVS
CHEMBL3985570,0,decoy,-3.81662001650163,HTVS
CHEMBL3985605,0,decoy,-5.41017312393572,SP
CHEMBL3985674,0,decoy,-7.0180752202733,SP
CHEMBL3985714,0,decoy,-7.97716279077488,SP
CHEMBL3985879,0,decoy,-6.95218382547899,SP
CHEMBL3986160,0,decoy,-3.87985102822202,HTVS
CHEMBL3986291,0,decoy,-4.63799984049555,HTVS
CHEMBL3986309,0,decoy,-7.30705000682843,SP
CHEMBL3986390,0,decoy,-7.20822567675054,SP
CHEMBL3986635,0,decoy,-4.79586018773897,HTVS
CHEMBL3986708,0,decoy,-3.74980817282955,HTVS
CHEMBL3986861,0,decoy,-2.16062272919753,HTVS
CHEMBL83070,0,decoy,-4.22308166654501,HTVS
CHEMBL315521,0,decoy,-4.8701066763334,HTVS
CHEMBL85583,0,decoy,-4.46246810397882,HTVS
CHEMBL85730,0,decoy,-4.65033177876828,HTVS
CHEMBL313882,0,decoy,-4.04983967415887,HTVS
CHEMBL313957,0,decoy,-3.02999710631536,HTVS
CHEMBL5560325,0,decoy,-6.84772439518681,SP
CHEMBL5560590,0,decoy,-5.12993894698785,SP
CHEMBL5560631,0,decoy,-3.85413607405866,HTVS
CHEMBL5560750,0,decoy,-6.56084988087493,SP
CHEMBL5561016,0,decoy,-4.74381165683467,HTVS
CHEMBL5561116,0,decoy,-5.82211889013158,SP
CHEMBL5561181,0,decoy,-6.4492364298851,SP
CHEMBL5561307,0,decoy,-3.03245712660797,HTVS
CHEMBL5561347,0,decoy,-4.7378073218716,HTVS
CHEMBL5561361,0,decoy,-4.47113418786814,HTVS
CHEMBL4540714,0,decoy,-3.64626907766489,HTVS
CHEMBL4540755,0,decoy,-4.24664554081416,HTVS
CHEMBL4540875,0,decoy,-5.93995742038046,SP
CHEMBL4541133,0,decoy,-6.43629601148626,SP
CHEMBL4541382,0,decoy,-6.58093678185717,SP
CHEMBL3718383,0,decoy,-0.0700283696649597,HTVS
CHEMBL3715771,0,decoy,1.8761392923804,HTVS
CHEMBL4216061,0,decoy,-4.1155947565373,SP
CHEMBL3655381,0,decoy,-4.35578039672002,HTVS
CHEMBL3986807,0,decoy,-5.42500999347405,SP
CHEMBL5560610,0,decoy,-6.12510759588803,SP
CHEMBL4541108,0,decoy,-5.55858265311582,SP
CHEMBL3719321,0,decoy,-3.41091354255878,HTVS
CHEMBL2359742,0,decoy,-6.03220506757732,SP
CHEMBL2360037,0,decoy,-3.88082352485752,HTVS
CHEMBL3353637,0,decoy,-4.5623659166677,HTVS
CHEMBL4215003,0,decoy,-6.41483247459085,SP
CHEMBL4215032,0,decoy,-6.49817638849285,SP
CHEMBL4215213,0,decoy,-4.23846933258213,HTVS
CHEMBL4215562,0,decoy,-6.62676373638201,SP
CHEMBL4215573,0,decoy,-6.67826344753643,SP
CHEMBL4215608,0,decoy,-3.85705910517883,HTVS
CHEMBL4215747,0,decoy,-4.88184704543515,SP
CHEMBL4215833,0,decoy,-5.15898256754922,SP
CHEMBL4215893,0,decoy,-6.71578925094344,SP
CHEMBL4215954,0,decoy,-5.15413469614206,SP
CHEMBL4215974,0,decoy,-4.70340170469056,HTVS
CHEMBL4215976,0,decoy,-5.3548764918704,SP
CHEMBL4216086,0,decoy,-6.16759227063598,SP
CHEMBL3654433,0,decoy,-5.95539665864675,SP
CHEMBL3654435,0,decoy,-4.2263350473611,HTVS
CHEMBL3654437,0,decoy,-4.35685301950841,HTVS
CHEMBL3654459,0,decoy,-7.49306248752014,SP
CHEMBL3654460,0,decoy,-7.43224580968418,SP
CHEMBL3654463,0,decoy,-6.80448101081294,SP
CHEMBL3654480,0,decoy,-7.86502858255059,SP
CHEMBL3654483,0,decoy,-6.83101120709752,SP
CHEMBL3654547,0,decoy,-7.58084393990625,SP
CHEMBL3654549,0,decoy,-7.247417633473,SP
CHEMBL3654551,0,decoy,-7.38112255910956,SP
CHEMBL3654791,0,decoy,-7.12243173436652,SP
CHEMBL3654794,0,decoy,-7.49828565421484,SP
CHEMBL3654795,0,decoy,-6.80096209036888,SP
CHEMBL3654803,0,decoy,-7.33647123109342,SP
CHEMBL3655319,0,decoy,-5.97249958365716,SP
CHEMBL3655321,0,decoy,-4.87650071600837,HTVS
CHEMBL3655326,0,decoy,-5.69089738277202,SP
CHEMBL3655331,0,decoy,-5.73383581377641,SP
CHEMBL3655332,0,decoy,-5.87093876993227,SP
CHEMBL3655363,0,decoy,-5.98679041096143,SP
CHEMBL3655365,0,decoy,-4.68870178162425,HTVS
CHEMBL3655374,0,decoy,-4.51094400303309,HTVS
CHEMBL3655378,0,decoy,-3.13126233445672,HTVS
CHEMBL3655380,0,decoy,-4.27582994783283,HTVS
CHEMBL3655383,0,decoy,-5.6116997130662,SP
CHEMBL3655391,0,decoy,-5.89492372851213,SP
CHEMBL1766106,0,decoy,-4.19242938333056,HTVS
CHEMBL4104477,0,decoy,-4.82335562450006,HTVS
CHEMBL4104643,0,decoy,-4.25032969053913,HTVS
CHEMBL4104738,0,decoy,-4.08912024622078,HTVS
CHEMBL4105046,0,decoy,-5.47691100083631,SP
CHEMBL4105407,0,decoy,-4.58951090756962,HTVS
CHEMBL4214839,0,decoy,-7.34987046930144,SP
CHEMBL4214898,0,decoy,-6.30922352305912,SP
CHEMBL4215157,0,decoy,-6.04298333997107,SP
CHEMBL4215405,0,decoy,-3.719034910677,HTVS
CHEMBL4215703,0,decoy,-7.17869522130216,SP
CHEMBL4215770,0,decoy,-4.83541156123616,HTVS
CHEMBL4215880,0,decoy,-4.12159542269622,HTVS
CHEMBL4215970,0,decoy,-7.30494963540041,SP
CHEMBL3654300,0,decoy,-3.67379177651778,HTVS
CHEMBL3654369,0,decoy,-2.67098223218068,HTVS
CHEMBL3639533,0,decoy,-7.63207104219095,SP
CHEMBL3654498,0,decoy,-5.35148971265669,SP
CHEMBL3654499,0,decoy,-7.39688929989098,SP
CHEMBL3654520,0,decoy,-5.94168454543822,SP
CHEMBL3654541,0,decoy,-6.3013632324395,SP
CHEMBL3654568,0,decoy,-4.8071633902711,HTVS
CHEMBL3654569,0,decoy,-6.21300675015066,SP
CHEMBL3654584,0,decoy,-4.49495497449579,HTVS
CHEMBL3654600,0,decoy,-9.01975107367681,SP
CHEMBL3654628,0,decoy,-4.05438995718224,HTVS
CHEMBL3655215,0,decoy,-5.79866535356173,SP
CHEMBL3655224,0,decoy,-6.47002896066329,SP
CHEMBL3639542,0,decoy,-3.79049360422677,HTVS
CHEMBL3338009,0,decoy,-3.76631272735038,HTVS
CHEMBL3338015,0,decoy,-3.67747703753562,HTVS
CHEMBL3338018,0,decoy,-3.56390517449171,HTVS
CHEMBL3338027,0,decoy,-4.56242659900586,HTVS
CHEMBL3338028,0,decoy,-4.0543741614856,HTVS
CHEMBL3338039,0,decoy,-4.391882408086,HTVS
CHEMBL3338663,0,decoy,-4.36540916621847,HTVS
CHEMBL3985405,0,decoy,-4.07657945397974,HTVS
CHEMBL3985521,0,decoy,-3.63627248107541,HTVS
CHEMBL3985645,0,decoy,-4.24168697978142,HTVS
CHEMBL3985877,0,decoy,-4.29995895755042,HTVS
CHEMBL3985972,0,decoy,-4.77597692154111,HTVS
CHEMBL3986005,0,decoy,-4.33912601764916,HTVS
CHEMBL3986036,0,decoy,-4.04810111243544,HTVS
CHEMBL3986133,0,decoy,-6.61600625884524,SP
CHEMBL3986139,0,decoy,-4.72374117898737,HTVS
CHEMBL3986196,0,decoy,-4.28229593865604,HTVS
CHEMBL3986206,0,decoy,-3.39650551409711,HTVS
CHEMBL3986301,0,decoy,-4.71098295053211,HTVS
CHEMBL3986343,0,decoy,-7.23235025784111,SP
CHEMBL3986790,0,decoy,-3.8771482893999,HTVS
CHEMBL5561043,0,decoy,-7.34372088109857,SP
CHEMBL4541073,0,decoy,-6.93506803036087,SP
CHEMBL3718425,0,decoy,-3.96997900918537,HTVS
CHEMBL3715231,0,decoy,-3.94514017112721,HTVS
CHEMBL3719205,0,decoy,-6.51821606497988,SP
CHEMBL3717955,0,decoy,-6.36943170046701,SP
CHEMBL1713368,0,decoy,-3.41608702632732,HTVS
CHEMBL545716,0,decoy,-3.71313921599281,HTVS
CHEMBL3654898,0,decoy,-4.63281216644371,HTVS
CHEMBL3654899,0,decoy,-3.7632470728512,HTVS
CHEMBL3654900,0,decoy,-4.20877310887249,HTVS
CHEMBL3654903,0,decoy,-4.14909164003209,SP
CHEMBL3654911,0,decoy,-4.51406940109004,HTVS
CHEMBL3654915,0,decoy,-3.97452000138927,HTVS
CHEMBL3654918,0,decoy,-4.43870788814569,HTVS
CHEMBL3654919,0,decoy,-4.66514357189238,HTVS
CHEMBL3654920,0,decoy,-4.40937671307246,HTVS
CHEMBL3654921,0,decoy,-3.76860400179252,HTVS
CHEMBL3654930,0,decoy,-4.43608718101957,HTVS
CHEMBL3654931,0,decoy,-4.50738286644992,HTVS
CHEMBL3654934,0,decoy,-4.87737934337989,SP
CHEMBL3654936,0,decoy,-4.31471323425836,HTVS
CHEMBL3338399,0,decoy,-6.02665090486403,SP
CHEMBL3338400,0,decoy,-4.58025739383835,HTVS
CHEMBL3338401,0,decoy,-5.92274755880352,SP
CHEMBL3339009,0,decoy,-6.70659665306212,SP
CHEMBL3339017,0,decoy,-3.7288826601768,HTVS
CHEMBL3339020,0,decoy,-6.72105395512608,SP
CHEMBL3339026,0,decoy,-4.11170247941529,HTVS
CHEMBL3339029,0,decoy,-6.29986214720937,SP
CHEMBL3339032,0,decoy,-3.74997980122192,HTVS
CHEMBL3339033,0,decoy,-6.73053778161464,SP
CHEMBL3985643,0,decoy,-3.31186367659425,HTVS
CHEMBL3985783,0,decoy,-4.04101226752187,SP
CHEMBL3986225,0,decoy,-3.95685180210991,HTVS
CHEMBL3986376,0,decoy,-4.47870171637937,HTVS
CHEMBL3986523,0,decoy,-4.65180884271577,HTVS
CHEMBL3986764,0,decoy,-3.3984626567234,HTVS
CHEMBL420598,0,decoy,-5.89499967776108,SP
CHEMBL313993,0,decoy,-2.30548825516304,HTVS
CHEMBL5560891,0,decoy,-6.52032697172543,SP
CHEMBL5560950,0,decoy,-4.83251412706924,HTVS
CHEMBL5561396,0,decoy,-4.74014242136574,HTVS
CHEMBL5561568,0,decoy,-4.70912154018862,HTVS
CHEMBL4541247,0,decoy,-4.48715363334671,HTVS
CHEMBL3719384,0,decoy,-6.52558582225792,SP
CHEMBL3714944,0,decoy,-7.53091010662441,SP
CHEMBL2359122,0,decoy,-6.02147409697636,SP
CHEMBL2359245,0,decoy,-6.04220895441574,SP
CHEMBL3719349,0,decoy,-5.89886969314075,SP
CHEMBL3716723,0,decoy,-5.56769518559826,SP
CHEMBL1978469,0,decoy,-4.0240424533766,HTVS
CHEMBL4104858,0,decoy,-5.70332153857392,SP
CHEMBL4104866,0,decoy,-3.53483336440838,HTVS
CHEMBL1800632,0,decoy,-5.69411101670689,SP
CHEMBL1801031,0,decoy,-3.78583537867594,HTVS
CHEMBL4215587,0,decoy,-4.39980946845591,HTVS
CHEMBL4215592,0,decoy,-4.84213933743726,HTVS
CHEMBL3654355,0,decoy,-5.36376554118565,SP
CHEMBL3654473,0,decoy,-4.51938465909271,HTVS
CHEMBL3654492,0,decoy,-5.07413416945099,SP
CHEMBL3655147,0,decoy,-5.47667481436859,SP
CHEMBL3338016,0,decoy,-3.8946747195163,HTVS
CHEMBL3338287,0,decoy,-3.67339803898734,HTVS
CHEMBL3338803,0,decoy,-5.6667245883576,SP
CHEMBL3986456,0,decoy,-4.08975025347656,HTVS
CHEMBL3986476,0,decoy,-5.84239500957161,SP
CHEMBL85158,0,decoy,-3.9647530919254,HTVS
CHEMBL83812,0,decoy,-4.83265841157298,HTVS
CHEMBL85027,0,decoy,-4.67966571592029,HTVS
CHEMBL312831,0,decoy,-5.99191038974907,SP
CHEMBL86070,0,decoy,-3.53695512427516,HTVS
CHEMBL5560652,0,decoy,-4.84846087713918,HTVS
CHEMBL5561071,0,decoy,-6.04281031546656,SP
CHEMBL5561447,0,decoy,-6.72701537249463,SP
CHEMBL5561460,0,decoy,-4.07490605827969,HTVS
CHEMBL4541101,0,decoy,-4.39312733684562,HTVS
CHEMBL4541131,0,decoy,-7.38142687671005,SP
CHEMBL4541328,0,decoy,-4.39841489546878,HTVS
CHEMBL4541488,0,decoy,-5.09450244212525,SP
CHEMBL4541490,0,decoy,-6.34820520853601,SP
CHEMBL4541498,0,decoy,-4.31560523727185,HTVS
CHEMBL4541639,0,decoy,-4.62126224671189,HTVS
CHEMBL4541661,0,decoy,-6.16199884243505,SP
CHEMBL4541736,0,decoy,-3.73298090499113,HTVS
CHEMBL3718430,0,decoy,0.872711820537802,HTVS
CHEMBL3717235,0,decoy,-3.90276470736912,HTVS
CHEMBL3714905,0,decoy,-0.993016241647217,HTVS
CHEMBL3716865,0,decoy,-1.56666054758963,HTVS
CHEMBL3718938,0,decoy,-5.58289926205493,SP
CHEMBL3716557,0,decoy,-4.18874213750054,HTVS
CHEMBL3719331,0,decoy,-5.19217416493877,SP
CHEMBL3715655,0,decoy,-4.46663294874849,HTVS
CHEMBL3716704,0,decoy,-4.48833162128124,HTVS
CHEMBL3714929,0,decoy,-4.79846211652871,HTVS
CHEMBL3718180,0,decoy,-6.70529734243296,SP
CHEMBL3715007,0,decoy,-6.11683878152079,SP
CHEMBL4105408,0,decoy,-6.81755984905823,SP
CHEMBL3339018,0,decoy,-6.32963433890195,SP
CHEMBL4540915,0,decoy,-2.43041069693199,HTVS
CHEMBL4541055,0,decoy,-4.06053969542728,HTVS
CHEMBL3719296,0,decoy,-5.88400417794468,SP
CHEMBL3351014,0,decoy,-4.7225103275672,HTVS
CHEMBL3352969,0,decoy,-6.27456065704443,SP
CHEMBL3352970,0,decoy,-4.47043811278125,HTVS
CHEMBL3353408,0,decoy,-5.7587770671075,SP
CHEMBL1713928,0,decoy,-3.09206387120982,HTVS
CHEMBL545485,0,decoy,-5.54782363876533,SP
CHEMBL545056,0,decoy,-5.86844830146394,SP
CHEMBL1797991,0,decoy,-4.5583757895108,HTVS
CHEMBL1797992,0,decoy,-3.99010502461847,HTVS
CHEMBL1801024,0,decoy,-4.31525155693747,HTVS
CHEMBL4215164,0,decoy,-6.27040816312844,SP
CHEMBL4215817,0,decoy,-6.45283075124041,SP
CHEMBL3654644,0,decoy,-7.14125315637308,SP
CHEMBL3339014,0,decoy,-6.07714955663577,SP
CHEMBL3985699,0,decoy,-3.95485117815397,HTVS
CHEMBL3985750,0,decoy,-3.32017318103314,HTVS
CHEMBL3986102,0,decoy,-5.6334376969686,SP
CHEMBL3986552,0,decoy,-4.52588166133368,HTVS
CHEMBL3986723,0,decoy,-6.10344353760125,SP
CHEMBL3986843,0,decoy,-6.35373158105556,SP
CHEMBL3986844,0,decoy,-3.85920407916268,HTVS
CHEMBL85028,0,decoy,-6.34495552408853,SP
CHEMBL310619,0,decoy,-5.47587863239596,SP
CHEMBL314590,0,decoy,-6.3214423742636,SP
CHEMBL5560510,0,decoy,-6.45567867797663,SP
CHEMBL5560621,0,decoy,-4.34718213674513,HTVS
CHEMBL5560667,0,decoy,-5.01210912722043,SP
CHEMBL5560777,0,decoy,-3.48484916050326,HTVS
CHEMBL5560811,0,decoy,-3.1259034363091,HTVS
CHEMBL5560895,0,decoy,-3.43013073533208,HTVS
CHEMBL5561063,0,decoy,-6.0203870748829,SP
CHEMBL5561078,0,decoy,-5.29628452105833,SP
CHEMBL5561115,0,decoy,-5.0325718893722,SP
CHEMBL5561267,0,decoy,-4.18041803935185,HTVS
CHEMBL4540382,0,decoy,-5.28271837905074,SP
CHEMBL4540437,0,decoy,-5.56475670599136,SP
CHEMBL4540616,0,decoy,-5.71067440436118,SP
CHEMBL4540866,0,decoy,-4.37426829026352,HTVS
CHEMBL4540945,0,decoy,-5.93745699454535,SP
CHEMBL4541533,0,decoy,-4.69572406927175,HTVS
CHEMBL3338446,0,decoy,-3.90025161645632,HTVS
CHEMBL3986077,0,decoy,-4.65661007075896,HTVS
CHEMBL5560578,0,decoy,-5.86645995627507,SP
CHEMBL5561356,0,decoy,-4.87799446958709,HTVS
CHEMBL5561474,0,decoy,-7.37351579473354,SP
CHEMBL2359798,0,decoy,-4.48654886523749,HTVS
CHEMBL2359857,0,decoy,-6.58754757199176,SP
CHEMBL1978511,0,decoy,-3.64092634232517,HTVS
CHEMBL3353395,0,decoy,-4.04682691113001,HTVS
CHEMBL3353475,0,decoy,-5.06904016667106,SP
CHEMBL1743893,0,decoy,-3.48356393988012,HTVS
CHEMBL1744165,0,decoy,-2.23241598177328,HTVS
CHEMBL1744226,0,decoy,-4.47467025133364,HTVS
CHEMBL1744352,0,decoy,-4.2382305968685,HTVS
CHEMBL1744355,0,decoy,-7.56186007594857,SP
CHEMBL3609587,0,decoy,-3.97879339791812,HTVS
CHEMBL553150,0,decoy,-4.86431380542642,HTVS
CHEMBL545741,0,decoy,-6.44729824331869,SP
CHEMBL544130,0,decoy,-3.83168406647492,HTVS
CHEMBL555314,0,decoy,-3.03752085580079,HTVS
CHEMBL3715416,0,decoy,-6.2093365042598,SP
CHEMBL3716502,0,decoy,-5.59474024705137,SP
CHEMBL3717597,0,decoy,-4.74265658573828,HTVS
CHEMBL3717959,0,decoy,-4.91657601618664,HTVS
CHEMBL3717065,0,decoy,-6.41012148242492,SP
CHEMBL3716066,0,decoy,-4.56903017632335,HTVS
CHEMBL3715590,0,decoy,-4.73182082195639,HTVS
CHEMBL3718254,0,decoy,-6.53108806784718,SP
CHEMBL3715528,0,decoy,-4.35041171921336,HTVS
CHEMBL3714941,0,decoy,-6.36884795714758,SP
CHEMBL3717703,0,decoy,-3.95597170966352,HTVS
CHEMBL3716890,0,decoy,-4.28132352710854,HTVS
CHEMBL3718763,0,decoy,-5.92086635957205,SP
CHEMBL3718160,0,decoy,-3.65419291313512,HTVS
CHEMBL3718098,0,decoy,-4.80466552217954,HTVS
CHEMBL3719236,0,decoy,-5.63857430207724,SP
CHEMBL2358962,0,decoy,-7.32926729131571,SP
CHEMBL2359293,0,decoy,-5.90068542477131,SP
CHEMBL2359445,0,decoy,-5.00690194214593,SP
CHEMBL2359556,0,decoy,-3.39894240118591,HTVS
CHEMBL2359872,0,decoy,-5.89545054071901,SP
CHEMBL1977315,0,decoy,-3.77133053140907,HTVS
CHEMBL1714624,0,decoy,-1.4841469188131,HTVS
CHEMBL1714641,0,decoy,-6.34191092108028,SP
CHEMBL3350950,0,decoy,-2.57718954071892,HTVS
CHEMBL3353346,0,decoy,-3.75011682375731,HTVS
CHEMBL3353358,0,decoy,-4.4493940294609,HTVS
CHEMBL3353443,0,decoy,-3.87074110868782,HTVS
CHEMBL3353558,0,decoy,-7.14117021530551,SP
CHEMBL3353603,0,decoy,-3.7946764530597,HTVS
CHEMBL3353606,0,decoy,-3.07742033757914,HTVS
CHEMBL3353607,0,decoy,-4.05328415377556,HTVS
CHEMBL2286499,0,decoy,-3.0736839117163,HTVS
CHEMBL1713613,0,decoy,-5.17604883641616,SP
CHEMBL3608577,0,decoy,-4.68024066249907,HTVS
CHEMBL3608315,0,decoy,-4.88375003048676,HTVS
CHEMBL3609401,0,decoy,-3.37288136978856,HTVS
CHEMBL3609642,0,decoy,-3.38354167691969,HTVS
CHEMBL1762589,0,decoy,-4.43632818663944,HTVS
CHEMBL1762695,0,decoy,-4.10877076654259,HTVS
CHEMBL1762813,0,decoy,-3.94008018106931,HTVS
CHEMBL1765177,0,decoy,-2.64422785287039,HTVS
CHEMBL1765178,0,decoy,-4.23598918587733,HTVS
CHEMBL1765179,0,decoy,-5.8468049556655,SP
CHEMBL1765364,0,decoy,-3.68228284263976,HTVS
CHEMBL1765429,0,decoy,-2.39035181723692,HTVS
CHEMBL1765503,0,decoy,-4.81986769465302,SP
CHEMBL1800639,0,decoy,-4.47475378517403,HTVS
CHEMBL1800640,0,decoy,-6.22682571545284,SP
CHEMBL4215867,0,decoy,-3.86250340354565,HTVS
CHEMBL3654651,0,decoy,-5.52479444959604,SP
CHEMBL3338452,0,decoy,-4.52565270001065,HTVS
CHEMBL3985525,0,decoy,-4.87398400940699,HTVS
CHEMBL3985905,0,decoy,-3.52633144422361,HTVS
CHEMBL3986085,0,decoy,-4.09285073420228,SP
CHEMBL3986204,0,decoy,-3.92110855958135,HTVS
CHEMBL3986239,0,decoy,-2.59016276800405,HTVS
CHEMBL3986320,0,decoy,-4.63545394877437,HTVS
CHEMBL3986420,0,decoy,-1.92013105652813,HTVS
CHEMBL3986632,0,decoy,-3.15362675046016,HTVS
CHEMBL3986652,0,decoy,-4.3930608960102,HTVS
CHEMBL309254,0,decoy,-3.61662964616129,HTVS
CHEMBL5560740,0,decoy,-3.33913617937325,HTVS
CHEMBL5560937,0,decoy,-4.55148162399238,HTVS
CHEMBL5561208,0,decoy,-2.20321300958637,HTVS
CHEMBL5561241,0,decoy,-3.05461370690709,HTVS
CHEMBL5561265,0,decoy,-6.08660903854006,SP
CHEMBL5561386,0,decoy,-6.32494380853254,SP
CHEMBL4540627,0,decoy,-4.0809978920675,HTVS
CHEMBL4541408,0,decoy,-4.53409013701505,HTVS
CHEMBL4541558,0,decoy,-6.95054504929303,SP
CHEMBL3716402,0,decoy,-4.76976583504588,HTVS
CHEMBL3715945,0,decoy,-3.30768053266894,HTVS
CHEMBL3715516,0,decoy,-5.95217600800242,SP
CHEMBL3717937,0,decoy,-3.93855309275542,HTVS
CHEMBL3717972,0,decoy,-3.70995948817071,HTVS
CHEMBL3718267,0,decoy,-5.34877639310003,SP
CHEMBL3717102,0,decoy,-6.44195975308971,SP
CHEMBL3718990,0,decoy,-5.52366530436049,SP
CHEMBL3718198,0,decoy,-5.81569612295495,SP
CHEMBL3716457,0,decoy,-5.14396567035311,SP
CHEMBL3715257,0,decoy,-4.87664953286857,HTVS
CHEMBL3716632,0,decoy,-4.61328695489404,HTVS
CHEMBL3716653,0,decoy,-4.72206063580769,HTVS
CHEMBL3717638,0,decoy,-6.70001983390657,SP
CHEMBL3717808,0,decoy,-4.07056976653022,HTVS
CHEMBL3715491,0,decoy,-4.74834367098601,HTVS
CHEMBL3714934,0,decoy,-2.77158046697675,HTVS
CHEMBL3717308,0,decoy,-4.00688495985136,HTVS
CHEMBL3716902,0,decoy,-3.49949401353169,HTVS
CHEMBL3718510,0,decoy,-4.44981450437289,HTVS
CHEMBL3717430,0,decoy,-4.42472187969237,HTVS
CHEMBL3715442,0,decoy,-4.11826131394179,HTVS
CHEMBL3717427,0,decoy,-3.00624416342361,HTVS
CHEMBL2359006,0,decoy,-6.68258708807052,SP
CHEMBL1977448,0,decoy,-4.42201537422355,HTVS
CHEMBL1978090,0,decoy,-5.12038281661827,SP
CHEMBL1978479,0,decoy,-4.42110092382658,HTVS
CHEMBL1978497,0,decoy,-4.43528123900475,HTVS
CHEMBL3353563,0,decoy,-7.73686288822217,SP
CHEMBL3609326,0,decoy,-4.91990561109651,HTVS
CHEMBL3609628,0,decoy,-4.55451451576347,HTVS
CHEMBL3609633,0,decoy,-4.02101917554025,HTVS
CHEMBL543155,0,decoy,-4.60823732830594,HTVS
CHEMBL1762805,0,decoy,-4.89102984993913,HTVS
CHEMBL1765570,0,decoy,-4.20074458273463,HTVS
CHEMBL1765571,0,decoy,-4.19538494861761,HTVS
CHEMBL1765717,0,decoy,-7.0983791103018,SP
CHEMBL1765718,0,decoy,-6.97000534592714,SP
CHEMBL1765719,0,decoy,-7.05578072936971,SP
CHEMBL1766104,0,decoy,-6.42715520818373,SP
CHEMBL1766136,0,decoy,-4.06555933547319,HTVS
CHEMBL1766137,0,decoy,-4.01393748679417,HTVS
CHEMBL4104282,0,decoy,-3.86867879322075,HTVS
CHEMBL4104385,0,decoy,-5.31413782083403,SP
CHEMBL4104499,0,decoy,-4.70575871246903,HTVS
CHEMBL4104613,0,decoy,-5.24272068240214,SP
CHEMBL4104695,0,decoy,-7.04352001155761,SP
CHEMBL4104975,0,decoy,-5.62775348407637,SP
CHEMBL4105008,0,decoy,-6.86088863816507,SP
CHEMBL4105150,0,decoy,-5.90689509228332,SP
CHEMBL4105181,0,decoy,-5.50536870302771,SP
CHEMBL4105209,0,decoy,-4.05468360945353,HTVS
CHEMBL4105230,0,decoy,-4.32130274538003,HTVS
CHEMBL4105292,0,decoy,-4.18595175296198,HTVS
CHEMBL4105450,0,decoy,-4.43803281035335,HTVS
CHEMBL1798059,0,decoy,-3.28736104688069,HTVS
CHEMBL1801070,0,decoy,-4.7041892283747,HTVS
CHEMBL1801071,0,decoy,-4.02231447221087,HTVS
CHEMBL1801099,0,decoy,-7.05482115164572,SP
CHEMBL1801152,0,decoy,-5.58874322106962,SP
CHEMBL4214781,0,decoy,-5.63602594260595,SP
CHEMBL4214813,0,decoy,-4.50481858763756,HTVS
CHEMBL4214874,0,decoy,-4.00007772203911,HTVS
CHEMBL4214999,0,decoy,-6.01633998100773,SP
CHEMBL4215065,0,decoy,-5.77640828870636,SP
CHEMBL4215292,0,decoy,-3.27730728447423,HTVS
CHEMBL4215326,0,decoy,-4.39053067045114,HTVS
CHEMBL3654639,0,decoy,-6.87338840895832,SP
CHEMBL3986082,0,decoy,-4.19515232611852,HTVS
CHEMBL3986413,0,decoy,-4.15772254892101,HTVS
CHEMBL316216,0,decoy,-3.19800181865095,HTVS
CHEMBL5561477,0,decoy,-6.77033462526245,SP
CHEMBL4541628,0,decoy,-4.31136624864078,HTVS
CHEMBL3718635,0,decoy,-3.69992443113645,HTVS
CHEMBL3717134,0,decoy,-5.05733897383747,SP
CHEMBL3715237,0,decoy,-3.29065748513611,HTVS
CHEMBL2359247,0,decoy,-4.54930760723396,SP
CHEMBL2359418,0,decoy,-3.46321993036714,HTVS
CHEMBL2359470,0,decoy,-2.84314963554966,HTVS
CHEMBL2359557,0,decoy,-6.85128438222234,SP
CHEMBL2359664,0,decoy,-4.21829480583841,HTVS
CHEMBL2359884,0,decoy,-4.147024577989,HTVS
CHEMBL2359930,0,decoy,-3.57779433669454,HTVS
CHEMBL1714619,0,decoy,-4.12224047252634,HTVS
CHEMBL3350852,0,decoy,-3.84477195832518,HTVS
CHEMBL3350853,0,decoy,-3.75449967418747,HTVS
CHEMBL3353200,0,decoy,-7.55692605211755,SP
CHEMBL1743263,0,decoy,-4.24129354165716,HTVS
CHEMBL1744108,0,decoy,-4.45334836706646,HTVS
CHEMBL1744298,0,decoy,-5.91905539462193,SP
CHEMBL1744305,0,decoy,-4.89161608516822,HTVS
CHEMBL1744362,0,decoy,-5.44899601987239,SP
CHEMBL1713426,0,decoy,-4.52488202842889,HTVS
CHEMBL1714098,0,decoy,-1.13569864856705,HTVS
CHEMBL3608652,0,decoy,-0.865875569918999,HTVS
CHEMBL3608655,0,decoy,-0.98958901000556,HTVS
CHEMBL3608742,0,decoy,-6.27813292312323,SP
CHEMBL3608314,0,decoy,-7.20415988706416,SP
CHEMBL3609373,0,decoy,-4.60966441809166,HTVS
CHEMBL3609585,0,decoy,-1.70414569299423,HTVS
CHEMBL3609882,0,decoy,-2.54031819463612,HTVS
CHEMBL3609883,0,decoy,-3.01935479111828,HTVS
CHEMBL555406,0,decoy,-5.77075659611563,SP
CHEMBL555539,0,decoy,-4.83127309717486,HTVS
CHEMBL542954,0,decoy,-6.1827839007885,SP
CHEMBL553331,0,decoy,-5.87505097575866,SP
CHEMBL4104329,0,decoy,-4.80751345836266,SP
CHEMBL4104395,0,decoy,-6.08206102047575,SP
CHEMBL4105526,0,decoy,-6.11123451289854,SP
CHEMBL1800934,0,decoy,-4.86169554225025,HTVS
CHEMBL1800963,0,decoy,-3.67774733074345,HTVS
CHEMBL4215850,0,decoy,-5.5819622296681,SP
CHEMBL3654679,0,decoy,-7.7369251603663,SP
CHEMBL3654765,0,decoy,-6.25450842878477,SP
CHEMBL3655117,0,decoy,-6.56139040262563,SP
CHEMBL3338063,0,decoy,-7.07123998841335,SP
CHEMBL3337465,0,decoy,-4.71642509786346,HTVS
CHEMBL3338402,0,decoy,-6.11951692974255,SP
CHEMBL3339021,0,decoy,-5.84005132928455,SP
CHEMBL3339022,0,decoy,-6.04216024010897,SP
CHEMBL3339023,0,decoy,-3.8478081996216,HTVS
CHEMBL3339024,0,decoy,-4.77048953153815,HTVS
CHEMBL3339025,0,decoy,-3.0627396288302,HTVS
CHEMBL3985412,0,decoy,-4.72777745967345,HTVS
CHEMBL3985620,0,decoy,-3.96798746497504,HTVS
CHEMBL3985841,0,decoy,-4.69801176282243,HTVS
CHEMBL3985977,0,decoy,-5.40424138856359,SP
CHEMBL3986145,0,decoy,-5.6681195227667,SP
CHEMBL3986325,0,decoy,-4.60371698058948,HTVS
CHEMBL3986472,0,decoy,-4.40818364898394,HTVS
CHEMBL3986519,0,decoy,-4.70307616420634,HTVS
CHEMBL313534,0,decoy,-6.2161290059533,SP
CHEMBL5560681,0,decoy,-3.81244256172718,HTVS
CHEMBL5560862,0,decoy,-5.76419570724995,SP
CHEMBL5561179,0,decoy,-4.51665650811243,HTVS
CHEMBL5561319,0,decoy,-6.42919613594186,SP
CHEMBL5561394,0,decoy,-3.91051765947316,HTVS
CHEMBL4540640,0,decoy,-4.59658515833164,HTVS
CHEMBL4540822,0,decoy,-3.85609472411806,HTVS
CHEMBL4540840,0,decoy,-4.53906671929219,HTVS
CHEMBL4541047,0,decoy,-7.00445003844815,SP
CHEMBL4541169,0,decoy,-7.3826458423763,SP
CHEMBL4541583,0,decoy,-5.94331015355225,SP
CHEMBL2359285,0,decoy,-6.10386749212103,SP
CHEMBL1978003,0,decoy,-3.67460505842432,HTVS
CHEMBL1714553,0,decoy,-6.72872729228124,SP
CHEMBL3353190,0,decoy,-5.32233252045825,SP
CHEMBL3353191,0,decoy,-4.79223626187114,HTVS
CHEMBL3353192,0,decoy,-5.50544036177573,SP
CHEMBL3353193,0,decoy,-5.48886743951037,SP
CHEMBL3352825,0,decoy,-5.60391146443882,SP
CHEMBL3353665,0,decoy,-5.33363423154455,SP
CHEMBL3353670,0,decoy,-4.63365457730715,HTVS
CHEMBL1713339,0,decoy,-7.27042989365172,SP
CHEMBL3609811,0,decoy,-2.93015377843481,HTVS
CHEMBL3654482,0,decoy,-7.25188996522882,SP
CHEMBL3654521,0,decoy,-8.84734371769097,SP
CHEMBL3654522,0,decoy,-4.73027475489951,HTVS
CHEMBL3654618,0,decoy,-4.38165561791314,HTVS
CHEMBL3986385,0,decoy,-6.62659142348654,SP
CHEMBL3986462,0,decoy,-7.23013595057663,SP
CHEMBL3986728,0,decoy,-6.50358667871041,SP
CHEMBL5561174,0,decoy,-4.59819024140881,HTVS
CHEMBL4540819,0,decoy,-3.02486085567654,HTVS
CHEMBL4540859,0,decoy,-4.6042597135874,HTVS
CHEMBL3715786,0,decoy,-4.36770446849358,HTVS
CHEMBL3718349,0,decoy,-4.71377680245645,HTVS
CHEMBL3718669,0,decoy,-4.56537023270474,HTVS
CHEMBL3716681,0,decoy,-7.45203027949037,SP
CHEMBL2359486,0,decoy,-7.49359485628428,SP
CHEMBL2359661,0,decoy,-5.09430148134462,SP
CHEMBL2359736,0,decoy,-3.96596652305977,HTVS
CHEMBL2360006,0,decoy,-3.10673054728467,HTVS
CHEMBL1977519,0,decoy,-3.74678376824719,HTVS
CHEMBL1977626,0,decoy,-4.83412099018389,HTVS
CHEMBL1714800,0,decoy,-3.93900908008423,HTVS
CHEMBL1714937,0,decoy,-4.70082128062173,HTVS
CHEMBL1715154,0,decoy,-4.19972814308231,HTVS
CHEMBL3350849,0,decoy,-3.25900814645704,HTVS
CHEMBL3350855,0,decoy,-3.41719471011483,HTVS
CHEMBL3350856,0,decoy,-3.44611815260085,HTVS
CHEMBL3353221,0,decoy,-3.44121148003401,HTVS
CHEMBL3353251,0,decoy,-6.26173272095546,SP
CHEMBL3353355,0,decoy,-4.45808037924146,HTVS
CHEMBL3353518,0,decoy,-3.7532787066117,HTVS
CHEMBL3353604,0,decoy,-5.25210124257816,SP
CHEMBL1743686,0,decoy,-4.74173754289196,HTVS
CHEMBL1713847,0,decoy,-2.98529548892583,HTVS
CHEMBL3608522,0,decoy,-3.57945372052079,HTVS
CHEMBL3608523,0,decoy,-4.31821246561635,HTVS
CHEMBL3609209,0,decoy,-3.72214956569804,HTVS
CHEMBL3609402,0,decoy,-3.33241093847477,HTVS
CHEMBL544817,0,decoy,-5.91380573425736,SP
CHEMBL1765505,0,decoy,-4.49438980705955,HTVS
CHEMBL1765659,0,decoy,-3.95514021935615,HTVS
CHEMBL1765683,0,decoy,-4.34634414914249,HTVS
CHEMBL1765685,0,decoy,-3.96415911441707,HTVS
CHEMBL1765784,0,decoy,-6.9450104691903,SP
CHEMBL1765820,0,decoy,-4.41073154718232,HTVS
CHEMBL1765821,0,decoy,-6.08338265679322,SP
CHEMBL4104211,0,decoy,-4.79846872268423,HTVS
CHEMBL4104366,0,decoy,-3.57659045955847,HTVS
CHEMBL4104500,0,decoy,-3.37324694791621,HTVS
CHEMBL5560324,0,decoy,-6.05167412108171,SP
CHEMBL5560440,0,decoy,-4.55592673657051,HTVS
CHEMBL5561679,0,decoy,-4.71691526845551,HTVS
CHEMBL1978551,0,decoy,-4.53015734140645,HTVS
CHEMBL1765383,0,decoy,-4.6834567080544,HTVS
CHEMBL4104825,0,decoy,-6.2071154217495,SP
CHEMBL4105444,0,decoy,-4.53732350114384,HTVS
CHEMBL4105446,0,decoy,-4.64226748749694,HTVS
CHEMBL4215005,0,decoy,-4.00517603248762,HTVS
CHEMBL4215470,0,decoy,-5.34139642046935,SP
CHEMBL4215474,0,decoy,-7.08781798286575,SP
CHEMBL4215717,0,decoy,-3.40419313157543,HTVS
CHEMBL3654337,0,decoy,-4.25970440124543,HTVS
CHEMBL3654533,0,decoy,-7.04647249200648,SP
CHEMBL3985434,0,decoy,-4.69513980760149,HTVS
CHEMBL3985440,0,decoy,-7.13939496340474,SP
CHEMBL3985664,0,decoy,-7.46585964110761,SP
CHEMBL3985740,0,decoy,-4.96108151002242,SP
CHEMBL3985862,0,decoy,-7.9071186898508,SP
CHEMBL3986165,0,decoy,-6.30853109584707,SP
CHEMBL3986251,0,decoy,-6.56273557265225,SP
CHEMBL3986349,0,decoy,-7.39377041233361,SP
CHEMBL3986667,0,decoy,-7.48152533354822,SP
CHEMBL419849,0,decoy,-7.58887880224238,SP
CHEMBL84564,0,decoy,-6.099456608426,SP
CHEMBL309675,0,decoy,-3.19525573104925,HTVS
CHEMBL82338,0,decoy,-3.73114042418323,HTVS
CHEMBL84955,0,decoy,-4.12892810174085,HTVS
CHEMBL85010,0,decoy,-4.71850565104848,HTVS
CHEMBL5560341,0,decoy,-3.8348508193307,HTVS
CHEMBL5560396,0,decoy,-6.97383409536369,SP
CHEMBL5560489,0,decoy,-4.57320238267817,HTVS
CHEMBL5560680,0,decoy,-3.64216522634648,HTVS
CHEMBL5560932,0,decoy,-4.64434373003728,HTVS
CHEMBL5561132,0,decoy,-7.7744232674942,SP
CHEMBL5561234,0,decoy,-4.38975538231212,HTVS
CHEMBL5561318,0,decoy,-3.6775654507496,HTVS
CHEMBL5561320,0,decoy,-4.33065373378744,HTVS
CHEMBL4540483,0,decoy,-8.07125851666675,SP
CHEMBL4540988,0,decoy,-4.72123827139227,HTVS
CHEMBL4541582,0,decoy,-6.2749794938005,SP
CHEMBL4541637,0,decoy,-7.32697953378103,SP
CHEMBL3718200,0,decoy,-0.397574065760026,HTVS
CHEMBL3718698,0,decoy,0.560345674716455,HTVS
CHEMBL3715842,0,decoy,0.0554241378717126,HTVS
CHEMBL3715757,0,decoy,0.0152500924778884,HTVS
CHEMBL3716594,0,decoy,-7.26134795631922,SP
CHEMBL3353744,0,decoy,-4.4911185496785,HTVS
CHEMBL1978150,0,decoy,-4.58822750832598,HTVS
CHEMBL543624,0,decoy,-4.07330926669684,HTVS
CHEMBL1800371,0,decoy,-3.18407911796364,HTVS
CHEMBL1800967,0,decoy,-4.0640771992902,HTVS
CHEMBL1800974,0,decoy,-1.39457747959586,HTVS
CHEMBL3338448,0,decoy,-4.16525682503202,HTVS
CHEMBL3985853,0,decoy,-4.24846181194107,HTVS
CHEMBL3986030,0,decoy,-5.71804908334819,SP
CHEMBL3986819,0,decoy,-2.76010734198664,HTVS
CHEMBL87798,0,decoy,-4.83687555837621,HTVS
CHEMBL4540433,0,decoy,-3.86848157456273,HTVS
CHEMBL4541718,0,decoy,-2.76968504496657,HTVS
CHEMBL3718366,0,decoy,-4.06159349100698,HTVS
CHEMBL2359756,0,decoy,-2.925239200323,HTVS
CHEMBL1977538,0,decoy,-4.18607016514218,HTVS
CHEMBL1977848,0,decoy,-3.02986607379869,HTVS
CHEMBL1978068,0,decoy,-5.39162937901796,SP
CHEMBL1978273,0,decoy,-3.22413219899675,HTVS
CHEMBL1978571,0,decoy,-1.86987928892554,HTVS
CHEMBL1714795,0,decoy,-6.21451526821023,SP
CHEMBL3353404,0,decoy,-6.58985401295662,SP
CHEMBL3353406,0,decoy,-5.90946770996977,SP
CHEMBL3353409,0,decoy,-4.54426550596564,HTVS
CHEMBL2286338,0,decoy,-4.61814708610107,HTVS
CHEMBL2286490,0,decoy,-2.6533363325948,HTVS
CHEMBL2286492,0,decoy,-3.47266993485008,HTVS
CHEMBL2286494,0,decoy,-2.93401178336739,HTVS
CHEMBL2286497,0,decoy,-4.03674882398111,HTVS
CHEMBL2286501,0,decoy,-4.10478107658925,HTVS
CHEMBL2286505,0,decoy,-3.98477079385325,HTVS
CHEMBL1743963,0,decoy,-3.79220012077738,HTVS
CHEMBL1744188,0,decoy,-4.25920447306973,HTVS
CHEMBL1744243,0,decoy,-3.13828728759699,HTVS
CHEMBL1713693,0,decoy,-5.31643969883237,SP
CHEMBL1714109,0,decoy,-4.21383686244018,HTVS
CHEMBL3608942,0,decoy,-4.61293944887911,HTVS
CHEMBL3608943,0,decoy,-4.37769525103006,HTVS
CHEMBL557336,0,decoy,-4.61445814602848,HTVS
CHEMBL544328,0,decoy,-6.25014607343242,SP
CHEMBL553279,0,decoy,-4.50526514167836,HTVS
CHEMBL543162,0,decoy,-3.67288579956831,HTVS
CHEMBL543876,0,decoy,-5.61310549931882,SP
CHEMBL1714386,0,decoy,-3.94346074940235,HTVS
CHEMBL4105365,0,decoy,-4.78557714695108,HTVS
CHEMBL1800316,0,decoy,-5.88086065983448,SP
CHEMBL4215831,0,decoy,-4.23815301071017,HTVS
CHEMBL4215889,0,decoy,-4.14395402217052,HTVS
CHEMBL3986610,0,decoy,-6.11423981096191,SP
CHEMBL85110,0,decoy,-3.30129628690574,HTVS
CHEMBL418935,0,decoy,-5.36380429077867,SP
CHEMBL85977,0,decoy,-4.03731112537542,HTVS
CHEMBL86028,0,decoy,-4.81723110096434,HTVS
CHEMBL86080,0,decoy,-6.56099311712379,SP
CHEMBL83563,0,decoy,-4.03046581159779,HTVS
CHEMBL87946,0,decoy,-4.26159154857646,HTVS
CHEMBL446669,0,decoy,-6.03705298432993,SP
CHEMBL87332,0,decoy,-5.37815816960912,SP
CHEMBL87961,0,decoy,-4.16264335237678,HTVS
CHEMBL5561081,0,decoy,-6.05433991108522,SP
CHEMBL2359427,0,decoy,-2.7466804638091,HTVS
CHEMBL2359455,0,decoy,-6.89967141385636,SP
CHEMBL1978686,0,decoy,-4.00181365222384,HTVS
CHEMBL1715064,0,decoy,-4.25263380964746,HTVS
CHEMBL1715159,0,decoy,-3.77265578800431,HTVS
CHEMBL1742029,0,decoy,-4.04799218119393,HTVS
CHEMBL1742446,0,decoy,-4.5485280531421,HTVS
CHEMBL1743910,0,decoy,-5.29687662672674,SP
CHEMBL1713333,0,decoy,-6.00772866188499,SP
CHEMBL1713507,0,decoy,-4.55000377542251,HTVS
CHEMBL1713781,0,decoy,-4.53566247750647,HTVS
CHEMBL1713796,0,decoy,-5.50262982613205,SP
CHEMBL1713890,0,decoy,-5.6222674390756,SP
CHEMBL3609192,0,decoy,-4.59569442479404,HTVS
CHEMBL553759,0,decoy,-3.45266815410501,HTVS
CHEMBL4104299,0,decoy,-3.77232108789983,HTVS
CHEMBL4104895,0,decoy,-2.28386884700376,HTVS
CHEMBL4104901,0,decoy,-5.39641780176414,SP
CHEMBL4105003,0,decoy,-5.90136527735982,SP
CHEMBL4105030,0,decoy,-4.83950450777586,HTVS
CHEMBL4105121,0,decoy,-4.62698915515261,HTVS
CHEMBL4105129,0,decoy,-4.24602934689477,HTVS
CHEMBL1798084,0,decoy,-3.0979391886375,HTVS
CHEMBL1800231,0,decoy,-5.97096289459615,SP
CHEMBL1800232,0,decoy,-4.49580570223027,HTVS
CHEMBL1800233,0,decoy,-4.56067048738886,HTVS
CHEMBL1800234,0,decoy,-6.40327790301594,SP
CHEMBL1800236,0,decoy,-3.95161489111799,HTVS
CHEMBL1800239,0,decoy,-4.88232754645081,SP
CHEMBL1800307,0,decoy,-6.10123120914841,SP
CHEMBL1800315,0,decoy,-2.63884388568465,HTVS
CHEMBL1800532,0,decoy,-6.67835524346583,SP
CHEMBL4215445,0,decoy,-5.66883627582443,SP
CHEMBL4541593,0,decoy,-4.23976318371428,HTVS
CHEMBL4541615,0,decoy,-4.40681474401475,HTVS
CHEMBL1978549,0,decoy,-4.39966114788668,HTVS
CHEMBL1978566,0,decoy,-5.52778128486205,SP
CHEMBL1714712,0,decoy,-6.97356300828536,SP
CHEMBL1715036,0,decoy,-4.84104552524016,HTVS
CHEMBL1715147,0,decoy,-4.78913575175971,HTVS
CHEMBL2286631,0,decoy,-5.38241467856236,SP
CHEMBL1742112,0,decoy,-5.53471568652257,SP
CHEMBL1742346,0,decoy,-3.13585459049448,HTVS
CHEMBL1713740,0,decoy,-5.49860803595659,SP
CHEMBL1713839,0,decoy,-4.18153179468362,HTVS
CHEMBL542170,0,decoy,-4.79793442163489,HTVS
CHEMBL543395,0,decoy,-6.14674657256182,SP
CHEMBL1762664,0,decoy,-4.39982472322892,HTVS
CHEMBL1762674,0,decoy,-6.18254940036821,SP
CHEMBL1762794,0,decoy,-4.61164721878229,HTVS
CHEMBL1765763,0,decoy,-5.99513297718817,SP
CHEMBL1765765,0,decoy,-4.91058990782218,HTVS
CHEMBL1765766,0,decoy,-6.49807799813221,SP
CHEMBL1765767,0,decoy,-6.16295695582982,SP
CHEMBL1766069,0,decoy,-4.63584350596548,HTVS
CHEMBL1766070,0,decoy,-5.28198647460499,SP
CHEMBL4104449,0,decoy,-5.40186774137241,SP
CHEMBL4104510,0,decoy,-5.62144623889584,SP
CHEMBL4104601,0,decoy,-5.55580733952767,SP
CHEMBL4104675,0,decoy,-5.50195853711691,SP
CHEMBL4104816,0,decoy,-2.79310727957093,HTVS
CHEMBL4104870,0,decoy,-5.55069435254572,SP
CHEMBL4104889,0,decoy,-5.1206413307851,SP
CHEMBL4104933,0,decoy,-4.47774146205477,SP
CHEMBL4104967,0,decoy,-7.63744389474368,SP
CHEMBL4105033,0,decoy,-4.79413884532865,HTVS
CHEMBL4105084,0,decoy,-4.80787738355068,HTVS
CHEMBL4105103,0,decoy,-3.88142412749698,HTVS
CHEMBL4105124,0,decoy,-5.72052078440121,SP
CHEMBL4105170,0,decoy,-4.91786233540203,HTVS
CHEMBL4105184,0,decoy,-6.50885041157518,SP
CHEMBL4105380,0,decoy,-5.53829027040493,SP
CHEMBL4105443,0,decoy,-5.73932960977453,SP
CHEMBL4105488,0,decoy,-7.62032335139039,SP
CHEMBL1797900,0,decoy,-5.29936647570608,SP
CHEMBL1797901,0,decoy,-5.99767568107428,SP
CHEMBL1797965,0,decoy,-5.56934462054245,SP
CHEMBL1798046,0,decoy,-4.90685099513423,HTVS
CHEMBL1800195,0,decoy,-3.66593393796407,HTVS
CHEMBL1800196,0,decoy,-4.25225246746336,HTVS
CHEMBL1800198,0,decoy,-4.87222925235252,HTVS
CHEMBL4215304,0,decoy,-4.46261300467619,HTVS
CHEMBL3654606,0,decoy,-4.52787329120335,HTVS
CHEMBL3654662,0,decoy,-7.53997595789277,SP
CHEMBL3986244,0,decoy,-4.25097548608404,HTVS
CHEMBL3986663,0,decoy,-6.21992451989453,SP
CHEMBL5561597,0,decoy,-4.018224162082,HTVS
CHEMBL4540980,0,decoy,-4.58531739551202,HTVS
CHEMBL3714953,0,decoy,0.32958918739244,HTVS
CHEMBL2359351,0,decoy,-6.53934787888276,SP
CHEMBL2359472,0,decoy,-3.59924660353424,HTVS
CHEMBL2359617,0,decoy,-4.09034195813152,HTVS
CHEMBL2359831,0,decoy,-6.12689905066044,SP
CHEMBL2359953,0,decoy,-5.15474428531907,SP
CHEMBL1714578,0,decoy,-3.37554168521068,HTVS
CHEMBL1714614,0,decoy,-4.23954370649589,HTVS
CHEMBL1714741,0,decoy,-0.735083783688489,HTVS
CHEMBL1714807,0,decoy,-4.79485941721935,SP
CHEMBL1714958,0,decoy,-4.13286043808393,HTVS
CHEMBL1715098,0,decoy,-3.10816990325663,HTVS
CHEMBL1715343,0,decoy,-3.60821280272789,HTVS
CHEMBL3350871,0,decoy,-3.95676649421437,HTVS
CHEMBL3353188,0,decoy,-8.07989861495857,SP
CHEMBL3353451,0,decoy,-5.3277571328017,SP
CHEMBL3353577,0,decoy,-3.4133458535801,HTVS
CHEMBL3353754,0,decoy,-5.95909649826222,SP
CHEMBL2286335,0,decoy,-2.00375359589663,HTVS
CHEMBL2286337,0,decoy,-3.04352881390871,HTVS
CHEMBL2286617,0,decoy,-5.68390616866223,SP
CHEMBL1743603,0,decoy,-1.66896206927379,HTVS
CHEMBL1744332,0,decoy,-3.01168150703413,HTVS
CHEMBL1713706,0,decoy,-5.83668659651161,SP
CHEMBL1714012,0,decoy,-3.81706085323317,HTVS
CHEMBL1714260,0,decoy,-5.8566263884889,SP
CHEMBL3608533,0,decoy,-4.52564650718458,HTVS
CHEMBL3608609,0,decoy,-0.58260288260873,HTVS
CHEMBL542200,0,decoy,-4.55794924730162,HTVS
CHEMBL544122,0,decoy,-4.80360698950047,HTVS
CHEMBL543424,0,decoy,-4.14142760529965,HTVS
CHEMBL1762550,0,decoy,-6.70374629696491,SP
CHEMBL4104219,0,decoy,-6.96807916817643,SP
CHEMBL4104464,0,decoy,-2.5880523268801,HTVS
CHEMBL4104550,0,decoy,-3.26959423756587,HTVS
CHEMBL4104746,0,decoy,-4.26188384101788,HTVS
CHEMBL4105119,0,decoy,-6.05746180396224,SP
CHEMBL4105221,0,decoy,-5.95238467755058,SP
CHEMBL4105249,0,decoy,-5.3609131871335,SP
CHEMBL4105366,0,decoy,-3.98994561499136,HTVS
CHEMBL4105139,0,decoy,-4.2974409951464,HTVS
CHEMBL4105449,0,decoy,-4.05420032456425,HTVS
CHEMBL4214811,0,decoy,-3.96532672596783,HTVS
CHEMBL4215062,0,decoy,-4.03020501519517,HTVS
CHEMBL4215297,0,decoy,-2.57480875381438,HTVS
CHEMBL4215535,0,decoy,-4.42643431238991,HTVS
CHEMBL4215647,0,decoy,-5.40224231932141,SP
CHEMBL4215772,0,decoy,-3.11077338975528,HTVS
CHEMBL4215915,0,decoy,-6.86905812383693,SP
CHEMBL4216012,0,decoy,1.6335236784742,HTVS
CHEMBL4216021,0,decoy,-4.86942708253998,HTVS
CHEMBL3654296,0,decoy,-4.46138340083856,HTVS
CHEMBL3654316,0,decoy,-4.58892279410304,HTVS
CHEMBL3654481,0,decoy,-7.19811347644987,SP
CHEMBL3654511,0,decoy,-6.20400448014605,SP
CHEMBL3654515,0,decoy,-8.4452528386667,SP
CHEMBL3654538,0,decoy,-7.83865870421049,SP
CHEMBL3654552,0,decoy,-7.15775929513693,SP
CHEMBL3654553,0,decoy,-4.91840748147088,HTVS
CHEMBL3654561,0,decoy,-8.51403200665044,SP
CHEMBL3654570,0,decoy,-8.03284674123121,SP
CHEMBL3654585,0,decoy,-4.65155244108175,HTVS
CHEMBL3654601,0,decoy,-6.508911398409,SP
CHEMBL3654602,0,decoy,-6.37956163990977,SP
CHEMBL3654654,0,decoy,-4.38744136620082,SP
CHEMBL3654664,0,decoy,-6.15223726648993,SP
CHEMBL3654806,0,decoy,-6.97711871957575,SP
CHEMBL3655027,0,decoy,-3.69170644315234,HTVS
CHEMBL3655336,0,decoy,-5.54420652511212,SP
CHEMBL3337993,0,decoy,-3.60874160810391,HTVS
CHEMBL3337994,0,decoy,-4.54209258811847,HTVS
CHEMBL3337995,0,decoy,-3.65935582586109,HTVS
CHEMBL3338129,0,decoy,-3.87857360232165,HTVS
CHEMBL3338219,0,decoy,-4.30550871260118,HTVS
CHEMBL3338594,0,decoy,-3.32477807636676,HTVS
CHEMBL3338799,0,decoy,-5.99805098208333,SP
CHEMBL3338985,0,decoy,-4.43019631952691,HTVS
CHEMBL3338986,0,decoy,-3.9100290622468,HTVS
CHEMBL3985503,0,decoy,-5.991486310304,SP
CHEMBL3985622,0,decoy,-6.81659250503379,SP
CHEMBL3985739,0,decoy,-4.82344365527613,HTVS
CHEMBL3985795,0,decoy,-4.04195197353406,HTVS
CHEMBL3985943,0,decoy,-4.11757625181898,HTVS
CHEMBL3986098,0,decoy,-4.66772829879807,HTVS
CHEMBL3986380,0,decoy,-3.69655781856308,HTVS
CHEMBL3986404,0,decoy,-4.73690437521728,HTVS
CHEMBL3986422,0,decoy,-3.42370259270937,HTVS
CHEMBL3986554,0,decoy,-3.80269755032723,HTVS
CHEMBL2359947,0,decoy,-6.44170901448537,SP
CHEMBL1714771,0,decoy,-4.01487172824078,HTVS
CHEMBL3353535,0,decoy,-3.78038433444698,HTVS
CHEMBL4104827,0,decoy,-4.09242024171409,HTVS
CHEMBL3654371,0,decoy,-2.35126501411486,HTVS
CHEMBL3654381,0,decoy,-6.20728055403668,SP
CHEMBL3654385,0,decoy,-3.96257625292203,HTVS
CHEMBL3654525,0,decoy,-6.09380349316362,SP
CHEMBL3654566,0,decoy,-7.3732855558953,SP
CHEMBL3654617,0,decoy,-4.39801662388347,HTVS
CHEMBL3654650,0,decoy,-6.30202435132699,SP
CHEMBL3985517,0,decoy,-7.1425720535646,SP
CHEMBL3985547,0,decoy,-4.4711053027355,HTVS
CHEMBL3985692,0,decoy,-4.42445523070978,HTVS
CHEMBL3985791,0,decoy,-6.17765787068897,SP
CHEMBL3985969,0,decoy,-3.97413172699164,HTVS
CHEMBL3986034,0,decoy,-4.15777383036698,HTVS
CHEMBL3986040,0,decoy,-7.51732272089091,SP
CHEMBL3986161,0,decoy,-6.00418408136299,SP
CHEMBL3986328,0,decoy,-6.56313699000283,SP
CHEMBL3986461,0,decoy,-6.4465547480946,SP
CHEMBL3986577,0,decoy,-4.2557883655112,HTVS
CHEMBL3986689,0,decoy,-3.33542355232887,HTVS
CHEMBL3986760,0,decoy,-3.56395004191012,HTVS
CHEMBL3986761,0,decoy,-3.34530141351852,HTVS
CHEMBL3986833,0,decoy,-5.97366481081957,SP
CHEMBL3986855,0,decoy,-5.57727744132598,SP
CHEMBL3986870,0,decoy,-3.03244475842054,HTVS
CHEMBL311607,0,decoy,-4.05936221696173,HTVS
CHEMBL313838,0,decoy,-3.44860444552331,HTVS
CHEMBL315372,0,decoy,-3.43524604735174,HTVS
CHEMBL314460,0,decoy,-3.69071324380996,HTVS
CHEMBL314683,0,decoy,-5.38618928089991,SP
CHEMBL313034,0,decoy,-4.31762525765747,HTVS
CHEMBL5560802,0,decoy,-7.11235665983321,SP
CHEMBL5560894,0,decoy,-4.82660741681039,HTVS
CHEMBL5560897,0,decoy,-5.75414909000194,SP
CHEMBL5560942,0,decoy,-4.08326858942549,HTVS
CHEMBL5561021,0,decoy,-4.54075261716814,HTVS
CHEMBL5561093,0,decoy,-6.18754229955812,SP
CHEMBL5561312,0,decoy,-3.79578494587857,HTVS
CHEMBL5561364,0,decoy,-4.89420224205701,HTVS
CHEMBL5561368,0,decoy,-4.51704218577435,HTVS
CHEMBL4540374,0,decoy,-5.35003612860077,SP
CHEMBL4540385,0,decoy,-4.67443108011804,HTVS
CHEMBL4540642,0,decoy,-6.2543177894265,SP
CHEMBL4540890,0,decoy,-5.46274507665696,SP
CHEMBL4541016,0,decoy,-3.20132100078265,HTVS
CHEMBL4541187,0,decoy,-4.24088553838537,HTVS
CHEMBL314781,0,decoy,-4.84195809051675,HTVS
CHEMBL4541120,0,decoy,-7.03140308134163,SP
CHEMBL4104616,0,decoy,-3.90377425203718,HTVS
CHEMBL3654510,0,decoy,-6.07158476072808,SP
CHEMBL3654591,0,decoy,-7.10366904799459,SP
CHEMBL3654623,0,decoy,-6.32515114821222,SP
CHEMBL3985504,0,decoy,-4.16870252562133,HTVS
CHEMBL3985704,0,decoy,-4.82933922057372,SP
CHEMBL3986004,0,decoy,-3.23415076179004,HTVS
CHEMBL3986630,0,decoy,-4.90591603805818,HTVS
CHEMBL85692,0,decoy,-6.31077091951797,SP
CHEMBL87222,0,decoy,-4.83934261553599,HTVS
CHEMBL314264,0,decoy,-4.76595991582291,HTVS
CHEMBL88105,0,decoy,-4.52986086639385,HTVS
CHEMBL5560538,0,decoy,-6.11988352890697,SP
CHEMBL5560784,0,decoy,-4.51743490129807,HTVS
CHEMBL5561552,0,decoy,-4.70538823959937,HTVS
CHEMBL4541421,0,decoy,-3.95102052060639,HTVS
CHEMBL4541444,0,decoy,-6.10032572604588,SP
CHEMBL4541532,0,decoy,-2.53896269082,HTVS
CHEMBL3714857,0,decoy,-2.70612078659817,HTVS
CHEMBL2359077,0,decoy,-3.19929338855733,HTVS
CHEMBL2359104,0,decoy,-4.48316947339345,HTVS
CHEMBL2359150,0,decoy,-5.2731723506018,SP
CHEMBL2359338,0,decoy,-3.88222991292398,HTVS
CHEMBL2359412,0,decoy,-5.56226137677577,SP
CHEMBL2359597,0,decoy,-8.08151391920144,SP
CHEMBL2359635,0,decoy,-5.54113548832382,SP
CHEMBL2359680,0,decoy,-5.9947283987946,SP
CHEMBL2359691,0,decoy,-3.90296734794134,HTVS
CHEMBL2359755,0,decoy,-4.491524720384,HTVS
CHEMBL2359834,0,decoy,-6.54311348261489,SP
CHEMBL2359916,0,decoy,-4.16917355312011,HTVS
CHEMBL1977407,0,decoy,-5.61748180342914,SP
CHEMBL1977634,0,decoy,-5.62316240134254,SP
CHEMBL1978393,0,decoy,-6.202634552199,SP
CHEMBL1714581,0,decoy,-3.91783699117758,HTVS
CHEMBL1714764,0,decoy,-6.45264101208093,SP
CHEMBL1714991,0,decoy,-4.07984347092563,HTVS
CHEMBL1715006,0,decoy,-4.91806344863698,HTVS
CHEMBL1715190,0,decoy,-3.08767704912329,HTVS
CHEMBL1715212,0,decoy,-4.09843809432497,HTVS
CHEMBL1715327,0,decoy,-4.56616527670522,HTVS
CHEMBL1715472,0,decoy,-3.03406829872202,HTVS
CHEMBL3350686,0,decoy,-2.86140319523283,HTVS
CHEMBL3350687,0,decoy,-3.01067812921881,HTVS
CHEMBL3351079,0,decoy,-4.01973208977364,HTVS
CHEMBL3353517,0,decoy,-3.98633608081393,HTVS
CHEMBL3353528,0,decoy,-3.02432811558806,HTVS
CHEMBL3654881,0,decoy,-8.36877210502231,SP
CHEMBL5561492,0,decoy,-6.11072590159461,SP
CHEMBL4540545,0,decoy,-6.23987247836127,SP
CHEMBL4541160,0,decoy,-6.10418926863305,SP
CHEMBL1978228,0,decoy,-4.83673888838221,HTVS
CHEMBL1762764,0,decoy,-4.34160853432599,HTVS
CHEMBL1762767,0,decoy,-4.18622233524398,HTVS
CHEMBL1765555,0,decoy,-4.18065338489492,HTVS
CHEMBL1765658,0,decoy,-3.18642662786703,HTVS
CHEMBL1765736,0,decoy,-4.08637656132197,HTVS
CHEMBL1765737,0,decoy,-7.41772167441513,SP
CHEMBL1765739,0,decoy,-5.86961953937495,SP
CHEMBL1765751,0,decoy,-3.43553110986761,HTVS
CHEMBL1766035,0,decoy,-4.01665726346714,HTVS
CHEMBL4104400,0,decoy,-4.811236842576,SP
CHEMBL4104461,0,decoy,-2.81042952893229,HTVS
CHEMBL4104755,0,decoy,-6.74689499090324,SP
CHEMBL4104859,0,decoy,-4.59627888380705,HTVS
CHEMBL4104907,0,decoy,-4.24177395597438,HTVS
CHEMBL4105297,0,decoy,-4.36878753575575,HTVS
CHEMBL1800635,0,decoy,-5.32112142696972,SP
CHEMBL1800776,0,decoy,-4.5982620325928,HTVS
CHEMBL1801054,0,decoy,-6.24846008646407,SP
CHEMBL1801086,0,decoy,-4.07002124417226,HTVS
CHEMBL1801160,0,decoy,-5.91661984629016,SP
CHEMBL1801161,0,decoy,-6.16025309240033,SP
CHEMBL4214885,0,decoy,-6.65875781486327,SP
CHEMBL4215249,0,decoy,-4.59119012577418,HTVS
CHEMBL4215266,0,decoy,-4.86715834477256,HTVS
CHEMBL4215480,0,decoy,-7.1905141300773,SP
CHEMBL4215639,0,decoy,-5.61553765690608,SP
CHEMBL4215731,0,decoy,-7.47548120534729,SP
CHEMBL4215978,0,decoy,-7.46329087535695,SP
CHEMBL3654360,0,decoy,-4.8965589506165,HTVS
CHEMBL3654377,0,decoy,-3.96069628791508,HTVS
CHEMBL3654416,0,decoy,-2.7912123400569,HTVS
CHEMBL3654466,0,decoy,-5.2119269946666,SP
CHEMBL3654472,0,decoy,-4.70569543631346,HTVS
CHEMBL3654486,0,decoy,-4.6293296157995,HTVS
CHEMBL3654500,0,decoy,-4.45544423008651,HTVS
CHEMBL3654501,0,decoy,-3.90364434954515,HTVS
CHEMBL3654508,0,decoy,-6.8480611766923,SP
CHEMBL3654509,0,decoy,-8.17171597043467,SP
CHEMBL3654514,0,decoy,-7.6798409564554,SP
CHEMBL3654527,0,decoy,-6.00476017628662,SP
CHEMBL3654530,0,decoy,-7.72090825798912,SP
CHEMBL3654531,0,decoy,-6.82929009528174,SP
CHEMBL3654532,0,decoy,-6.60903517276781,SP
CHEMBL4104934,0,decoy,-4.7372119658026,HTVS
CHEMBL1800910,0,decoy,-5.52541016319202,SP
CHEMBL1800914,0,decoy,-6.17451920010266,SP
CHEMBL4214902,0,decoy,-4.71577305047938,HTVS
CHEMBL4215876,0,decoy,-6.17025773684327,SP
CHEMBL3338328,0,decoy,-5.69824577785904,SP
CHEMBL5560635,0,decoy,-4.175675108608,HTVS
CHEMBL2359874,0,decoy,-6.65458477939039,SP
CHEMBL3350952,0,decoy,-4.33878962496139,HTVS
CHEMBL2286482,0,decoy,-6.88360494118728,SP
CHEMBL1742359,0,decoy,-4.38700452458958,HTVS
CHEMBL1743607,0,decoy,-6.55704420005172,SP
CHEMBL3608797,0,decoy,-5.18211357836603,SP
CHEMBL1765251,0,decoy,-5.79262945380421,SP
CHEMBL1765257,0,decoy,-4.37633549918182,HTVS
CHEMBL1765265,0,decoy,-6.36462409586331,SP
CHEMBL1766170,0,decoy,-6.876786255034,SP
CHEMBL1766174,0,decoy,-6.21767478685174,SP
CHEMBL4104201,0,decoy,-4.37319168585297,HTVS
CHEMBL4104204,0,decoy,-7.0913606893326,SP
CHEMBL4104206,0,decoy,-3.55150662129718,HTVS
CHEMBL4104209,0,decoy,-5.77449051198722,SP
CHEMBL4104272,0,decoy,-4.7538302815448,HTVS
CHEMBL4104352,0,decoy,-5.4766287044986,SP
CHEMBL4104364,0,decoy,-4.69831560549236,HTVS
CHEMBL4104438,0,decoy,-5.47964247635025,SP
CHEMBL4104553,0,decoy,-4.869125336456,HTVS
CHEMBL4104557,0,decoy,-6.04167854843579,SP
CHEMBL4104705,0,decoy,-6.1822953782457,SP
CHEMBL4104815,0,decoy,-5.12648199226648,SP
CHEMBL4104822,0,decoy,-4.48045615426197,HTVS
CHEMBL4104952,0,decoy,-5.3043800451795,SP
CHEMBL4105512,0,decoy,-4.81724896688062,HTVS
CHEMBL1797956,0,decoy,-4.73260029745415,HTVS
CHEMBL1800334,0,decoy,-4.88326252398215,HTVS
CHEMBL1800362,0,decoy,-3.22862307981142,HTVS
CHEMBL1800415,0,decoy,-4.30632672450539,HTVS
CHEMBL1800430,0,decoy,-4.6751236944013,HTVS
CHEMBL1800431,0,decoy,-4.83921865817953,HTVS
CHEMBL1800439,0,decoy,-4.84572814924523,HTVS
CHEMBL1800482,0,decoy,-4.48178317678792,SP
CHEMBL1800483,0,decoy,-4.22367409928588,HTVS
CHEMBL1800484,0,decoy,-4.26856679369614,HTVS
CHEMBL1800491,0,decoy,-4.37255812099897,HTVS
CHEMBL1800492,0,decoy,-4.35226453984072,HTVS
CHEMBL1800493,0,decoy,-3.89075185757754,HTVS
CHEMBL1800515,0,decoy,-3.92223948558119,HTVS
CHEMBL1800519,0,decoy,-4.54507852717504,HTVS
CHEMBL1800521,0,decoy,-3.77612675702532,HTVS
CHEMBL1800538,0,decoy,-4.86148866663613,HTVS
CHEMBL3986596,0,decoy,-4.68443914539001,HTVS
CHEMBL1762808,0,decoy,-4.71530330942862,HTVS
CHEMBL1765833,0,decoy,-5.29723354202164,SP
CHEMBL1765839,0,decoy,-3.95657196812233,HTVS
CHEMBL1765851,0,decoy,-6.07741810292715,SP
CHEMBL1765857,0,decoy,-4.90818297995986,HTVS
CHEMBL1766004,0,decoy,-4.42915186414527,HTVS
CHEMBL1766102,0,decoy,-4.90370209334026,HTVS
CHEMBL1766105,0,decoy,-4.75400034727702,HTVS
CHEMBL4104419,0,decoy,-5.81602262777637,SP
CHEMBL4104669,0,decoy,-2.71875160722791,HTVS
CHEMBL4104742,0,decoy,-5.46371942238992,SP
CHEMBL4104863,0,decoy,-4.65689768423406,HTVS
CHEMBL4104989,0,decoy,-4.82300268059938,HTVS
CHEMBL4105010,0,decoy,-6.02191713062128,SP
CHEMBL4105041,0,decoy,-3.0211349908275,HTVS
CHEMBL4105199,0,decoy,-3.87164246150831,HTVS
CHEMBL4105281,0,decoy,-3.38633952395685,HTVS
CHEMBL4105373,0,decoy,-4.90565483930249,HTVS
CHEMBL4105454,0,decoy,-4.62592201283176,HTVS
CHEMBL1798087,0,decoy,-2.80692424349366,HTVS
CHEMBL1798092,0,decoy,-2.96911992845967,HTVS
CHEMBL1800557,0,decoy,-4.95613193710552,SP
CHEMBL1800558,0,decoy,-3.61720730853445,HTVS
CHEMBL1800827,0,decoy,-6.22657840086858,SP
CHEMBL1800998,0,decoy,-3.9389567042726,HTVS
CHEMBL4214791,0,decoy,-4.35804938562168,SP
CHEMBL4214801,0,decoy,-5.91099220194145,SP
CHEMBL4215031,0,decoy,-5.59126453727109,SP
CHEMBL4215135,0,decoy,-4.78383918563786,HTVS
CHEMBL4215143,0,decoy,-3.37015924564889,HTVS
CHEMBL4215374,0,decoy,-6.04673980547464,SP
CHEMBL4215434,0,decoy,-3.6993857622954,HTVS
CHEMBL4215600,0,decoy,-3.60054497868559,HTVS
CHEMBL4215724,0,decoy,-5.5830920087359,SP
CHEMBL4215725,0,decoy,-4.41889749424582,SP
CHEMBL4215762,0,decoy,-4.40430529607239,HTVS
CHEMBL4215780,0,decoy,-4.42385266861623,HTVS
CHEMBL4215985,0,decoy,-3.72045340700838,HTVS
CHEMBL3654441,0,decoy,-4.65198810469027,HTVS
CHEMBL3654442,0,decoy,-6.35368494316767,SP
CHEMBL3654469,0,decoy,-4.49982852061923,HTVS
CHEMBL3654470,0,decoy,-4.15924191198439,HTVS
CHEMBL3654478,0,decoy,-7.61846030697952,SP
CHEMBL3654571,0,decoy,-7.69921701823461,SP
CHEMBL3654572,0,decoy,-7.38852152248385,SP
CHEMBL3655148,0,decoy,-4.8488785058977,HTVS
CHEMBL3655223,0,decoy,-6.33386907158594,SP
CHEMBL3655227,0,decoy,-6.43175841365215,SP
CHEMBL4104293,0,decoy,-4.37128351735849,HTVS
CHEMBL4104505,0,decoy,-3.92829020186762,HTVS
CHEMBL4104634,0,decoy,-4.05943027283545,HTVS
CHEMBL4104706,0,decoy,-5.122808782643,SP
CHEMBL4105002,0,decoy,-5.91515790846733,SP
CHEMBL4105004,0,decoy,-6.64982837211335,SP
CHEMBL4105015,0,decoy,-3.87769296799349,HTVS
CHEMBL1797806,0,decoy,-4.52852162389849,HTVS
CHEMBL4216017,0,decoy,-6.33089766419353,SP
CHEMBL4216034,0,decoy,-4.84148449278772,HTVS
CHEMBL3654710,0,decoy,-7.26144563156597,SP
CHEMBL3654723,0,decoy,-7.58085123268475,SP
CHEMBL3654739,0,decoy,-7.48339695088771,SP
CHEMBL3654844,0,decoy,-6.82363955335845,SP
CHEMBL3654845,0,decoy,-7.36370401708897,SP
CHEMBL3654850,0,decoy,-5.9975537567881,SP
CHEMBL3654852,0,decoy,-7.34284847705312,SP
CHEMBL3654856,0,decoy,-7.59422882014437,SP
CHEMBL3654858,0,decoy,-7.12977435186418,SP
CHEMBL3654859,0,decoy,-6.71077646941871,SP
CHEMBL3654860,0,decoy,-7.37433970357514,SP
CHEMBL3654869,0,decoy,-7.21713115432917,SP
CHEMBL3654872,0,decoy,-8.18038004250555,SP
CHEMBL3654879,0,decoy,-7.53179268224998,SP
CHEMBL3654880,0,decoy,-8.25741392593908,SP
CHEMBL3654884,0,decoy,-8.18099187311942,SP
CHEMBL3654887,0,decoy,-7.17097582735599,SP
CHEMBL3655239,0,decoy,-5.53765724481877,SP
CHEMBL3655244,0,decoy,-6.58565032066263,SP
CHEMBL3655278,0,decoy,-5.73022961457808,SP
CHEMBL3655295,0,decoy,-4.90720150798112,HTVS
CHEMBL3338007,0,decoy,-3.75974213844662,HTVS
CHEMBL3338020,0,decoy,-4.67213979497803,HTVS
CHEMBL3338021,0,decoy,-5.26345662044134,SP
CHEMBL3338023,0,decoy,-4.1686817652742,HTVS
CHEMBL3338396,0,decoy,-4.84086004941223,HTVS
CHEMBL3339040,0,decoy,-5.62500224652451,SP
CHEMBL3985762,0,decoy,-6.17595226862525,SP
CHEMBL5561384,0,decoy,-4.86597652981124,HTVS
CHEMBL5561392,0,decoy,-6.52717996393765,SP
CHEMBL4540626,0,decoy,-6.20996310414004,SP
CHEMBL4540791,0,decoy,-5.614831865172,SP
CHEMBL4541443,0,decoy,-4.61023939497599,HTVS
CHEMBL3718856,0,decoy,0.235796067553244,HTVS
CHEMBL3716584,0,decoy,0.0363795918362486,HTVS
CHEMBL3715369,0,decoy,-0.56138529822706,HTVS
CHEMBL3718337,0,decoy,-1.87896717936856,HTVS
CHEMBL3718844,0,decoy,-0.391622558190492,HTVS
CHEMBL3718052,0,decoy,-4.3999208162755,HTVS
CHEMBL3715393,0,decoy,-5.42285270856291,SP
CHEMBL3715188,0,decoy,-4.79432841425603,HTVS
CHEMBL3715352,0,decoy,-5.65899407224177,SP
CHEMBL2359362,0,decoy,-2.94827263823763,HTVS
CHEMBL1765366,0,decoy,-4.35614998948929,HTVS
CHEMBL4214756,0,decoy,-5.5047047819982,SP
CHEMBL4215084,0,decoy,-3.04554243742459,HTVS
CHEMBL4215888,0,decoy,-5.7597121921195,SP
CHEMBL4215957,0,decoy,-4.40745201106211,HTVS
CHEMBL3654384,0,decoy,-4.58738224649203,HTVS
CHEMBL3654387,0,decoy,-4.44790378205288,HTVS
CHEMBL3654528,0,decoy,-6.91991651447126,SP
CHEMBL3654588,0,decoy,-6.92270398744574,SP
CHEMBL3654652,0,decoy,-4.69827655808165,HTVS
CHEMBL3986792,0,decoy,-5.8686226253102,SP
CHEMBL5560344,0,decoy,-6.12017687547997,SP
CHEMBL5560353,0,decoy,-3.46362626367995,HTVS
CHEMBL5560376,0,decoy,-6.12454375630802,SP
CHEMBL5561403,0,decoy,-5.77297654120759,SP
CHEMBL5561410,0,decoy,-4.82984854677768,HTVS
CHEMBL5561554,0,decoy,-4.89057535655361,HTVS
CHEMBL5561574,0,decoy,-4.56860364385405,HTVS
CHEMBL5561605,0,decoy,-5.5078242177859,SP
CHEMBL5561695,0,decoy,-4.90090871740273,HTVS
CHEMBL4540794,0,decoy,-4.82783276872206,HTVS
CHEMBL3715512,0,decoy,-1.51978348206857,HTVS
CHEMBL3716740,0,decoy,-0.224111212438163,HTVS
CHEMBL3717836,0,decoy,0.897620430784935,HTVS
CHEMBL3715087,0,decoy,-6.51664405207606,SP
CHEMBL3717270,0,decoy,-4.83251109665842,HTVS
CHEMBL3716683,0,decoy,-5.84600063201367,SP
CHEMBL3715152,0,decoy,-5.56051264100559,SP
CHEMBL3716577,0,decoy,-5.51349067280614,SP
CHEMBL3719149,0,decoy,-6.46511766499022,SP
CHEMBL3718314,0,decoy,-4.21767338424249,HTVS
CHEMBL3716409,0,decoy,-4.10108340758347,HTVS
CHEMBL3715787,0,decoy,-4.10209421351557,HTVS
CHEMBL3719027,0,decoy,-5.99673106000678,SP
CHEMBL3717357,0,decoy,-5.87583330355785,SP
CHEMBL2358946,0,decoy,-3.8881540729756,HTVS
CHEMBL2359003,0,decoy,-4.40911064658866,HTVS
CHEMBL2359102,0,decoy,-3.00948852929248,HTVS
CHEMBL2359105,0,decoy,-4.80879974878906,HTVS
CHEMBL2359149,0,decoy,-3.14062668532017,HTVS
CHEMBL2359156,0,decoy,-4.10582415049266,HTVS
CHEMBL2359185,0,decoy,-3.26583912656016,HTVS
CHEMBL2359303,0,decoy,-3.66969548084008,HTVS
CHEMBL1715210,0,decoy,-3.61561213225529,HTVS
CHEMBL1762722,0,decoy,-4.47393770284827,HTVS
CHEMBL1765306,0,decoy,-4.12118454819142,HTVS
CHEMBL1765374,0,decoy,-4.32892784095556,HTVS
CHEMBL1765732,0,decoy,-6.6574601488389,SP
CHEMBL1765733,0,decoy,-6.09694258846227,SP
CHEMBL1765734,0,decoy,-4.88538030429235,HTVS
CHEMBL1765735,0,decoy,-4.89153974883412,HTVS
CHEMBL1765745,0,decoy,-4.82338192958146,HTVS
CHEMBL1766087,0,decoy,-4.70491505687198,HTVS
CHEMBL4105061,0,decoy,-3.81224237640175,HTVS
CHEMBL4105185,0,decoy,-5.85360228921204,SP
CHEMBL1800453,0,decoy,-4.46325395308612,HTVS
CHEMBL1801048,0,decoy,-4.10967294069026,HTVS
CHEMBL4215039,0,decoy,-6.77843957075734,SP
CHEMBL4215096,0,decoy,-5.81294258206205,SP
CHEMBL4215444,0,decoy,-3.85471458901794,HTVS
CHEMBL4215502,0,decoy,-3.58138490483123,HTVS
CHEMBL4215914,0,decoy,-6.52161937748473,SP
CHEMBL3654417,0,decoy,-4.43434697270986,HTVS
CHEMBL3654562,0,decoy,-6.35021818187253,SP
CHEMBL3654668,0,decoy,-7.56166628927478,SP
CHEMBL3654694,0,decoy,-6.65864611273701,SP
CHEMBL3654698,0,decoy,-7.30346147050043,SP
CHEMBL3654700,0,decoy,-7.03244045247946,SP
CHEMBL3654702,0,decoy,-7.22531307385647,SP
CHEMBL3654711,0,decoy,-7.24371380328712,SP
CHEMBL3654722,0,decoy,-7.6543956023738,SP
CHEMBL3654742,0,decoy,-7.08206404897886,SP
CHEMBL3654751,0,decoy,-7.8673539924732,SP
CHEMBL3654754,0,decoy,-7.38728733555417,SP
CHEMBL3654755,0,decoy,-8.10660677110177,SP
CHEMBL3654766,0,decoy,-6.90921764416326,SP
CHEMBL3654800,0,decoy,-6.30343731792385,SP
CHEMBL3654804,0,decoy,-7.07913720552341,SP
CHEMBL3654805,0,decoy,-7.06884591054371,SP
CHEMBL3654808,0,decoy,-6.43435874595514,SP
CHEMBL3654809,0,decoy,-7.87744677809028,SP
CHEMBL3654810,0,decoy,-6.78648997127979,SP
CHEMBL3654819,0,decoy,-6.92065390638106,SP
CHEMBL3654821,0,decoy,-6.825628873068,SP
CHEMBL3654822,0,decoy,-7.62499794590077,SP
CHEMBL3654825,0,decoy,-6.95293586740088,SP
CHEMBL3654836,0,decoy,-6.48754911193582,SP
CHEMBL3654837,0,decoy,-5.9535183899177,SP
CHEMBL3654853,0,decoy,-7.01838021542681,SP
CHEMBL3639537,0,decoy,-7.34436792796138,SP
CHEMBL3654857,0,decoy,-7.35025751073105,SP
CHEMBL3654861,0,decoy,-7.01889237718016,SP
CHEMBL3654862,0,decoy,-7.07692200126921,SP
CHEMBL4104831,0,decoy,-4.80951174335969,HTVS
CHEMBL1800679,0,decoy,-5.53384491895684,SP
CHEMBL4215144,0,decoy,-4.85900276211335,HTVS
CHEMBL4215211,0,decoy,-4.92971774162271,SP
CHEMBL4215627,0,decoy,-4.13186513765112,HTVS
CHEMBL4215788,0,decoy,-4.47626189716143,HTVS
CHEMBL3985956,0,decoy,-5.97938524399523,SP
CHEMBL3986105,0,decoy,-5.92926922870635,SP
CHEMBL315853,0,decoy,-6.32418188468173,SP
CHEMBL87712,0,decoy,-5.7998424750741,SP
CHEMBL5561359,0,decoy,-5.60712948973259,SP
CHEMBL4540576,0,decoy,-4.56833113045844,HTVS
CHEMBL4540803,0,decoy,-4.45586627253024,HTVS
CHEMBL3715989,0,decoy,-5.2451076858046,SP
CHEMBL3716423,0,decoy,-5.640785884379,SP
CHEMBL3717367,0,decoy,-5.72484873423849,SP
CHEMBL3715996,0,decoy,-5.57149625123705,SP
CHEMBL3717309,0,decoy,-4.77164090534212,HTVS
CHEMBL2358971,0,decoy,-4.20547821845505,HTVS
CHEMBL2358975,0,decoy,-4.71613700950843,HTVS
CHEMBL2360024,0,decoy,-5.51924949245497,SP
CHEMBL1977480,0,decoy,-4.03739807566988,HTVS
CHEMBL1977704,0,decoy,-5.23203002149965,SP
CHEMBL1977749,0,decoy,-3.99672576459028,HTVS
CHEMBL1978605,0,decoy,-4.81098697188072,SP
CHEMBL1714478,0,decoy,-5.40166655136474,SP
CHEMBL1714487,0,decoy,-4.61550527105501,HTVS
CHEMBL1714672,0,decoy,-4.70140865751227,HTVS
CHEMBL3353690,0,decoy,-4.35601062391123,HTVS
CHEMBL2286453,0,decoy,-5.17668824781614,SP
CHEMBL2286456,0,decoy,-4.93871895884835,SP
CHEMBL2286801,0,decoy,-4.89020054620837,SP
CHEMBL2286802,0,decoy,-5.43001569689835,SP
CHEMBL2286805,0,decoy,-4.90919550930496,HTVS
CHEMBL2286816,0,decoy,-5.62818219978212,SP
CHEMBL2286909,0,decoy,-4.85070050788429,HTVS
CHEMBL1743743,0,decoy,-7.21090971317785,SP
CHEMBL1713332,0,decoy,-4.08557177565375,HTVS
CHEMBL1713337,0,decoy,-4.53934854657269,HTVS
CHEMBL1713425,0,decoy,-4.54866678758571,HTVS
CHEMBL1713782,0,decoy,-4.69235449798574,HTVS
CHEMBL3608512,0,decoy,-5.53423005936337,SP
CHEMBL3608516,0,decoy,-6.1050187742648,SP
CHEMBL3609531,0,decoy,-4.67791605311637,HTVS
CHEMBL3608323,0,decoy,-5.61323950921137,SP
CHEMBL3609741,0,decoy,-5.98587298986356,SP
CHEMBL3609742,0,decoy,-5.98587298986356,SP
CHEMBL1762553,0,decoy,-6.30352897915777,SP
CHEMBL1762554,0,decoy,-6.011124977806,SP
CHEMBL1762766,0,decoy,-3.79482329763983,HTVS
CHEMBL2359634,0,decoy,-6.88565089606564,SP
CHEMBL1762768,0,decoy,-4.73697883738241,HTVS
CHEMBL1762769,0,decoy,-4.52039759032915,HTVS
CHEMBL1762772,0,decoy,-5.68062020240607,SP
CHEMBL1765316,0,decoy,-4.28251877213388,HTVS
CHEMBL1765741,0,decoy,-5.50728810182331,SP
CHEMBL1765749,0,decoy,-3.38211664693773,HTVS
CHEMBL1765750,0,decoy,-4.07555500468428,HTVS
CHEMBL3654235,0,decoy,-2.65550849111801,HTVS
CHEMBL3654415,0,decoy,-4.81070956199616,HTVS
CHEMBL3654807,0,decoy,-6.98000605514556,SP
CHEMBL3654910,0,decoy,-4.16869051220988,HTVS
CHEMBL3654912,0,decoy,-4.25657586135823,HTVS
CHEMBL3654914,0,decoy,-3.77125104393497,HTVS
CHEMBL3654923,0,decoy,-4.23876334369051,HTVS
CHEMBL3654935,0,decoy,-3.65796373622602,HTVS
CHEMBL3338005,0,decoy,-5.52396502631144,SP
CHEMBL3985391,0,decoy,-5.95981856719998,SP
CHEMBL3985406,0,decoy,-6.70628254434979,SP
CHEMBL3985561,0,decoy,-5.25934527451018,SP
CHEMBL3985948,0,decoy,-6.61246658448847,SP
CHEMBL3985982,0,decoy,-6.13204291179791,SP
CHEMBL3986015,0,decoy,-6.34872709367427,SP
CHEMBL3986237,0,decoy,-6.35500139070677,SP
CHEMBL3986242,0,decoy,-5.64797808019132,SP
CHEMBL3986395,0,decoy,-6.1646471411536,SP
CHEMBL3986677,0,decoy,-6.14557967235201,SP
CHEMBL313587,0,decoy,-4.81786827146204,HTVS
CHEMBL85938,0,decoy,-4.34842295970915,HTVS
CHEMBL86026,0,decoy,-4.26236252357559,HTVS
CHEMBL5560688,0,decoy,-3.95366584443252,HTVS
CHEMBL5560960,0,decoy,-6.64091487416573,SP
CHEMBL5561008,0,decoy,-4.910239871254,HTVS
CHEMBL4540452,0,decoy,-4.5097710078275,HTVS
CHEMBL4540691,0,decoy,-5.79849866698237,SP
CHEMBL4540938,0,decoy,-6.19850753160614,SP
CHEMBL4541184,0,decoy,-4.54161967188328,HTVS
CHEMBL4541235,0,decoy,-5.647985393093,SP
CHEMBL4541330,0,decoy,-3.35095894915944,HTVS
CHEMBL4541510,0,decoy,-3.34836058361876,HTVS
CHEMBL3717031,0,decoy,-0.874207504595844,HTVS
CHEMBL3719338,0,decoy,-1.29577591436707,HTVS
CHEMBL3718524,0,decoy,-6.44961141935906,SP
CHEMBL3717382,0,decoy,-6.96047192118316,SP
CHEMBL3719200,0,decoy,-4.86725040886832,HTVS
CHEMBL2359880,0,decoy,-1.9495795064935,HTVS
CHEMBL1977618,0,decoy,-3.99470249585155,HTVS
CHEMBL3714996,0,decoy,-4.25821426089326,HTVS
CHEMBL3716664,0,decoy,-6.29850023097618,SP
CHEMBL3715116,0,decoy,-4.8286799349483,HTVS
CHEMBL3717220,0,decoy,-4.61921152005999,HTVS
CHEMBL3718320,0,decoy,-4.40168088991538,HTVS
CHEMBL3717486,0,decoy,-4.01635160448398,HTVS
CHEMBL3716332,0,decoy,-5.91719020453742,SP
CHEMBL3716837,0,decoy,-3.08900869791935,HTVS
CHEMBL3719264,0,decoy,-4.58870444637481,HTVS
CHEMBL3715154,0,decoy,-4.29592062763394,HTVS
CHEMBL3716819,0,decoy,-4.81300233275725,SP
CHEMBL3717982,0,decoy,-4.36921615401989,HTVS
CHEMBL3719053,0,decoy,-5.74802200432427,SP
CHEMBL3718420,0,decoy,-4.55171600400132,HTVS
CHEMBL2359955,0,decoy,-5.69086423160212,SP
CHEMBL1977350,0,decoy,-4.67985533538613,HTVS
CHEMBL1977467,0,decoy,-7.13318346216932,SP
CHEMBL1978258,0,decoy,-1.23183969436163,HTVS
CHEMBL1978296,0,decoy,-3.03313351246597,HTVS
CHEMBL1978721,0,decoy,-6.27349366423957,SP
CHEMBL1714785,0,decoy,-5.95858045897157,SP
CHEMBL1714902,0,decoy,-4.26485176484325,HTVS
CHEMBL3353132,0,decoy,-5.90964659306305,SP
CHEMBL3353516,0,decoy,-4.71545869791792,HTVS
CHEMBL3353533,0,decoy,-3.56317130611971,HTVS
CHEMBL3353561,0,decoy,-7.12988966920582,SP
CHEMBL3353562,0,decoy,-7.14775793747483,SP
CHEMBL2286488,0,decoy,-3.07207946333033,HTVS
CHEMBL1743636,0,decoy,-3.98906259434821,HTVS
CHEMBL1743836,0,decoy,-4.08025463098978,HTVS
CHEMBL1713885,0,decoy,-4.57201187413346,HTVS
CHEMBL1714344,0,decoy,-6.66512497323526,SP
CHEMBL3608309,0,decoy,-4.76924652858091,HTVS
CHEMBL3609418,0,decoy,-2.05128065629136,HTVS
CHEMBL3609513,0,decoy,-5.91608636114541,SP
CHEMBL3609664,0,decoy,-2.30853148887301,HTVS
CHEMBL3609745,0,decoy,-4.43369355059343,HTVS
CHEMBL3609746,0,decoy,-4.7383605421485,HTVS
CHEMBL555304,0,decoy,-5.54171263816981,SP
CHEMBL1762578,0,decoy,-5.487694044356,SP
CHEMBL1762579,0,decoy,-4.49553433102423,HTVS
CHEMBL1762580,0,decoy,-5.34206383139225,SP
CHEMBL1762765,0,decoy,-4.41954053796415,HTVS
CHEMBL1762810,0,decoy,-4.38170067433998,HTVS
CHEMBL1762817,0,decoy,-3.95860260710177,HTVS
CHEMBL1765181,0,decoy,-4.29047076846024,HTVS
CHEMBL1765182,0,decoy,-4.14526392289594,HTVS
CHEMBL1765334,0,decoy,-4.30501465851821,HTVS
CHEMBL1765538,0,decoy,-4.40016522316133,HTVS
CHEMBL1765539,0,decoy,-4.71423049283407,HTVS
CHEMBL4104330,0,decoy,-3.46085657136198,HTVS
CHEMBL4105018,0,decoy,-3.34758961194932,HTVS
CHEMBL4105470,0,decoy,-6.49914164108715,SP
CHEMBL1801006,0,decoy,-3.64552309970019,HTVS
CHEMBL3338720,0,decoy,-4.79480009339703,HTVS
CHEMBL3339112,0,decoy,-4.31322067297517,HTVS
CHEMBL3339143,0,decoy,-3.88592382122471,HTVS
CHEMBL313173,0,decoy,-4.8110784558704,HTVS
CHEMBL5560327,0,decoy,-4.64279243048934,SP
CHEMBL1714583,0,decoy,-3.41329550774647,HTVS
CHEMBL2286990,0,decoy,-3.8741561021081,HTVS
CHEMBL2286991,0,decoy,-4.47379640330485,HTVS
CHEMBL2286992,0,decoy,-4.69577988352649,HTVS
CHEMBL1713429,0,decoy,-4.92429143415684,HTVS
CHEMBL1762833,0,decoy,-5.18560068558323,SP
CHEMBL1765165,0,decoy,-3.82755626336077,HTVS
CHEMBL1765166,0,decoy,-4.28281445063693,HTVS
CHEMBL1765167,0,decoy,-3.22491844222852,HTVS
CHEMBL1765168,0,decoy,-4.30476323901733,HTVS
CHEMBL1765169,0,decoy,-4.6982395089934,HTVS
CHEMBL1765170,0,decoy,-4.70039761731543,HTVS
CHEMBL1765171,0,decoy,-4.33909896185891,HTVS
CHEMBL1765172,0,decoy,-6.00010972076503,SP
CHEMBL1765173,0,decoy,-4.16895968197425,HTVS
CHEMBL1765174,0,decoy,-4.02441163816018,HTVS
CHEMBL1765175,0,decoy,-3.71978539000033,HTVS
CHEMBL1765353,0,decoy,-2.99732200050395,HTVS
CHEMBL1765354,0,decoy,-4.10571066667761,HTVS
CHEMBL1765355,0,decoy,-3.49395825119511,HTVS
CHEMBL1765417,0,decoy,-3.77167075025614,HTVS
CHEMBL1765519,0,decoy,-4.55582435324318,SP
CHEMBL1765520,0,decoy,-4.4686724119697,SP
CHEMBL1765553,0,decoy,-5.32671876400545,SP
CHEMBL1765715,0,decoy,-7.02064883470347,SP
CHEMBL1765827,0,decoy,-5.95887253593875,SP
CHEMBL1765845,0,decoy,-4.89238860465597,HTVS
CHEMBL1766003,0,decoy,-4.96293955455442,SP
CHEMBL1766005,0,decoy,-4.50209029975199,HTVS
CHEMBL1766026,0,decoy,-4.56409881999894,HTVS
CHEMBL1766027,0,decoy,-4.46802993617926,HTVS
CHEMBL1766028,0,decoy,-3.81905747371548,HTVS
CHEMBL1766033,0,decoy,-4.0054679454726,HTVS
CHEMBL1766034,0,decoy,-4.77598573224957,HTVS
CHEMBL1766040,0,decoy,-4.75983605378928,HTVS
CHEMBL1766042,0,decoy,-3.46666650329486,HTVS
CHEMBL1766043,0,decoy,-4.38168856996131,HTVS
CHEMBL1766044,0,decoy,-4.34846793628488,HTVS
CHEMBL1766049,0,decoy,-4.54373475519767,HTVS
CHEMBL1766051,0,decoy,-4.36931267510624,HTVS
CHEMBL1762564,0,decoy,-4.21069448870241,HTVS
CHEMBL1762828,0,decoy,-5.24865909488875,SP
CHEMBL1762829,0,decoy,-5.55029475321426,SP
CHEMBL1762830,0,decoy,-5.20240852134311,SP
CHEMBL1765521,0,decoy,-4.41590591208734,HTVS
CHEMBL1765707,0,decoy,-6.6898762987955,SP
CHEMBL4104202,0,decoy,-5.90518832879792,SP
CHEMBL4104441,0,decoy,-4.32347138872194,HTVS
CHEMBL4104525,0,decoy,-6.34309948795267,SP
CHEMBL4104754,0,decoy,-5.87857585452276,SP
CHEMBL4104783,0,decoy,-5.41808271767779,SP
CHEMBL4104792,0,decoy,-4.5585979528817,HTVS
CHEMBL4105122,0,decoy,-4.60712666849134,HTVS
CHEMBL4105523,0,decoy,-3.16513755829352,HTVS
CHEMBL1800079,0,decoy,-6.17195335062354,SP
CHEMBL1800438,0,decoy,-4.7421493080394,HTVS
CHEMBL1800690,0,decoy,-6.33393540365554,SP
CHEMBL4214805,0,decoy,-6.22135955292635,SP
CHEMBL4215082,0,decoy,-6.21810299174872,SP
CHEMBL4215167,0,decoy,-4.91329071582579,HTVS
CHEMBL4215446,0,decoy,-3.72902820650805,HTVS
CHEMBL4216011,0,decoy,-6.3134268073794,SP
CHEMBL3654727,0,decoy,-7.74409002869837,SP
CHEMBL3655069,0,decoy,-3.97301901482108,HTVS
CHEMBL3338084,0,decoy,-4.0609940907613,HTVS
CHEMBL3338290,0,decoy,-4.707072597638,HTVS
CHEMBL3338331,0,decoy,-5.31503429709189,SP
CHEMBL3338435,0,decoy,-4.57762038874456,HTVS
CHEMBL3338593,0,decoy,-2.62707909028299,HTVS
CHEMBL3338815,0,decoy,-3.21451756554468,HTVS
CHEMBL3339106,0,decoy,-3.93359906372952,HTVS
CHEMBL3339107,0,decoy,-4.22727184793466,HTVS
CHEMBL3339111,0,decoy,-5.05624635859347,SP
CHEMBL3339135,0,decoy,-6.3519565660644,SP
CHEMBL3339140,0,decoy,-3.95669726187677,HTVS
CHEMBL3985400,0,decoy,-4.14402045805654,HTVS
CHEMBL3985793,0,decoy,-6.81601718788918,SP
CHEMBL3986018,0,decoy,-4.37478948165395,HTVS
CHEMBL3986372,0,decoy,-5.64084029311164,SP
CHEMBL3986373,0,decoy,-6.20434252794048,SP
CHEMBL3986713,0,decoy,-6.86933428350158,SP
CHEMBL3986744,0,decoy,-3.8943302886107,HTVS
CHEMBL3986869,0,decoy,-6.01573740270082,SP
CHEMBL84917,0,decoy,-4.76655570930864,HTVS
CHEMBL84659,0,decoy,-5.89504624704783,SP
CHEMBL85393,0,decoy,-3.79703155961462,HTVS
CHEMBL315532,0,decoy,-4.91715630561473,HTVS
CHEMBL4541737,0,decoy,-3.96042602628637,HTVS
CHEMBL3715794,0,decoy,0.117737864609513,HTVS
CHEMBL3715776,0,decoy,-4.7987125765077,HTVS
CHEMBL3719347,0,decoy,-4.38321978005337,HTVS
CHEMBL2359106,0,decoy,-5.36074419216299,SP
CHEMBL2359332,0,decoy,-3.69108937486164,HTVS
CHEMBL3350850,0,decoy,-3.65780135811052,HTVS
CHEMBL3350858,0,decoy,-3.68209667292419,HTVS
CHEMBL3350859,0,decoy,-6.63916009822101,SP
CHEMBL3353224,0,decoy,-2.57268063338989,HTVS
CHEMBL3353341,0,decoy,-4.19484695760353,HTVS
CHEMBL1743633,0,decoy,-5.62816167699036,SP
CHEMBL1713545,0,decoy,-4.00350760779979,HTVS
CHEMBL3608519,0,decoy,-3.74188092476804,HTVS
CHEMBL3608520,0,decoy,-3.06023208235829,HTVS
CHEMBL4104538,0,decoy,-5.86066562083587,SP
CHEMBL4104670,0,decoy,-4.3940486651496,HTVS
CHEMBL1798080,0,decoy,-3.58709607560031,HTVS
CHEMBL1798081,0,decoy,-3.16693073214665,HTVS
CHEMBL1800350,0,decoy,-5.76504607446857,SP
CHEMBL1800354,0,decoy,-6.29882857996135,SP
CHEMBL1800792,0,decoy,-6.00210341627216,SP
CHEMBL4214894,0,decoy,-3.93356353783196,HTVS
CHEMBL4215029,0,decoy,-3.33540345412965,HTVS
CHEMBL4215155,0,decoy,-3.90806771633368,HTVS
CHEMBL4215248,0,decoy,-6.84447846528906,SP
CHEMBL4215354,0,decoy,-3.78637401071355,HTVS
CHEMBL4215566,0,decoy,-4.46939811304883,SP
CHEMBL4216022,0,decoy,-4.3862687065578,HTVS
CHEMBL4216043,0,decoy,-5.59922664615214,SP
CHEMBL3654365,0,decoy,-4.58561174418608,SP
CHEMBL3654367,0,decoy,-4.03153194402468,HTVS
CHEMBL3654504,0,decoy,-4.58944380736822,HTVS
CHEMBL3654516,0,decoy,-7.69481559254332,SP
CHEMBL3654550,0,decoy,-6.30557049081623,SP
CHEMBL3654554,0,decoy,-6.07363184829834,SP
CHEMBL3654565,0,decoy,-6.1013492919486,SP
CHEMBL3654567,0,decoy,-4.11363130187118,HTVS
CHEMBL3654655,0,decoy,-4.09002896038497,HTVS
CHEMBL3654737,0,decoy,-7.27932923695217,SP
CHEMBL3655256,0,decoy,-7.05864810865795,SP
CHEMBL3338136,0,decoy,-4.69807620886319,HTVS
CHEMBL3338177,0,decoy,-4.91784367658517,HTVS
CHEMBL3338189,0,decoy,-4.54809066412561,SP
CHEMBL3338190,0,decoy,-4.10805038206109,HTVS
CHEMBL3338191,0,decoy,-4.64336260672972,HTVS
CHEMBL3338218,0,decoy,-4.30550871260118,HTVS
CHEMBL3338388,0,decoy,-3.29558423607506,HTVS
CHEMBL3718742,0,decoy,-4.1325768807057,HTVS
CHEMBL3716747,0,decoy,-4.39684175535417,HTVS
CHEMBL4104701,0,decoy,-5.67263509803705,SP
CHEMBL4105013,0,decoy,-4.28727400100404,SP
CHEMBL1798041,0,decoy,-3.29821646100049,HTVS
CHEMBL1798044,0,decoy,-6.51276949217634,SP
CHEMBL1800416,0,decoy,-4.68301054320433,HTVS
CHEMBL1800417,0,decoy,-4.63489600405506,HTVS
CHEMBL1800418,0,decoy,-4.64309575900394,HTVS
CHEMBL1800476,0,decoy,-4.17443595405359,HTVS
CHEMBL1800477,0,decoy,-4.2194034981194,HTVS
CHEMBL1800481,0,decoy,-4.09663224286471,HTVS
CHEMBL1800494,0,decoy,-3.80473526320389,HTVS
CHEMBL1800495,0,decoy,-3.71992780060141,HTVS
CHEMBL1800496,0,decoy,-3.53011111530605,HTVS
CHEMBL1800505,0,decoy,-4.36119785080003,HTVS
CHEMBL1800507,0,decoy,-4.8139406268959,HTVS
CHEMBL1800508,0,decoy,-3.80754583307429,HTVS
CHEMBL1800512,0,decoy,-4.64954164175143,HTVS
CHEMBL1800513,0,decoy,-4.27350846359424,HTVS
CHEMBL1800714,0,decoy,-4.2611647549012,HTVS
CHEMBL1800715,0,decoy,-4.65039561287581,HTVS
CHEMBL1800909,0,decoy,-5.14782058935609,SP
CHEMBL1800925,0,decoy,-6.3080503120755,SP
CHEMBL1800928,0,decoy,-5.94665025760217,SP
CHEMBL1800979,0,decoy,-4.91193130030133,HTVS
CHEMBL4214787,0,decoy,-4.39376859701574,SP
CHEMBL4214867,0,decoy,-5.82092461987975,SP
CHEMBL4214881,0,decoy,-5.30864361070206,SP
CHEMBL4214904,0,decoy,-6.12088326022481,SP
CHEMBL4214930,0,decoy,-4.37027983920559,HTVS
CHEMBL4215006,0,decoy,-4.85182843177659,HTVS
CHEMBL4215012,0,decoy,-3.87805429589386,HTVS
CHEMBL4215061,0,decoy,-4.81387249160878,HTVS
CHEMBL4215165,0,decoy,-4.81353071676499,SP
CHEMBL4215250,0,decoy,-3.98633140000712,HTVS
CHEMBL4215328,0,decoy,-4.48313807957056,HTVS
CHEMBL4215352,0,decoy,-4.76900041078482,HTVS
CHEMBL4215382,0,decoy,-5.31336847534798,SP
CHEMBL4215441,0,decoy,-4.33392339759839,HTVS
CHEMBL4215532,0,decoy,-3.82762007354749,HTVS
CHEMBL4215556,0,decoy,-4.71592743539313,HTVS
CHEMBL4215602,0,decoy,-4.25147190174729,HTVS
CHEMBL4215655,0,decoy,-4.74794365885406,HTVS
CHEMBL4215683,0,decoy,-3.38197659566381,HTVS
CHEMBL4215726,0,decoy,-4.732796927893,HTVS
CHEMBL4215734,0,decoy,-4.60271360197867,HTVS
CHEMBL1762566,0,decoy,-4.60659645613621,HTVS
CHEMBL4105025,0,decoy,-4.4826526921797,HTVS
CHEMBL4105241,0,decoy,-4.7917619523742,HTVS
CHEMBL1800144,0,decoy,-4.54794415864263,HTVS
CHEMBL1800479,0,decoy,-3.65233897038286,HTVS
CHEMBL1800480,0,decoy,-3.3763155149494,HTVS
CHEMBL3338750,0,decoy,-8.065851478506,SP
CHEMBL3338762,0,decoy,-4.6829983770939,HTVS
CHEMBL3339088,0,decoy,-3.69557547847681,HTVS
CHEMBL3339102,0,decoy,-4.68378824601718,HTVS
CHEMBL3339105,0,decoy,-4.08606734900271,HTVS
CHEMBL3339118,0,decoy,-4.75779351441018,HTVS
CHEMBL3986563,0,decoy,-5.33648416970092,SP
CHEMBL3986846,0,decoy,-6.25939259627937,SP
CHEMBL84373,0,decoy,-4.48316729460768,HTVS
CHEMBL312873,0,decoy,-3.8828534590172,HTVS
CHEMBL87588,0,decoy,-4.79388555253757,HTVS
CHEMBL85047,0,decoy,-6.1791442390376,SP
CHEMBL87365,0,decoy,-4.6786602194504,HTVS
CHEMBL85534,0,decoy,-5.6375725636705,SP
CHEMBL314181,0,decoy,-4.4247674699907,HTVS
CHEMBL5560702,0,decoy,-5.24073025292174,SP
CHEMBL5560923,0,decoy,-3.87638877596578,HTVS
CHEMBL5560949,0,decoy,-4.68563592605256,SP
CHEMBL5561112,0,decoy,-3.37665440371235,HTVS
CHEMBL5561437,0,decoy,-4.8632608505231,HTVS
CHEMBL5561694,0,decoy,-4.58561171656242,HTVS
CHEMBL4541392,0,decoy,-6.35511865729274,SP
CHEMBL3716200,0,decoy,-5.26038422679215,SP
CHEMBL3719107,0,decoy,-5.5766005276815,SP
CHEMBL1977361,0,decoy,-4.84272458296924,HTVS
CHEMBL1978170,0,decoy,-4.2827417764263,HTVS
CHEMBL1714520,0,decoy,-3.72156952748966,HTVS
CHEMBL1714850,0,decoy,-4.67985467604843,HTVS
CHEMBL3350827,0,decoy,-4.20578402922265,HTVS
CHEMBL3350836,0,decoy,-3.16468456823008,HTVS
CHEMBL3350837,0,decoy,-3.11381467899884,HTVS
CHEMBL3350838,0,decoy,-3.85234083919844,HTVS
CHEMBL3350839,0,decoy,-3.6525906005876,HTVS
CHEMBL3350875,0,decoy,-3.44822705895692,HTVS
CHEMBL3351005,0,decoy,-3.13849970389648,HTVS
CHEMBL3351006,0,decoy,-1.798531193359,HTVS
CHEMBL3351007,0,decoy,-4.01888574645691,HTVS
CHEMBL3351008,0,decoy,-2.76017675859802,HTVS
CHEMBL3351010,0,decoy,-2.61721287940708,HTVS
CHEMBL3351011,0,decoy,-4.63405368908864,HTVS
CHEMBL3351073,0,decoy,-3.01676288598767,HTVS
CHEMBL4104303,0,decoy,-5.57127622184778,SP
CHEMBL4104905,0,decoy,-4.89538062431374,SP
CHEMBL4105171,0,decoy,-4.26910842368713,HTVS
CHEMBL4105348,0,decoy,-4.03038044024859,HTVS
CHEMBL4105527,0,decoy,-3.60674989080084,HTVS
CHEMBL1800140,0,decoy,-4.28779164172907,HTVS
CHEMBL4214944,0,decoy,-4.64072975700349,HTVS
CHEMBL4215557,0,decoy,-3.9091890692851,HTVS
CHEMBL4215580,0,decoy,-4.54457022516676,HTVS
CHEMBL4216059,0,decoy,-4.69839050127613,HTVS
CHEMBL3654724,0,decoy,-7.46990642631294,SP
CHEMBL3338145,0,decoy,-5.51067307608334,SP
CHEMBL3339068,0,decoy,-5.70025174926996,SP
CHEMBL3339082,0,decoy,-4.92187133356597,HTVS
CHEMBL3339086,0,decoy,-4.1839758775401,HTVS
CHEMBL3339124,0,decoy,-4.4325016334176,HTVS
CHEMBL3339126,0,decoy,-4.64912094983145,HTVS
CHEMBL3339127,0,decoy,-4.48644423173867,HTVS
CHEMBL3339129,0,decoy,-4.68800114966366,HTVS
CHEMBL3339130,0,decoy,-4.50883753709326,HTVS
CHEMBL3339131,0,decoy,-4.27138787872092,HTVS
CHEMBL3339133,0,decoy,-3.68695231749993,SP
CHEMBL3339139,0,decoy,-3.92918714476482,HTVS
CHEMBL3339141,0,decoy,-4.00515466347306,HTVS
CHEMBL3339146,0,decoy,-4.65635556201891,HTVS
CHEMBL3985864,0,decoy,-7.03953304982872,SP
CHEMBL3985939,0,decoy,-4.28615656689698,HTVS
CHEMBL3986143,0,decoy,-4.25765272366752,HTVS
CHEMBL3986638,0,decoy,-5.45965617734203,SP
CHEMBL84588,0,decoy,-6.12970306302108,SP
CHEMBL87248,0,decoy,-5.25676127941273,SP
CHEMBL5560820,0,decoy,-4.10783978934918,HTVS
CHEMBL5560874,0,decoy,-4.89084663184153,SP
CHEMBL5560936,0,decoy,-3.97415749259507,HTVS
CHEMBL5561121,0,decoy,-4.018701160924,HTVS
CHEMBL5561136,0,decoy,-5.63478608470357,SP
CHEMBL4540446,0,decoy,-5.19945833934196,SP
CHEMBL4540694,0,decoy,-6.39891549730393,SP
CHEMBL4540872,0,decoy,-6.07043326168546,SP
CHEMBL4540905,0,decoy,-4.70691229018433,HTVS
CHEMBL4541335,0,decoy,-4.00543161525979,HTVS
CHEMBL3717637,0,decoy,-4.32919888010906,HTVS
CHEMBL3718216,0,decoy,-4.29693159333544,HTVS
CHEMBL3716592,0,decoy,-4.59105660430823,HTVS
CHEMBL2359439,0,decoy,-4.63820574209849,HTVS
CHEMBL2359501,0,decoy,-4.39054970104071,HTVS
CHEMBL2359642,0,decoy,-5.5907867764626,SP
CHEMBL2359739,0,decoy,-4.32063306261754,HTVS
CHEMBL5561514,0,decoy,-4.69734399649514,HTVS
CHEMBL3339027,0,decoy,-6.38423292360246,SP
CHEMBL3986779,0,decoy,-3.2978286667814,HTVS
CHEMBL4541381,0,decoy,-4.84869885305688,HTVS
CHEMBL1978707,0,decoy,-6.23477316059113,SP
CHEMBL1714450,0,decoy,-3.84191757429745,HTVS
CHEMBL3353195,0,decoy,-4.8450488092232,HTVS
CHEMBL3353319,0,decoy,-3.65682442114619,HTVS
CHEMBL3353320,0,decoy,-4.52688072699337,HTVS
CHEMBL3609374,0,decoy,-3.53490226066715,HTVS
CHEMBL3609375,0,decoy,-1.68572697023277,HTVS
CHEMBL544558,0,decoy,-4.22700040579856,HTVS
CHEMBL544792,0,decoy,-3.16308447760527,HTVS
CHEMBL1762777,0,decoy,-6.55536413721031,SP
CHEMBL1765558,0,decoy,-4.73516936689139,HTVS
CHEMBL1766062,0,decoy,-3.91172506847378,HTVS
CHEMBL4104598,0,decoy,-4.30580448798099,HTVS
CHEMBL4104844,0,decoy,-6.61576011108179,SP
CHEMBL4104902,0,decoy,-6.6972118386341,SP
CHEMBL4105035,0,decoy,-4.78511590113027,HTVS
CHEMBL1797805,0,decoy,-4.82489997265883,HTVS
CHEMBL1797979,0,decoy,-3.48681264628436,HTVS
CHEMBL1797985,0,decoy,-2.77855339757642,HTVS
CHEMBL4215315,0,decoy,-4.14045868511549,HTVS
CHEMBL4215483,0,decoy,-6.650470026523,SP
CHEMBL3654333,0,decoy,-4.31575730802965,HTVS
CHEMBL3655258,0,decoy,-6.71707942006331,SP
CHEMBL3338067,0,decoy,-6.81137625347197,SP
CHEMBL3338068,0,decoy,-7.60871277677048,SP
CHEMBL3338069,0,decoy,-6.47485752621367,SP
CHEMBL3338397,0,decoy,-3.38324858442867,HTVS
CHEMBL3338398,0,decoy,-4.46088285854871,HTVS
CHEMBL3985559,0,decoy,-3.08667400974367,HTVS
CHEMBL3985702,0,decoy,-5.8461690758628,SP
CHEMBL3985715,0,decoy,-5.52866439336817,SP
CHEMBL3986152,0,decoy,-6.60831346645119,SP
CHEMBL3986190,0,decoy,-3.16950464866551,HTVS
CHEMBL3986270,0,decoy,-4.11652293166877,HTVS
CHEMBL3986286,0,decoy,-6.46673027561349,SP
CHEMBL3986321,0,decoy,-4.65658798796021,HTVS
CHEMBL3986363,0,decoy,-5.19510773220948,SP
CHEMBL3986411,0,decoy,-6.12987575781282,SP
CHEMBL3986460,0,decoy,-6.91729153522085,SP
CHEMBL3986559,0,decoy,-3.97722725651493,HTVS
CHEMBL3986629,0,decoy,-6.34283027080316,SP
CHEMBL3986770,0,decoy,-5.66311469546916,SP
CHEMBL3986797,0,decoy,-4.36338911219308,SP
CHEMBL3986829,0,decoy,-3.66669496474452,HTVS
CHEMBL3986849,0,decoy,-6.24454569208623,SP
CHEMBL3716452,0,decoy,-4.12130486677815,HTVS
CHEMBL2359409,0,decoy,-3.40791350518017,HTVS
CHEMBL2359747,0,decoy,-4.62600617033712,SP
CHEMBL2359777,0,decoy,-4.05047380123534,HTVS
CHEMBL1978652,0,decoy,-4.75502814701268,HTVS
CHEMBL543852,0,decoy,-2.55628373087214,HTVS
CHEMBL545055,0,decoy,-5.84263490838574,SP
CHEMBL5560749,0,decoy,-3.59056069894605,HTVS
CHEMBL3716541,0,decoy,-4.25522065866647,HTVS
CHEMBL2359453,0,decoy,-4.63133259283985,HTVS
CHEMBL2359620,0,decoy,-4.79540674004618,HTVS
CHEMBL2359660,0,decoy,-4.47865998652793,HTVS
CHEMBL2359980,0,decoy,-4.80299074326882,HTVS
CHEMBL1978240,0,decoy,-5.92860977338902,SP
CHEMBL1714834,0,decoy,-3.86355693233056,HTVS
CHEMBL1714928,0,decoy,-5.04437398548102,SP
CHEMBL1743886,0,decoy,-4.56036164231765,HTVS
CHEMBL1744100,0,decoy,-4.7060191267655,HTVS
CHEMBL1744167,0,decoy,-3.93467064558773,HTVS
CHEMBL1744170,0,decoy,-4.03972668883448,HTVS
CHEMBL1744186,0,decoy,-4.03212820598339,HTVS
CHEMBL1744191,0,decoy,-2.92788345529586,HTVS
CHEMBL1744302,0,decoy,-4.62320653656986,HTVS
CHEMBL1714007,0,decoy,-3.92743080347868,HTVS
CHEMBL1714300,0,decoy,-3.91779614900915,HTVS
CHEMBL1714315,0,decoy,-3.70144479328406,HTVS
CHEMBL545044,0,decoy,-5.62899965624279,SP
CHEMBL553310,0,decoy,-4.69102362554595,HTVS
CHEMBL545764,0,decoy,-5.75342065419951,SP
CHEMBL4104650,0,decoy,-3.93766083478561,HTVS
CHEMBL4105374,0,decoy,-5.46366265441681,SP
CHEMBL4105476,0,decoy,-4.00328389222791,HTVS
CHEMBL4105522,0,decoy,-4.72411364064198,HTVS
CHEMBL4216014,0,decoy,-3.16921793001696,HTVS
CHEMBL3654254,0,decoy,-2.29766772381821,HTVS
CHEMBL3985839,0,decoy,-3.70774013668217,HTVS
CHEMBL3986566,0,decoy,-3.98034844047183,HTVS
CHEMBL3986614,0,decoy,-4.14121537395844,HTVS
CHEMBL3986640,0,decoy,-4.70572785694067,HTVS
CHEMBL5560459,0,decoy,-6.52591698042935,SP
CHEMBL5560494,0,decoy,-4.43394098987271,HTVS
CHEMBL5560644,0,decoy,-4.87324690366997,SP
CHEMBL5561594,0,decoy,-4.77296833045931,HTVS
CHEMBL4540852,0,decoy,-4.4719802460736,HTVS
CHEMBL4541640,0,decoy,-3.37845395225997,HTVS
CHEMBL3716826,0,decoy,-4.40503470110979,HTVS
CHEMBL3717381,0,decoy,-3.54339991483733,HTVS
CHEMBL3719293,0,decoy,-3.94242028477542,HTVS
CHEMBL3985876,0,decoy,-3.6045121631566,HTVS
CHEMBL3986164,0,decoy,-5.91424445605127,SP
CHEMBL4540808,0,decoy,-4.060531142701,HTVS
CHEMBL1762773,0,decoy,-3.82090022760432,HTVS
CHEMBL1762776,0,decoy,-5.17123586846276,SP
CHEMBL1765307,0,decoy,-4.22306470004091,HTVS
CHEMBL1765556,0,decoy,-6.35370679201387,SP
CHEMBL1765617,0,decoy,-7.10577886349933,SP
CHEMBL4104358,0,decoy,-5.51420087244747,SP
CHEMBL4104470,0,decoy,-4.70539359226133,HTVS
CHEMBL4104605,0,decoy,-4.8158120906242,HTVS
CHEMBL4104657,0,decoy,-4.81433248177702,HTVS
CHEMBL4104727,0,decoy,-4.04235550328748,HTVS
CHEMBL4104802,0,decoy,-3.49614522875992,HTVS
CHEMBL4104883,0,decoy,-5.88336737149867,SP
CHEMBL4105001,0,decoy,-6.34994436972966,SP
CHEMBL4105047,0,decoy,-6.21666430606733,SP
CHEMBL4105394,0,decoy,-4.91118012759109,HTVS
CHEMBL4105502,0,decoy,-5.80066316169626,SP
CHEMBL1797935,0,decoy,-4.78730740969588,HTVS
CHEMBL1800766,0,decoy,-6.61987602277662,SP
CHEMBL1800939,0,decoy,-4.80971312059403,HTVS
CHEMBL1800942,0,decoy,-4.23103260767114,HTVS
CHEMBL1800948,0,decoy,-3.0428191104574,HTVS
CHEMBL1801049,0,decoy,-4.72154503159227,HTVS
CHEMBL1801053,0,decoy,-3.96243677368198,HTVS
CHEMBL1801135,0,decoy,-5.84354121168679,SP
CHEMBL4215017,0,decoy,-5.6543363208121,SP
CHEMBL4215091,0,decoy,-5.79399872605775,SP
CHEMBL4215310,0,decoy,-5.09275208017545,SP
CHEMBL4215618,0,decoy,-6.97181125085517,SP
CHEMBL4215803,0,decoy,-4.75499035340966,HTVS
CHEMBL3654236,0,decoy,-4.48599067208322,HTVS
CHEMBL3654239,0,decoy,-4.601106503237,HTVS
CHEMBL3654242,0,decoy,-4.1556962982688,HTVS
CHEMBL3654245,0,decoy,-4.67965745939163,HTVS
CHEMBL3654249,0,decoy,-2.85421798738268,HTVS
CHEMBL3654252,0,decoy,-4.32171625239165,HTVS
CHEMBL3639531,0,decoy,-5.45347409845709,SP
CHEMBL3654359,0,decoy,-5.95634228810229,SP
CHEMBL3654428,0,decoy,-4.95409848553936,SP
CHEMBL3654578,0,decoy,-6.70682972150339,SP
CHEMBL3654731,0,decoy,-7.37693217002416,SP
CHEMBL3654877,0,decoy,-7.26632850506668,SP
CHEMBL3654878,0,decoy,-7.40238510761543,SP
CHEMBL3654886,0,decoy,-8.03104668442219,SP
CHEMBL3655110,0,decoy,-7.14597618500759,SP
CHEMBL3338896,0,decoy,-5.51773347404754,SP
CHEMBL3985468,0,decoy,-4.46604674420433,HTVS
CHEMBL3986334,0,decoy,-4.43504017936071,HTVS
CHEMBL4541409,0,decoy,-4.54455645177367,HTVS
CHEMBL4541485,0,decoy,-5.57810696580727,SP
CHEMBL4541587,0,decoy,-4.32594553082904,HTVS
CHEMBL2359165,0,decoy,-3.77425923106678,HTVS
CHEMBL2359887,0,decoy,-2.75234146204339,HTVS
CHEMBL2359959,0,decoy,-3.51722681506133,HTVS
CHEMBL2360039,0,decoy,-4.47863476169109,HTVS
CHEMBL1977584,0,decoy,-4.07609358516122,HTVS
CHEMBL1714898,0,decoy,-3.73320371537128,HTVS
CHEMBL1715418,0,decoy,-4.15528524551847,HTVS
CHEMBL3353405,0,decoy,-5.4100838913504,SP
CHEMBL3353410,0,decoy,-4.65464236025731,HTVS
CHEMBL1744347,0,decoy,-4.08958578320365,HTVS
CHEMBL1713744,0,decoy,-4.87107180097503,HTVS
CHEMBL3608521,0,decoy,-3.71613474660666,HTVS
CHEMBL3608524,0,decoy,-3.74926566390502,HTVS
CHEMBL3608525,0,decoy,-3.51254023545944,HTVS
CHEMBL3608587,0,decoy,-5.03228435384051,SP
CHEMBL3608589,0,decoy,-5.13643163804521,SP
CHEMBL3608641,0,decoy,-3.87508231404891,HTVS
CHEMBL3608923,0,decoy,-3.09363016777213,HTVS
CHEMBL3609119,0,decoy,-3.46332071633837,HTVS
CHEMBL3609881,0,decoy,-3.94231434241758,HTVS
CHEMBL545715,0,decoy,-5.64843136657696,SP
CHEMBL542899,0,decoy,-4.496409727489,HTVS
CHEMBL544346,0,decoy,-3.30128247518264,SP
CHEMBL4104846,0,decoy,-6.92268092734987,SP
CHEMBL1798060,0,decoy,1.07495714747307,HTVS
CHEMBL1798071,0,decoy,-3.44435570460736,HTVS
CHEMBL1800303,0,decoy,-4.25510026836931,HTVS
CHEMBL1800306,0,decoy,-6.24692030853914,SP
CHEMBL1800309,0,decoy,-5.98834437858004,SP
CHEMBL1800313,0,decoy,-5.90132958099744,SP
CHEMBL1800355,0,decoy,-4.5477880623788,HTVS
CHEMBL1801002,0,decoy,0.22605199341041,HTVS
CHEMBL4215325,0,decoy,-5.80629054454276,SP
CHEMBL4215390,0,decoy,-5.85716227958216,SP
CHEMBL4215497,0,decoy,-4.66867342960061,HTVS
CHEMBL4215828,0,decoy,-3.84252311706987,HTVS
CHEMBL4215841,0,decoy,-6.04087151082289,SP
CHEMBL3654240,0,decoy,-4.30444229278587,HTVS
CHEMBL3654259,0,decoy,-6.60305242655222,SP
CHEMBL3654364,0,decoy,-4.66730601955376,HTVS
CHEMBL3654373,0,decoy,-6.37091898946911,SP
CHEMBL1765618,0,decoy,-6.46674725420581,SP
CHEMBL1800284,0,decoy,-4.90842907036004,HTVS
CHEMBL1800893,0,decoy,-5.98563131037192,SP
CHEMBL4216058,0,decoy,-4.85821755293598,HTVS
CHEMBL4216079,0,decoy,-4.00955321794566,HTVS
CHEMBL3338349,0,decoy,-3.09032487362332,HTVS
CHEMBL3338381,0,decoy,-3.4151057160051,HTVS
CHEMBL3338863,0,decoy,-6.92295109933751,SP
CHEMBL3338967,0,decoy,-5.10744224771789,SP
CHEMBL3338970,0,decoy,-4.39882687721409,HTVS
CHEMBL3338974,0,decoy,-4.2738678530064,HTVS
CHEMBL3338978,0,decoy,-4.01057494718563,HTVS
CHEMBL3986765,0,decoy,-5.44724222393133,SP
CHEMBL84218,0,decoy,-4.34547719696232,HTVS
CHEMBL311233,0,decoy,-3.1868028577957,HTVS
CHEMBL84823,0,decoy,-4.58534974855399,HTVS
CHEMBL315698,0,decoy,-4.30921129319679,HTVS
CHEMBL85034,0,decoy,-3.2105832327826,HTVS
CHEMBL418932,0,decoy,-3.29656542432174,HTVS
CHEMBL2359004,0,decoy,-5.57905064976057,SP
CHEMBL2359160,0,decoy,-6.76547054014937,SP
CHEMBL2359196,0,decoy,-5.40802699368106,SP
CHEMBL2359996,0,decoy,-4.18741080330667,HTVS
CHEMBL1714510,0,decoy,-5.48228946037849,SP
CHEMBL1714605,0,decoy,-7.30479224814946,SP
CHEMBL1714989,0,decoy,-4.53129896758852,HTVS
CHEMBL1713501,0,decoy,-4.81103171722604,HTVS
CHEMBL1714051,0,decoy,-4.5531358410199,HTVS
CHEMBL543845,0,decoy,-6.13635257527158,SP
CHEMBL1762822,0,decoy,-4.53273522233509,HTVS
CHEMBL1765463,0,decoy,-6.65386812247709,SP
CHEMBL1765464,0,decoy,-4.45294286010756,HTVS
CHEMBL1765625,0,decoy,-7.30276360626465,SP
CHEMBL1766082,0,decoy,-3.27238121374425,HTVS
CHEMBL1766083,0,decoy,-3.67085540734013,HTVS
CHEMBL4104174,0,decoy,-3.77482718804219,HTVS
CHEMBL4104236,0,decoy,-5.72807812256945,SP
CHEMBL4104562,0,decoy,-6.11023205776673,SP
CHEMBL4104565,0,decoy,-6.18617321629855,SP
CHEMBL4104585,0,decoy,-3.79456801088988,HTVS
CHEMBL4104602,0,decoy,-4.05268014652152,HTVS
CHEMBL4104711,0,decoy,-4.6066543075698,HTVS
CHEMBL4104776,0,decoy,-5.55813236027333,SP
CHEMBL4104812,0,decoy,-3.56486469339291,HTVS
CHEMBL4104876,0,decoy,-5.67786560842769,SP
CHEMBL4104921,0,decoy,-5.31085090646001,SP
CHEMBL4104979,0,decoy,-6.5961091153058,SP
CHEMBL4105009,0,decoy,-4.43902443384899,HTVS
CHEMBL4105081,0,decoy,-5.61751750736606,SP
CHEMBL3338453,0,decoy,-4.23546128860109,HTVS
CHEMBL4541559,0,decoy,-4.59998904329722,HTVS
CHEMBL2359778,0,decoy,-4.88013974964017,HTVS
CHEMBL2359919,0,decoy,-4.79063449237949,HTVS
CHEMBL1715372,0,decoy,-4.65564572716433,HTVS
CHEMBL3353012,0,decoy,-6.32666052954185,SP
CHEMBL3608531,0,decoy,-4.77349550092173,HTVS
CHEMBL3608532,0,decoy,-4.61220418601777,HTVS
CHEMBL4104336,0,decoy,-6.00005747560736,SP
CHEMBL4104412,0,decoy,-4.11831724905969,HTVS
CHEMBL4105378,0,decoy,-5.82460676186055,SP
CHEMBL1797804,0,decoy,-2.97054895081026,HTVS
CHEMBL1800110,0,decoy,-2.47378691838281,HTVS
CHEMBL4215614,0,decoy,-3.12330002251731,HTVS
CHEMBL3654284,0,decoy,-4.18152805332035,HTVS
CHEMBL3338183,0,decoy,-1.72644396943128,HTVS
CHEMBL3338184,0,decoy,-4.75106500071544,HTVS
CHEMBL3338185,0,decoy,-4.96215969621869,SP
CHEMBL3338188,0,decoy,-4.79525715958099,HTVS
CHEMBL3338192,0,decoy,-4.30155822708496,HTVS
CHEMBL3338193,0,decoy,-5.20962433518258,SP
CHEMBL3338194,0,decoy,-5.48594834120904,SP
CHEMBL3338445,0,decoy,-4.39456789407504,HTVS
CHEMBL3338447,0,decoy,-4.46381177345964,HTVS
CHEMBL3338451,0,decoy,-4.86332788912822,SP
CHEMBL3338711,0,decoy,-4.09681863369408,HTVS
CHEMBL3985483,0,decoy,-4.35045426527255,HTVS
CHEMBL3985499,0,decoy,-4.25949687005478,HTVS
CHEMBL3985540,0,decoy,-5.36676980745549,SP
CHEMBL3985549,0,decoy,-3.51731314774862,HTVS
CHEMBL3985931,0,decoy,-3.94471298398289,HTVS
CHEMBL3986089,0,decoy,-4.29849065447724,HTVS
CHEMBL3986198,0,decoy,-6.54966326705824,SP
CHEMBL3986433,0,decoy,-3.59540278084104,HTVS
CHEMBL3986474,0,decoy,-3.73365746285636,HTVS
CHEMBL3986532,0,decoy,-4.71162950325786,HTVS
CHEMBL3986579,0,decoy,-4.16085556163948,HTVS
CHEMBL3986631,0,decoy,-4.69500368371703,HTVS
CHEMBL3986700,0,decoy,-2.20924176863836,HTVS
CHEMBL3986781,0,decoy,-5.59751105095838,SP
CHEMBL3986783,0,decoy,-3.9980050995482,HTVS
CHEMBL3986852,0,decoy,-4.733108002752,HTVS
CHEMBL85095,0,decoy,-3.87736471511347,HTVS
CHEMBL263276,0,decoy,-3.17159122323302,HTVS
CHEMBL83305,0,decoy,-3.85905039046054,HTVS
CHEMBL5560387,0,decoy,-3.3664898794566,HTVS
CHEMBL5560394,0,decoy,-4.6026077550484,HTVS
CHEMBL5560545,0,decoy,-4.2105087816778,HTVS
CHEMBL1800604,0,decoy,-5.88091038831693,SP
CHEMBL1800609,0,decoy,-4.85120106475893,HTVS
CHEMBL1743737,0,decoy,-4.84772028635998,HTVS
CHEMBL1713371,0,decoy,-6.53893699684215,SP
CHEMBL1762687,0,decoy,-0.463680991965714,HTVS
CHEMBL1762688,0,decoy,0.190603674245983,HTVS
CHEMBL1762801,0,decoy,-4.28038402279024,HTVS
CHEMBL1762802,0,decoy,-4.26086111959565,SP
CHEMBL1765388,0,decoy,-4.51565639634153,HTVS
CHEMBL1765723,0,decoy,-4.62802497986777,HTVS
CHEMBL1765724,0,decoy,-2.9032275173255,HTVS
CHEMBL1765809,0,decoy,-4.26331225559549,HTVS
CHEMBL1765825,0,decoy,-5.61835621513202,SP
CHEMBL1765831,0,decoy,-4.7316635699025,HTVS
CHEMBL1765843,0,decoy,-5.37579639733574,SP
CHEMBL1765849,0,decoy,-5.51258001415052,SP
CHEMBL1765862,0,decoy,-5.05161876252591,SP
CHEMBL1765866,0,decoy,-5.3974488682506,SP
CHEMBL1765870,0,decoy,-6.48878698585243,SP
CHEMBL1765873,0,decoy,-5.61045062521399,SP
CHEMBL1765875,0,decoy,-5.51966701912393,SP
CHEMBL1765979,0,decoy,-5.68384407972979,SP
CHEMBL1765998,0,decoy,-5.51966701912393,SP
CHEMBL1766012,0,decoy,-7.53577956962274,SP
CHEMBL1766013,0,decoy,-6.64147215744611,SP
CHEMBL1766014,0,decoy,-4.2432483466115,HTVS
CHEMBL1766015,0,decoy,-4.27227175332429,HTVS
CHEMBL1766025,0,decoy,-4.03953844266198,HTVS
CHEMBL1766045,0,decoy,-3.91836607956891,HTVS
CHEMBL1766159,0,decoy,-4.73339292014851,HTVS
CHEMBL1766161,0,decoy,-4.61368587268926,SP
CHEMBL4104304,0,decoy,-4.90945183638926,HTVS
CHEMBL4104362,0,decoy,-6.12694901814219,SP
CHEMBL4104374,0,decoy,-4.8337141438753,HTVS
CHEMBL4104410,0,decoy,-4.37473252048497,HTVS
CHEMBL4104530,0,decoy,-4.35494488012862,HTVS
CHEMBL4104715,0,decoy,-4.22523341100701,HTVS
CHEMBL4104730,0,decoy,-5.62093065829122,SP
CHEMBL4104801,0,decoy,-3.52400028314062,HTVS
CHEMBL4104813,0,decoy,-4.6945315338052,HTVS
CHEMBL4104852,0,decoy,-6.49572663610326,SP
CHEMBL4104872,0,decoy,-4.73459195722619,HTVS
CHEMBL4104942,0,decoy,-4.02210465298663,HTVS
CHEMBL4105085,0,decoy,-5.00632271969299,SP
CHEMBL4105197,0,decoy,-3.6184163911124,HTVS
CHEMBL4105272,0,decoy,-4.28842365577011,HTVS
CHEMBL4105352,0,decoy,-4.71792367335747,HTVS
CHEMBL4105423,0,decoy,-4.79876848816975,HTVS
CHEMBL2359761,0,decoy,-4.67649182539119,HTVS
CHEMBL2360088,0,decoy,-2.95405270445811,HTVS
CHEMBL3350614,0,decoy,-3.79419066775337,HTVS
CHEMBL2286517,0,decoy,-4.92129096476313,SP
CHEMBL545063,0,decoy,-4.74142171712579,HTVS
CHEMBL542940,0,decoy,-4.54304437740918,HTVS
CHEMBL316241,0,decoy,-3.93040294701278,HTVS
CHEMBL2359707,0,decoy,-4.87995294248088,HTVS
CHEMBL1714829,0,decoy,-4.136715726354,HTVS
CHEMBL1715315,0,decoy,-3.43774555636375,HTVS
CHEMBL3353540,0,decoy,-1.47348216165807,HTVS
CHEMBL1743880,0,decoy,-4.91813903305491,HTVS
CHEMBL1713641,0,decoy,-3.71442085868968,HTVS
CHEMBL1713648,0,decoy,-4.11443649309042,SP
CHEMBL1714082,0,decoy,-1.63418539168787,HTVS
CHEMBL1714377,0,decoy,-4.21710397022357,HTVS
CHEMBL542713,0,decoy,-5.30764722501827,SP
CHEMBL1797997,0,decoy,-4.74167729879537,SP
CHEMBL4215419,0,decoy,-4.41037706122698,HTVS
CHEMBL4215514,0,decoy,-5.30432697961593,SP
CHEMBL3654335,0,decoy,-3.78836015063547,HTVS
CHEMBL3654344,0,decoy,-4.53412314423227,HTVS
CHEMBL3338519,0,decoy,-4.42580778504878,HTVS
CHEMBL3338521,0,decoy,-5.3915706245636,SP
CHEMBL3338524,0,decoy,-3.93919008886354,HTVS
CHEMBL3985416,0,decoy,-4.17493748756898,HTVS
CHEMBL3985759,0,decoy,-6.10589297008037,SP
CHEMBL3985871,0,decoy,-2.6666324954044,HTVS
CHEMBL3986066,0,decoy,-4.26099809818885,HTVS
CHEMBL3986120,0,decoy,-2.32318034443882,HTVS
CHEMBL3986134,0,decoy,-3.72843965474063,HTVS
CHEMBL3986266,0,decoy,-4.34539820938154,SP
CHEMBL3986397,0,decoy,-5.8192928820922,SP
CHEMBL3986399,0,decoy,-4.08770608392416,HTVS
CHEMBL3986529,0,decoy,-4.77322424614866,HTVS
CHEMBL3986533,0,decoy,-6.77136899490019,SP
CHEMBL3986607,0,decoy,-4.15663341382996,HTVS
CHEMBL3986782,0,decoy,-6.50950890513251,SP
CHEMBL84820,0,decoy,-3.49014369399125,HTVS
CHEMBL85531,0,decoy,-3.9286821525051,HTVS
CHEMBL85736,0,decoy,-4.42169534173258,HTVS
CHEMBL85152,0,decoy,-3.13954636334832,HTVS
CHEMBL314609,0,decoy,-5.88538889582453,SP
CHEMBL87225,0,decoy,-4.71283561280263,SP
CHEMBL85630,0,decoy,-7.03975625488548,SP
CHEMBL85435,0,decoy,-6.52567265491425,SP
CHEMBL419672,0,decoy,-4.79668757622281,HTVS
CHEMBL82814,0,decoy,-4.77608315809699,HTVS
CHEMBL83399,0,decoy,-6.57079915777332,SP
CHEMBL5560356,0,decoy,-6.70111204028083,SP
CHEMBL5560438,0,decoy,-7.53664496933789,SP
CHEMBL5560484,0,decoy,-3.33572887294092,HTVS
CHEMBL5560694,0,decoy,-5.28880385876946,SP
CHEMBL5561131,0,decoy,-3.79688187571167,HTVS
CHEMBL5561207,0,decoy,-5.69501954534411,SP
CHEMBL3339095,0,decoy,-5.37051918528293,SP
CHEMBL3339097,0,decoy,-4.0982422517197,HTVS
CHEMBL3339099,0,decoy,-4.35964510187677,HTVS
CHEMBL3339101,0,decoy,-3.79052554716814,HTVS
CHEMBL3339113,0,decoy,-4.78563711951785,HTVS
CHEMBL3339114,0,decoy,-4.18097593970859,HTVS
CHEMBL3339120,0,decoy,-4.85969409448813,HTVS
CHEMBL3339123,0,decoy,-5.3108758075081,SP
CHEMBL3339125,0,decoy,-4.21840523731045,HTVS
CHEMBL3339128,0,decoy,-5.44300169861386,SP
CHEMBL3339132,0,decoy,-4.79126896226648,HTVS
CHEMBL3339137,0,decoy,-4.02757369111926,HTVS
CHEMBL3339138,0,decoy,-3.87875180306696,HTVS
CHEMBL3339145,0,decoy,-5.0458550209239,SP
CHEMBL87610,0,decoy,-5.13138876022911,SP
CHEMBL87289,0,decoy,-4.32513783668241,SP
CHEMBL1766039,0,decoy,-4.78129467540512,HTVS
CHEMBL1766047,0,decoy,-3.91014395962469,HTVS
CHEMBL4104747,0,decoy,-5.01321326748468,SP
CHEMBL4104877,0,decoy,-0.65940891411641,HTVS
CHEMBL4105080,0,decoy,-4.6045532443207,HTVS
CHEMBL4105436,0,decoy,-3.51260350449489,HTVS
CHEMBL4105475,0,decoy,-3.91213775348088,HTVS
CHEMBL4105517,0,decoy,-4.01201708630003,HTVS
CHEMBL4105538,0,decoy,-4.39908073593147,HTVS
CHEMBL1800222,0,decoy,-4.99709702213396,SP
CHEMBL1800478,0,decoy,-2.55002383511259,HTVS
CHEMBL1800485,0,decoy,-3.96938569233158,HTVS
CHEMBL1800486,0,decoy,-4.41050764195038,HTVS
CHEMBL1800489,0,decoy,-3.89641719122473,HTVS
CHEMBL1800490,0,decoy,-4.08617143263173,HTVS
CHEMBL1800497,0,decoy,-3.76268516274544,HTVS
CHEMBL1800498,0,decoy,-4.28124536422354,HTVS
CHEMBL1800499,0,decoy,-4.58433231020637,HTVS
CHEMBL1800501,0,decoy,-3.8846372827339,HTVS
CHEMBL1800502,0,decoy,-3.63031972162065,HTVS
CHEMBL1800506,0,decoy,-4.0361414486756,HTVS
CHEMBL1800509,0,decoy,-4.62075990695838,HTVS
CHEMBL1800510,0,decoy,-3.50830474986507,HTVS
CHEMBL1800511,0,decoy,-4.04996327813321,HTVS
CHEMBL1800514,0,decoy,-3.77807724030818,HTVS
CHEMBL1800516,0,decoy,-3.24413567951531,HTVS
CHEMBL1800980,0,decoy,-4.50655837094234,HTVS
CHEMBL1801007,0,decoy,-5.11204863174099,SP
CHEMBL1801008,0,decoy,-5.59999312308063,SP
CHEMBL1801009,0,decoy,-3.98778275481331,HTVS
CHEMBL1801010,0,decoy,-4.54666229589784,HTVS
CHEMBL4214948,0,decoy,-5.93257109711134,SP
CHEMBL545475,0,decoy,-3.4143861115325,HTVS
CHEMBL1766135,0,decoy,-3.25675910624421,HTVS
CHEMBL1798057,0,decoy,0.449587166489803,HTVS
CHEMBL1798058,0,decoy,-2.15854848736458,HTVS
CHEMBL1798062,0,decoy,-3.76388470054232,HTVS
CHEMBL1798072,0,decoy,-3.60170399313363,HTVS
CHEMBL1798073,0,decoy,-0.295672376248241,HTVS
CHEMBL1800107,0,decoy,-3.19852392237109,HTVS
CHEMBL4215022,0,decoy,-5.5022628150216,SP
CHEMBL4215635,0,decoy,-6.12318312614038,SP
CHEMBL4215909,0,decoy,-5.99566246548025,SP
CHEMBL4216039,0,decoy,-4.37900249270418,HTVS
CHEMBL3654362,0,decoy,-4.02205656857046,HTVS
CHEMBL3654374,0,decoy,-3.30979999301234,HTVS
CHEMBL3654376,0,decoy,-3.95290335894902,HTVS
CHEMBL3338199,0,decoy,-4.61488562846127,HTVS
CHEMBL3338210,0,decoy,-4.0578667378208,HTVS
CHEMBL3338441,0,decoy,-4.74128097865757,SP
CHEMBL3985678,0,decoy,-4.01883549583986,HTVS
CHEMBL3986163,0,decoy,-4.16504484189171,HTVS
CHEMBL3986464,0,decoy,-3.5368894372582,HTVS
CHEMBL84617,0,decoy,-4.27587907966788,HTVS
CHEMBL314368,0,decoy,-2.8983072194093,HTVS
CHEMBL310967,0,decoy,-4.592855320001,HTVS
CHEMBL313130,0,decoy,-6.36187788212261,SP
CHEMBL420778,0,decoy,-4.27500421589213,HTVS
CHEMBL313779,0,decoy,-5.90162675968201,SP
CHEMBL5560427,0,decoy,-7.34681340991767,SP
CHEMBL5560473,0,decoy,-6.93168221923692,SP
CHEMBL5560643,0,decoy,-3.95495586535663,HTVS
CHEMBL5561584,0,decoy,-4.73494204276865,HTVS
CHEMBL5561607,0,decoy,-3.04595148057612,HTVS
CHEMBL4540457,0,decoy,-6.50305026811237,SP
CHEMBL4540572,0,decoy,-6.58543260686873,SP
CHEMBL4540709,0,decoy,-4.47506660564624,HTVS
CHEMBL4541002,0,decoy,-5.16462939476803,SP
CHEMBL4541037,0,decoy,-4.80514687480022,HTVS
CHEMBL4541297,0,decoy,-5.95969736077917,SP
CHEMBL3717506,0,decoy,-3.53764642410988,HTVS
CHEMBL3715212,0,decoy,-4.8245744284572,HTVS
CHEMBL3714901,0,decoy,-3.55703495698583,HTVS
CHEMBL3719219,0,decoy,-3.53688640903475,HTVS
CHEMBL2359463,0,decoy,-3.30690765661863,HTVS
CHEMBL2359511,0,decoy,-4.21393971027488,HTVS
CHEMBL2359883,0,decoy,-5.97835717050712,SP
CHEMBL2360105,0,decoy,-3.29757036431027,HTVS
CHEMBL1977421,0,decoy,-4.69813930436734,HTVS
CHEMBL1977927,0,decoy,-4.5543249562777,HTVS
CHEMBL1978322,0,decoy,-4.92745360820462,HTVS
CHEMBL1765886,0,decoy,-4.61251913934045,HTVS
CHEMBL1765903,0,decoy,-4.5480711808654,HTVS
CHEMBL1765905,0,decoy,-4.25334800795096,HTVS
CHEMBL1766020,0,decoy,-4.41830678789113,SP
CHEMBL4104421,0,decoy,-4.365370236694,HTVS
CHEMBL3337984,0,decoy,-5.39980012888607,SP
CHEMBL3338574,0,decoy,-4.00737462164495,HTVS
CHEMBL85724,0,decoy,-5.69733877079361,SP
CHEMBL83469,0,decoy,-4.06220551356175,HTVS
CHEMBL85114,0,decoy,-4.26521293365906,HTVS
CHEMBL420046,0,decoy,-5.77150927382287,SP
CHEMBL313909,0,decoy,-5.83787126338076,SP
CHEMBL85539,0,decoy,-3.98562516894811,HTVS
CHEMBL316370,0,decoy,-5.56418462023366,SP
CHEMBL310803,0,decoy,-4.84992065565312,HTVS
CHEMBL84602,0,decoy,-5.1476617666889,SP
CHEMBL314804,0,decoy,-4.39778435537764,HTVS
CHEMBL83352,0,decoy,-5.06973579635605,SP
CHEMBL87393,0,decoy,-5.56821768744988,SP
CHEMBL85579,0,decoy,-4.58182008233932,HTVS
CHEMBL430446,0,decoy,-3.99758113911634,HTVS
CHEMBL87440,0,decoy,-4.2899528889665,HTVS
CHEMBL87974,0,decoy,-5.01185675016253,SP
CHEMBL5560330,0,decoy,-4.39545061104072,HTVS
CHEMBL5560648,0,decoy,-4.86823858242589,HTVS
CHEMBL5561056,0,decoy,-5.0733499849647,SP
CHEMBL5561561,0,decoy,-5.53180948031387,SP
CHEMBL4540450,0,decoy,-4.68945425703575,HTVS
CHEMBL4541278,0,decoy,-6.78610775947091,SP
CHEMBL4541700,0,decoy,-4.75597459338338,HTVS
CHEMBL3717599,0,decoy,-5.82167084488005,SP
CHEMBL3715165,0,decoy,-6.62610705024125,SP
CHEMBL3715424,0,decoy,-5.70823883079859,SP
CHEMBL3716948,0,decoy,-5.87640040334272,SP
CHEMBL3717856,0,decoy,-5.12486878693424,SP
CHEMBL3718708,0,decoy,-4.54138203564605,HTVS
CHEMBL2359119,0,decoy,-5.48474658692382,SP
CHEMBL2359458,0,decoy,-5.0298245814105,SP
CHEMBL2359545,0,decoy,-5.65062498978151,SP
CHEMBL2359573,0,decoy,-4.21234682693464,HTVS
CHEMBL2359760,0,decoy,-4.24234244986971,HTVS
CHEMBL2359838,0,decoy,-4.67666145339493,SP
CHEMBL2359856,0,decoy,-4.66905947591806,HTVS
CHEMBL2360087,0,decoy,-6.26662535299472,SP
CHEMBL1977355,0,decoy,-4.88677735088623,HTVS
CHEMBL1977775,0,decoy,-5.6811757558632,SP
CHEMBL1978717,0,decoy,-6.12003356211461,SP
CHEMBL1714818,0,decoy,-4.58857078931011,HTVS
CHEMBL1715196,0,decoy,-5.95188838475251,SP
CHEMBL1715233,0,decoy,-3.63539779721033,HTVS
CHEMBL3654246,0,decoy,-6.23570623866841,SP
CHEMBL1800351,0,decoy,-6.63388147185707,SP
CHEMBL4215092,0,decoy,-5.71120467324976,SP
CHEMBL4215128,0,decoy,-4.60978126449773,HTVS
CHEMBL4215429,0,decoy,-6.52057991123456,SP
CHEMBL4215621,0,decoy,-6.21828930075404,SP
CHEMBL4216078,0,decoy,-4.33488596909356,HTVS
CHEMBL4216088,0,decoy,-6.37137602333939,SP
CHEMBL3654238,0,decoy,-3.69902108788072,HTVS
CHEMBL3654253,0,decoy,-3.3411080914871,HTVS
CHEMBL3338181,0,decoy,-5.39720286405302,SP
CHEMBL3338182,0,decoy,-4.60111525387466,HTVS
CHEMBL3985798,0,decoy,-6.15394721565189,SP
CHEMBL3985846,0,decoy,-3.63639157963515,HTVS
CHEMBL3985951,0,decoy,-3.65092267870784,HTVS
CHEMBL3986550,0,decoy,-3.94215455253343,HTVS
CHEMBL3986848,0,decoy,-7.63658182655348,SP
CHEMBL85245,0,decoy,-3.55532937357353,HTVS
CHEMBL85587,0,decoy,-3.12791582767084,HTVS
CHEMBL314332,0,decoy,-3.84542819461216,HTVS
CHEMBL5560358,0,decoy,-2.48977638428578,HTVS
CHEMBL5560637,0,decoy,-7.18222848919966,SP
CHEMBL5560919,0,decoy,-4.82273055392956,HTVS
CHEMBL5561141,0,decoy,-3.51622189704873,HTVS
CHEMBL5561226,0,decoy,-4.65498065302394,HTVS
CHEMBL5561406,0,decoy,-7.98272194732499,SP
CHEMBL5561503,0,decoy,-4.45340643476388,HTVS
CHEMBL5561642,0,decoy,-5.4295069892419,SP
CHEMBL5561691,0,decoy,-4.96495990213791,SP
CHEMBL4541112,0,decoy,-4.85016052378704,HTVS
CHEMBL4541118,0,decoy,-3.88749476204356,HTVS
CHEMBL3715711,0,decoy,-4.32129262430299,HTVS
CHEMBL3717931,0,decoy,-5.01050292559121,SP
CHEMBL3717674,0,decoy,-4.40320993707658,HTVS
CHEMBL2359286,0,decoy,-4.29678282655239,HTVS
CHEMBL2359404,0,decoy,-4.96396310164334,SP
CHEMBL2359477,0,decoy,-4.80956899794231,HTVS
CHEMBL2359703,0,decoy,-5.76796770799194,SP
CHEMBL1977709,0,decoy,-4.34343582931406,HTVS
CHEMBL1978025,0,decoy,-3.41703115560748,HTVS
CHEMBL1978173,0,decoy,-5.24979225379983,SP
CHEMBL1978324,0,decoy,-4.39513617081211,HTVS
CHEMBL1714915,0,decoy,-3.80579583663518,HTVS
CHEMBL1714954,0,decoy,-4.67603043486196,HTVS
CHEMBL1715253,0,decoy,-6.8471771261189,SP
CHEMBL3353013,0,decoy,-3.87152228950625,HTVS
CHEMBL5561068,0,decoy,-3.91246158319611,HTVS
CHEMBL4215811,0,decoy,-4.7168668635882,HTVS
CHEMBL3339069,0,decoy,-5.82990743713829,SP
CHEMBL3339076,0,decoy,-4.38685733161578,HTVS
CHEMBL3339083,0,decoy,-6.01406181469127,SP
CHEMBL3339084,0,decoy,-4.50776199362572,HTVS
CHEMBL3339085,0,decoy,-4.70825213053129,HTVS
CHEMBL3339116,0,decoy,-3.77142109069826,HTVS
CHEMBL3339117,0,decoy,-4.28623838582284,HTVS
CHEMBL3339142,0,decoy,-4.08339479256528,HTVS
CHEMBL3986047,0,decoy,-4.33908907833891,HTVS
CHEMBL3986311,0,decoy,-5.63252990524165,SP
CHEMBL3986784,0,decoy,-4.86955993959281,HTVS
CHEMBL315836,0,decoy,-4.8518634063352,HTVS
CHEMBL84759,0,decoy,-4.81641726805775,HTVS
CHEMBL85461,0,decoy,-4.52784320027285,HTVS
CHEMBL84882,0,decoy,-4.44808579726872,HTVS
CHEMBL87858,0,decoy,-5.44079355309858,SP
CHEMBL85609,0,decoy,-4.26075258454216,HTVS
CHEMBL85860,0,decoy,-4.37219405651977,HTVS
CHEMBL84777,0,decoy,-5.75702856899327,SP
CHEMBL86318,0,decoy,-5.89481928050987,SP
CHEMBL315100,0,decoy,-6.11766413835317,SP
CHEMBL314238,0,decoy,-4.84832332819271,HTVS
CHEMBL86134,0,decoy,-5.88787271113964,SP
CHEMBL4540559,0,decoy,-4.529499063729,HTVS
CHEMBL4540647,0,decoy,-6.65618890870631,SP
CHEMBL4541494,0,decoy,-5.54022430820738,SP
CHEMBL4541529,0,decoy,-6.70365728134138,SP
CHEMBL3717376,0,decoy,-5.49377895556717,SP
CHEMBL3717879,0,decoy,-4.60830660072685,HTVS
CHEMBL2359001,0,decoy,-4.00396359675088,HTVS
CHEMBL2359377,0,decoy,-4.57838685239107,HTVS
CHEMBL2359877,0,decoy,-5.37483081030843,SP
CHEMBL2359956,0,decoy,-5.19724961817518,SP
CHEMBL1977602,0,decoy,-6.04161668003758,SP
CHEMBL1978030,0,decoy,-4.0944860385817,HTVS
CHEMBL1978350,0,decoy,-5.20675485653747,SP
CHEMBL1978520,0,decoy,-5.88051046310022,SP
CHEMBL1978708,0,decoy,-6.47253359524098,SP
CHEMBL1714491,0,decoy,-4.36330156778198,HTVS
CHEMBL1714887,0,decoy,-4.37579704268096,HTVS
CHEMBL1714966,0,decoy,-4.16996614299588,HTVS
CHEMBL1715455,0,decoy,-4.22283706660616,HTVS
CHEMBL3353167,0,decoy,-4.93640787860353,SP
CHEMBL3353171,0,decoy,-4.00433656114807,HTVS
CHEMBL3353344,0,decoy,-5.27892432327853,SP
CHEMBL2286040,0,decoy,-4.608558950744,HTVS
CHEMBL3654690,0,decoy,-6.42787548911208,SP
CHEMBL1765469,0,decoy,-5.33343555994298,SP
CHEMBL1765598,0,decoy,-4.30778172879312,HTVS
CHEMBL1765761,0,decoy,-4.87481475419541,HTVS
CHEMBL1765878,0,decoy,-5.64542835920452,SP
CHEMBL1765879,0,decoy,-5.16527553370904,SP
CHEMBL4104853,0,decoy,-4.06084056313863,HTVS
CHEMBL1800275,0,decoy,-4.65656189575864,SP
CHEMBL1800328,0,decoy,-6.52095467001195,SP
CHEMBL1800342,0,decoy,-4.8821666152783,SP
CHEMBL1800344,0,decoy,-3.22163451446512,HTVS
CHEMBL1800447,0,decoy,-6.13106038677809,SP
CHEMBL4215083,0,decoy,-6.69229500183677,SP
CHEMBL4215589,0,decoy,-6.67494810938149,SP
CHEMBL4215904,0,decoy,-3.53450370455967,HTVS
CHEMBL4215934,0,decoy,-4.09158443260824,HTVS
CHEMBL4215965,0,decoy,-5.49433882027812,SP
CHEMBL4216108,0,decoy,-6.46755355086455,SP
CHEMBL3654555,0,decoy,-6.41820531415387,SP
CHEMBL3654688,0,decoy,-7.12453029108735,SP
CHEMBL3654691,0,decoy,-6.18693529868662,SP
CHEMBL3654767,0,decoy,-7.59294235046709,SP
CHEMBL3654813,0,decoy,-6.89019292622158,SP
CHEMBL3654827,0,decoy,-6.86197664758862,SP
CHEMBL3654830,0,decoy,-6.68637511614403,SP
CHEMBL3654831,0,decoy,-7.11648351157907,SP
CHEMBL3338003,0,decoy,-3.83379699840128,HTVS
CHEMBL3338004,0,decoy,-5.48030635337361,SP
CHEMBL3338226,0,decoy,-5.20294956529457,SP
CHEMBL3338250,0,decoy,-5.27232503345976,SP
CHEMBL3338790,0,decoy,-5.0543965055427,SP
CHEMBL3338791,0,decoy,-4.91336792897295,SP
CHEMBL3338793,0,decoy,-5.0403594781642,SP
CHEMBL3985567,0,decoy,-5.44462370803138,SP
CHEMBL3985647,0,decoy,-4.72087951150409,HTVS
CHEMBL3985763,0,decoy,-4.4364960888114,HTVS
CHEMBL87710,0,decoy,-5.51320067538408,SP
CHEMBL313845,0,decoy,-4.14932005915699,HTVS
CHEMBL85542,0,decoy,-4.70700390831818,HTVS
CHEMBL312213,0,decoy,-4.7230666322909,HTVS
CHEMBL84987,0,decoy,-5.52475686765632,SP
CHEMBL84432,0,decoy,-5.33038163362001,SP
CHEMBL83759,0,decoy,-5.95943601187662,SP
CHEMBL5560511,0,decoy,-6.2759767828144,SP
CHEMBL5560581,0,decoy,-6.63412527463874,SP
CHEMBL5561499,0,decoy,-3.98454436194481,HTVS
CHEMBL5561670,0,decoy,-5.95222669093844,SP
CHEMBL4540542,0,decoy,-4.66153481410063,HTVS
CHEMBL4540636,0,decoy,-4.71278837202214,HTVS
CHEMBL4214809,0,decoy,-5.41219531413577,SP
CHEMBL4215672,0,decoy,-6.43071519765177,SP
CHEMBL4215858,0,decoy,-3.88369068076444,HTVS
CHEMBL5561159,0,decoy,-5.76824222574485,SP
CHEMBL3715028,0,decoy,-3.55123699736052,HTVS
CHEMBL3715529,0,decoy,-3.55734544313142,HTVS
CHEMBL1978295,0,decoy,-4.89797131445062,HTVS
CHEMBL1714436,0,decoy,-4.31409157161126,HTVS
CHEMBL1715189,0,decoy,-6.25998756432119,SP
CHEMBL1744217,0,decoy,-5.67208545324118,SP
CHEMBL3608669,0,decoy,-4.5375506189312,HTVS
CHEMBL3608976,0,decoy,-6.07190837987785,SP
CHEMBL3609158,0,decoy,-5.82954392936483,SP
CHEMBL3609165,0,decoy,-4.77012770035828,HTVS
CHEMBL3609205,0,decoy,-3.96908216027557,HTVS
CHEMBL3609208,0,decoy,-4.47915356766276,HTVS
CHEMBL3609537,0,decoy,-4.6118738532959,HTVS
CHEMBL543901,0,decoy,-6.83078139539889,SP
CHEMBL1762571,0,decoy,-4.58321628321037,HTVS
CHEMBL1762574,0,decoy,-4.05037204567648,HTVS
CHEMBL1762576,0,decoy,-4.7211078037966,HTVS
CHEMBL1762728,0,decoy,-3.53761562327753,HTVS
CHEMBL1762770,0,decoy,-4.34368434443633,HTVS
CHEMBL1765237,0,decoy,-4.73941196460458,HTVS
CHEMBL1765238,0,decoy,-4.44094103263261,HTVS
CHEMBL1765245,0,decoy,-4.85550414758496,HTVS
CHEMBL1765297,0,decoy,-4.83705858785956,HTVS
CHEMBL1765300,0,decoy,-3.65043572991272,HTVS
CHEMBL1765301,0,decoy,-4.80946475564635,HTVS
CHEMBL1765308,0,decoy,-4.47377196062814,HTVS
CHEMBL1765309,0,decoy,-4.7811484008119,HTVS
CHEMBL1765365,0,decoy,-4.78069666590263,HTVS
CHEMBL1765460,0,decoy,-6.14462175103722,SP
CHEMBL1765462,0,decoy,-6.36741486569536,SP
CHEMBL1765543,0,decoy,-3.94695342404115,HTVS
CHEMBL1765545,0,decoy,-3.23982429242648,HTVS
CHEMBL1765551,0,decoy,-6.1053181845126,SP
CHEMBL1765554,0,decoy,-6.14023299251085,SP
CHEMBL1765728,0,decoy,-4.68169143875033,HTVS
CHEMBL1765729,0,decoy,-4.58989780345642,HTVS
CHEMBL1765887,0,decoy,-4.69948881611148,HTVS
CHEMBL1765099,0,decoy,-3.7628527859802,HTVS
CHEMBL1765973,0,decoy,-4.62690102565021,HTVS
CHEMBL1765974,0,decoy,-4.03153598329855,HTVS
CHEMBL1766017,0,decoy,-5.58318472990066,SP
CHEMBL1766084,0,decoy,-4.35618922842012,HTVS
CHEMBL4104234,0,decoy,-4.14988692310302,HTVS
CHEMBL4104247,0,decoy,-5.30535892510129,SP
CHEMBL4104310,0,decoy,-5.67596848948622,SP
CHEMBL1765676,0,decoy,-5.97534510741558,SP
CHEMBL1978386,0,decoy,-3.86777891550532,HTVS
CHEMBL1762797,0,decoy,-3.03693665183087,HTVS
CHEMBL1762799,0,decoy,-3.90059987975388,HTVS
CHEMBL1762803,0,decoy,-4.12252167375728,HTVS
CHEMBL1765602,0,decoy,-5.37493274190443,SP
CHEMBL1765604,0,decoy,-4.82358927802061,SP
CHEMBL1765605,0,decoy,-4.52647959173919,HTVS
CHEMBL1765613,0,decoy,-4.80353057512483,HTVS
CHEMBL1765654,0,decoy,-4.15096569061352,HTVS
CHEMBL1765655,0,decoy,-3.83673673907314,HTVS
CHEMBL1765681,0,decoy,-4.2867791742208,HTVS
CHEMBL1765713,0,decoy,-4.80509984633383,HTVS
CHEMBL1765858,0,decoy,-3.71463151857631,HTVS
CHEMBL1765859,0,decoy,-4.25472343602915,HTVS
CHEMBL1765860,0,decoy,-3.71463151857631,HTVS
CHEMBL1766048,0,decoy,-4.23622075834691,HTVS
CHEMBL1766050,0,decoy,-3.53301448026249,HTVS
CHEMBL1766052,0,decoy,-4.52530902742388,HTVS
CHEMBL1766054,0,decoy,-4.05429468257638,HTVS
CHEMBL1766055,0,decoy,-4.08852693115754,HTVS
CHEMBL1766057,0,decoy,-4.23989838867306,HTVS
CHEMBL1766059,0,decoy,-4.15053303470263,HTVS
CHEMBL1766132,0,decoy,-0.53433987745335,HTVS
CHEMBL1766133,0,decoy,-4.6125810658907,HTVS
CHEMBL4104216,0,decoy,-4.1677362901255,HTVS
CHEMBL4104414,0,decoy,-4.33510089594905,HTVS
CHEMBL4104515,0,decoy,-3.80587042118368,HTVS
CHEMBL4104619,0,decoy,-5.09531849884962,SP
CHEMBL4104699,0,decoy,-3.60909945575845,HTVS
CHEMBL4104781,0,decoy,-3.63738162044031,HTVS
CHEMBL4105161,0,decoy,-4.71501369480355,HTVS
CHEMBL4105215,0,decoy,-4.78297318513228,HTVS
CHEMBL4105280,0,decoy,-4.36522233106524,HTVS
CHEMBL1797840,0,decoy,-3.89525619311647,HTVS
CHEMBL1797841,0,decoy,-3.80787212988135,HTVS
CHEMBL1797842,0,decoy,-4.07802487448798,HTVS
CHEMBL1798021,0,decoy,-4.59534092914137,HTVS
CHEMBL1798022,0,decoy,-4.02704780957551,HTVS
CHEMBL1798023,0,decoy,-3.94673144568627,HTVS
CHEMBL1800112,0,decoy,-3.45782600924955,HTVS
CHEMBL1800113,0,decoy,-3.5061286309271,HTVS
CHEMBL1800560,0,decoy,-4.23294241500996,HTVS
CHEMBL1800561,0,decoy,-5.69411101670689,SP
CHEMBL1800624,0,decoy,-4.85627005434051,HTVS
CHEMBL1800691,0,decoy,-5.26114585046296,SP
CHEMBL1800693,0,decoy,-4.58504353478768,HTVS
CHEMBL1800741,0,decoy,-4.49927943057806,HTVS
CHEMBL5560398,0,decoy,-6.73118353031847,SP
CHEMBL4215666,0,decoy,-4.4479520425887,HTVS
CHEMBL4540506,0,decoy,-4.35343249575142,HTVS
CHEMBL4540821,0,decoy,-3.93778995025245,HTVS
CHEMBL3716101,0,decoy,-6.46387218565882,SP
CHEMBL3717737,0,decoy,-6.18220530162302,SP
CHEMBL3715672,0,decoy,-5.84652974276699,SP
CHEMBL2359934,0,decoy,-4.75369683182689,HTVS
CHEMBL1977721,0,decoy,-3.80341132939313,HTVS
CHEMBL1977849,0,decoy,-4.89328561167866,HTVS
CHEMBL1714492,0,decoy,-3.62009463233679,HTVS
CHEMBL1714802,0,decoy,-3.0243891418489,HTVS
CHEMBL3353170,0,decoy,-4.57461187936873,HTVS
CHEMBL3353576,0,decoy,-4.29244437363586,HTVS
CHEMBL3353592,0,decoy,-3.11927711042548,HTVS
CHEMBL3353593,0,decoy,-3.97655558547287,HTVS
CHEMBL3353594,0,decoy,-4.03015706307689,HTVS
CHEMBL3353608,0,decoy,-3.01000252047969,HTVS
CHEMBL3353609,0,decoy,-3.85346521902276,HTVS
CHEMBL1744171,0,decoy,-3.66554349933374,HTVS
CHEMBL1744232,0,decoy,-6.12787546899573,SP
CHEMBL1744233,0,decoy,-6.2446309951984,SP
CHEMBL1713725,0,decoy,-2.06638369286329,HTVS
CHEMBL3609412,0,decoy,-4.66876634201931,HTVS
CHEMBL3609413,0,decoy,-3.05029036999143,HTVS
CHEMBL3609705,0,decoy,-3.20280934101545,HTVS
CHEMBL4105309,0,decoy,-4.56994703699407,HTVS
CHEMBL4215883,0,decoy,-3.62144907951317,HTVS
CHEMBL4216089,0,decoy,-4.17748744507582,HTVS
CHEMBL3654429,0,decoy,-4.74213768924663,HTVS
CHEMBL3338730,0,decoy,-4.61365255328902,SP
CHEMBL3339092,0,decoy,-4.01862654280257,HTVS
CHEMBL3985397,0,decoy,-6.08074807945214,SP
CHEMBL3985541,0,decoy,-4.46975446010068,HTVS
CHEMBL3985838,0,decoy,-4.60996955021043,HTVS
CHEMBL3986141,0,decoy,-4.8896024072637,SP
CHEMBL3986488,0,decoy,-4.12947494596531,HTVS
CHEMBL3986592,0,decoy,-3.38623115467605,HTVS
CHEMBL312951,0,decoy,-5.41517724887388,SP
CHEMBL5560579,0,decoy,-6.87828797926537,SP
CHEMBL5560872,0,decoy,-3.74841278774931,HTVS
CHEMBL5561482,0,decoy,-6.46375431082078,SP
CHEMBL4540421,0,decoy,-4.06992879678931,HTVS
CHEMBL4540512,0,decoy,-4.41228074388084,HTVS
CHEMBL4540555,0,decoy,-2.86236930864903,HTVS
CHEMBL4540604,0,decoy,-4.95968732142793,SP
CHEMBL3654612,0,decoy,-7.89288387481552,SP
CHEMBL315594,0,decoy,-3.46378007978685,HTVS
CHEMBL5560707,0,decoy,-6.85218748474384,SP
CHEMBL5560840,0,decoy,-5.90390526064221,SP
CHEMBL4540462,0,decoy,-4.32980866350209,HTVS
CHEMBL4541161,0,decoy,-4.89638606218346,HTVS
CHEMBL4541474,0,decoy,-6.13470045124485,SP
CHEMBL3715568,0,decoy,-4.18273778356196,HTVS
CHEMBL3718234,0,decoy,-4.57369870146391,HTVS
CHEMBL2359124,0,decoy,-6.58999131015331,SP
CHEMBL2359295,0,decoy,-3.50742911641995,HTVS
CHEMBL2359313,0,decoy,-4.7722938165619,SP
CHEMBL1714668,0,decoy,-8.21362091244713,SP
CHEMBL1715090,0,decoy,-4.76335695620361,HTVS
CHEMBL3351017,0,decoy,-4.36532815143333,HTVS
CHEMBL3351019,0,decoy,-2.78813652110746,HTVS
CHEMBL3353250,0,decoy,-3.66462076719059,HTVS
CHEMBL3353349,0,decoy,-2.88500657957783,HTVS
CHEMBL3353515,0,decoy,2.92719547861075,HTVS
CHEMBL3353532,0,decoy,-3.02730310626591,HTVS
CHEMBL2285687,0,decoy,-4.58502087797751,HTVS
CHEMBL2287007,0,decoy,-3.22500681577746,HTVS
CHEMBL1713961,0,decoy,-6.52898846007893,SP
CHEMBL3609409,0,decoy,-3.65835360242722,HTVS
CHEMBL3609853,0,decoy,-4.59789391528944,HTVS
CHEMBL3654462,0,decoy,-7.57211436163829,SP
CHEMBL3654487,0,decoy,-7.0393765252047,SP
CHEMBL3654505,0,decoy,-7.55356026931468,SP
CHEMBL3654545,0,decoy,-7.05883363564424,SP
CHEMBL3654546,0,decoy,-6.5433132927226,SP
CHEMBL3654579,0,decoy,-6.00924582123283,SP
CHEMBL3654589,0,decoy,-6.52623920641588,SP
CHEMBL3654595,0,decoy,-7.19280006793235,SP
CHEMBL3654604,0,decoy,-6.16427122155695,SP
CHEMBL3654605,0,decoy,-5.7488927040031,SP
CHEMBL3654627,0,decoy,-5.23053408681235,SP
CHEMBL3654875,0,decoy,-8.02068199839889,SP
CHEMBL3654883,0,decoy,-8.18082915797316,SP
CHEMBL3655129,0,decoy,-4.57710818863945,HTVS
CHEMBL3655350,0,decoy,-4.91229827827233,HTVS
CHEMBL3655364,0,decoy,-3.6775049021632,HTVS
CHEMBL3655376,0,decoy,-4.80273834731237,HTVS
CHEMBL3338156,0,decoy,-5.64647179158916,SP
CHEMBL3338526,0,decoy,-5.46540536408437,SP
CHEMBL3338535,0,decoy,-4.25448972250476,HTVS
CHEMBL3338721,0,decoy,-3.6966791296609,HTVS
CHEMBL3985414,0,decoy,-4.85129220316354,HTVS
CHEMBL3986060,0,decoy,-5.83361727792331,SP
CHEMBL5561002,0,decoy,-3.43114503295608,HTVS
CHEMBL4541071,0,decoy,-3.84536214661309,HTVS
CHEMBL4541348,0,decoy,-6.58349472876054,SP
CHEMBL2359353,0,decoy,-7.12798267079123,SP
CHEMBL1714529,0,decoy,-4.49555285878451,HTVS
CHEMBL1714778,0,decoy,-6.06616728553331,SP
CHEMBL3353636,0,decoy,-3.95220410890145,HTVS
CHEMBL1743883,0,decoy,-6.15156733091834,SP
CHEMBL1743916,0,decoy,-6.57936697851136,SP
CHEMBL1743918,0,decoy,-2.4802869383848,HTVS
CHEMBL1744037,0,decoy,-4.25900787021705,HTVS
CHEMBL1713891,0,decoy,-3.61087979487614,HTVS
CHEMBL1714159,0,decoy,-5.81777187274387,SP
CHEMBL1714164,0,decoy,-3.61812208880505,HTVS
CHEMBL1714269,0,decoy,-3.17821334942104,HTVS
CHEMBL4104425,0,decoy,-3.12066337824991,HTVS
CHEMBL3338528,0,decoy,-3.88503025446106,HTVS
CHEMBL3985481,0,decoy,-3.69573969554593,HTVS
CHEMBL3985875,0,decoy,-5.78632578811237,SP
CHEMBL3986049,0,decoy,-4.21461854714188,HTVS
CHEMBL3986508,0,decoy,-6.5245405907048,SP
CHEMBL3986534,0,decoy,-4.03014698454983,HTVS
CHEMBL3986547,0,decoy,-4.71817687163806,HTVS
CHEMBL84111,0,decoy,-4.29841241406947,HTVS
CHEMBL313766,0,decoy,-4.97905979220152,SP
CHEMBL85627,0,decoy,-6.51199937728255,SP
CHEMBL84610,0,decoy,-3.4578879723755,HTVS
CHEMBL315152,0,decoy,-2.54442907143995,HTVS
CHEMBL315724,0,decoy,-4.52310869725396,HTVS
CHEMBL88017,0,decoy,-4.31997892139303,HTVS
CHEMBL432381,0,decoy,-4.70725149308055,HTVS
CHEMBL84691,0,decoy,-3.43244414204354,HTVS
CHEMBL5560359,0,decoy,-5.31826218384191,SP
CHEMBL5560403,0,decoy,-4.77163943700663,HTVS
CHEMBL5560449,0,decoy,-4.06201331252164,HTVS
CHEMBL5560523,0,decoy,-4.49122266273957,HTVS
CHEMBL5561257,0,decoy,-4.63127197501159,HTVS
CHEMBL5561604,0,decoy,-5.69753694602369,SP
CHEMBL5561685,0,decoy,-6.27749750363506,SP
CHEMBL4540575,0,decoy,-3.68251082196419,HTVS
CHEMBL4540863,0,decoy,-4.74259880114751,HTVS
CHEMBL4541033,0,decoy,-4.68493540264091,HTVS
CHEMBL4541113,0,decoy,-4.31184721752862,HTVS
CHEMBL4541434,0,decoy,-4.42879465596541,HTVS
CHEMBL4541453,0,decoy,-5.91418709778862,SP
CHEMBL4541552,0,decoy,-4.77177305009293,HTVS
CHEMBL3717840,0,decoy,-4.75774861651421,HTVS
CHEMBL3716485,0,decoy,-6.12763739166464,SP
CHEMBL3716972,0,decoy,-5.30893907907858,SP
CHEMBL4104394,0,decoy,-4.14098681277864,HTVS
CHEMBL1800229,0,decoy,-6.05091187683003,SP
CHEMBL4215800,0,decoy,-3.12161139678108,HTVS
CHEMBL3338076,0,decoy,-5.67526625040073,SP
CHEMBL3339034,0,decoy,-4.46302992313148,HTVS
CHEMBL3986129,0,decoy,-3.51356610129034,HTVS
CHEMBL3986412,0,decoy,-6.2573759013049,SP
CHEMBL84661,0,decoy,-4.12326516438294,HTVS
CHEMBL84922,0,decoy,-4.79054455783531,HTVS
CHEMBL310747,0,decoy,-2.27001554258532,HTVS
CHEMBL421544,0,decoy,-3.57232371607959,HTVS
CHEMBL445898,0,decoy,-4.52219637611932,HTVS
CHEMBL5561040,0,decoy,-5.7588095379985,SP
CHEMBL5561052,0,decoy,-4.00724334326656,HTVS
CHEMBL2359064,0,decoy,-4.70166403952232,HTVS
CHEMBL2359130,0,decoy,-5.81048581778832,SP
CHEMBL2359498,0,decoy,-4.69505128972629,HTVS
CHEMBL1977339,0,decoy,-3.86746767414239,HTVS
CHEMBL1977444,0,decoy,-4.09202372753087,HTVS
CHEMBL1978746,0,decoy,-4.35871544248177,HTVS
CHEMBL1714772,0,decoy,-4.42397306250508,HTVS
CHEMBL1714858,0,decoy,-4.82896492247338,HTVS
CHEMBL1714859,0,decoy,-4.08213752062263,HTVS
CHEMBL1715059,0,decoy,-4.06811857524926,HTVS
CHEMBL2286753,0,decoy,-3.47176998816987,HTVS
CHEMBL1713405,0,decoy,-5.82952891312777,SP
CHEMBL1713473,0,decoy,-5.44200840397582,SP
CHEMBL1713567,0,decoy,-6.10585190874069,SP
CHEMBL1713612,0,decoy,-4.68622447512846,HTVS
CHEMBL1713720,0,decoy,-3.99573878882223,HTVS
CHEMBL1713768,0,decoy,-4.36455206161051,HTVS
CHEMBL1713903,0,decoy,-4.40254303535332,HTVS
CHEMBL1714016,0,decoy,-6.06467074866148,SP
CHEMBL1714186,0,decoy,-4.19919036246228,HTVS
CHEMBL1714313,0,decoy,-4.36113212574756,HTVS
CHEMBL1714388,0,decoy,-4.28278478575762,HTVS
CHEMBL3609186,0,decoy,-4.09289424596976,HTVS
CHEMBL3609187,0,decoy,-3.78978156299811,HTVS
CHEMBL3609188,0,decoy,-4.59569442479404,HTVS
CHEMBL3609605,0,decoy,-3.02694077248194,HTVS
CHEMBL542440,0,decoy,-4.25488821731532,HTVS
CHEMBL1762573,0,decoy,-3.83444668543056,HTVS
CHEMBL1765201,0,decoy,-4.43583308258128,HTVS
CHEMBL1766141,0,decoy,-4.4693766388132,HTVS
CHEMBL1766146,0,decoy,-4.91472832796387,SP
CHEMBL4104265,0,decoy,-5.04320245809686,SP
CHEMBL4104700,0,decoy,-4.30576508745163,HTVS
CHEMBL4105172,0,decoy,-4.12805256461454,HTVS
CHEMBL4105192,0,decoy,-4.61290737565914,HTVS
CHEMBL4104926,0,decoy,-6.67587384164754,SP
CHEMBL3654714,0,decoy,-7.9851350605366,SP
CHEMBL3654738,0,decoy,-7.04577714238467,SP
CHEMBL3654863,0,decoy,-6.68638397444425,SP
CHEMBL3655121,0,decoy,-7.43769773888913,SP
CHEMBL3655241,0,decoy,-6.38439276286031,SP
CHEMBL3655318,0,decoy,-5.24437022651207,SP
CHEMBL3719210,0,decoy,1.98281103200209,HTVS
CHEMBL3716010,0,decoy,0.853869184390813,HTVS
CHEMBL2359779,0,decoy,-4.54696431432717,HTVS
CHEMBL1977402,0,decoy,-4.87581088091237,SP
CHEMBL1977781,0,decoy,-4.31573590337653,HTVS
CHEMBL3352911,0,decoy,-3.95356828040046,HTVS
CHEMBL543629,0,decoy,-3.61175589420948,HTVS
CHEMBL552841,0,decoy,-3.20772132058944,HTVS
CHEMBL543650,0,decoy,-4.71244789720136,HTVS
CHEMBL1762774,0,decoy,-5.48046699390965,SP
CHEMBL4104210,0,decoy,-6.44419974320686,SP
CHEMBL4104490,0,decoy,-4.70560433621391,HTVS
CHEMBL4104681,0,decoy,-4.60427795302071,HTVS
CHEMBL4105395,0,decoy,-5.9089396977424,SP
CHEMBL1800223,0,decoy,-6.00853178161678,SP
CHEMBL1800684,0,decoy,-6.05857417044161,SP
CHEMBL4214775,0,decoy,-5.76463499186854,SP
CHEMBL4214897,0,decoy,-4.11741812622482,HTVS
CHEMBL4215320,0,decoy,-4.13544497122274,HTVS
CHEMBL4215438,0,decoy,-3.57735117956968,HTVS
CHEMBL4215505,0,decoy,-5.58122987718949,SP
CHEMBL3654464,0,decoy,-4.60137686081461,HTVS
CHEMBL3654475,0,decoy,-5.85574161063844,SP
CHEMBL3654667,0,decoy,-7.42674586029047,SP
CHEMBL3654669,0,decoy,-6.75428605156553,SP
CHEMBL3654670,0,decoy,-7.31876542611443,SP
CHEMBL3654677,0,decoy,-6.71087681570145,SP
CHEMBL3654678,0,decoy,-7.21300995243428,SP
CHEMBL3654682,0,decoy,-7.24231092028762,SP
CHEMBL3654692,0,decoy,-6.54455514348683,SP
CHEMBL3654696,0,decoy,-4.35514657423931,HTVS
CHEMBL3654703,0,decoy,-6.95974710244992,SP
CHEMBL3654704,0,decoy,-4.68080124112022,HTVS
CHEMBL3654705,0,decoy,-8.00829506265954,SP
CHEMBL3654707,0,decoy,-7.37541682473394,SP
CHEMBL3654708,0,decoy,-7.68245499510576,SP
CHEMBL3654709,0,decoy,-7.35872412497475,SP
CHEMBL3654713,0,decoy,-7.57305776802981,SP
CHEMBL3654716,0,decoy,-7.46242267037563,SP
CHEMBL3654717,0,decoy,-7.2255493888409,SP
CHEMBL3654720,0,decoy,-7.77146290214864,SP
CHEMBL3654721,0,decoy,-7.40404507902412,SP
CHEMBL3353602,0,decoy,-3.83778905776347,HTVS
CHEMBL3986839,0,decoy,-3.9620072755389,HTVS
CHEMBL4541039,0,decoy,-2.46310450816346,HTVS
CHEMBL3715189,0,decoy,0.272742473996952,HTVS
CHEMBL3715085,0,decoy,1.39961734635685,HTVS
CHEMBL3719048,0,decoy,-4.71746634953869,HTVS
CHEMBL2359024,0,decoy,-5.43721962240164,SP
CHEMBL2359853,0,decoy,-4.49282011175374,HTVS
CHEMBL2359990,0,decoy,-3.95064186427252,HTVS
CHEMBL1977961,0,decoy,-6.46525883762111,SP
CHEMBL1714856,0,decoy,-4.5683200932036,HTVS
CHEMBL3353447,0,decoy,-4.64170309563186,HTVS
CHEMBL3353466,0,decoy,-4.40647195701724,HTVS
CHEMBL3353513,0,decoy,-2.69020738646302,HTVS
CHEMBL3353582,0,decoy,-4.08352205668269,HTVS
CHEMBL2286994,0,decoy,-4.74465706867581,HTVS
CHEMBL1744135,0,decoy,-2.92312331520907,HTVS
CHEMBL1744174,0,decoy,-3.4249878577,HTVS
CHEMBL1714073,0,decoy,-4.28339193502666,HTVS
CHEMBL3609392,0,decoy,-3.5990281043935,HTVS
CHEMBL3609395,0,decoy,-6.4985529069015,SP
CHEMBL3609411,0,decoy,-4.48746925177811,HTVS
CHEMBL542207,0,decoy,-4.14962826255008,HTVS
CHEMBL543881,0,decoy,-3.79004828566229,HTVS
CHEMBL543170,0,decoy,-4.62406464511669,HTVS
CHEMBL553735,0,decoy,-4.83765576219299,HTVS
CHEMBL542471,0,decoy,-3.50746624027758,HTVS
CHEMBL1760028,0,decoy,-3.57038457134121,HTVS
CHEMBL1765493,0,decoy,-3.07807807660476,HTVS
CHEMBL1765494,0,decoy,-6.28902953898903,SP
CHEMBL1765832,0,decoy,-4.6605235575729,HTVS
CHEMBL1765838,0,decoy,-4.89848234627545,HTVS
CHEMBL1765850,0,decoy,-3.7085590872049,HTVS
CHEMBL1765856,0,decoy,-4.3472083554711,HTVS
CHEMBL1765996,0,decoy,-4.36231183681334,HTVS
CHEMBL4104175,0,decoy,-4.265279155382,HTVS
CHEMBL4104290,0,decoy,-3.64713361582227,HTVS
CHEMBL4104968,0,decoy,-4.7363102234522,HTVS
CHEMBL4105063,0,decoy,-4.30726377538192,HTVS
CHEMBL4214762,0,decoy,-6.79466734558192,SP
CHEMBL4214848,0,decoy,-3.28863412272831,HTVS
CHEMBL4215169,0,decoy,-5.93342373432019,SP
CHEMBL4215243,0,decoy,-2.96558854761828,HTVS
CHEMBL4215330,0,decoy,-6.74142136387136,SP
CHEMBL4215424,0,decoy,-6.22999621522278,SP
CHEMBL4215613,0,decoy,-4.09213324384662,HTVS
CHEMBL4215895,0,decoy,-4.53800368213845,HTVS
CHEMBL4215927,0,decoy,-3.05854889649174,HTVS
CHEMBL4216025,0,decoy,-6.23297965485964,SP
CHEMBL3654380,0,decoy,-4.41865059393377,HTVS
CHEMBL1797839,0,decoy,-4.24394165559666,HTVS
CHEMBL3985799,0,decoy,-5.44849358696549,SP
CHEMBL2359256,0,decoy,-4.83651032972576,SP
CHEMBL2359992,0,decoy,-5.50235416723292,SP
CHEMBL1762612,0,decoy,-4.1627606921037,HTVS
CHEMBL1762686,0,decoy,-4.55212281919059,HTVS
CHEMBL1762763,0,decoy,-4.92605848793053,HTVS
CHEMBL1762835,0,decoy,-5.26728637471712,SP
CHEMBL1765187,0,decoy,-5.71274271409999,SP
CHEMBL1765230,0,decoy,-6.11613807684335,SP
CHEMBL1765268,0,decoy,-5.76517795300628,SP
CHEMBL1765092,0,decoy,-5.91236846039692,SP
CHEMBL1765281,0,decoy,-6.13516574508712,SP
CHEMBL1765603,0,decoy,-5.49188390352105,SP
CHEMBL1765612,0,decoy,-4.08303512090395,HTVS
CHEMBL1765615,0,decoy,-6.80067080112865,SP
CHEMBL1765672,0,decoy,-6.529977723138,SP
CHEMBL1765674,0,decoy,-4.50675800711298,HTVS
CHEMBL1765096,0,decoy,-3.68288403492088,HTVS
CHEMBL1765675,0,decoy,-4.28303452691486,HTVS
CHEMBL1765678,0,decoy,-4.79313907895368,HTVS
CHEMBL1765679,0,decoy,-4.2606125347657,HTVS
CHEMBL1765703,0,decoy,-4.64972161076269,HTVS
CHEMBL1765704,0,decoy,-4.29374941367893,HTVS
CHEMBL1765706,0,decoy,-4.49027418641218,HTVS
CHEMBL1765709,0,decoy,-4.84823846298443,HTVS
CHEMBL1765714,0,decoy,-4.2494317025177,HTVS
CHEMBL1766037,0,decoy,-3.96756797967108,HTVS
CHEMBL1766038,0,decoy,-3.98617657602394,HTVS
CHEMBL1766046,0,decoy,-4.52535811146977,HTVS
CHEMBL1766053,0,decoy,-4.6205553974058,HTVS
CHEMBL1766058,0,decoy,-5.23377344347685,SP
CHEMBL4104291,0,decoy,-4.16724213497823,HTVS
CHEMBL4104451,0,decoy,-5.86994895625315,SP
CHEMBL4104455,0,decoy,-5.87356256277226,SP
CHEMBL4104456,0,decoy,-4.60795275273426,HTVS
CHEMBL4104591,0,decoy,-4.70428177440661,HTVS
CHEMBL4104702,0,decoy,-4.90623516912987,HTVS
CHEMBL4104709,0,decoy,-4.64531355210692,HTVS
CHEMBL4105042,0,decoy,-3.91986200793955,HTVS
CHEMBL4105082,0,decoy,-3.77936432037452,HTVS
CHEMBL4105107,0,decoy,-3.63945522550101,HTVS
CHEMBL4105176,0,decoy,-5.88924905517432,SP
CHEMBL4105276,0,decoy,-3.99084939571662,HTVS
CHEMBL4105368,0,decoy,-4.81933539245359,HTVS
CHEMBL4105459,0,decoy,-4.70617354398626,HTVS
CHEMBL4105480,0,decoy,-5.14024021994809,SP
CHEMBL1798018,0,decoy,-4.12610413203516,HTVS
CHEMBL1798019,0,decoy,-4.71019348172172,HTVS
CHEMBL1766021,0,decoy,-3.99991100708245,HTVS
CHEMBL4104189,0,decoy,-4.90434857822979,HTVS
CHEMBL5561342,0,decoy,-5.80378428528712,SP
CHEMBL2360110,0,decoy,-5.51882811085176,SP
CHEMBL3609328,0,decoy,-4.8244962600085,HTVS
CHEMBL542907,0,decoy,-5.5592083486704,SP
CHEMBL1762558,0,decoy,-5.90342934586113,SP
CHEMBL1762610,0,decoy,-4.67922181302617,HTVS
CHEMBL1762613,0,decoy,-4.28321898729991,HTVS
CHEMBL1762614,0,decoy,-4.65813116354877,HTVS
CHEMBL1762615,0,decoy,-4.45761885484818,HTVS
CHEMBL1762616,0,decoy,-4.16329084575112,HTVS
CHEMBL1762619,0,decoy,-4.15052973050639,HTVS
CHEMBL1762620,0,decoy,-5.20897044655942,SP
CHEMBL1762622,0,decoy,-4.63723170453706,HTVS
CHEMBL1762713,0,decoy,-3.8913452914261,HTVS
CHEMBL1762749,0,decoy,-4.24097664810057,HTVS
CHEMBL1762751,0,decoy,-4.37956295232618,HTVS
CHEMBL1762752,0,decoy,-4.6498166014096,HTVS
CHEMBL1762754,0,decoy,-4.13135041149084,HTVS
CHEMBL1762755,0,decoy,-3.76936107246601,HTVS
CHEMBL1762756,0,decoy,-4.72394336146362,HTVS
CHEMBL1762757,0,decoy,-3.4271990096349,HTVS
CHEMBL1765190,0,decoy,-4.43307270709583,HTVS
CHEMBL1765191,0,decoy,-4.83477534586157,HTVS
CHEMBL1765194,0,decoy,-4.27686475633484,HTVS
CHEMBL1765208,0,decoy,-5.72234042313804,SP
CHEMBL1765264,0,decoy,-6.07613210005471,SP
CHEMBL1765279,0,decoy,-4.83846067291691,HTVS
CHEMBL1765283,0,decoy,-6.02639630374013,SP
CHEMBL1765541,0,decoy,-4.86783171207867,HTVS
CHEMBL1765574,0,decoy,-3.69866230263825,HTVS
CHEMBL1765599,0,decoy,-5.54580876932428,SP
CHEMBL1765799,0,decoy,-5.7149356685741,SP
CHEMBL1765801,0,decoy,-5.95260668437619,SP
CHEMBL1765812,0,decoy,-6.35143114931362,SP
CHEMBL1765816,0,decoy,-6.42894326620867,SP
CHEMBL1766071,0,decoy,-4.5872150991268,HTVS
CHEMBL4104223,0,decoy,-5.46225366884852,SP
CHEMBL4104433,0,decoy,-5.74079711255251,SP
CHEMBL4104457,0,decoy,-5.46857695173351,SP
CHEMBL4104604,0,decoy,-4.58303767073908,HTVS
CHEMBL4104624,0,decoy,-5.29560930044798,SP
CHEMBL4104696,0,decoy,-4.48569744795946,HTVS
CHEMBL4104713,0,decoy,-4.61737768065713,HTVS
CHEMBL4104773,0,decoy,-5.6767686874368,SP
CHEMBL4104919,0,decoy,-4.3136121156526,HTVS
CHEMBL4104937,0,decoy,-3.60371906535088,HTVS
CHEMBL1765614,0,decoy,-5.14316270703003,SP
CHEMBL1765708,0,decoy,-4.84182463839437,HTVS
CHEMBL4104431,0,decoy,-4.71999690356663,HTVS
CHEMBL4104632,0,decoy,-4.11127361902003,HTVS
CHEMBL4105455,0,decoy,-4.21028534743071,HTVS
CHEMBL4215192,0,decoy,-6.14588958270317,SP
CHEMBL3654230,0,decoy,-4.46265060486296,HTVS
CHEMBL3655265,0,decoy,-4.81760242545506,HTVS
CHEMBL3655266,0,decoy,-4.76199528896884,HTVS
CHEMBL3655269,0,decoy,-6.09838484049399,SP
CHEMBL3338723,0,decoy,-4.27651585073087,HTVS
CHEMBL3986278,0,decoy,-4.16272392442191,HTVS
CHEMBL84046,0,decoy,-5.49347783174038,SP
CHEMBL314049,0,decoy,-4.97838957941881,SP
CHEMBL5560685,0,decoy,-4.39235772827903,HTVS
CHEMBL5560764,0,decoy,-4.15583427046754,HTVS
CHEMBL5560907,0,decoy,-3.99444908193312,HTVS
CHEMBL5561109,0,decoy,-4.32700501965059,HTVS
CHEMBL4541272,0,decoy,-4.33230944646654,HTVS
CHEMBL2359531,0,decoy,-5.94495830340278,SP
CHEMBL2360007,0,decoy,-6.09563172268579,SP
CHEMBL3351080,0,decoy,-4.85097338508692,HTVS
CHEMBL3353823,0,decoy,-4.90890526466271,HTVS
CHEMBL2286521,0,decoy,-3.30219612319901,HTVS
CHEMBL2286766,0,decoy,-4.28854253119907,HTVS
CHEMBL1743828,0,decoy,-4.52883515637545,HTVS
CHEMBL1714046,0,decoy,-6.07815389795755,SP
CHEMBL1714337,0,decoy,-3.89665772482703,HTVS
CHEMBL1762590,0,decoy,-4.89936275523601,HTVS
CHEMBL1762591,0,decoy,-4.03464380747779,HTVS
CHEMBL1762592,0,decoy,-7.16939732522011,SP
CHEMBL1762593,0,decoy,-5.89182755596968,SP
CHEMBL1762708,0,decoy,-3.37941562873332,HTVS
CHEMBL1762709,0,decoy,-3.63156300496919,HTVS
CHEMBL1762710,0,decoy,-4.45954990977592,HTVS
CHEMBL1762711,0,decoy,-3.21849598713935,HTVS
CHEMBL1762811,0,decoy,-4.64635389795492,HTVS
CHEMBL1765321,0,decoy,-4.71194878558695,HTVS
CHEMBL1765547,0,decoy,-5.38635909687131,SP
CHEMBL1765611,0,decoy,-4.52792809497027,HTVS
CHEMBL1765673,0,decoy,-4.45160948322739,HTVS
CHEMBL1765711,0,decoy,-4.63761845167464,HTVS
CHEMBL1765829,0,decoy,-4.44217771899302,HTVS
CHEMBL1765847,0,decoy,-4.69243401911139,HTVS
CHEMBL1765863,0,decoy,-5.90049486654593,SP
CHEMBL1765890,0,decoy,-4.15523830702369,HTVS
CHEMBL1765970,0,decoy,-3.97712958747499,HTVS
CHEMBL1765972,0,decoy,-4.66606332473233,HTVS
CHEMBL1765983,0,decoy,-4.64872272951315,HTVS
CHEMBL1978458,0,decoy,-4.65490369921019,HTVS
CHEMBL1742228,0,decoy,-4.82875392493854,HTVS
CHEMBL1800385,0,decoy,-4.58171022667517,HTVS
CHEMBL4214964,0,decoy,-5.23314264813081,SP
CHEMBL4215054,0,decoy,-3.66757729842207,HTVS
CHEMBL4215943,0,decoy,-4.39862695248882,HTVS
CHEMBL3654672,0,decoy,-6.04156800946025,SP
CHEMBL3655334,0,decoy,-4.44584560068209,HTVS
CHEMBL3338153,0,decoy,-3.44085908215657,HTVS
CHEMBL3338749,0,decoy,-4.73031847785919,HTVS
CHEMBL3985713,0,decoy,-4.12280294225689,HTVS
CHEMBL3985882,0,decoy,-3.53690511477947,HTVS
CHEMBL3986131,0,decoy,-2.42091759151497,HTVS
CHEMBL3986276,0,decoy,-3.82542784100533,HTVS
CHEMBL3986350,0,decoy,-4.31206149394888,HTVS
CHEMBL3986496,0,decoy,-3.55203602743115,HTVS
CHEMBL3986780,0,decoy,-6.30807715198497,SP
CHEMBL83061,0,decoy,-3.76888054338744,HTVS
CHEMBL85307,0,decoy,-4.91811089245165,SP
CHEMBL5560929,0,decoy,-4.84141532749075,HTVS
CHEMBL5561238,0,decoy,-5.19831976614176,SP
CHEMBL5561358,0,decoy,-2.5816783709156,HTVS
CHEMBL5561596,0,decoy,-5.78294451049987,SP
CHEMBL4540361,0,decoy,-4.5499196669226,HTVS
CHEMBL4540660,0,decoy,-3.64782248504024,HTVS
CHEMBL4540693,0,decoy,-4.35789875344761,HTVS
CHEMBL4540732,0,decoy,-5.30012576551362,SP
CHEMBL4540782,0,decoy,-3.44090196483213,HTVS
CHEMBL4540867,0,decoy,-4.66079640057363,HTVS
CHEMBL4540908,0,decoy,-6.22253086725631,SP
CHEMBL4541189,0,decoy,-3.44575741297625,HTVS
CHEMBL4541212,0,decoy,-4.41124769669103,HTVS
CHEMBL4541617,0,decoy,-4.58670308726059,HTVS
CHEMBL3716841,0,decoy,-5.86612602233193,SP
CHEMBL3718218,0,decoy,-4.87026683057843,HTVS
CHEMBL2359066,0,decoy,-3.43055872732696,HTVS
CHEMBL2359076,0,decoy,-4.7140132113995,HTVS
CHEMBL2359115,0,decoy,-4.48029699235007,HTVS
CHEMBL2359678,0,decoy,-5.76127367765302,SP
CHEMBL2359697,0,decoy,-4.94260927439806,SP
CHEMBL2359769,0,decoy,-4.23849464001135,HTVS
CHEMBL2359797,0,decoy,-4.65063554121648,HTVS
CHEMBL2359881,0,decoy,-3.859739649361,HTVS
CHEMBL2359982,0,decoy,-4.7821184775707,HTVS
CHEMBL1977506,0,decoy,-4.57257557913435,HTVS
CHEMBL1977723,0,decoy,-4.70327881146922,HTVS
CHEMBL1978002,0,decoy,-3.94836733450402,SP
CHEMBL1978580,0,decoy,-4.57034010701188,HTVS
CHEMBL1978704,0,decoy,-4.53077925078451,HTVS
CHEMBL1714474,0,decoy,-6.35215825655728,SP
CHEMBL1765624,0,decoy,-4.98446753409664,SP
CHEMBL4104377,0,decoy,-4.82990142940349,HTVS
CHEMBL4105075,0,decoy,-4.24990399761474,HTVS
CHEMBL4215969,0,decoy,-4.64886873499673,HTVS
CHEMBL3654423,0,decoy,-3.73654976306318,HTVS
CHEMBL3654430,0,decoy,-4.70238944392119,HTVS
CHEMBL3338160,0,decoy,-4.35444630167661,HTVS
CHEMBL3338171,0,decoy,-4.83955803039412,HTVS
CHEMBL3338172,0,decoy,-3.54874861535005,HTVS
CHEMBL3338342,0,decoy,-3.64074099072017,HTVS
CHEMBL3338929,0,decoy,-0.69533718600318,HTVS
CHEMBL3986062,0,decoy,-3.98389235636341,HTVS
CHEMBL3986302,0,decoy,-2.84726471177373,HTVS
CHEMBL3986501,0,decoy,-5.39832294913265,SP
CHEMBL3986743,0,decoy,-4.71893417620453,HTVS
CHEMBL84219,0,decoy,-5.69998668389503,SP
CHEMBL313480,0,decoy,-4.30266794992815,HTVS
CHEMBL419118,0,decoy,-3.74911955589956,HTVS
CHEMBL86253,0,decoy,-2.56097174995736,HTVS
CHEMBL85310,0,decoy,-4.20708699938678,HTVS
CHEMBL5560858,0,decoy,-1.72927416138494,HTVS
CHEMBL5561205,0,decoy,-2.78683967700188,HTVS
CHEMBL4540368,0,decoy,-3.65768011466834,HTVS
CHEMBL4540511,0,decoy,-4.01037581610884,HTVS
CHEMBL4541154,0,decoy,-4.91691210716375,HTVS
CHEMBL4541305,0,decoy,-4.54254161543746,HTVS
CHEMBL2359021,0,decoy,-3.27738199226301,HTVS
CHEMBL2359094,0,decoy,-5.71864978585156,SP
CHEMBL2359474,0,decoy,-3.81697950915626,HTVS
CHEMBL2359549,0,decoy,-2.94736492909042,HTVS
CHEMBL1978075,0,decoy,-4.78929589351853,SP
CHEMBL1714626,0,decoy,-4.62996828744177,HTVS
CHEMBL1714650,0,decoy,-5.44522564468397,SP
CHEMBL1714661,0,decoy,-4.73163733937784,HTVS
CHEMBL1714674,0,decoy,-4.2597704479828,HTVS
CHEMBL1714715,0,decoy,-6.4728246553499,SP
CHEMBL1714743,0,decoy,-3.77557468510972,HTVS
CHEMBL1714803,0,decoy,-6.50932962207517,SP
CHEMBL1714823,0,decoy,-4.19548776861743,HTVS
CHEMBL1714900,0,decoy,-4.14763545273715,HTVS
CHEMBL1714963,0,decoy,-2.59575505112561,HTVS
CHEMBL1715226,0,decoy,-3.39870839840149,HTVS
CHEMBL1715436,0,decoy,-3.46946689446143,HTVS
CHEMBL1713615,0,decoy,-4.58306044863256,HTVS
CHEMBL1713686,0,decoy,-4.92002031362899,HTVS
CHEMBL1713866,0,decoy,-5.21324656000383,SP
CHEMBL1714008,0,decoy,-4.07537843569707,HTVS
CHEMBL1714167,0,decoy,-4.57051071040217,HTVS
CHEMBL1714175,0,decoy,-4.52241823033113,HTVS
CHEMBL3985436,0,decoy,-4.58976200905668,HTVS
CHEMBL3986203,0,decoy,-4.10263654527457,HTVS
CHEMBL5560881,0,decoy,-4.8214111479967,HTVS
CHEMBL5561242,0,decoy,-4.9256568572309,HTVS
CHEMBL5561647,0,decoy,-5.28676692480526,SP
CHEMBL4540960,0,decoy,-3.72164488577311,HTVS
CHEMBL4541193,0,decoy,-7.54574784647367,SP
CHEMBL4541369,0,decoy,-3.63435197516497,HTVS
CHEMBL3719337,0,decoy,-4.10949868073398,HTVS
CHEMBL2359515,0,decoy,-4.07371133758063,HTVS
CHEMBL1714484,0,decoy,-3.76808722189769,HTVS
CHEMBL1714746,0,decoy,-2.80318305574506,HTVS
CHEMBL3353356,0,decoy,-4.42795592787462,HTVS
CHEMBL3353357,0,decoy,-4.02484489439601,HTVS
CHEMBL3353502,0,decoy,-3.24418516264264,HTVS
CHEMBL3353514,0,decoy,-3.72588471915282,HTVS
CHEMBL3353541,0,decoy,-2.41152560760811,HTVS
CHEMBL3353589,0,decoy,-3.88730984004774,HTVS
CHEMBL1744172,0,decoy,-3.96569814620118,HTVS
CHEMBL1744189,0,decoy,-4.34339758551579,HTVS
CHEMBL1744349,0,decoy,-4.33685657132524,HTVS
CHEMBL1714096,0,decoy,-3.34594780792698,HTVS
CHEMBL3609367,0,decoy,-3.05586424775696,HTVS
CHEMBL3609372,0,decoy,-4.5176923058039,HTVS
CHEMBL1765871,0,decoy,-4.84621520634123,HTVS
CHEMBL1765980,0,decoy,-5.41158588707322,SP
CHEMBL1765997,0,decoy,-4.73583513871712,HTVS
CHEMBL4104710,0,decoy,-3.61724220214065,HTVS
CHEMBL1800429,0,decoy,-5.44396187614282,SP
CHEMBL1800562,0,decoy,-5.84825580026864,SP
CHEMBL1800692,0,decoy,-4.5315977076118,HTVS
CHEMBL4215113,0,decoy,-3.61746299109115,HTVS
CHEMBL4215379,0,decoy,-2.64780672085718,HTVS
CHEMBL4215704,0,decoy,-5.76743474187755,SP
CHEMBL3654318,0,decoy,-3.98712219316848,HTVS
CHEMBL3654353,0,decoy,-5.96928029475462,SP
CHEMBL3654354,0,decoy,-4.81014256293169,HTVS
CHEMBL3654386,0,decoy,-4.07374698973808,HTVS
CHEMBL3654479,0,decoy,-6.96666275446106,SP
CHEMBL3654507,0,decoy,-7.48805972815361,SP
CHEMBL3654556,0,decoy,-7.67053540636107,SP
CHEMBL3654563,0,decoy,-7.47026595385048,SP
CHEMBL3654573,0,decoy,-7.71672431272681,SP
CHEMBL3654581,0,decoy,-7.48105682654878,SP
CHEMBL3654728,0,decoy,-4.69111809506151,HTVS
CHEMBL3655150,0,decoy,-5.86641526246327,SP
CHEMBL3655151,0,decoy,-6.4517955515036,SP
CHEMBL3655153,0,decoy,-6.81479071442019,SP
CHEMBL3639540,0,decoy,-6.44473466041536,SP
CHEMBL3717286,0,decoy,-2.7149237605262,HTVS
CHEMBL3718795,0,decoy,-2.39836120734418,HTVS
CHEMBL2359171,0,decoy,-4.13166400256154,HTVS
CHEMBL2359226,0,decoy,-3.94932550243247,HTVS
CHEMBL2359345,0,decoy,-3.69061321593691,HTVS
CHEMBL1977983,0,decoy,-4.67499637367131,HTVS
CHEMBL1978082,0,decoy,-2.45482181315169,HTVS
CHEMBL1978152,0,decoy,-4.59215537348961,HTVS
CHEMBL1978249,0,decoy,-1.85348425616644,HTVS
CHEMBL1978651,0,decoy,-5.28970433026763,SP
CHEMBL1714463,0,decoy,-4.71967331518111,HTVS
CHEMBL1714481,0,decoy,-4.88466931900226,HTVS
CHEMBL1714629,0,decoy,-6.5340583014727,SP
CHEMBL1714643,0,decoy,-4.08705380427732,HTVS
CHEMBL1714656,0,decoy,-3.65267960198717,HTVS
CHEMBL1714788,0,decoy,-4.92220566156776,HTVS
CHEMBL1715113,0,decoy,-5.89720269387074,SP
CHEMBL1715136,0,decoy,-4.76172674438491,SP
CHEMBL1715209,0,decoy,-6.8690742023057,SP
CHEMBL1715271,0,decoy,-5.52468868304962,SP
CHEMBL1715354,0,decoy,-4.81766284065229,HTVS
CHEMBL1715389,0,decoy,-3.69984841972752,HTVS
CHEMBL3353005,0,decoy,-3.94015398718288,HTVS
CHEMBL3353242,0,decoy,-2.97409869260698,HTVS
CHEMBL3353411,0,decoy,-3.70937493717586,HTVS
CHEMBL3353526,0,decoy,-2.8018987347106,HTVS
CHEMBL3353538,0,decoy,-3.51236984105836,HTVS
CHEMBL3353635,0,decoy,-4.90014575457311,HTVS
CHEMBL1742125,0,decoy,-2.68212934546776,HTVS
CHEMBL1742179,0,decoy,-4.21410127191126,HTVS
CHEMBL1742335,0,decoy,-4.42003465698853,HTVS
CHEMBL1742429,0,decoy,-4.60805732131955,HTVS
CHEMBL1743920,0,decoy,-5.8244596212045,SP
CHEMBL1744064,0,decoy,-5.93084279187402,SP
CHEMBL1744161,0,decoy,-6.39768029472929,SP
CHEMBL1744176,0,decoy,-5.35945614092606,SP
CHEMBL1744331,0,decoy,-3.27848514018624,HTVS
CHEMBL1713309,0,decoy,-4.22011435160861,HTVS
CHEMBL1713336,0,decoy,-4.89223800229431,HTVS
CHEMBL1713440,0,decoy,-4.76352902055275,SP
CHEMBL1713621,0,decoy,-3.36597319709557,HTVS
CHEMBL1713701,0,decoy,-4.05476553526632,HTVS
CHEMBL1713783,0,decoy,-5.3118744678484,SP
CHEMBL1713856,0,decoy,-4.16269737850873,SP
CHEMBL1713876,0,decoy,-4.91515803846878,HTVS
CHEMBL1713884,0,decoy,-4.08816599046567,HTVS
CHEMBL1713967,0,decoy,-3.36851377914587,HTVS
CHEMBL1714102,0,decoy,-4.16410400853849,HTVS
CHEMBL4215491,0,decoy,-4.39011343426672,HTVS
CHEMBL3986683,0,decoy,-6.69295465539095,SP
CHEMBL1714666,0,decoy,-5.56675707520921,SP
CHEMBL3353427,0,decoy,-4.56619578485223,HTVS
CHEMBL3353434,0,decoy,-4.72323212532614,HTVS
CHEMBL1742437,0,decoy,-4.29123033938004,HTVS
CHEMBL1713482,0,decoy,-4.64902386879396,HTVS
CHEMBL1713555,0,decoy,-6.3153421917414,SP
CHEMBL1713656,0,decoy,-3.14309719895406,HTVS
CHEMBL4104943,0,decoy,-5.02137932775788,SP
CHEMBL4105132,0,decoy,-3.88458332126833,HTVS
CHEMBL1797929,0,decoy,-5.47008252691923,SP
CHEMBL1800237,0,decoy,-5.96077963074159,SP
CHEMBL1800077,0,decoy,-5.98776987347198,SP
CHEMBL1800243,0,decoy,-3.88811231579767,HTVS
CHEMBL1800249,0,decoy,-6.33714923422297,SP
CHEMBL1800251,0,decoy,-5.61703264263222,SP
CHEMBL1800277,0,decoy,-4.43483059221241,HTVS
CHEMBL1800286,0,decoy,-3.90000941516317,HTVS
CHEMBL1800323,0,decoy,-3.89931872804547,HTVS
CHEMBL1800384,0,decoy,-6.6789402420503,SP
CHEMBL1800531,0,decoy,-6.53075077589345,SP
CHEMBL1800782,0,decoy,-5.25449480825336,SP
CHEMBL1800783,0,decoy,-4.67753755658319,HTVS
CHEMBL1800784,0,decoy,-5.50522285170157,SP
CHEMBL1800862,0,decoy,-4.70514239804631,HTVS
CHEMBL4214757,0,decoy,-4.70115475946075,HTVS
CHEMBL4214841,0,decoy,-4.73833959309763,HTVS
CHEMBL4214856,0,decoy,-4.75374278939279,SP
CHEMBL4214864,0,decoy,-4.73609994907352,HTVS
CHEMBL4214869,0,decoy,-5.10449158114158,SP
CHEMBL4214929,0,decoy,-5.51242162831587,SP
CHEMBL4214980,0,decoy,-6.03896758707257,SP
CHEMBL4214987,0,decoy,-4.83556501344357,HTVS
CHEMBL4215019,0,decoy,-6.25773070902183,SP
CHEMBL4215142,0,decoy,-6.56748149879667,SP
CHEMBL4215451,0,decoy,-4.19599598986365,HTVS
CHEMBL4215651,0,decoy,-7.67111725170399,SP
CHEMBL4215676,0,decoy,-5.26202368553661,SP
CHEMBL4215804,0,decoy,-4.1281718548462,HTVS
CHEMBL4215806,0,decoy,-6.87060637395366,SP
CHEMBL4215820,0,decoy,-4.48653080299699,HTVS
CHEMBL4215826,0,decoy,-5.54125684037621,SP
CHEMBL4215946,0,decoy,-4.04162475850949,HTVS
CHEMBL4216035,0,decoy,-5.73052208132791,SP
CHEMBL3654785,0,decoy,-6.31253808491635,SP
CHEMBL3654829,0,decoy,-6.27551367840266,SP
CHEMBL3654851,0,decoy,-6.25264183376778,SP
CHEMBL3654854,0,decoy,-6.61695088383101,SP
CHEMBL4105351,0,decoy,-6.95045920522644,SP
CHEMBL4215272,0,decoy,-5.59344004229152,SP
CHEMBL3338853,0,decoy,-6.63442549506403,SP
CHEMBL3985973,0,decoy,-7.68121992072504,SP
CHEMBL3986300,0,decoy,-7.08315507299276,SP
CHEMBL3986856,0,decoy,-4.37489895880992,HTVS
CHEMBL5560346,0,decoy,-6.27821739919265,SP
CHEMBL5560402,0,decoy,-7.02485768893887,SP
CHEMBL5560711,0,decoy,-4.86575341059578,HTVS
CHEMBL5560866,0,decoy,-7.07620874349936,SP
CHEMBL5561387,0,decoy,-4.42100586802002,HTVS
CHEMBL5561487,0,decoy,-4.17257289779409,HTVS
CHEMBL5561611,0,decoy,-5.48930005592993,SP
CHEMBL4540465,0,decoy,-4.72418245668828,HTVS
CHEMBL4540487,0,decoy,-7.25381008061174,SP
CHEMBL4540509,0,decoy,-4.15931836456598,HTVS
CHEMBL4540673,0,decoy,-3.33786881725464,HTVS
CHEMBL4540858,0,decoy,-4.49239472885099,HTVS
CHEMBL4541028,0,decoy,-3.8655724601206,HTVS
CHEMBL4541427,0,decoy,-3.37596347011123,HTVS
CHEMBL4541545,0,decoy,-4.88382107768094,HTVS
CHEMBL4541553,0,decoy,-4.4838288250149,HTVS
CHEMBL4541701,0,decoy,-4.22137791154894,HTVS
CHEMBL4541748,0,decoy,-4.62082942029821,HTVS
CHEMBL3716262,0,decoy,0.0892240041955756,HTVS
CHEMBL3719282,0,decoy,-3.9242617408781,HTVS
CHEMBL3716820,0,decoy,-6.83376599789683,SP
CHEMBL3717860,0,decoy,-4.35866932548618,HTVS
CHEMBL2359027,0,decoy,-3.18859241333004,HTVS
CHEMBL2359187,0,decoy,-6.55564464642579,SP
CHEMBL2359366,0,decoy,-4.12396074170139,HTVS
CHEMBL2359937,0,decoy,-4.89500402824985,HTVS
CHEMBL2359962,0,decoy,-6.5768243872354,SP
CHEMBL1977316,0,decoy,-4.91414927003249,HTVS
CHEMBL1978718,0,decoy,-3.19373105588623,SP
CHEMBL1714533,0,decoy,-4.90634835507119,SP
CHEMBL1714615,0,decoy,-4.60711513834484,HTVS
CHEMBL1714687,0,decoy,-5.42125483091711,SP
CHEMBL1715181,0,decoy,-3.18648578320346,HTVS
CHEMBL1715247,0,decoy,-4.67748592891446,HTVS
CHEMBL1715406,0,decoy,-3.3738162094937,HTVS
CHEMBL3353202,0,decoy,-4.7990034567172,HTVS
CHEMBL3353207,0,decoy,-4.14281470777607,HTVS
CHEMBL3353452,0,decoy,-4.24572702518268,HTVS
CHEMBL3353758,0,decoy,-4.74072125305311,HTVS
CHEMBL2286340,0,decoy,-4.14167011918216,HTVS
CHEMBL1742183,0,decoy,-2.88539332338927,HTVS
CHEMBL1743835,0,decoy,-5.61397966283639,SP
CHEMBL1713519,0,decoy,-6.05820662777895,SP
CHEMBL1714057,0,decoy,-5.75541135490183,SP
CHEMBL3608605,0,decoy,-3.86186916486207,HTVS
CHEMBL3608607,0,decoy,-3.74683756655844,HTVS
CHEMBL3608612,0,decoy,-2.81836888197662,HTVS
CHEMBL3608615,0,decoy,-4.82723286654864,HTVS
CHEMBL3609167,0,decoy,-5.73033773184344,SP
CHEMBL3609193,0,decoy,-4.6847864000459,HTVS
CHEMBL552638,0,decoy,-5.61875474262926,SP
CHEMBL543627,0,decoy,-4.42827260447732,HTVS
CHEMBL543630,0,decoy,-6.06249486532336,SP
CHEMBL543870,0,decoy,-4.36522087694997,HTVS
CHEMBL544332,0,decoy,-5.05690775244653,SP
CHEMBL1762775,0,decoy,-5.66203471070762,SP
CHEMBL1762783,0,decoy,-6.24715852852257,SP
CHEMBL1743882,0,decoy,-6.2452501335731,SP
CHEMBL1765650,0,decoy,-3.86008092597433,HTVS
CHEMBL1800464,0,decoy,-5.9269020142523,SP
CHEMBL1800465,0,decoy,-6.10994929139448,SP
CHEMBL4215785,0,decoy,-4.36096676029909,HTVS
CHEMBL3654764,0,decoy,-6.68596094199652,SP
CHEMBL3654890,0,decoy,-4.85578773959896,HTVS
CHEMBL3985693,0,decoy,-3.72926841445944,HTVS
CHEMBL3985891,0,decoy,-6.45445423701481,SP
CHEMBL85203,0,decoy,-4.39294956833437,HTVS
CHEMBL84778,0,decoy,-5.1390487852723,SP
CHEMBL86313,0,decoy,-4.8860815389772,HTVS
CHEMBL85900,0,decoy,-4.55206487543899,HTVS
CHEMBL5560451,0,decoy,-6.19706340635755,SP
CHEMBL5560620,0,decoy,-4.78860696508901,SP
CHEMBL5560712,0,decoy,-4.45536006300984,HTVS
CHEMBL5561272,0,decoy,-4.44643678870303,HTVS
CHEMBL4541086,0,decoy,-4.73695416189186,HTVS
CHEMBL4541368,0,decoy,-6.63721121566559,SP
CHEMBL4541714,0,decoy,-4.24793548742845,HTVS
CHEMBL3716999,0,decoy,-6.72526137571671,SP
CHEMBL3717720,0,decoy,-4.92075273771222,HTVS
CHEMBL3716075,0,decoy,-6.49644981591082,SP
CHEMBL2359043,0,decoy,-6.13031999748161,SP
CHEMBL2359698,0,decoy,-5.30291418221753,SP
CHEMBL2359979,0,decoy,-5.74917858507013,SP
CHEMBL2360115,0,decoy,-5.71939416195451,SP
CHEMBL1977460,0,decoy,-4.45785858945899,HTVS
CHEMBL1977777,0,decoy,-5.74580210244511,SP
CHEMBL1977888,0,decoy,-4.3840561215162,HTVS
CHEMBL1978716,0,decoy,-4.32848819698994,HTVS
CHEMBL3353194,0,decoy,-4.72110541412103,HTVS
CHEMBL3353203,0,decoy,-6.2241566892696,SP
CHEMBL3353219,0,decoy,-5.97889221718376,SP
CHEMBL1742196,0,decoy,-4.60640418253607,HTVS
CHEMBL1713358,0,decoy,-4.3390921057021,HTVS
CHEMBL3609101,0,decoy,-4.84326047998287,HTVS
CHEMBL3609102,0,decoy,-4.53767839734964,HTVS
CHEMBL3609191,0,decoy,-5.57098116801819,SP
CHEMBL3609760,0,decoy,-5.59992775304623,SP
CHEMBL3609897,0,decoy,-3.54602468965859,HTVS
CHEMBL544110,0,decoy,-5.82012208694402,SP
CHEMBL545740,0,decoy,-4.20650140307694,HTVS
CHEMBL542449,0,decoy,-4.82371331595777,HTVS
CHEMBL554642,0,decoy,-5.80870041664489,SP
CHEMBL553982,0,decoy,-4.46691764164233,HTVS
CHEMBL552894,0,decoy,-5.70323497193804,SP
CHEMBL543410,0,decoy,-6.05118367642959,SP
CHEMBL1762771,0,decoy,-5.58293279015942,SP
CHEMBL431219,0,decoy,-5.65512186715935,SP
CHEMBL5561676,0,decoy,-7.08524102532098,SP
CHEMBL3609650,0,decoy,-7.53768828172643,SP
CHEMBL3609854,0,decoy,-6.82895671574054,SP
CHEMBL4214803,0,decoy,-4.18954912449319,HTVS
CHEMBL4214861,0,decoy,-4.58581116879799,HTVS
CHEMBL4215086,0,decoy,-5.95073332436162,SP
CHEMBL4215341,0,decoy,-3.66630787852915,HTVS
CHEMBL4215768,0,decoy,-3.4388464226433,HTVS
CHEMBL4215810,0,decoy,-4.299504134086,HTVS
CHEMBL4216053,0,decoy,-3.63151722162202,HTVS
CHEMBL3337964,0,decoy,-4.75030222607872,HTVS
CHEMBL3338133,0,decoy,-3.99475426178944,HTVS
CHEMBL3338523,0,decoy,-5.51091203426991,SP
CHEMBL3338846,0,decoy,-6.77219622335356,SP
CHEMBL3338847,0,decoy,-7.21230992128681,SP
CHEMBL3338848,0,decoy,-4.81910332241427,HTVS
CHEMBL3338855,0,decoy,-4.75293974019319,HTVS
CHEMBL3338856,0,decoy,-5.66649359694914,SP
CHEMBL3338860,0,decoy,-7.6786303294345,SP
CHEMBL3338866,0,decoy,-6.59885720813719,SP
CHEMBL3985940,0,decoy,-5.57931907187469,SP
CHEMBL3985966,0,decoy,-5.14468013464113,SP
CHEMBL3986090,0,decoy,-6.11810484789997,SP
CHEMBL3986109,0,decoy,-7.67127709793515,SP
CHEMBL3986149,0,decoy,-7.13785316012733,SP
CHEMBL3986241,0,decoy,-6.24199405467395,SP
CHEMBL3986260,0,decoy,-4.67452495253632,HTVS
CHEMBL3986279,0,decoy,-6.32739041186757,SP
CHEMBL3986281,0,decoy,-5.3975183179475,SP
CHEMBL3986304,0,decoy,-7.37129329758276,SP
CHEMBL3986338,0,decoy,-6.86989356314071,SP
CHEMBL3986374,0,decoy,-4.2048032110764,HTVS
CHEMBL3986660,0,decoy,-4.35096764152798,HTVS
CHEMBL3986664,0,decoy,-4.45848922344668,HTVS
CHEMBL312868,0,decoy,-3.94239009957149,HTVS
CHEMBL86145,0,decoy,-4.34131598848515,HTVS
CHEMBL85266,0,decoy,-4.91610711077426,HTVS
CHEMBL84902,0,decoy,-4.49777176302118,HTVS
CHEMBL86208,0,decoy,-4.42039328475284,HTVS
CHEMBL315453,0,decoy,-3.85127126473507,HTVS
CHEMBL313588,0,decoy,-4.34067602968108,HTVS
CHEMBL85972,0,decoy,-6.06872848780023,SP
CHEMBL314983,0,decoy,-6.18836839500745,SP
CHEMBL314455,0,decoy,-5.41349928670215,SP
CHEMBL420597,0,decoy,-4.52211107110974,HTVS
CHEMBL5560406,0,decoy,-7.18382263907732,SP
CHEMBL5560539,0,decoy,-6.60057162977456,SP
CHEMBL5560572,0,decoy,-4.46846777420612,HTVS
CHEMBL5560617,0,decoy,-3.1716765691258,HTVS
CHEMBL1977753,0,decoy,-4.19324483732224,HTVS
CHEMBL1714331,0,decoy,-5.42320451984637,SP
CHEMBL4104506,0,decoy,-6.04011689775412,SP
CHEMBL1800132,0,decoy,-4.05146799724815,HTVS
CHEMBL4214882,0,decoy,-4.17857518516934,HTVS
CHEMBL4215472,0,decoy,-3.85923249328598,HTVS
CHEMBL4215935,0,decoy,-5.61450816712323,SP
CHEMBL4216042,0,decoy,-5.87613104758457,SP
CHEMBL3655108,0,decoy,-5.9685334927263,SP
CHEMBL3655140,0,decoy,-5.74555735013901,SP
CHEMBL3655141,0,decoy,-4.92534355087132,HTVS
CHEMBL3655144,0,decoy,-6.09550879186667,SP
CHEMBL3655149,0,decoy,-6.56915740054912,SP
CHEMBL3655152,0,decoy,-6.09921823099008,SP
CHEMBL3655161,0,decoy,-6.24495498037208,SP
CHEMBL3655167,0,decoy,-4.76879052178547,HTVS
CHEMBL3655170,0,decoy,-5.80202550639969,SP
CHEMBL3655175,0,decoy,-4.842332108312,HTVS
CHEMBL3655181,0,decoy,-6.14390148750357,SP
CHEMBL3655185,0,decoy,-6.47835574257084,SP
CHEMBL3655189,0,decoy,-4.8399297524634,HTVS
CHEMBL3655198,0,decoy,-4.23362149499037,HTVS
CHEMBL3655221,0,decoy,-4.68072779824542,HTVS
CHEMBL3655230,0,decoy,-4.70106389015336,HTVS
CHEMBL3655287,0,decoy,-4.65957588411835,HTVS
CHEMBL3655289,0,decoy,-4.73092235435016,HTVS
CHEMBL3655296,0,decoy,-5.44934913218018,SP
CHEMBL3338010,0,decoy,-4.23088896893898,HTVS
CHEMBL3338013,0,decoy,-4.33151635448833,HTVS
CHEMBL3338043,0,decoy,-3.96243577063096,HTVS
CHEMBL3338206,0,decoy,-5.40429434569477,SP
CHEMBL3338267,0,decoy,-5.76093897162873,SP
CHEMBL3338300,0,decoy,-4.1459506267132,HTVS
CHEMBL3338422,0,decoy,-4.42409465249623,HTVS
CHEMBL3338438,0,decoy,-3.2070011356618,HTVS
CHEMBL3338531,0,decoy,-4.54233911865793,HTVS
CHEMBL3338533,0,decoy,-5.64434449239952,SP
CHEMBL3338536,0,decoy,-5.41018119609358,SP
CHEMBL3338537,0,decoy,-5.45987677398122,SP
CHEMBL3338538,0,decoy,-4.36258672200102,HTVS
CHEMBL3338802,0,decoy,-6.09980130027223,SP
CHEMBL3985419,0,decoy,-5.89420777268127,SP
CHEMBL3985508,0,decoy,-4.22118912220258,HTVS
CHEMBL3985962,0,decoy,-4.04757710526874,SP
CHEMBL3986107,0,decoy,-4.34855112269691,HTVS
CHEMBL3986230,0,decoy,-5.46933041338608,SP
CHEMBL3986431,0,decoy,-4.33433616497471,HTVS
CHEMBL3986517,0,decoy,-6.53737358620772,SP
CHEMBL3986594,0,decoy,-5.74781138497769,SP
CHEMBL311721,0,decoy,-5.69255874933508,SP
CHEMBL3655344,0,decoy,-6.43805346765609,SP
CHEMBL1714524,0,decoy,-2.66635129627433,HTVS
CHEMBL3655214,0,decoy,-5.76255727099469,SP
CHEMBL3655340,0,decoy,-4.22343155245912,HTVS
CHEMBL3655348,0,decoy,-4.54427782945199,HTVS
CHEMBL3338283,0,decoy,-4.39819555671134,HTVS
CHEMBL3338726,0,decoy,-4.43693079000239,HTVS
CHEMBL3338728,0,decoy,-3.69318264320195,HTVS
CHEMBL3338794,0,decoy,-6.48485835224156,SP
CHEMBL3338795,0,decoy,-5.75458119529885,SP
CHEMBL3338845,0,decoy,-6.58833260381778,SP
CHEMBL3339090,0,decoy,-3.66077311238321,HTVS
CHEMBL3985777,0,decoy,-3.89245839319817,HTVS
CHEMBL3985987,0,decoy,-6.04408787734729,SP
CHEMBL3986014,0,decoy,-5.50988363937671,SP
CHEMBL3986442,0,decoy,-5.74116630953851,SP
CHEMBL3986606,0,decoy,-2.9041244719326,HTVS
CHEMBL3986649,0,decoy,-4.6781311086306,HTVS
CHEMBL3986755,0,decoy,-7.68103914245367,SP
CHEMBL315934,0,decoy,-4.83609515284021,HTVS
CHEMBL87412,0,decoy,-2.98690840586985,HTVS
CHEMBL86034,0,decoy,-3.62878641093249,HTVS
CHEMBL84703,0,decoy,-4.01314173841612,HTVS
CHEMBL313558,0,decoy,-4.46506643953897,HTVS
CHEMBL87753,0,decoy,-6.56454046621615,SP
CHEMBL5560857,0,decoy,-6.13909716114924,SP
CHEMBL5561077,0,decoy,-6.31001843852331,SP
CHEMBL5561277,0,decoy,-6.36214542234066,SP
CHEMBL5561436,0,decoy,-6.64352259820623,SP
CHEMBL4540370,0,decoy,-3.86018967871587,HTVS
CHEMBL4540453,0,decoy,-4.61046848871754,HTVS
CHEMBL4540531,0,decoy,-6.25390039189211,SP
CHEMBL4540931,0,decoy,-1.64628993500376,HTVS
CHEMBL4541065,0,decoy,-4.26358314412647,HTVS
CHEMBL4541288,0,decoy,-4.59435825612612,HTVS
CHEMBL4541557,0,decoy,-3.91613364926317,HTVS
CHEMBL4541580,0,decoy,-3.8962753527878,HTVS
CHEMBL4541645,0,decoy,-4.17404797858333,HTVS
CHEMBL3716578,0,decoy,-5.82086046065117,SP
CHEMBL3716944,0,decoy,0.107397442025906,HTVS
CHEMBL3718478,0,decoy,2.11799636506067,HTVS
CHEMBL3717254,0,decoy,-0.175453636093043,HTVS
CHEMBL3716119,0,decoy,-4.20642584452534,HTVS
CHEMBL3714841,0,decoy,-4.72145620366785,HTVS
CHEMBL3715564,0,decoy,-4.17579260841111,HTVS
CHEMBL3718633,0,decoy,-5.72426347089406,SP
CHEMBL3719214,0,decoy,-4.24572061479884,HTVS
CHEMBL3718582,0,decoy,-2.72680640255652,HTVS
CHEMBL3715247,0,decoy,-2.96333248847363,HTVS
CHEMBL3353474,0,decoy,-2.49915786701067,HTVS
CHEMBL3353530,0,decoy,-2.47326913103314,HTVS
CHEMBL3353536,0,decoy,-3.85499140792353,HTVS
CHEMBL542179,0,decoy,-3.87823748211189,HTVS
CHEMBL542706,0,decoy,-3.48126617953768,HTVS
CHEMBL5560775,0,decoy,-4.88864919520031,HTVS
CHEMBL5561646,0,decoy,-4.15130020539779,HTVS
CHEMBL4540961,0,decoy,-5.73158837422808,SP
CHEMBL4541285,0,decoy,-3.90297617993422,HTVS
CHEMBL4541704,0,decoy,-3.79024055915585,HTVS
CHEMBL2359045,0,decoy,-4.30681401883732,HTVS
CHEMBL2359268,0,decoy,-4.85172167629881,HTVS
CHEMBL2359398,0,decoy,-3.46140561925004,HTVS
CHEMBL2359791,0,decoy,-3.06457887851467,HTVS
CHEMBL2360036,0,decoy,-4.47758510663845,HTVS
CHEMBL2360052,0,decoy,-3.53188935767523,HTVS
CHEMBL1978017,0,decoy,-3.97024703224406,HTVS
CHEMBL1978671,0,decoy,-4.39672168996636,HTVS
CHEMBL1714574,0,decoy,-5.73682932355138,SP
CHEMBL1715146,0,decoy,-7.02817433117292,SP
CHEMBL1715151,0,decoy,-4.30410403864018,HTVS
CHEMBL3351016,0,decoy,-5.21613840148883,SP
CHEMBL3353467,0,decoy,-2.86880293342343,HTVS
CHEMBL3353476,0,decoy,7.25248768108023,HTVS
CHEMBL3353484,0,decoy,-2.81632274893842,HTVS
CHEMBL3353485,0,decoy,-2.63053115416721,HTVS
CHEMBL3353510,0,decoy,-3.58098358268442,HTVS
CHEMBL3353531,0,decoy,-3.54724711258974,HTVS
CHEMBL3353537,0,decoy,-0.917732887359838,HTVS
CHEMBL3353539,0,decoy,-0.0515747382478651,HTVS
CHEMBL3353902,0,decoy,-6.14237290667749,SP
CHEMBL1743752,0,decoy,-4.32562695473419,HTVS
CHEMBL1743885,0,decoy,-4.41853340596294,HTVS
CHEMBL1744182,0,decoy,-3.13307031900052,HTVS
CHEMBL1744236,0,decoy,-4.72845074824192,SP
CHEMBL1713290,0,decoy,-6.05932581724968,SP
CHEMBL1713516,0,decoy,-4.61987130034139,HTVS
CHEMBL1713552,0,decoy,-2.40981664155696,HTVS
CHEMBL1714257,0,decoy,-3.99473724087377,HTVS
CHEMBL1714271,0,decoy,-3.87682476853917,HTVS
CHEMBL543612,0,decoy,-4.70031740303545,HTVS
CHEMBL555653,0,decoy,-4.6688598581553,HTVS
CHEMBL543144,0,decoy,-4.48737285324071,HTVS
CHEMBL542933,0,decoy,-5.61310549931882,SP
CHEMBL543638,0,decoy,-6.51137135074163,SP
CHEMBL542705,0,decoy,-4.41101166952507,HTVS
CHEMBL544356,0,decoy,-4.77731041054587,HTVS
CHEMBL542951,0,decoy,-4.75636556723756,HTVS
CHEMBL2359009,0,decoy,-3.5995444095436,HTVS
CHEMBL2359562,0,decoy,-3.98465573513389,HTVS
CHEMBL1715238,0,decoy,-3.58848447203058,HTVS
CHEMBL1713564,0,decoy,-1.70475510196595,HTVS
CHEMBL1713754,0,decoy,-4.53293916317428,HTVS
CHEMBL1765317,0,decoy,-4.7037699812718,HTVS
CHEMBL4104363,0,decoy,-4.58447523728551,HTVS
CHEMBL4104724,0,decoy,-4.33500254508407,HTVS
CHEMBL4104741,0,decoy,-5.8444207824444,SP
CHEMBL4105208,0,decoy,-3.21655944045431,HTVS
CHEMBL4105285,0,decoy,-5.28404826514446,SP
CHEMBL4105306,0,decoy,-3.33561229712031,HTVS
CHEMBL4105379,0,decoy,-4.28469660320764,HTVS
CHEMBL4105425,0,decoy,-4.1166199454112,HTVS
CHEMBL4215015,0,decoy,-6.41130479422298,SP
CHEMBL4215658,0,decoy,-0.379252776210283,HTVS
CHEMBL4215852,0,decoy,-3.35038738871332,HTVS
CHEMBL4215984,0,decoy,-3.8415249387507,HTVS
CHEMBL3654263,0,decoy,-4.0272832056312,HTVS
CHEMBL3654272,0,decoy,-3.38482010662553,HTVS
CHEMBL3654273,0,decoy,-4.39723278543308,HTVS
CHEMBL3654282,0,decoy,-3.67932747503309,HTVS
CHEMBL3654290,0,decoy,-4.0272832056312,HTVS
CHEMBL3654383,0,decoy,-4.54110806666863,HTVS
CHEMBL3654543,0,decoy,-7.78408361739485,SP
CHEMBL3338364,0,decoy,-3.12627966183579,HTVS
CHEMBL3338553,0,decoy,-3.32908778321226,HTVS
CHEMBL3338555,0,decoy,-3.94785712982984,HTVS
CHEMBL3338559,0,decoy,-4.64613716796338,HTVS
CHEMBL3338561,0,decoy,-3.9006559735751,HTVS
CHEMBL3338565,0,decoy,-4.61858842632417,HTVS
CHEMBL3338567,0,decoy,-3.51048934972932,HTVS
CHEMBL3985415,0,decoy,-4.90505306476549,HTVS
CHEMBL3985565,0,decoy,-4.70442658543103,HTVS
CHEMBL3985569,0,decoy,-6.73740578704788,SP
CHEMBL3985601,0,decoy,-4.90415360771339,HTVS
CHEMBL3985686,0,decoy,-5.81246618083874,SP
CHEMBL3985722,0,decoy,-4.91646715244551,SP
CHEMBL3985723,0,decoy,-4.11191606716059,HTVS
CHEMBL3985904,0,decoy,-7.2432669730785,SP
CHEMBL3986110,0,decoy,-3.05077676337693,HTVS
CHEMBL3986186,0,decoy,-4.82776489621032,HTVS
CHEMBL3986213,0,decoy,-4.56736086734923,HTVS
CHEMBL3986273,0,decoy,-4.56121634303982,HTVS
CHEMBL3986475,0,decoy,-3.62367728894255,HTVS
CHEMBL3986560,0,decoy,-4.50714971657055,HTVS
CHEMBL3986646,0,decoy,-4.16633471333176,HTVS
CHEMBL3986789,0,decoy,-7.51290874947717,SP
CHEMBL85526,0,decoy,-4.75628623004031,HTVS
CHEMBL4540588,0,decoy,-6.92780125603097,SP
CHEMBL3350847,0,decoy,-2.72453255225647,HTVS
CHEMBL3350848,0,decoy,-2.75174472972002,HTVS
CHEMBL3353321,0,decoy,-3.79102010767208,HTVS
CHEMBL3353668,0,decoy,-4.62311805326023,HTVS
CHEMBL3609152,0,decoy,-4.64231438925899,HTVS
CHEMBL3654726,0,decoy,-7.55111264716636,SP
CHEMBL3986507,0,decoy,-6.08111528893524,SP
CHEMBL5561590,0,decoy,-5.86099999546227,SP
CHEMBL3715061,0,decoy,1.05709351266421,HTVS
CHEMBL3718135,0,decoy,-1.07948708260047,HTVS
CHEMBL2359644,0,decoy,-3.53431890893334,HTVS
CHEMBL1977731,0,decoy,-3.82605920530484,HTVS
CHEMBL1977947,0,decoy,-4.75061082231409,HTVS
CHEMBL1978169,0,decoy,-4.91875022218051,HTVS
CHEMBL1978724,0,decoy,-4.20071605940411,HTVS
CHEMBL3350688,0,decoy,-3.86986598863247,HTVS
CHEMBL3350697,0,decoy,-3.95029911648425,HTVS
CHEMBL3350699,0,decoy,-2.73223331264938,HTVS
CHEMBL3350829,0,decoy,-2.63639389689655,HTVS
CHEMBL3350833,0,decoy,-2.55610966020607,HTVS
CHEMBL3351072,0,decoy,-3.47929246160289,HTVS
CHEMBL3351075,0,decoy,-3.9219521236199,HTVS
CHEMBL3353231,0,decoy,-3.59793912523683,HTVS
CHEMBL3353249,0,decoy,-6.23670363633604,SP
CHEMBL3353667,0,decoy,-4.37691780426229,HTVS
CHEMBL3353674,0,decoy,-5.9478940211978,SP
CHEMBL3353677,0,decoy,-5.62904010124597,SP
CHEMBL3353678,0,decoy,-5.93027567807528,SP
CHEMBL3353680,0,decoy,-6.05985047372811,SP
CHEMBL3353684,0,decoy,-6.1704595942317,SP
CHEMBL2287006,0,decoy,-2.55502000761387,HTVS
CHEMBL2287008,0,decoy,-4.97304413689575,SP
CHEMBL2287009,0,decoy,-3.89572222865844,HTVS
CHEMBL1714009,0,decoy,-2.675737306935,HTVS
CHEMBL3608571,0,decoy,-3.51403710498374,HTVS
CHEMBL3608789,0,decoy,-4.78085350199904,HTVS
CHEMBL3609151,0,decoy,-4.83540235198239,HTVS
CHEMBL545295,0,decoy,-5.81690505780057,SP
CHEMBL1765157,0,decoy,-6.34845506297376,SP
CHEMBL1765247,0,decoy,-6.29686091944956,SP
CHEMBL1765356,0,decoy,-4.0092213982619,HTVS
CHEMBL1765371,0,decoy,-3.71766798329925,HTVS
CHEMBL1765382,0,decoy,-5.77110257444896,SP
CHEMBL4104269,0,decoy,-4.06516948594248,HTVS
CHEMBL4104277,0,decoy,-4.20411569144701,HTVS
CHEMBL4104558,0,decoy,-4.12880375239277,HTVS
CHEMBL4104683,0,decoy,-5.70510842550558,SP
CHEMBL4105273,0,decoy,-4.54822833630325,HTVS
CHEMBL4105417,0,decoy,-4.06830862109481,HTVS
CHEMBL1801130,0,decoy,-5.96029842984112,SP
CHEMBL3986289,0,decoy,-5.7371793247757,SP
CHEMBL85864,0,decoy,-4.57291225795161,HTVS
CHEMBL87715,0,decoy,-3.48932833820122,HTVS
CHEMBL5560693,0,decoy,-3.38296194986992,HTVS
CHEMBL5561402,0,decoy,-3.48500100877248,HTVS
CHEMBL2359036,0,decoy,-6.04347505084641,SP
CHEMBL2359298,0,decoy,-4.62806138921653,HTVS
CHEMBL2359324,0,decoy,-5.70399959473841,SP
CHEMBL2359529,0,decoy,-6.64315504800264,SP
CHEMBL1977489,0,decoy,-5.32614876942814,SP
CHEMBL1977620,0,decoy,-5.10913100892773,SP
CHEMBL1977657,0,decoy,-4.06552379912422,HTVS
CHEMBL2286330,0,decoy,-4.51107283059752,HTVS
CHEMBL2286331,0,decoy,-3.39790678029588,HTVS
CHEMBL2286344,0,decoy,-3.16762542165823,HTVS
CHEMBL2286606,0,decoy,-4.27660099790704,HTVS
CHEMBL2286608,0,decoy,-1.22103497370334,HTVS
CHEMBL2286609,0,decoy,-3.05049197553938,HTVS
CHEMBL2286610,0,decoy,-3.44918052504177,HTVS
CHEMBL2285683,0,decoy,-3.30644448634159,HTVS
CHEMBL1742054,0,decoy,-3.93060420957653,HTVS
CHEMBL1713688,0,decoy,-3.42487358220944,HTVS
CHEMBL1714070,0,decoy,-6.05466812471709,SP
CHEMBL1714367,0,decoy,-4.61890638382961,SP
CHEMBL1762780,0,decoy,-5.3220112132722,SP
CHEMBL4104267,0,decoy,-5.04327797077789,SP
CHEMBL4104446,0,decoy,-5.81775869299388,SP
CHEMBL4105102,0,decoy,-6.22992002963949,SP
CHEMBL1801102,0,decoy,-7.3943153041676,SP
CHEMBL1801129,0,decoy,-6.17563138128039,SP
CHEMBL4214876,0,decoy,-0.12933733706799,HTVS
CHEMBL4215278,0,decoy,-6.81930665832699,SP
CHEMBL4215340,0,decoy,-5.79683759436546,SP
CHEMBL4215401,0,decoy,-4.74142924208823,HTVS
CHEMBL4215512,0,decoy,-4.00613740700261,HTVS
CHEMBL4215649,0,decoy,-5.32710778609445,SP
CHEMBL4215775,0,decoy,-3.25273158442429,HTVS
CHEMBL4215837,0,decoy,-3.32480833819283,HTVS
CHEMBL3338037,0,decoy,-5.68413112826936,SP
CHEMBL3338955,0,decoy,-5.39787840711831,SP
CHEMBL3338962,0,decoy,-5.68675671446753,SP
CHEMBL3985442,0,decoy,-3.46143837149085,HTVS
CHEMBL3985522,0,decoy,-6.21106568903568,SP
CHEMBL3985665,0,decoy,-5.74430601006583,SP
CHEMBL3985734,0,decoy,-3.32474416561551,HTVS
CHEMBL3986498,0,decoy,-4.83445011101336,HTVS
CHEMBL3654788,0,decoy,-7.6433712257846,SP
CHEMBL3654790,0,decoy,-6.98247168047826,SP
CHEMBL3654846,0,decoy,-6.77345826428228,SP
CHEMBL3654855,0,decoy,-6.43671711183869,SP
CHEMBL3985474,0,decoy,-4.75775450999982,SP
CHEMBL4541056,0,decoy,-6.59231599439936,SP
CHEMBL1766180,0,decoy,-5.74434527883911,SP
CHEMBL4104296,0,decoy,-5.08447753560129,SP
CHEMBL4104415,0,decoy,-4.60525309925599,HTVS
CHEMBL4104535,0,decoy,-4.59826165713579,HTVS
CHEMBL4104915,0,decoy,-4.86390393618846,HTVS
CHEMBL4105240,0,decoy,-4.83229952128909,HTVS
CHEMBL4105316,0,decoy,-4.66000663141366,HTVS
CHEMBL4105326,0,decoy,-6.03090487327054,SP
CHEMBL4105353,0,decoy,-4.28386157927124,HTVS
CHEMBL4105433,0,decoy,-5.70385173389469,SP
CHEMBL4105524,0,decoy,-4.28904752628948,HTVS
CHEMBL1798027,0,decoy,-3.97213247522516,HTVS
CHEMBL1800767,0,decoy,-5.92394022674503,SP
CHEMBL1800769,0,decoy,-6.2846939976759,SP
CHEMBL1800780,0,decoy,-4.26880383512167,HTVS
CHEMBL1800830,0,decoy,-5.83584446442025,SP
CHEMBL1800831,0,decoy,-5.69875337513104,SP
CHEMBL1800836,0,decoy,-5.10771869427493,SP
CHEMBL1800930,0,decoy,-6.39099109171308,SP
CHEMBL1800931,0,decoy,-5.89730281784185,SP
CHEMBL1800932,0,decoy,-6.11840950729594,SP
CHEMBL1800933,0,decoy,-5.21544052812099,SP
CHEMBL1800949,0,decoy,-3.33432824258057,HTVS
CHEMBL1800954,0,decoy,-5.16844266981166,SP
CHEMBL1800961,0,decoy,-6.58268065345098,SP
CHEMBL1800962,0,decoy,-4.80960088398841,HTVS
CHEMBL1800981,0,decoy,-5.29960415983991,SP
CHEMBL1801004,0,decoy,-4.25752301985592,HTVS
CHEMBL4214768,0,decoy,-6.03575903391606,SP
CHEMBL4214995,0,decoy,-5.2132933257027,SP
CHEMBL4215321,0,decoy,-5.67981639474843,SP
CHEMBL4215414,0,decoy,-4.58448848852745,HTVS
CHEMBL4215504,0,decoy,-7.20685670046018,SP
CHEMBL4215631,0,decoy,-6.33897285093563,SP
CHEMBL4215840,0,decoy,-5.94807277032478,SP
CHEMBL4216041,0,decoy,-4.48435561465567,HTVS
CHEMBL4216103,0,decoy,-3.85400938608366,HTVS
CHEMBL3654671,0,decoy,-6.59108413729722,SP
CHEMBL3654680,0,decoy,-7.01022092794847,SP
CHEMBL3654697,0,decoy,-6.53673575118763,SP
CHEMBL3654741,0,decoy,-7.11858776646071,SP
CHEMBL3654744,0,decoy,-6.81239950937514,SP
CHEMBL3654745,0,decoy,-6.98899591269002,SP
CHEMBL3654768,0,decoy,-6.96041996064475,SP
CHEMBL1744063,0,decoy,-7.12925378724667,SP
CHEMBL3609761,0,decoy,-4.4048758530307,HTVS
CHEMBL545267,0,decoy,-3.65158665684997,HTVS
CHEMBL3654735,0,decoy,-7.49507284622164,SP
CHEMBL3654865,0,decoy,-7.09135422848898,SP
CHEMBL3654885,0,decoy,-7.24459159603103,SP
CHEMBL3338072,0,decoy,-6.25455975110477,SP
CHEMBL5560549,0,decoy,-7.42077286271143,SP
CHEMBL5560662,0,decoy,-5.8857948105264,SP
CHEMBL5561548,0,decoy,-6.08426735870473,SP
CHEMBL4540552,0,decoy,-4.7959546475285,HTVS
CHEMBL4540554,0,decoy,-5.08691763094559,SP
CHEMBL4540881,0,decoy,-3.8178706079902,HTVS
CHEMBL4541044,0,decoy,-5.49662275399491,SP
CHEMBL4541069,0,decoy,-2.9152847385253,HTVS
CHEMBL4541091,0,decoy,-4.87615994441866,HTVS
CHEMBL4541192,0,decoy,-5.6031173737048,SP
CHEMBL4541547,0,decoy,-5.29528893169569,SP
CHEMBL3716114,0,decoy,-4.43141862283783,HTVS
CHEMBL3714838,0,decoy,-4.12993561641909,HTVS
CHEMBL3714973,0,decoy,-4.28898804739184,HTVS
CHEMBL3717208,0,decoy,-4.27040075610844,HTVS
CHEMBL3715897,0,decoy,-6.27260101278451,SP
CHEMBL2359465,0,decoy,-4.13796473355386,HTVS
CHEMBL2359468,0,decoy,-4.64985561891758,HTVS
CHEMBL2360123,0,decoy,-5.53312013325609,SP
CHEMBL1978176,0,decoy,-4.74830184771767,HTVS
CHEMBL1714816,0,decoy,-4.79515734188377,HTVS
CHEMBL3353666,0,decoy,-6.03303376524411,SP
CHEMBL1742464,0,decoy,-4.87823060514791,HTVS
CHEMBL1744205,0,decoy,-3.55333501631793,HTVS
CHEMBL3608784,0,decoy,-7.69864491816361,SP
CHEMBL3608785,0,decoy,-7.92507056435226,SP
CHEMBL3608786,0,decoy,-7.80696306818289,SP
CHEMBL3608787,0,decoy,-4.59488090540736,HTVS
CHEMBL3608788,0,decoy,-4.4723017816836,HTVS
CHEMBL3608929,0,decoy,-3.95725595938201,HTVS
CHEMBL3609599,0,decoy,-4.23976957522631,HTVS
CHEMBL3609600,0,decoy,-3.75893601082512,HTVS
CHEMBL3609601,0,decoy,-4.45657097911045,HTVS
CHEMBL3609762,0,decoy,-4.09245602263857,HTVS
CHEMBL3609859,0,decoy,-6.25509779965031,SP
CHEMBL3609860,0,decoy,-4.3771565766885,HTVS
CHEMBL3609871,0,decoy,-6.26321170404463,SP
CHEMBL3609872,0,decoy,-3.92399965208157,HTVS
CHEMBL542187,0,decoy,-6.68523811572893,SP
CHEMBL542685,0,decoy,-5.37086483994175,SP
CHEMBL545265,0,decoy,-3.94801130565801,HTVS
CHEMBL420232,0,decoy,-4.83062978522744,HTVS
CHEMBL5561161,0,decoy,-5.61949063333977,HTVS
CHEMBL2286813,0,decoy,-5.84766542730341,SP
CHEMBL1762560,0,decoy,-6.18683764498578,SP
CHEMBL1762680,0,decoy,-5.20654514358781,SP
CHEMBL1762684,0,decoy,-4.75320173769515,HTVS
CHEMBL1765219,0,decoy,-6.04632555616017,SP
CHEMBL1765220,0,decoy,-5.56068496681226,SP
CHEMBL1765221,0,decoy,-6.01677983186935,SP
CHEMBL1765222,0,decoy,-5.80480485001082,SP
CHEMBL1765587,0,decoy,-3.51623532126606,HTVS
CHEMBL1765589,0,decoy,-4.49217653249754,HTVS
CHEMBL1765822,0,decoy,-5.6719199242616,SP
CHEMBL1765840,0,decoy,-4.38535810182935,HTVS
CHEMBL1765884,0,decoy,-4.54214795891549,HTVS
CHEMBL1765896,0,decoy,-5.32663188846952,SP
CHEMBL1765897,0,decoy,-4.17189640082217,HTVS
CHEMBL1765899,0,decoy,-4.18827346207153,HTVS
CHEMBL4104480,0,decoy,-4.27843421830283,SP
CHEMBL4104548,0,decoy,-5.25401755500432,SP
CHEMBL4104757,0,decoy,-4.87214348377291,HTVS
CHEMBL4104833,0,decoy,-6.61401620851936,SP
CHEMBL4104982,0,decoy,-5.38508398264062,SP
CHEMBL4104983,0,decoy,-4.62893356488895,HTVS
CHEMBL4105067,0,decoy,-5.02627617739716,SP
CHEMBL4105078,0,decoy,-5.12082050190463,SP
CHEMBL4105200,0,decoy,-4.68096699440219,HTVS
CHEMBL4105228,0,decoy,-4.16126813077261,HTVS
CHEMBL4105339,0,decoy,-5.54167566773026,SP
CHEMBL4105410,0,decoy,-2.81764025783565,HTVS
CHEMBL4105507,0,decoy,-4.41542423920955,HTVS
CHEMBL1797947,0,decoy,-3.93896701308597,HTVS
CHEMBL1797949,0,decoy,-4.73765120697705,HTVS
CHEMBL1800412,0,decoy,-5.24272683715553,SP
CHEMBL1800413,0,decoy,-4.27395257062897,HTVS
CHEMBL1800427,0,decoy,-5.80100703927222,SP
CHEMBL1800517,0,decoy,-4.44583227192954,HTVS
CHEMBL1800520,0,decoy,-4.9661829708023,SP
CHEMBL1800522,0,decoy,-3.41251247449362,HTVS
CHEMBL1800671,0,decoy,-5.57565870115862,SP
CHEMBL1800672,0,decoy,-5.1219008036803,SP
CHEMBL1800927,0,decoy,-5.74914588828167,SP
CHEMBL1801014,0,decoy,-5.77103815196854,SP
CHEMBL4214799,0,decoy,-4.61286475850627,HTVS
CHEMBL4214956,0,decoy,-4.31218251571944,HTVS
CHEMBL4215232,0,decoy,-3.89021608678495,HTVS
CHEMBL4215367,0,decoy,-5.05059596832468,SP
CHEMBL4215431,0,decoy,-6.21193057811605,SP
CHEMBL4215551,0,decoy,-4.84471611359208,HTVS
CHEMBL4215555,0,decoy,-6.37205871630022,SP
CHEMBL3351063,0,decoy,-3.54130440667775,HTVS
CHEMBL1743630,0,decoy,-4.89292355024859,HTVS
CHEMBL545532,0,decoy,-5.80573221319513,SP
CHEMBL1765335,0,decoy,-4.51921978346936,HTVS
CHEMBL1765452,0,decoy,-4.33176387390685,SP
CHEMBL4104722,0,decoy,-5.66441397035687,SP
CHEMBL4215430,0,decoy,-3.2845245594113,HTVS
CHEMBL3985477,0,decoy,-4.41798627323352,HTVS
CHEMBL3986480,0,decoy,-4.64579889723598,HTVS
CHEMBL3986628,0,decoy,-3.60843379449349,HTVS
CHEMBL315575,0,decoy,-4.27719606889313,HTVS
CHEMBL312559,0,decoy,-4.73780719941175,HTVS
CHEMBL5560507,0,decoy,-5.49764947069813,SP
CHEMBL5560599,0,decoy,-5.93946247731607,SP
CHEMBL5560654,0,decoy,-6.41336345287096,SP
CHEMBL5560852,0,decoy,-5.80014360902118,SP
CHEMBL5561529,0,decoy,-2.07756572815777,HTVS
CHEMBL4540728,0,decoy,-5.38763692268149,SP
CHEMBL2359619,0,decoy,-2.74982115250352,HTVS
CHEMBL2359766,0,decoy,-6.66801906709149,SP
CHEMBL2359920,0,decoy,-2.39877566810153,HTVS
CHEMBL1977418,0,decoy,-3.96253571374736,HTVS
CHEMBL3350559,0,decoy,-3.70384449190804,HTVS
CHEMBL3350562,0,decoy,-4.57140917647108,HTVS
CHEMBL3351046,0,decoy,-5.72697908586802,SP
CHEMBL3353205,0,decoy,-6.7364151790662,SP
CHEMBL1742206,0,decoy,-3.7980769208919,HTVS
CHEMBL1743635,0,decoy,-4.81950008463322,HTVS
CHEMBL1744234,0,decoy,-4.66216629594712,SP
CHEMBL1744235,0,decoy,-3.95192734563368,HTVS
CHEMBL1714161,0,decoy,-4.43294268318885,HTVS
CHEMBL1714340,0,decoy,-3.78880455290161,HTVS
CHEMBL3608603,0,decoy,-0.732902604763657,HTVS
CHEMBL3608606,0,decoy,-0.174923099411684,HTVS
CHEMBL3609118,0,decoy,-4.69109348778652,SP
CHEMBL545728,0,decoy,-5.25842808765575,SP
CHEMBL543623,0,decoy,-4.02810337194862,HTVS
CHEMBL1765326,0,decoy,-3.91514513308494,HTVS
CHEMBL1765327,0,decoy,-4.49504105510315,HTVS
CHEMBL1765328,0,decoy,-3.87545576087538,HTVS
CHEMBL1765336,0,decoy,-3.91859305604602,HTVS
CHEMBL1765434,0,decoy,-4.7682428575143,HTVS
CHEMBL1765435,0,decoy,-4.63922983726576,HTVS
CHEMBL1765437,0,decoy,-2.98374512983873,HTVS
CHEMBL1765439,0,decoy,-3.75870370108491,HTVS
CHEMBL1765443,0,decoy,-4.33937024095414,HTVS
CHEMBL1765446,0,decoy,-3.72417822628853,HTVS
CHEMBL3717460,0,decoy,-4.71595550041411,HTVS
CHEMBL1714873,0,decoy,-6.58313932327093,SP
CHEMBL1766183,0,decoy,-6.4540178207331,SP
CHEMBL4105237,0,decoy,-3.92165857867539,HTVS
CHEMBL4105514,0,decoy,-4.28245946058815,HTVS
CHEMBL1798039,0,decoy,-6.32835284639025,SP
CHEMBL1800518,0,decoy,-3.63365023369212,HTVS
CHEMBL1800539,0,decoy,-4.28354167488443,HTVS
CHEMBL1800917,0,decoy,-5.79110881021282,SP
CHEMBL1800918,0,decoy,-5.50284010166623,SP
CHEMBL1801091,0,decoy,-5.33188164078474,SP
CHEMBL4214922,0,decoy,-5.79417356773008,SP
CHEMBL4214998,0,decoy,-5.65717753659671,SP
CHEMBL4215043,0,decoy,-5.34324445766847,SP
CHEMBL4215112,0,decoy,-4.19098177348133,HTVS
CHEMBL4215230,0,decoy,-4.60102872978834,HTVS
CHEMBL4215597,0,decoy,-6.67028520549125,SP
CHEMBL4215681,0,decoy,-5.47706784626965,SP
CHEMBL4215765,0,decoy,-4.22071420796786,HTVS
CHEMBL4215801,0,decoy,-4.20675634742493,HTVS
CHEMBL4215851,0,decoy,-4.58842486261477,HTVS
CHEMBL4215899,0,decoy,-4.6907113322763,HTVS
CHEMBL4216071,0,decoy,-4.85919489409777,HTVS
CHEMBL4216074,0,decoy,-4.08481863479695,HTVS
CHEMBL4216082,0,decoy,-5.55099456455294,SP
CHEMBL4216091,0,decoy,-6.32751086430213,SP
CHEMBL4216097,0,decoy,-5.1436180640798,SP
CHEMBL4216098,0,decoy,-4.84848335547454,HTVS
CHEMBL4216106,0,decoy,-5.67061774370193,SP
CHEMBL3654673,0,decoy,-6.4856902550844,SP
CHEMBL3654676,0,decoy,-6.9001498969621,SP
CHEMBL3654718,0,decoy,-6.21419059575686,SP
CHEMBL3654770,0,decoy,-6.47377558553145,SP
CHEMBL3654771,0,decoy,-7.43892257845052,SP
CHEMBL3654774,0,decoy,-7.17905008190456,SP
CHEMBL3654775,0,decoy,-6.89962357103452,SP
CHEMBL3654776,0,decoy,-6.79901628904356,SP
CHEMBL3654777,0,decoy,-6.58983194874936,SP
CHEMBL3654780,0,decoy,-6.99259370727218,SP
CHEMBL3654781,0,decoy,-7.00339433911306,SP
CHEMBL3654792,0,decoy,-6.86574341360754,SP
CHEMBL3655367,0,decoy,-4.80404845154079,HTVS
CHEMBL3655371,0,decoy,-4.63835902440143,HTVS
CHEMBL3655372,0,decoy,-4.87514951330647,HTVS
CHEMBL3655395,0,decoy,-5.41548204861292,SP
CHEMBL3338333,0,decoy,-6.17883498879351,SP
CHEMBL3338335,0,decoy,-5.06833419689151,SP
CHEMBL3338336,0,decoy,-4.85350598669941,SP
CHEMBL3338339,0,decoy,-5.67158556487481,SP
CHEMBL3338341,0,decoy,-5.53309509733856,SP
CHEMBL1800272,0,decoy,-3.15544773886332,HTVS
CHEMBL3654420,0,decoy,-3.89954430974377,HTVS
CHEMBL3986039,0,decoy,-5.09640765553917,SP
CHEMBL83468,0,decoy,-4.08448526773156,HTVS
CHEMBL5561521,0,decoy,-5.61203963173741,SP
CHEMBL2359331,0,decoy,-6.95755839478077,SP
CHEMBL3609207,0,decoy,-4.66941523442632,HTVS
CHEMBL545523,0,decoy,-7.30397507398854,SP
CHEMBL1765249,0,decoy,-5.52132555866522,SP
CHEMBL1765255,0,decoy,-4.57225365772016,HTVS
CHEMBL1765260,0,decoy,-6.49555198218696,SP
CHEMBL1765284,0,decoy,-5.78543198028133,SP
CHEMBL1765984,0,decoy,-5.7468153633502,SP
CHEMBL1765991,0,decoy,-5.56979796026641,SP
CHEMBL1766023,0,decoy,-3.7664230213749,HTVS
CHEMBL1766036,0,decoy,-3.72473914183449,HTVS
CHEMBL4104182,0,decoy,-6.40818384064125,SP
CHEMBL4104193,0,decoy,-6.90557864510665,SP
CHEMBL4104292,0,decoy,-3.5949281895317,HTVS
CHEMBL4104313,0,decoy,-5.76098747929398,SP
CHEMBL4104373,0,decoy,-5.13153831818311,SP
CHEMBL4104427,0,decoy,-4.32517051022793,HTVS
CHEMBL4104639,0,decoy,-5.34622821710119,SP
CHEMBL4104651,0,decoy,-6.4797011083875,SP
CHEMBL4104795,0,decoy,-4.52314868464731,HTVS
CHEMBL4104862,0,decoy,-4.7338845714831,HTVS
CHEMBL4105028,0,decoy,-5.58817127889231,SP
CHEMBL4105029,0,decoy,-5.01789445768888,SP
CHEMBL4105212,0,decoy,-4.06130110984625,HTVS
CHEMBL4105321,0,decoy,-5.81126052161474,SP
CHEMBL4105325,0,decoy,-4.89374441906307,HTVS
CHEMBL4105358,0,decoy,-5.31888653148512,SP
CHEMBL4105497,0,decoy,-6.15463187502141,SP
CHEMBL1797838,0,decoy,-3.96962855822547,HTVS
CHEMBL1797936,0,decoy,-4.1869747428154,HTVS
CHEMBL1798020,0,decoy,-4.09546961647443,HTVS
CHEMBL1800120,0,decoy,-4.36616830390753,HTVS
CHEMBL1800127,0,decoy,-4.70108886271385,HTVS
CHEMBL1800129,0,decoy,-4.73152821890392,HTVS
CHEMBL1800134,0,decoy,-4.4998779718,HTVS
CHEMBL1800137,0,decoy,-4.44232188169102,HTVS
CHEMBL1800167,0,decoy,-4.31237751699772,HTVS
CHEMBL1800366,0,decoy,-3.89271995000142,HTVS
CHEMBL1800367,0,decoy,-4.25184272580198,HTVS
CHEMBL1800373,0,decoy,-6.34398519559437,SP
CHEMBL1800442,0,decoy,-5.36277010137887,SP
CHEMBL1800443,0,decoy,-5.8425599348713,SP
CHEMBL1800602,0,decoy,-4.63850195658959,HTVS
CHEMBL1800623,0,decoy,-6.00822114667657,SP
CHEMBL4214927,0,decoy,-4.72332375642143,HTVS
CHEMBL4215606,0,decoy,-3.26324079088827,HTVS
CHEMBL3350857,0,decoy,-3.05903264812639,HTVS
CHEMBL1744143,0,decoy,-4.04701192034633,HTVS
CHEMBL1744187,0,decoy,-4.30352060318422,HTVS
CHEMBL1714298,0,decoy,-4.42382645281535,HTVS
CHEMBL3609593,0,decoy,-1.8870653573831,HTVS
CHEMBL3609594,0,decoy,1.91897358935873,HTVS
CHEMBL3609878,0,decoy,2.00216592542014,HTVS
CHEMBL3609887,0,decoy,2.7617922637859,HTVS
CHEMBL5560788,0,decoy,-7.14864360595685,SP
CHEMBL544311,0,decoy,-5.73275773547393,SP
CHEMBL4104987,0,decoy,-4.16282470858976,HTVS
CHEMBL3985934,0,decoy,-3.69121470054965,HTVS
CHEMBL3986648,0,decoy,-4.07863935232755,HTVS
CHEMBL309852,0,decoy,-2.51484349982799,HTVS
CHEMBL5560373,0,decoy,-4.74287407258191,HTVS
CHEMBL5560584,0,decoy,-2.98542850260831,HTVS
CHEMBL5560816,0,decoy,-5.23913041334601,SP
CHEMBL5561281,0,decoy,-6.54378919316397,SP
CHEMBL5561315,0,decoy,-6.1156084767542,SP
CHEMBL4541556,0,decoy,-4.19688531589272,HTVS
CHEMBL3716555,0,decoy,-5.47651416829813,SP
CHEMBL3716802,0,decoy,-5.21024902978937,SP
CHEMBL3717615,0,decoy,-5.56230003668666,SP
CHEMBL3716134,0,decoy,-5.08519396484224,SP
CHEMBL1977705,0,decoy,-5.39936226990783,SP
CHEMBL1977869,0,decoy,-4.68580569066586,HTVS
CHEMBL1978711,0,decoy,-3.79425401604604,HTVS
CHEMBL1714983,0,decoy,-4.80679351476295,SP
CHEMBL1715475,0,decoy,-2.89805353359349,HTVS
CHEMBL3350447,0,decoy,-6.62517347275291,SP
CHEMBL3350582,0,decoy,-3.53992138569859,HTVS
CHEMBL3350644,0,decoy,-4.29503090987248,HTVS
CHEMBL3350647,0,decoy,-4.3659395303723,HTVS
CHEMBL3353199,0,decoy,-4.50102349189787,HTVS
CHEMBL3353201,0,decoy,-4.91519452691673,HTVS
CHEMBL1744255,0,decoy,-4.44427805917523,SP
CHEMBL1713543,0,decoy,-2.90348422641626,HTVS
CHEMBL1713722,0,decoy,-4.73222459447036,HTVS
CHEMBL1713994,0,decoy,-3.6412225294591,HTVS
CHEMBL1714237,0,decoy,-3.42278758911211,HTVS
CHEMBL3608658,0,decoy,5.87373243948327,HTVS
CHEMBL3608922,0,decoy,-3.5338550168588,HTVS
CHEMBL555421,0,decoy,-3.84731293479229,HTVS
CHEMBL542424,0,decoy,-6.09414490765822,SP
CHEMBL543137,0,decoy,-5.8977293891567,SP
CHEMBL543635,0,decoy,-6.39410327969286,SP
CHEMBL555407,0,decoy,-4.83851698164721,HTVS
CHEMBL1762626,0,decoy,-6.14760942628905,SP
CHEMBL1765331,0,decoy,-3.1835832545432,HTVS
CHEMBL1766067,0,decoy,-3.89864387356143,HTVS
CHEMBL4104420,0,decoy,-5.10593947477921,SP
CHEMBL4104484,0,decoy,-5.25425541270328,SP
CHEMBL4104752,0,decoy,-5.23366624190322,SP
CHEMBL4104765,0,decoy,-4.28355484476965,HTVS
CHEMBL4105337,0,decoy,-4.63411085587886,HTVS
CHEMBL1797831,0,decoy,-4.81654052082949,HTVS
CHEMBL1797844,0,decoy,-4.27585040125556,HTVS
CHEMBL1797846,0,decoy,-2.92455776401975,HTVS
CHEMBL1797847,0,decoy,-3.76401409633833,HTVS
CHEMBL1797848,0,decoy,-2.87918569838668,HTVS
CHEMBL1797856,0,decoy,-2.6905823724743,HTVS
CHEMBL1797858,0,decoy,-4.06195710835542,HTVS
CHEMBL1797860,0,decoy,-3.24177921155515,HTVS
CHEMBL1798017,0,decoy,-4.29537127276438,HTVS
CHEMBL1800116,0,decoy,-4.45542560437207,HTVS
CHEMBL1800117,0,decoy,-4.43864415634883,HTVS
CHEMBL1800118,0,decoy,-3.49135055470602,HTVS
CHEMBL1800121,0,decoy,-4.79515976612651,HTVS
CHEMBL1800122,0,decoy,-4.41273356480229,HTVS
CHEMBL1800123,0,decoy,-4.24483579432553,HTVS
CHEMBL1800130,0,decoy,-4.49979371903129,SP
CHEMBL1800133,0,decoy,-3.91281856609588,HTVS
CHEMBL1800428,0,decoy,-3.94761350328465,HTVS
CHEMBL1800440,0,decoy,-5.62951282659656,SP
CHEMBL1800676,0,decoy,-3.95140425341137,HTVS
CHEMBL1800760,0,decoy,-4.2277701106258,HTVS
CHEMBL4214747,0,decoy,-4.78847413012973,SP
CHEMBL4214976,0,decoy,-6.20201756988461,SP
CHEMBL4215121,0,decoy,-5.45260218145756,SP
CHEMBL4215283,0,decoy,-5.21659420931352,SP
CHEMBL4215709,0,decoy,-4.81041384997604,HTVS
CHEMBL4215711,0,decoy,-5.55033144986832,SP
CHEMBL3655135,0,decoy,-5.90037397010895,SP
CHEMBL3655168,0,decoy,-4.62222989232201,HTVS
CHEMBL3655191,0,decoy,-6.19700044128757,SP
CHEMBL3655192,0,decoy,-4.79245772197548,HTVS
CHEMBL3655195,0,decoy,-4.48005675238575,HTVS
CHEMBL3655196,0,decoy,-6.75652425236777,SP
CHEMBL3655197,0,decoy,-4.88978897589583,HTVS
CHEMBL3655199,0,decoy,-4.77964078739814,HTVS
CHEMBL3655200,0,decoy,-6.29883407001003,SP
CHEMBL3655201,0,decoy,-6.03964949231098,SP
CHEMBL3655231,0,decoy,-6.07540607551256,SP
CHEMBL3655232,0,decoy,-4.47531582446498,HTVS
CHEMBL3655249,0,decoy,-5.14017541231926,SP
CHEMBL3655250,0,decoy,-6.12013006059634,SP
CHEMBL3655251,0,decoy,-5.79531389794602,SP
CHEMBL3655252,0,decoy,-5.79777754461607,SP
CHEMBL3655281,0,decoy,-6.32940803240323,SP
CHEMBL4215309,0,decoy,-4.910142139606,HTVS
CHEMBL4215994,0,decoy,-6.10223714356317,SP
CHEMBL3339208,0,decoy,-5.5835555667927,SP
CHEMBL3986267,0,decoy,-5.97915091360406,SP
CHEMBL3986545,0,decoy,-5.66608958611452,SP
CHEMBL87321,0,decoy,-4.47669588772677,SP
CHEMBL5560843,0,decoy,-5.75138646276146,SP
CHEMBL2359685,0,decoy,-6.38285538416141,SP
CHEMBL1715541,0,decoy,-5.74582285225248,SP
CHEMBL3353034,0,decoy,-3.35275712660742,HTVS
CHEMBL3353036,0,decoy,-5.18647452620622,HTVS
CHEMBL2286940,0,decoy,-3.9285981558324,HTVS
CHEMBL1713643,0,decoy,-5.590044818365,SP
CHEMBL1714116,0,decoy,-4.14321039165851,HTVS
CHEMBL3608694,0,decoy,-4.64806447318345,HTVS
CHEMBL3608695,0,decoy,-4.79454402558701,HTVS
CHEMBL3608968,0,decoy,-7.1340117684266,SP
CHEMBL544597,0,decoy,-4.57791351625913,HTVS
CHEMBL1762557,0,decoy,-6.22438242994952,SP
CHEMBL1765292,0,decoy,-5.54736898794846,SP
CHEMBL1765369,0,decoy,-5.36484591576854,SP
CHEMBL1765600,0,decoy,-5.21650965091484,SP
CHEMBL1765802,0,decoy,-5.86495640029527,SP
CHEMBL1766158,0,decoy,-4.70529743767597,HTVS
CHEMBL1766160,0,decoy,-6.2551633910107,SP
CHEMBL1766162,0,decoy,-5.40381117499245,SP
CHEMBL1766168,0,decoy,-4.8578509115683,HTVS
CHEMBL1766169,0,decoy,-6.29007871196147,SP
CHEMBL1766172,0,decoy,-6.17821583835402,SP
CHEMBL1766181,0,decoy,-6.36810838925,SP
CHEMBL4104176,0,decoy,-5.46704980285545,SP
CHEMBL4104471,0,decoy,-4.71043195812289,HTVS
CHEMBL4104513,0,decoy,-6.22886503744214,SP
CHEMBL4104523,0,decoy,-5.01356534711754,SP
CHEMBL4104547,0,decoy,-4.29242156515392,HTVS
CHEMBL4104588,0,decoy,-5.21362012060247,SP
CHEMBL4104626,0,decoy,-6.43130917342307,SP
CHEMBL4104671,0,decoy,-4.82533693894246,SP
CHEMBL4104789,0,decoy,-5.20966297653787,SP
CHEMBL4104887,0,decoy,-6.06308278188408,SP
CHEMBL4104986,0,decoy,-5.7334643166421,SP
CHEMBL4105125,0,decoy,-6.23865129338451,SP
CHEMBL4105136,0,decoy,-5.33130842178657,SP
CHEMBL4105163,0,decoy,-5.18594344197813,SP
CHEMBL4105220,0,decoy,-3.88940178966604,HTVS
CHEMBL4105252,0,decoy,-4.82709675612421,HTVS
CHEMBL4105279,0,decoy,-5.74361727354826,SP
CHEMBL4105431,0,decoy,-4.03427425693216,HTVS
CHEMBL5561247,0,decoy,-4.0287861589354,HTVS
CHEMBL3353189,0,decoy,-6.33233681270187,SP
CHEMBL3608608,0,decoy,-3.22056052258443,HTVS
CHEMBL3609794,0,decoy,-3.9692330060113,HTVS
CHEMBL553512,0,decoy,-4.3018172747547,HTVS
CHEMBL1762787,0,decoy,-5.90202030724471,SP
CHEMBL4104587,0,decoy,-4.8828302967628,HTVS
CHEMBL4104938,0,decoy,-4.65898920126135,SP
CHEMBL1800162,0,decoy,-5.58381427646243,SP
CHEMBL1800352,0,decoy,-5.84256828806411,SP
CHEMBL1800636,0,decoy,-4.49800153523002,HTVS
CHEMBL1800768,0,decoy,-4.19908267483674,HTVS
CHEMBL1800770,0,decoy,-4.62227711683231,HTVS
CHEMBL1800771,0,decoy,-5.8517602632782,SP
CHEMBL1800772,0,decoy,-5.4030629649385,SP
CHEMBL1800773,0,decoy,-6.01832510095888,SP
CHEMBL1800774,0,decoy,-4.40588726746444,HTVS
CHEMBL1800775,0,decoy,-6.10132668879777,SP
CHEMBL1800777,0,decoy,-4.07264581921284,HTVS
CHEMBL1800828,0,decoy,-4.26850387647209,HTVS
CHEMBL1800083,0,decoy,-4.54710251765006,HTVS
CHEMBL1800832,0,decoy,-5.31769299868181,SP
CHEMBL1800833,0,decoy,-4.71111423215635,HTVS
CHEMBL1800838,0,decoy,-3.96769676576623,HTVS
CHEMBL1800847,0,decoy,-3.88904229973365,HTVS
CHEMBL1800848,0,decoy,-3.91738322670689,HTVS
CHEMBL1800853,0,decoy,-4.14193701882869,HTVS
CHEMBL1800854,0,decoy,-4.34533747170332,HTVS
CHEMBL1800858,0,decoy,-3.97527780813616,HTVS
CHEMBL1800859,0,decoy,-3.27807569469212,HTVS
CHEMBL1800952,0,decoy,-5.24422698533157,SP
CHEMBL1800953,0,decoy,-4.76333134488355,HTVS
CHEMBL1800955,0,decoy,-4.64201385715787,HTVS
CHEMBL1801003,0,decoy,-4.52693799792034,HTVS
CHEMBL1801133,0,decoy,-5.93245263795752,SP
CHEMBL1801134,0,decoy,-5.59019520667655,SP
CHEMBL4214797,0,decoy,-3.81570840256553,HTVS
CHEMBL4215122,0,decoy,-5.62086868109787,SP
CHEMBL4215303,0,decoy,-5.83468544537777,SP
CHEMBL4215356,0,decoy,-5.94336147578801,SP
CHEMBL4215403,0,decoy,-3.05591571926236,HTVS
CHEMBL4215473,0,decoy,-6.08362558512705,SP
CHEMBL4215653,0,decoy,-5.43371497593183,SP
CHEMBL4215861,0,decoy,-3.90456460800296,HTVS
CHEMBL4215920,0,decoy,-4.60431204555097,SP
CHEMBL4215971,0,decoy,-6.72175225756304,SP
CHEMBL3654358,0,decoy,-4.87575923615021,HTVS
CHEMBL3654439,0,decoy,-3.99943057691025,HTVS
CHEMBL3654548,0,decoy,-7.31773261727461,SP
CHEMBL316195,0,decoy,-4.68033776296557,HTVS
CHEMBL4540989,0,decoy,-5.61243752230553,SP
CHEMBL1977401,0,decoy,-3.65215141897041,HTVS
CHEMBL2286141,0,decoy,-3.87056064419495,HTVS
CHEMBL2286142,0,decoy,-3.62116950725916,HTVS
CHEMBL1743646,0,decoy,-4.99913842652501,SP
CHEMBL1765588,0,decoy,-4.76902089286381,HTVS
CHEMBL1765590,0,decoy,-4.08446056149114,HTVS
CHEMBL4104672,0,decoy,-5.26278379692949,SP
CHEMBL1800414,0,decoy,-4.73428536265244,HTVS
CHEMBL4214796,0,decoy,-5.67394714074065,SP
CHEMBL4214990,0,decoy,-5.56298718091342,SP
CHEMBL3339063,0,decoy,-5.47023731446935,SP
CHEMBL3339073,0,decoy,-4.19383906058953,HTVS
CHEMBL3339268,0,decoy,-5.67461492081104,SP
CHEMBL3985470,0,decoy,-5.63558463025036,SP
CHEMBL3985705,0,decoy,-4.75743274976978,HTVS
CHEMBL3985824,0,decoy,-4.04995442115363,HTVS
CHEMBL3986063,0,decoy,-4.86817432954161,HTVS
CHEMBL3986292,0,decoy,-4.83536800952219,SP
CHEMBL3986314,0,decoy,-5.33073769267345,SP
CHEMBL3986730,0,decoy,-4.67243333325219,HTVS
CHEMBL82612,0,decoy,-4.89237192688536,SP
CHEMBL85065,0,decoy,-4.73002766170607,HTVS
CHEMBL85147,0,decoy,-4.84943229556593,HTVS
CHEMBL88057,0,decoy,-3.68900927442754,HTVS
CHEMBL316264,0,decoy,-4.91513851438453,HTVS
CHEMBL314358,0,decoy,-4.82928050619506,HTVS
CHEMBL5560558,0,decoy,-5.8055914683137,SP
CHEMBL5560609,0,decoy,-4.43561223382141,HTVS
CHEMBL5560686,0,decoy,-5.40567342934408,SP
CHEMBL5560827,0,decoy,-4.56799380812787,HTVS
CHEMBL5560968,0,decoy,-4.8925748574941,SP
CHEMBL5561042,0,decoy,-2.98882091098211,HTVS
CHEMBL5561118,0,decoy,-4.42209709964118,HTVS
CHEMBL5561379,0,decoy,-5.31187563113395,SP
CHEMBL5561417,0,decoy,-4.0490017802775,HTVS
CHEMBL5561420,0,decoy,-4.552844176329,HTVS
CHEMBL4540351,0,decoy,-4.00739885253892,HTVS
CHEMBL4540431,0,decoy,-4.0438412365406,HTVS
CHEMBL4540646,0,decoy,-5.28140259116751,SP
CHEMBL4540677,0,decoy,-4.59653637768436,SP
CHEMBL4540923,0,decoy,-5.84629935278586,SP
CHEMBL4540944,0,decoy,-5.37736148648402,SP
CHEMBL4541175,0,decoy,-4.78302063035465,HTVS
CHEMBL4541477,0,decoy,-5.34740188687043,SP
CHEMBL4541596,0,decoy,-4.82025550294238,HTVS
CHEMBL4541619,0,decoy,-4.74041035207776,HTVS
CHEMBL4541727,0,decoy,-5.37055666443721,SP
CHEMBL3654537,0,decoy,-7.80242271745882,SP
CHEMBL3338525,0,decoy,-4.27399171918831,HTVS
CHEMBL3338527,0,decoy,-5.37324541867944,SP
CHEMBL3338530,0,decoy,-5.21980993543766,SP
CHEMBL3338532,0,decoy,-4.73077997300625,HTVS
CHEMBL3338539,0,decoy,-5.64248015393497,SP
CHEMBL3338722,0,decoy,-4.07657871548795,HTVS
CHEMBL3985655,0,decoy,-6.44720829764398,SP
CHEMBL3985855,0,decoy,-4.43014269924133,HTVS
CHEMBL87315,0,decoy,-4.90748665236648,HTVS
CHEMBL86207,0,decoy,-5.31371230881548,SP
CHEMBL312953,0,decoy,-6.69067916172486,SP
CHEMBL85096,0,decoy,-4.62348035540809,HTVS
CHEMBL5560332,0,decoy,-7.6891134664099,SP
CHEMBL5560461,0,decoy,-4.60468504930827,HTVS
CHEMBL5560641,0,decoy,-4.50965320457351,HTVS
CHEMBL5560994,0,decoy,-4.74224950753851,HTVS
CHEMBL5561172,0,decoy,-5.41192208495601,SP
CHEMBL5561530,0,decoy,-3.89012114754959,HTVS
CHEMBL4540493,0,decoy,-4.33105013561226,HTVS
CHEMBL4541000,0,decoy,-3.57794724240004,HTVS
CHEMBL4541030,0,decoy,-7.1545395576386,SP
CHEMBL4541311,0,decoy,-6.13239367574257,SP
CHEMBL4541603,0,decoy,-6.24254623391272,SP
CHEMBL3718340,0,decoy,-4.52835734407657,HTVS
CHEMBL3717540,0,decoy,-4.8159382129214,HTVS
CHEMBL2358982,0,decoy,-5.11455579925736,SP
CHEMBL2359773,0,decoy,-4.67161741218344,HTVS
CHEMBL2359794,0,decoy,-3.93829470182827,HTVS
CHEMBL2360049,0,decoy,-6.30622144851629,SP
CHEMBL1977733,0,decoy,-4.39917240121123,HTVS
CHEMBL1978110,0,decoy,-4.66962715534768,HTVS
CHEMBL1978767,0,decoy,-4.02523105925063,HTVS
CHEMBL1714640,0,decoy,-3.47565483747413,HTVS
CHEMBL1715298,0,decoy,-4.70945500723617,HTVS
CHEMBL1715456,0,decoy,-7.11216733140416,SP
CHEMBL1715546,0,decoy,-3.86072816447974,HTVS
CHEMBL3350995,0,decoy,-4.52479791284248,HTVS
CHEMBL1742373,0,decoy,-4.2572326900279,HTVS
CHEMBL1742401,0,decoy,-4.57798690250653,HTVS
CHEMBL1744020,0,decoy,-4.74621031123508,HTVS
CHEMBL1744065,0,decoy,-6.08960381534752,SP
CHEMBL1713929,0,decoy,-6.62267113952845,SP
CHEMBL1714021,0,decoy,-7.80996244938153,SP
CHEMBL1714072,0,decoy,-6.38410422862027,SP
CHEMBL1714128,0,decoy,-6.72919791009369,SP
CHEMBL1714238,0,decoy,-4.42968791707542,HTVS
CHEMBL3608619,0,decoy,-3.60685755333924,HTVS
CHEMBL3609852,0,decoy,-5.90521775460637,SP
