id,label,class
CHEMBL5437384,1,covalent
CHEMBL5398692,1,covalent
CHEMBL1215628,1,covalent
CHEMBL4226307,1,covalent
CHEMBL5420328,1,covalent
CHEMBL4224764,1,covalent
CHEMBL4227031,1,covalent
CHEMBL486232,1,covalent
CHEMBL4227166,1,covalent
CHEMBL3358129,1,covalent
CHEMBL4227486,1,covalent
CHEMBL5407224,1,covalent
CHEMBL5411543,1,covalent
CHEMBL3358142,1,covalent
CHEMBL4227427,1,covalent
CHEMBL3358128,1,covalent
CHEMBL3352874,1,covalent
CHEMBL4228926,1,covalent
CHEMBL4226577,1,covalent
CHEMBL541700,1,covalent
CHEMBL4227848,1,covalent
CHEMBL3358141,1,covalent
CHEMBL3358144,1,covalent
CHEMBL3358143,1,covalent
CHEMBL1171802,1,covalent
CHEMBL501901,1,covalent
CHEMBL4228861,1,covalent
CHEMBL3358140,1,covalent
CHEMBL4225350,1,covalent
CHEMBL4227295,1,covalent
CHEMBL4434685,1,covalent
CHEMBL4467013,1,covalent
CHEMBL4439637,1,covalent
CHEMBL191881,1,covalent
CHEMBL4227696,1,covalent
CHEMBL4228143,1,covalent
CHEMBL4442854,1,covalent
CHEMBL4472824,1,covalent
CHEMBL4251480,1,covalent
CHEMBL4564002,1,covalent
CHEMBL3218476,1,covalent
CHEMBL3120847,1,noncovalent
CHEMBL327624,1,covalent
CHEMBL4442674,1,covalent
CHEMBL4096388,1,covalent
CHEMBL4224829,1,covalent
CHEMBL374508,1,covalent
CHEMBL2235031,1,noncovalent
CHEMBL4527228,1,covalent
CHEMBL4516951,1,covalent
CHEMBL2235039,1,noncovalent
CHEMBL4228343,1,covalent
CHEMBL4240920,1,covalent
CHEMBL4227965,1,covalent
CHEMBL3409895,1,noncovalent
CHEMBL2235030,1,noncovalent
CHEMBL4229174,1,covalent
CHEMBL4437416,1,covalent
CHEMBL4072275,1,covalent
CHEMBL2235038,1,noncovalent
CHEMBL4456644,1,covalent
CHEMBL2235034,1,noncovalent
CHEMBL2235037,1,noncovalent
CHEMBL5436591,1,noncovalent
CHEMBL3409913,1,noncovalent
CHEMBL3409912,1,noncovalent
CHEMBL182790,1,noncovalent
CHEMBL2235032,1,noncovalent
CHEMBL3409902,1,noncovalent
CHEMBL3409901,1,noncovalent
CHEMBL383647,1,covalent
CHEMBL4294334,1,covalent
CHEMBL4555968,1,covalent
CHEMBL1171804,1,covalent
CHEMBL4475837,1,covalent
CHEMBL181752,1,noncovalent
CHEMBL5394407,1,noncovalent
CHEMBL2235033,1,noncovalent
CHEMBL5398031,1,noncovalent
CHEMBL5411995,1,noncovalent
CHEMBL4245127,1,covalent
CHEMBL3409915,1,noncovalent
CHEMBL181504,1,noncovalent
CHEMBL434743,1,noncovalent
CHEMBL183396,1,noncovalent
CHEMBL5420927,1,noncovalent
CHEMBL405741,1,covalent
CHEMBL4226767,1,covalent
CHEMBL2235035,1,noncovalent
CHEMBL223654,1,noncovalent
CHEMBL2235041,1,noncovalent
CHEMBL4062015,1,covalent
CHEMBL4083754,1,covalent
CHEMBL3409914,1,noncovalent
CHEMBL3409900,1,noncovalent
CHEMBL2235040,1,noncovalent
CHEMBL2235028,1,noncovalent
CHEMBL2235036,1,noncovalent
CHEMBL270278,1,covalent
CHEMBL271992,1,covalent
CHEMBL224801,1,noncovalent
CHEMBL5428518,1,noncovalent
CHEMBL408071,1,covalent
CHEMBL5439199,1,noncovalent
CHEMBL3120848,1,noncovalent
CHEMBL3409907,1,noncovalent
CHEMBL4248915,1,covalent
CHEMBL200151,1,covalent
CHEMBL4279824,1,covalent
CHEMBL3409908,1,noncovalent
CHEMBL4070637,1,covalent
CHEMBL5411313,1,noncovalent
CHEMBL381093,1,noncovalent
CHEMBL5434197,1,noncovalent
CHEMBL1171633,1,covalent
CHEMBL4225367,1,covalent
CHEMBL203801,1,noncovalent
CHEMBL403991,1,covalent
CHEMBL407354,1,covalent
CHEMBL272015,1,covalent
CHEMBL182795,1,noncovalent
CHEMBL192149,1,covalent
CHEMBL3409894,1,noncovalent
CHEMBL222870,1,noncovalent
CHEMBL5439062,1,noncovalent
CHEMBL402455,1,covalent
CHEMBL222871,1,noncovalent
CHEMBL4215216,1,covalent
CHEMBL1171803,1,covalent
CHEMBL224312,1,noncovalent
CHEMBL2235029,1,noncovalent
CHEMBL195381,1,covalent
CHEMBL195822,1,covalent
CHEMBL3358135,1,covalent
CHEMBL5426937,1,noncovalent
CHEMBL3409903,1,noncovalent
CHEMBL183005,1,noncovalent
CHEMBL194821,1,covalent
CHEMBL191640,1,covalent
CHEMBL225449,1,noncovalent
CHEMBL5425369,1,noncovalent
CHEMBL5407886,1,noncovalent
CHEMBL559434,1,noncovalent
CHEMBL203802,1,noncovalent
CHEMBL4857262,1,noncovalent
CHEMBL5424376,1,noncovalent
CHEMBL5420093,1,noncovalent
CHEMBL4078345,1,covalent
CHEMBL4850572,1,noncovalent
CHEMBL4473513,1,covalent
CHEMBL224025,1,noncovalent
CHEMBL4868442,1,noncovalent
CHEMBL3120842,1,noncovalent
CHEMBL3409904,1,noncovalent
CHEMBL373022,1,covalent
CHEMBL204344,1,noncovalent
CHEMBL3358136,1,covalent
CHEMBL1171636,1,covalent
CHEMBL4594166,1,covalent
CHEMBL5409393,1,covalent
CHEMBL5556412,1,noncovalent
CHEMBL3358130,1,covalent
CHEMBL191457,1,covalent
CHEMBL225646,1,noncovalent
CHEMBL525938,1,noncovalent
CHEMBL5426764,1,covalent
CHEMBL222322,1,noncovalent
CHEMBL5630614,1,noncovalent
CHEMBL92805,1,covalent
CHEMBL92956,1,covalent
CHEMBL91050,1,noncovalent
CHEMBL91856,1,covalent
CHEMBL5412407,1,noncovalent
CHEMBL4869807,1,noncovalent
CHEMBL120254,1,noncovalent
CHEMBL250154,1,noncovalent
CHEMBL3120835,1,noncovalent
CHEMBL4856045,1,noncovalent
CHEMBL203823,1,noncovalent
CHEMBL222325,1,noncovalent
CHEMBL3409906,1,noncovalent
CHEMBL5624599,1,noncovalent
CHEMBL5394920,1,noncovalent
CHEMBL5630817,1,noncovalent
CHEMBL4211317,1,noncovalent
CHEMBL414179,1,covalent
CHEMBL329629,1,covalent
CHEMBL90245,1,noncovalent
CHEMBL91049,1,covalent
CHEMBL329532,1,covalent
CHEMBL93341,1,covalent
CHEMBL423112,1,covalent
CHEMBL4207961,1,noncovalent
CHEMBL203649,1,noncovalent
CHEMBL5630121,1,noncovalent
CHEMBL3120834,1,noncovalent
CHEMBL374510,1,covalent
CHEMBL5404235,1,noncovalent
CHEMBL224893,1,noncovalent
CHEMBL5434874,1,noncovalent
CHEMBL4857754,1,noncovalent
CHEMBL1458713,1,covalent
CHEMBL3358137,1,covalent
CHEMBL5625072,1,noncovalent
CHEMBL221991,1,covalent
CHEMBL436500,1,noncovalent
CHEMBL3409897,1,noncovalent
CHEMBL4218177,1,noncovalent
CHEMBL5398485,1,noncovalent
CHEMBL203856,1,noncovalent
CHEMBL378223,1,noncovalent
CHEMBL5400091,1,noncovalent
CHEMBL1302947,1,noncovalent
CHEMBL4451728,1,noncovalent
CHEMBL4582464,1,noncovalent
CHEMBL4449400,1,noncovalent
CHEMBL4582597,1,noncovalent
CHEMBL4578038,1,noncovalent
CHEMBL4458321,1,noncovalent
CHEMBL4551614,1,noncovalent
CHEMBL1584095,1,noncovalent
CHEMBL4444541,1,noncovalent
CHEMBL4471644,1,noncovalent
CHEMBL4218788,1,noncovalent
CHEMBL4786898,1,noncovalent
CHEMBL438659,1,noncovalent
CHEMBL3409899,1,noncovalent
CHEMBL1939368,1,noncovalent
CHEMBL5421969,1,noncovalent
CHEMBL5624786,1,noncovalent
CHEMBL2402204,1,covalent
CHEMBL5395393,1,noncovalent
CHEMBL4211543,1,noncovalent
CHEMBL3409905,1,noncovalent
CHEMBL224803,1,noncovalent
CHEMBL221833,1,noncovalent
CHEMBL4203015,1,noncovalent
CHEMBL3358133,1,covalent
CHEMBL4212687,1,noncovalent
CHEMBL5419296,1,noncovalent
CHEMBL4853187,1,noncovalent
CHEMBL1171866,1,noncovalent
CHEMBL209147,1,noncovalent
CHEMBL183767,1,noncovalent
CHEMBL5394154,1,noncovalent
CHEMBL3410086,1,noncovalent
CHEMBL5630622,1,noncovalent
CHEMBL207117,1,noncovalent
CHEMBL1171868,1,noncovalent
CHEMBL4209200,1,noncovalent
CHEMBL117767,1,noncovalent
CHEMBL118355,1,noncovalent
CHEMBL4101714,1,covalent
CHEMBL4100751,1,covalent
CHEMBL93881,1,noncovalent
CHEMBL420812,1,noncovalent
CHEMBL91234,1,noncovalent
CHEMBL433390,1,noncovalent
CHEMBL92738,1,noncovalent
CHEMBL323975,1,noncovalent
CHEMBL4213904,1,noncovalent
CHEMBL4209486,1,noncovalent
CHEMBL5397408,1,noncovalent
CHEMBL5438601,1,noncovalent
CHEMBL3351009,0,decoy
CHEMBL83247,0,decoy
CHEMBL1744144,0,decoy
CHEMBL542928,0,decoy
CHEMBL4104183,0,decoy
CHEMBL4104334,0,decoy
CHEMBL4105097,0,decoy
CHEMBL1800472,0,decoy
CHEMBL1800474,0,decoy
CHEMBL1800660,0,decoy
CHEMBL4215261,0,decoy
CHEMBL3985409,0,decoy
CHEMBL3986023,0,decoy
CHEMBL3986121,0,decoy
CHEMBL313367,0,decoy
CHEMBL87684,0,decoy
CHEMBL1978417,0,decoy
CHEMBL1714762,0,decoy
CHEMBL1742409,0,decoy
CHEMBL1743675,0,decoy
CHEMBL1744052,0,decoy
CHEMBL3608989,0,decoy
CHEMBL544780,0,decoy
CHEMBL542930,0,decoy
CHEMBL1762696,0,decoy
CHEMBL1765560,0,decoy
CHEMBL1765561,0,decoy
CHEMBL1765563,0,decoy
CHEMBL1765564,0,decoy
CHEMBL4104248,0,decoy
CHEMBL4104444,0,decoy
CHEMBL4105126,0,decoy
CHEMBL1797976,0,decoy
CHEMBL1797977,0,decoy
CHEMBL1797989,0,decoy
CHEMBL1797994,0,decoy
CHEMBL1797995,0,decoy
CHEMBL1797998,0,decoy
CHEMBL1798000,0,decoy
CHEMBL1800335,0,decoy
CHEMBL1800336,0,decoy
CHEMBL1800078,0,decoy
CHEMBL1800337,0,decoy
CHEMBL1800656,0,decoy
CHEMBL1800657,0,decoy
CHEMBL1800658,0,decoy
CHEMBL1800659,0,decoy
CHEMBL4214926,0,decoy
CHEMBL4214962,0,decoy
CHEMBL4215114,0,decoy
CHEMBL4214953,0,decoy
CHEMBL4215063,0,decoy
CHEMBL4215458,0,decoy
CHEMBL4215936,0,decoy
CHEMBL3338120,0,decoy
CHEMBL85248,0,decoy
CHEMBL86088,0,decoy
CHEMBL82623,0,decoy
CHEMBL420034,0,decoy
CHEMBL85896,0,decoy
CHEMBL86092,0,decoy
CHEMBL5560794,0,decoy
CHEMBL5560927,0,decoy
CHEMBL5561143,0,decoy
CHEMBL4540930,0,decoy
CHEMBL4541389,0,decoy
CHEMBL2359201,0,decoy
CHEMBL2359399,0,decoy
CHEMBL2359876,0,decoy
CHEMBL2359901,0,decoy
CHEMBL2360066,0,decoy
CHEMBL1977908,0,decoy
CHEMBL1978741,0,decoy
CHEMBL1714447,0,decoy
CHEMBL1714465,0,decoy
CHEMBL1714483,0,decoy
CHEMBL1714558,0,decoy
CHEMBL1714759,0,decoy
CHEMBL3351100,0,decoy
CHEMBL2287019,0,decoy
CHEMBL2287034,0,decoy
CHEMBL2287035,0,decoy
CHEMBL2287036,0,decoy
CHEMBL2287037,0,decoy
CHEMBL2287038,0,decoy
CHEMBL1742036,0,decoy
CHEMBL1742181,0,decoy
CHEMBL1742223,0,decoy
CHEMBL1742309,0,decoy
CHEMBL1742330,0,decoy
CHEMBL1742424,0,decoy
CHEMBL1743867,0,decoy
CHEMBL1743903,0,decoy
CHEMBL1743924,0,decoy
CHEMBL1744140,0,decoy
CHEMBL1744163,0,decoy
CHEMBL1713369,0,decoy
CHEMBL1713428,0,decoy
CHEMBL1713461,0,decoy
CHEMBL1713603,0,decoy
CHEMBL3985681,0,decoy
CHEMBL3986256,0,decoy
CHEMBL1762723,0,decoy
CHEMBL1762724,0,decoy
CHEMBL1762725,0,decoy
CHEMBL1762726,0,decoy
CHEMBL1765471,0,decoy
CHEMBL1765472,0,decoy
CHEMBL1766179,0,decoy
CHEMBL4104212,0,decoy
CHEMBL4104287,0,decoy
CHEMBL4104332,0,decoy
CHEMBL4104347,0,decoy
CHEMBL4104376,0,decoy
CHEMBL4104541,0,decoy
CHEMBL4104572,0,decoy
CHEMBL4104861,0,decoy
CHEMBL4105034,0,decoy
CHEMBL4105093,0,decoy
CHEMBL4105128,0,decoy
CHEMBL4105137,0,decoy
CHEMBL4105196,0,decoy
CHEMBL4105492,0,decoy
CHEMBL1798085,0,decoy
CHEMBL1800317,0,decoy
CHEMBL1800324,0,decoy
CHEMBL1800829,0,decoy
CHEMBL1800951,0,decoy
CHEMBL1801044,0,decoy
CHEMBL1801045,0,decoy
CHEMBL1801046,0,decoy
CHEMBL4214752,0,decoy
CHEMBL4214913,0,decoy
CHEMBL4215025,0,decoy
CHEMBL4215034,0,decoy
CHEMBL4215068,0,decoy
CHEMBL4215071,0,decoy
CHEMBL4215102,0,decoy
CHEMBL4215140,0,decoy
CHEMBL4215233,0,decoy
CHEMBL4215577,0,decoy
CHEMBL4215629,0,decoy
CHEMBL4215722,0,decoy
CHEMBL4216003,0,decoy
CHEMBL3654330,0,decoy
CHEMBL3654747,0,decoy
CHEMBL3654752,0,decoy
CHEMBL3654753,0,decoy
CHEMBL3654760,0,decoy
CHEMBL3654761,0,decoy
CHEMBL3338604,0,decoy
CHEMBL3338605,0,decoy
CHEMBL4104740,0,decoy
CHEMBL4214937,0,decoy
CHEMBL4214993,0,decoy
CHEMBL4215052,0,decoy
CHEMBL4215053,0,decoy
CHEMBL4215782,0,decoy
CHEMBL3654631,0,decoy
CHEMBL3654636,0,decoy
CHEMBL3654648,0,decoy
CHEMBL3985392,0,decoy
CHEMBL3985584,0,decoy
CHEMBL83505,0,decoy
CHEMBL315322,0,decoy
CHEMBL5560351,0,decoy
CHEMBL5560863,0,decoy
CHEMBL5561029,0,decoy
CHEMBL5561089,0,decoy
CHEMBL5561253,0,decoy
CHEMBL5561370,0,decoy
CHEMBL4541445,0,decoy
CHEMBL3717462,0,decoy
CHEMBL2359218,0,decoy
CHEMBL1714571,0,decoy
CHEMBL1715063,0,decoy
CHEMBL1715410,0,decoy
CHEMBL1743346,0,decoy
CHEMBL1743687,0,decoy
CHEMBL1743894,0,decoy
CHEMBL1744168,0,decoy
CHEMBL1744169,0,decoy
CHEMBL1744250,0,decoy
CHEMBL1714266,0,decoy
CHEMBL544336,0,decoy
CHEMBL1762699,0,decoy
CHEMBL1760000,0,decoy
CHEMBL1762705,0,decoy
CHEMBL1765140,0,decoy
CHEMBL1765143,0,decoy
CHEMBL1765144,0,decoy
CHEMBL4104339,0,decoy
CHEMBL4104467,0,decoy
CHEMBL4104867,0,decoy
CHEMBL4104890,0,decoy
CHEMBL4105073,0,decoy
CHEMBL4105382,0,decoy
CHEMBL1800361,0,decoy
CHEMBL4214873,0,decoy
CHEMBL4214910,0,decoy
CHEMBL1801084,0,decoy
CHEMBL4215370,0,decoy
CHEMBL3654366,0,decoy
CHEMBL83532,0,decoy
CHEMBL314909,0,decoy
CHEMBL5561677,0,decoy
CHEMBL3353214,0,decoy
CHEMBL1713310,0,decoy
CHEMBL1713867,0,decoy
CHEMBL3608586,0,decoy
CHEMBL3609309,0,decoy
CHEMBL1762812,0,decoy
CHEMBL1765357,0,decoy
CHEMBL1765559,0,decoy
CHEMBL1765562,0,decoy
CHEMBL1765626,0,decoy
CHEMBL1765627,0,decoy
CHEMBL1765628,0,decoy
CHEMBL1765781,0,decoy
CHEMBL1765782,0,decoy
CHEMBL1766086,0,decoy
CHEMBL1766088,0,decoy
CHEMBL4104317,0,decoy
CHEMBL4104335,0,decoy
CHEMBL4104360,0,decoy
CHEMBL4104416,0,decoy
CHEMBL4104422,0,decoy
CHEMBL4104445,0,decoy
CHEMBL4104492,0,decoy
CHEMBL4104561,0,decoy
CHEMBL4104597,0,decoy
CHEMBL4104646,0,decoy
CHEMBL4104680,0,decoy
CHEMBL4104739,0,decoy
CHEMBL4104763,0,decoy
CHEMBL4104917,0,decoy
CHEMBL4104959,0,decoy
CHEMBL4104963,0,decoy
CHEMBL4105016,0,decoy
CHEMBL4105045,0,decoy
CHEMBL4105100,0,decoy
CHEMBL4105159,0,decoy
CHEMBL4105218,0,decoy
CHEMBL4105223,0,decoy
CHEMBL4105254,0,decoy
CHEMBL4105299,0,decoy
CHEMBL4105333,0,decoy
CHEMBL4105377,0,decoy
CHEMBL4105422,0,decoy
CHEMBL1797987,0,decoy
CHEMBL4215407,0,decoy
CHEMBL2359099,0,decoy
CHEMBL1762703,0,decoy
CHEMBL4104393,0,decoy
CHEMBL4104793,0,decoy
CHEMBL4105513,0,decoy
CHEMBL1801057,0,decoy
CHEMBL1801078,0,decoy
CHEMBL4215242,0,decoy
CHEMBL4215264,0,decoy
CHEMBL4215415,0,decoy
CHEMBL4215521,0,decoy
CHEMBL4215794,0,decoy
CHEMBL4215848,0,decoy
CHEMBL4216015,0,decoy
CHEMBL3654370,0,decoy
CHEMBL3654622,0,decoy
CHEMBL3654630,0,decoy
CHEMBL3338094,0,decoy
CHEMBL3338095,0,decoy
CHEMBL3338104,0,decoy
CHEMBL3985466,0,decoy
CHEMBL3985742,0,decoy
CHEMBL3985859,0,decoy
CHEMBL3986455,0,decoy
CHEMBL3986555,0,decoy
CHEMBL82851,0,decoy
CHEMBL313121,0,decoy
CHEMBL4540460,0,decoy
CHEMBL4540560,0,decoy
CHEMBL4540828,0,decoy
CHEMBL4541177,0,decoy
CHEMBL4541352,0,decoy
CHEMBL4541457,0,decoy
CHEMBL3718683,0,decoy
CHEMBL3719344,0,decoy
CHEMBL3716408,0,decoy
CHEMBL2359087,0,decoy
CHEMBL2359148,0,decoy
CHEMBL2359372,0,decoy
CHEMBL2359425,0,decoy
CHEMBL2359488,0,decoy
CHEMBL2359569,0,decoy
CHEMBL2359657,0,decoy
CHEMBL2359833,0,decoy
CHEMBL2359967,0,decoy
CHEMBL1977507,0,decoy
CHEMBL1977532,0,decoy
CHEMBL1714449,0,decoy
CHEMBL1714509,0,decoy
CHEMBL4540968,0,decoy
CHEMBL1762706,0,decoy
CHEMBL4214879,0,decoy
CHEMBL4215319,0,decoy
CHEMBL4216092,0,decoy
CHEMBL3654621,0,decoy
CHEMBL3338610,0,decoy
CHEMBL3338611,0,decoy
CHEMBL3338612,0,decoy
CHEMBL3338613,0,decoy
CHEMBL3986268,0,decoy
CHEMBL3986407,0,decoy
CHEMBL85762,0,decoy
CHEMBL5560627,0,decoy
CHEMBL5560835,0,decoy
CHEMBL5560900,0,decoy
CHEMBL5560995,0,decoy
CHEMBL5561030,0,decoy
CHEMBL5561079,0,decoy
CHEMBL2358995,0,decoy
CHEMBL2359058,0,decoy
CHEMBL2359071,0,decoy
CHEMBL2359210,0,decoy
CHEMBL2359309,0,decoy
CHEMBL2359329,0,decoy
CHEMBL2359431,0,decoy
CHEMBL2359536,0,decoy
CHEMBL2359608,0,decoy
CHEMBL2359718,0,decoy
CHEMBL2359896,0,decoy
CHEMBL2360118,0,decoy
CHEMBL1714732,0,decoy
CHEMBL1714925,0,decoy
CHEMBL1714944,0,decoy
CHEMBL1715422,0,decoy
CHEMBL3353477,0,decoy
CHEMBL3353478,0,decoy
CHEMBL3353479,0,decoy
CHEMBL3353480,0,decoy
CHEMBL3353481,0,decoy
CHEMBL3353529,0,decoy
CHEMBL3353534,0,decoy
CHEMBL1743895,0,decoy
CHEMBL1743897,0,decoy
CHEMBL1743900,0,decoy
CHEMBL1743902,0,decoy
CHEMBL1743912,0,decoy
CHEMBL1743917,0,decoy
CHEMBL1743919,0,decoy
CHEMBL1744338,0,decoy
CHEMBL3654796,0,decoy
CHEMBL3654798,0,decoy
CHEMBL3654799,0,decoy
CHEMBL3654801,0,decoy
CHEMBL3654820,0,decoy
CHEMBL3654824,0,decoy
CHEMBL3654917,0,decoy
CHEMBL3654932,0,decoy
CHEMBL3655083,0,decoy
CHEMBL3655084,0,decoy
CHEMBL3655087,0,decoy
CHEMBL3655088,0,decoy
CHEMBL3655090,0,decoy
CHEMBL3655093,0,decoy
CHEMBL3655094,0,decoy
CHEMBL3655103,0,decoy
CHEMBL3655358,0,decoy
CHEMBL3338112,0,decoy
CHEMBL3338116,0,decoy
CHEMBL3338119,0,decoy
CHEMBL3338122,0,decoy
CHEMBL3338430,0,decoy
CHEMBL3985527,0,decoy
CHEMBL3985609,0,decoy
CHEMBL3985624,0,decoy
CHEMBL3985648,0,decoy
CHEMBL3986002,0,decoy
CHEMBL3986235,0,decoy
CHEMBL3986339,0,decoy
CHEMBL3986489,0,decoy
CHEMBL3986666,0,decoy
CHEMBL3986776,0,decoy
CHEMBL85088,0,decoy
CHEMBL315547,0,decoy
CHEMBL315968,0,decoy
CHEMBL83132,0,decoy
CHEMBL83291,0,decoy
CHEMBL85757,0,decoy
CHEMBL5560374,0,decoy
CHEMBL5560375,0,decoy
CHEMBL5560423,0,decoy
CHEMBL5560743,0,decoy
CHEMBL5560760,0,decoy
CHEMBL5560830,0,decoy
CHEMBL5560836,0,decoy
CHEMBL5560889,0,decoy
CHEMBL5560916,0,decoy
CHEMBL5561178,0,decoy
CHEMBL5561224,0,decoy
CHEMBL5561279,0,decoy
CHEMBL5560870,0,decoy
CHEMBL4540913,0,decoy
CHEMBL1744351,0,decoy
CHEMBL552668,0,decoy
CHEMBL543893,0,decoy
CHEMBL4104407,0,decoy
CHEMBL1800279,0,decoy
CHEMBL1800940,0,decoy
CHEMBL1800944,0,decoy
CHEMBL4215716,0,decoy
CHEMBL4215746,0,decoy
CHEMBL4215947,0,decoy
CHEMBL3655089,0,decoy
CHEMBL3655100,0,decoy
CHEMBL3986184,0,decoy
CHEMBL3986515,0,decoy
CHEMBL3986740,0,decoy
CHEMBL3986866,0,decoy
CHEMBL86287,0,decoy
CHEMBL85546,0,decoy
CHEMBL5560690,0,decoy
CHEMBL5560935,0,decoy
CHEMBL5561013,0,decoy
CHEMBL5561340,0,decoy
CHEMBL5561629,0,decoy
CHEMBL4541081,0,decoy
CHEMBL2358958,0,decoy
CHEMBL2359018,0,decoy
CHEMBL2359302,0,decoy
CHEMBL2359865,0,decoy
CHEMBL2360008,0,decoy
CHEMBL1977445,0,decoy
CHEMBL1977935,0,decoy
CHEMBL1978007,0,decoy
CHEMBL1714443,0,decoy
CHEMBL1714652,0,decoy
CHEMBL1714782,0,decoy
CHEMBL1714875,0,decoy
CHEMBL1714909,0,decoy
CHEMBL1715055,0,decoy
CHEMBL1715078,0,decoy
CHEMBL1715122,0,decoy
CHEMBL1715124,0,decoy
CHEMBL1715167,0,decoy
CHEMBL1715171,0,decoy
CHEMBL1715317,0,decoy
CHEMBL1715326,0,decoy
CHEMBL1715411,0,decoy
CHEMBL3350477,0,decoy
CHEMBL3350552,0,decoy
CHEMBL3350580,0,decoy
CHEMBL3350659,0,decoy
CHEMBL3350999,0,decoy
CHEMBL2286315,0,decoy
CHEMBL2286320,0,decoy
CHEMBL1797978,0,decoy
CHEMBL4215519,0,decoy
CHEMBL3338115,0,decoy
CHEMBL85750,0,decoy
CHEMBL85924,0,decoy
CHEMBL5560582,0,decoy
CHEMBL5561058,0,decoy
CHEMBL5561186,0,decoy
CHEMBL2359261,0,decoy
CHEMBL2359420,0,decoy
CHEMBL2359548,0,decoy
CHEMBL2359768,0,decoy
CHEMBL2359921,0,decoy
CHEMBL1977585,0,decoy
CHEMBL1714508,0,decoy
CHEMBL1714727,0,decoy
CHEMBL1715186,0,decoy
CHEMBL1715251,0,decoy
CHEMBL1715519,0,decoy
CHEMBL2287023,0,decoy
CHEMBL1742336,0,decoy
CHEMBL1713388,0,decoy
CHEMBL1713588,0,decoy
CHEMBL1713632,0,decoy
CHEMBL1713794,0,decoy
CHEMBL1713863,0,decoy
CHEMBL1714111,0,decoy
CHEMBL1714123,0,decoy
CHEMBL1714225,0,decoy
CHEMBL1714354,0,decoy
CHEMBL556022,0,decoy
CHEMBL555764,0,decoy
CHEMBL543420,0,decoy
CHEMBL1762697,0,decoy
CHEMBL4104472,0,decoy
CHEMBL4104785,0,decoy
CHEMBL4105247,0,decoy
CHEMBL1797988,0,decoy
CHEMBL1797999,0,decoy
CHEMBL1798065,0,decoy
CHEMBL1798074,0,decoy
CHEMBL1800473,0,decoy
CHEMBL1800790,0,decoy
CHEMBL4214992,0,decoy
CHEMBL4215028,0,decoy
CHEMBL4215182,0,decoy
CHEMBL4215186,0,decoy
CHEMBL4215288,0,decoy
CHEMBL4215294,0,decoy
CHEMBL4215318,0,decoy
CHEMBL316144,0,decoy
CHEMBL5561259,0,decoy
CHEMBL1744317,0,decoy
CHEMBL1744371,0,decoy
CHEMBL1713485,0,decoy
CHEMBL1713807,0,decoy
CHEMBL1714403,0,decoy
CHEMBL3609906,0,decoy
CHEMBL554963,0,decoy
CHEMBL542696,0,decoy
CHEMBL554858,0,decoy
CHEMBL543174,0,decoy
CHEMBL1762704,0,decoy
CHEMBL1765660,0,decoy
CHEMBL4104195,0,decoy
CHEMBL4104197,0,decoy
CHEMBL4104312,0,decoy
CHEMBL4104507,0,decoy
CHEMBL4105147,0,decoy
CHEMBL1798061,0,decoy
CHEMBL1798076,0,decoy
CHEMBL1798078,0,decoy
CHEMBL1798082,0,decoy
CHEMBL1801073,0,decoy
CHEMBL1801074,0,decoy
CHEMBL4214748,0,decoy
CHEMBL4214847,0,decoy
CHEMBL4214850,0,decoy
CHEMBL4215518,0,decoy
CHEMBL4215628,0,decoy
CHEMBL4215805,0,decoy
CHEMBL3639532,0,decoy
CHEMBL3654368,0,decoy
CHEMBL3654375,0,decoy
CHEMBL3654496,0,decoy
CHEMBL3654592,0,decoy
CHEMBL3654613,0,decoy
CHEMBL3654641,0,decoy
CHEMBL3654642,0,decoy
CHEMBL3654643,0,decoy
CHEMBL3654647,0,decoy
CHEMBL3654649,0,decoy
CHEMBL3654653,0,decoy
CHEMBL3654657,0,decoy
CHEMBL3654663,0,decoy
CHEMBL3654665,0,decoy
CHEMBL3338127,0,decoy
CHEMBL3338154,0,decoy
CHEMBL3338606,0,decoy
CHEMBL3338607,0,decoy
CHEMBL4105151,0,decoy
CHEMBL4541400,0,decoy
CHEMBL1762692,0,decoy
CHEMBL4104315,0,decoy
CHEMBL4104581,0,decoy
CHEMBL4104954,0,decoy
CHEMBL1797982,0,decoy
CHEMBL4215246,0,decoy
CHEMBL4215499,0,decoy
CHEMBL3985465,0,decoy
CHEMBL3985689,0,decoy
CHEMBL3985968,0,decoy
CHEMBL5560460,0,decoy
CHEMBL5560564,0,decoy
CHEMBL5560650,0,decoy
CHEMBL5561158,0,decoy
CHEMBL5561424,0,decoy
CHEMBL5561509,0,decoy
CHEMBL4540377,0,decoy
CHEMBL3719320,0,decoy
CHEMBL2359191,0,decoy
CHEMBL2359266,0,decoy
CHEMBL2359297,0,decoy
CHEMBL2359428,0,decoy
CHEMBL2359918,0,decoy
CHEMBL2359927,0,decoy
CHEMBL1977748,0,decoy
CHEMBL1977892,0,decoy
CHEMBL1715265,0,decoy
CHEMBL3353396,0,decoy
CHEMBL3353399,0,decoy
CHEMBL3353400,0,decoy
CHEMBL3353402,0,decoy
CHEMBL3608559,0,decoy
CHEMBL3608654,0,decoy
CHEMBL3608744,0,decoy
CHEMBL3608745,0,decoy
CHEMBL544111,0,decoy
CHEMBL544124,0,decoy
CHEMBL544589,0,decoy
CHEMBL1762549,0,decoy
CHEMBL1762633,0,decoy
CHEMBL1762691,0,decoy
CHEMBL1765384,0,decoy
CHEMBL1765392,0,decoy
CHEMBL1765453,0,decoy
CHEMBL1765818,0,decoy
CHEMBL4104319,0,decoy
CHEMBL4104450,0,decoy
CHEMBL4104494,0,decoy
CHEMBL5560563,0,decoy
CHEMBL5561690,0,decoy
CHEMBL1714470,0,decoy
CHEMBL1714949,0,decoy
CHEMBL1744406,0,decoy
CHEMBL3654590,0,decoy
CHEMBL3654624,0,decoy
CHEMBL3654625,0,decoy
CHEMBL3654626,0,decoy
CHEMBL3338096,0,decoy
CHEMBL3338101,0,decoy
CHEMBL3338102,0,decoy
CHEMBL3338103,0,decoy
CHEMBL3338105,0,decoy
CHEMBL3338106,0,decoy
CHEMBL3338110,0,decoy
CHEMBL3338111,0,decoy
CHEMBL3338118,0,decoy
CHEMBL3338130,0,decoy
CHEMBL3338131,0,decoy
CHEMBL4541527,0,decoy
CHEMBL2359497,0,decoy
CHEMBL1765682,0,decoy
CHEMBL1766060,0,decoy
CHEMBL1766061,0,decoy
CHEMBL4104409,0,decoy
CHEMBL4104797,0,decoy
CHEMBL4105225,0,decoy
CHEMBL4105534,0,decoy
CHEMBL1798066,0,decoy
CHEMBL1800319,0,decoy
CHEMBL1800791,0,decoy
CHEMBL1800950,0,decoy
CHEMBL1801047,0,decoy
CHEMBL1801050,0,decoy
CHEMBL1801051,0,decoy
CHEMBL1801088,0,decoy
CHEMBL1801089,0,decoy
CHEMBL1801153,0,decoy
CHEMBL4214857,0,decoy
CHEMBL4214862,0,decoy
CHEMBL4214975,0,decoy
CHEMBL4214994,0,decoy
CHEMBL4215130,0,decoy
CHEMBL4215229,0,decoy
CHEMBL4215257,0,decoy
CHEMBL4215287,0,decoy
CHEMBL4215376,0,decoy
CHEMBL4215466,0,decoy
CHEMBL4215558,0,decoy
CHEMBL4215727,0,decoy
CHEMBL4215730,0,decoy
CHEMBL4215846,0,decoy
CHEMBL4215918,0,decoy
CHEMBL4215989,0,decoy
CHEMBL3338109,0,decoy
CHEMBL2360046,0,decoy
CHEMBL2360074,0,decoy
CHEMBL1713694,0,decoy
CHEMBL1714068,0,decoy
CHEMBL1714100,0,decoy
CHEMBL1714398,0,decoy
CHEMBL545043,0,decoy
CHEMBL4105504,0,decoy
CHEMBL1801052,0,decoy
CHEMBL1801072,0,decoy
CHEMBL1801077,0,decoy
CHEMBL1801083,0,decoy
CHEMBL1801163,0,decoy
CHEMBL4214793,0,decoy
CHEMBL4215270,0,decoy
CHEMBL4215286,0,decoy
CHEMBL4215423,0,decoy
CHEMBL4215990,0,decoy
CHEMBL3654363,0,decoy
CHEMBL3654560,0,decoy
CHEMBL3654564,0,decoy
CHEMBL3654582,0,decoy
CHEMBL3654593,0,decoy
CHEMBL3654603,0,decoy
CHEMBL3654610,0,decoy
CHEMBL3655384,0,decoy
CHEMBL3338091,0,decoy
CHEMBL3338092,0,decoy
CHEMBL3338093,0,decoy
CHEMBL3338097,0,decoy
CHEMBL3338098,0,decoy
CHEMBL3338099,0,decoy
CHEMBL3338100,0,decoy
CHEMBL3337462,0,decoy
CHEMBL3338107,0,decoy
CHEMBL3338108,0,decoy
CHEMBL3338132,0,decoy
CHEMBL3985395,0,decoy
CHEMBL3985420,0,decoy
CHEMBL3985496,0,decoy
CHEMBL3985590,0,decoy
CHEMBL3985672,0,decoy
CHEMBL3985769,0,decoy
CHEMBL3986033,0,decoy
CHEMBL3986046,0,decoy
CHEMBL3986147,0,decoy
CHEMBL3986185,0,decoy
CHEMBL3986331,0,decoy
CHEMBL3986337,0,decoy
CHEMBL5561223,0,decoy
CHEMBL4215386,0,decoy
CHEMBL4215646,0,decoy
CHEMBL3986076,0,decoy
CHEMBL5560941,0,decoy
CHEMBL5561187,0,decoy
CHEMBL5561254,0,decoy
CHEMBL4540442,0,decoy
CHEMBL1977688,0,decoy
CHEMBL1713393,0,decoy
CHEMBL1762702,0,decoy
CHEMBL1765661,0,decoy
CHEMBL4104839,0,decoy
CHEMBL4105123,0,decoy
CHEMBL4105133,0,decoy
CHEMBL1798008,0,decoy
CHEMBL1800214,0,decoy
CHEMBL4215332,0,decoy
CHEMBL4215948,0,decoy
CHEMBL4215964,0,decoy
CHEMBL3338449,0,decoy
CHEMBL3338450,0,decoy
CHEMBL3985607,0,decoy
CHEMBL3986050,0,decoy
CHEMBL3986818,0,decoy
CHEMBL5560411,0,decoy
CHEMBL5560846,0,decoy
CHEMBL5560987,0,decoy
CHEMBL5561170,0,decoy
CHEMBL5561381,0,decoy
CHEMBL5561636,0,decoy
CHEMBL4540394,0,decoy
CHEMBL2359730,0,decoy
CHEMBL3350613,0,decoy
CHEMBL3350698,0,decoy
CHEMBL2286700,0,decoy
CHEMBL1744053,0,decoy
CHEMBL1713354,0,decoy
CHEMBL1713362,0,decoy
CHEMBL1713416,0,decoy
CHEMBL1713517,0,decoy
CHEMBL1713563,0,decoy
CHEMBL1713710,0,decoy
CHEMBL1713825,0,decoy
CHEMBL1714194,0,decoy
CHEMBL545261,0,decoy
CHEMBL555859,0,decoy
CHEMBL545262,0,decoy
CHEMBL542689,0,decoy
CHEMBL542206,0,decoy
CHEMBL3338090,0,decoy
CHEMBL3338113,0,decoy
CHEMBL3338117,0,decoy
CHEMBL1978177,0,decoy
CHEMBL1715215,0,decoy
CHEMBL1713434,0,decoy
CHEMBL3608670,0,decoy
CHEMBL555658,0,decoy
CHEMBL1765775,0,decoy
CHEMBL1765779,0,decoy
CHEMBL4105375,0,decoy
CHEMBL1800788,0,decoy
CHEMBL1800789,0,decoy
CHEMBL1800837,0,decoy
CHEMBL1800886,0,decoy
CHEMBL1800895,0,decoy
CHEMBL4214788,0,decoy
CHEMBL4214849,0,decoy
CHEMBL4215276,0,decoy
CHEMBL4215329,0,decoy
CHEMBL4215383,0,decoy
CHEMBL4215763,0,decoy
CHEMBL4215779,0,decoy
CHEMBL3654517,0,decoy
CHEMBL3654535,0,decoy
CHEMBL3654701,0,decoy
CHEMBL3654749,0,decoy
CHEMBL3654797,0,decoy
CHEMBL3655320,0,decoy
CHEMBL3655329,0,decoy
CHEMBL3655368,0,decoy
CHEMBL3655375,0,decoy
CHEMBL3655385,0,decoy
CHEMBL3655397,0,decoy
CHEMBL3338121,0,decoy
CHEMBL3338126,0,decoy
CHEMBL3338134,0,decoy
CHEMBL3338135,0,decoy
CHEMBL3338350,0,decoy
CHEMBL3338378,0,decoy
CHEMBL3338379,0,decoy
CHEMBL3338969,0,decoy
CHEMBL3338972,0,decoy
CHEMBL3338976,0,decoy
CHEMBL3338980,0,decoy
CHEMBL3339179,0,decoy
CHEMBL3339180,0,decoy
CHEMBL3985513,0,decoy
CHEMBL3985603,0,decoy
CHEMBL3985919,0,decoy
CHEMBL1765386,0,decoy
CHEMBL1765387,0,decoy
CHEMBL4104549,0,decoy
CHEMBL4105191,0,decoy
CHEMBL3654448,0,decoy
CHEMBL3654449,0,decoy
CHEMBL3654973,0,decoy
CHEMBL3985556,0,decoy
CHEMBL3986215,0,decoy
CHEMBL3986253,0,decoy
CHEMBL3986416,0,decoy
CHEMBL5560478,0,decoy
CHEMBL5560623,0,decoy
CHEMBL5561156,0,decoy
CHEMBL2359871,0,decoy
CHEMBL1714920,0,decoy
CHEMBL1713870,0,decoy
CHEMBL1714108,0,decoy
CHEMBL3609303,0,decoy
CHEMBL3609313,0,decoy
CHEMBL542193,0,decoy
CHEMBL1765093,0,decoy
CHEMBL1765385,0,decoy
CHEMBL1766115,0,decoy
CHEMBL1766123,0,decoy
CHEMBL1766126,0,decoy
CHEMBL4104255,0,decoy
CHEMBL4104268,0,decoy
CHEMBL4104386,0,decoy
CHEMBL4104468,0,decoy
CHEMBL4104599,0,decoy
CHEMBL4104659,0,decoy
CHEMBL4104676,0,decoy
CHEMBL4104716,0,decoy
CHEMBL4104718,0,decoy
CHEMBL4104828,0,decoy
CHEMBL4104891,0,decoy
CHEMBL4104988,0,decoy
CHEMBL4105044,0,decoy
CHEMBL4105224,0,decoy
CHEMBL4105331,0,decoy
CHEMBL4105392,0,decoy
CHEMBL4105440,0,decoy
CHEMBL4105500,0,decoy
CHEMBL4105503,0,decoy
CHEMBL1797983,0,decoy
CHEMBL1797984,0,decoy
CHEMBL1797986,0,decoy
CHEMBL1798007,0,decoy
CHEMBL1798093,0,decoy
CHEMBL3654434,0,decoy
CHEMBL3985560,0,decoy
CHEMBL3985863,0,decoy
CHEMBL4541248,0,decoy
CHEMBL3714865,0,decoy
CHEMBL3718334,0,decoy
CHEMBL2359029,0,decoy
CHEMBL1978748,0,decoy
CHEMBL1714439,0,decoy
CHEMBL1715115,0,decoy
CHEMBL2286996,0,decoy
CHEMBL1713921,0,decoy
CHEMBL1714140,0,decoy
CHEMBL1765514,0,decoy
CHEMBL1765774,0,decoy
CHEMBL1765777,0,decoy
CHEMBL1765778,0,decoy
CHEMBL1765780,0,decoy
CHEMBL1766142,0,decoy
CHEMBL1766143,0,decoy
CHEMBL1766144,0,decoy
CHEMBL4104341,0,decoy
CHEMBL4104503,0,decoy
CHEMBL4104533,0,decoy
CHEMBL4104622,0,decoy
CHEMBL4104729,0,decoy
CHEMBL4104737,0,decoy
CHEMBL4104948,0,decoy
CHEMBL4105022,0,decoy
CHEMBL4105182,0,decoy
CHEMBL1798047,0,decoy
CHEMBL1798049,0,decoy
CHEMBL1798051,0,decoy
CHEMBL1798089,0,decoy
CHEMBL1798090,0,decoy
CHEMBL1800165,0,decoy
CHEMBL1800166,0,decoy
CHEMBL1800281,0,decoy
CHEMBL1800298,0,decoy
CHEMBL1800321,0,decoy
CHEMBL1800503,0,decoy
CHEMBL1800822,0,decoy
CHEMBL1800824,0,decoy
CHEMBL1800839,0,decoy
CHEMBL1801090,0,decoy
CHEMBL4214853,0,decoy
CHEMBL4214951,0,decoy
CHEMBL4214991,0,decoy
CHEMBL4215051,0,decoy
CHEMBL4215088,0,decoy
CHEMBL4104180,0,decoy
CHEMBL4104504,0,decoy
CHEMBL1798101,0,decoy
CHEMBL3985669,0,decoy
CHEMBL3985755,0,decoy
CHEMBL83186,0,decoy
CHEMBL5560847,0,decoy
CHEMBL4540606,0,decoy
CHEMBL3717681,0,decoy
CHEMBL1977982,0,decoy
CHEMBL3351013,0,decoy
CHEMBL3351025,0,decoy
CHEMBL544562,0,decoy
CHEMBL3986246,0,decoy
CHEMBL4540871,0,decoy
CHEMBL1713703,0,decoy
CHEMBL1713775,0,decoy
CHEMBL545057,0,decoy
CHEMBL545527,0,decoy
CHEMBL1762727,0,decoy
CHEMBL4104342,0,decoy
CHEMBL4104372,0,decoy
CHEMBL4105304,0,decoy
CHEMBL1801056,0,decoy
CHEMBL4214868,0,decoy
CHEMBL4215638,0,decoy
CHEMBL3338114,0,decoy
CHEMBL3338968,0,decoy
CHEMBL3338971,0,decoy
CHEMBL3338975,0,decoy
CHEMBL3338979,0,decoy
CHEMBL3985566,0,decoy
CHEMBL3985654,0,decoy
CHEMBL3985709,0,decoy
CHEMBL3986075,0,decoy
CHEMBL3986274,0,decoy
CHEMBL3986324,0,decoy
CHEMBL3986453,0,decoy
CHEMBL3986505,0,decoy
CHEMBL3986615,0,decoy
CHEMBL85902,0,decoy
CHEMBL83416,0,decoy
CHEMBL85664,0,decoy
CHEMBL86049,0,decoy
CHEMBL5560343,0,decoy
CHEMBL5560528,0,decoy
CHEMBL5560607,0,decoy
CHEMBL5560744,0,decoy
CHEMBL5560754,0,decoy
CHEMBL5560906,0,decoy
CHEMBL5561007,0,decoy
CHEMBL5561049,0,decoy
CHEMBL4540349,0,decoy
CHEMBL4540451,0,decoy
CHEMBL4540946,0,decoy
CHEMBL4541404,0,decoy
CHEMBL4541413,0,decoy
CHEMBL4541670,0,decoy
CHEMBL2359082,0,decoy
CHEMBL2359108,0,decoy
CHEMBL2359161,0,decoy
CHEMBL2359274,0,decoy
CHEMBL2359305,0,decoy
CHEMBL3655369,0,decoy
CHEMBL3338123,0,decoy
CHEMBL4540854,0,decoy
CHEMBL3719108,0,decoy
CHEMBL3717475,0,decoy
CHEMBL3716655,0,decoy
CHEMBL3717337,0,decoy
CHEMBL3718418,0,decoy
CHEMBL1714705,0,decoy
CHEMBL1713591,0,decoy
CHEMBL1713727,0,decoy
CHEMBL1762694,0,decoy
CHEMBL1765513,0,decoy
CHEMBL1765776,0,decoy
CHEMBL1766176,0,decoy
CHEMBL1766177,0,decoy
CHEMBL1766178,0,decoy
CHEMBL1766182,0,decoy
CHEMBL1766185,0,decoy
CHEMBL4104199,0,decoy
CHEMBL4104218,0,decoy
CHEMBL4104331,0,decoy
CHEMBL4104404,0,decoy
CHEMBL4104512,0,decoy
CHEMBL4104691,0,decoy
CHEMBL4104723,0,decoy
CHEMBL4104780,0,decoy
CHEMBL4105193,0,decoy
CHEMBL4105430,0,decoy
CHEMBL4105518,0,decoy
CHEMBL1798040,0,decoy
CHEMBL1800186,0,decoy
CHEMBL1800187,0,decoy
CHEMBL1800192,0,decoy
CHEMBL1800193,0,decoy
CHEMBL1800404,0,decoy
CHEMBL1800929,0,decoy
CHEMBL1801011,0,decoy
CHEMBL1801012,0,decoy
CHEMBL1801013,0,decoy
CHEMBL4214755,0,decoy
CHEMBL4214878,0,decoy
CHEMBL4215008,0,decoy
CHEMBL4215027,0,decoy
CHEMBL4215047,0,decoy
CHEMBL4215050,0,decoy
CHEMBL4215136,0,decoy
CHEMBL4215146,0,decoy
CHEMBL4215183,0,decoy
CHEMBL4215202,0,decoy
CHEMBL1743667,0,decoy
CHEMBL545071,0,decoy
CHEMBL3986836,0,decoy
CHEMBL5560575,0,decoy
CHEMBL5561363,0,decoy
CHEMBL1977638,0,decoy
CHEMBL1978015,0,decoy
CHEMBL1978256,0,decoy
CHEMBL1978402,0,decoy
CHEMBL1742450,0,decoy
CHEMBL1743668,0,decoy
CHEMBL1743669,0,decoy
CHEMBL1714044,0,decoy
CHEMBL3609648,0,decoy
CHEMBL554048,0,decoy
CHEMBL542664,0,decoy
CHEMBL544080,0,decoy
CHEMBL545046,0,decoy
CHEMBL1765146,0,decoy
CHEMBL1765147,0,decoy
CHEMBL1765148,0,decoy
CHEMBL4104726,0,decoy
CHEMBL4214779,0,decoy
CHEMBL4215842,0,decoy
CHEMBL4215870,0,decoy
CHEMBL4215931,0,decoy
CHEMBL3654347,0,decoy
CHEMBL3654348,0,decoy
CHEMBL3654349,0,decoy
CHEMBL3654350,0,decoy
CHEMBL3654896,0,decoy
CHEMBL3339251,0,decoy
CHEMBL3985773,0,decoy
CHEMBL3986052,0,decoy
CHEMBL3986428,0,decoy
CHEMBL314855,0,decoy
CHEMBL313942,0,decoy
CHEMBL86291,0,decoy
CHEMBL85684,0,decoy
CHEMBL82044,0,decoy
CHEMBL86115,0,decoy
CHEMBL85149,0,decoy
CHEMBL86157,0,decoy
CHEMBL85225,0,decoy
CHEMBL315946,0,decoy
CHEMBL85265,0,decoy
CHEMBL85318,0,decoy
CHEMBL86130,0,decoy
CHEMBL315830,0,decoy
CHEMBL83520,0,decoy
CHEMBL1714327,0,decoy
CHEMBL4105183,0,decoy
CHEMBL3985936,0,decoy
CHEMBL85418,0,decoy
CHEMBL2359885,0,decoy
CHEMBL2359946,0,decoy
CHEMBL3351039,0,decoy
CHEMBL1743596,0,decoy
CHEMBL3608751,0,decoy
CHEMBL3608752,0,decoy
CHEMBL1762627,0,decoy
CHEMBL1762629,0,decoy
CHEMBL1762631,0,decoy
CHEMBL1762632,0,decoy
CHEMBL4104487,0,decoy
CHEMBL4105076,0,decoy
CHEMBL4105079,0,decoy
CHEMBL4105414,0,decoy
CHEMBL4214920,0,decoy
CHEMBL4215014,0,decoy
CHEMBL4215198,0,decoy
CHEMBL4215591,0,decoy
CHEMBL3654260,0,decoy
CHEMBL3986154,0,decoy
CHEMBL3986282,0,decoy
CHEMBL3986306,0,decoy
CHEMBL3986486,0,decoy
CHEMBL84714,0,decoy
CHEMBL5560697,0,decoy
CHEMBL4540536,0,decoy
CHEMBL4541096,0,decoy
CHEMBL2359654,0,decoy
CHEMBL2360018,0,decoy
CHEMBL1978129,0,decoy
CHEMBL1978168,0,decoy
CHEMBL1978579,0,decoy
CHEMBL1714673,0,decoy
CHEMBL1714849,0,decoy
CHEMBL1715008,0,decoy
CHEMBL1715062,0,decoy
CHEMBL1715254,0,decoy
CHEMBL3353051,0,decoy
CHEMBL3353052,0,decoy
CHEMBL2286605,0,decoy
CHEMBL1742014,0,decoy
CHEMBL1742101,0,decoy
CHEMBL1742952,0,decoy
CHEMBL1743582,0,decoy
CHEMBL1713394,0,decoy
CHEMBL1713505,0,decoy
CHEMBL3986406,0,decoy
CHEMBL2359476,0,decoy
CHEMBL2359819,0,decoy
CHEMBL2359855,0,decoy
CHEMBL1714819,0,decoy
CHEMBL1714941,0,decoy
CHEMBL1715079,0,decoy
CHEMBL1715313,0,decoy
CHEMBL1715332,0,decoy
CHEMBL1715403,0,decoy
CHEMBL1715466,0,decoy
CHEMBL1715539,0,decoy
CHEMBL1742382,0,decoy
CHEMBL1742471,0,decoy
CHEMBL1743590,0,decoy
CHEMBL1713489,0,decoy
CHEMBL1713757,0,decoy
CHEMBL1713803,0,decoy
CHEMBL1713862,0,decoy
CHEMBL1714127,0,decoy
CHEMBL1714242,0,decoy
CHEMBL1714419,0,decoy
CHEMBL3608758,0,decoy
CHEMBL3609486,0,decoy
CHEMBL3609875,0,decoy
CHEMBL543633,0,decoy
CHEMBL545045,0,decoy
CHEMBL545510,0,decoy
CHEMBL4104606,0,decoy
CHEMBL4104608,0,decoy
CHEMBL4105541,0,decoy
CHEMBL4215098,0,decoy
CHEMBL4215235,0,decoy
CHEMBL3654241,0,decoy
CHEMBL3654244,0,decoy
CHEMBL3654258,0,decoy
CHEMBL3654372,0,decoy
CHEMBL3338358,0,decoy
CHEMBL3338373,0,decoy
CHEMBL3985498,0,decoy
CHEMBL3985571,0,decoy
CHEMBL3985741,0,decoy
CHEMBL3985909,0,decoy
CHEMBL3985920,0,decoy
CHEMBL3986074,0,decoy
CHEMBL3986113,0,decoy
CHEMBL3986259,0,decoy
CHEMBL3986415,0,decoy
CHEMBL3986426,0,decoy
CHEMBL3986466,0,decoy
CHEMBL4215302,0,decoy
CHEMBL3986823,0,decoy
CHEMBL2359692,0,decoy
CHEMBL1714796,0,decoy
CHEMBL3353262,0,decoy
CHEMBL3353738,0,decoy
CHEMBL3353742,0,decoy
CHEMBL3353747,0,decoy
CHEMBL1762698,0,decoy
CHEMBL1762701,0,decoy
CHEMBL4105187,0,decoy
CHEMBL4105305,0,decoy
CHEMBL4105396,0,decoy
CHEMBL1798070,0,decoy
CHEMBL1798083,0,decoy
CHEMBL1800475,0,decoy
CHEMBL1800965,0,decoy
CHEMBL1800970,0,decoy
CHEMBL1800972,0,decoy
CHEMBL1800978,0,decoy
CHEMBL1800999,0,decoy
CHEMBL1801030,0,decoy
CHEMBL4215484,0,decoy
CHEMBL4216062,0,decoy
CHEMBL4216066,0,decoy
CHEMBL3655341,0,decoy
CHEMBL3338608,0,decoy
CHEMBL3338609,0,decoy
CHEMBL3985613,0,decoy
CHEMBL3985717,0,decoy
CHEMBL3985748,0,decoy
CHEMBL3986103,0,decoy
CHEMBL3986254,0,decoy
CHEMBL82791,0,decoy
CHEMBL5561098,0,decoy
CHEMBL5561101,0,decoy
CHEMBL5561183,0,decoy
CHEMBL4540458,0,decoy
CHEMBL4540827,0,decoy
CHEMBL3717973,0,decoy
CHEMBL3716821,0,decoy
CHEMBL3719062,0,decoy
CHEMBL2358939,0,decoy
CHEMBL2359197,0,decoy
CHEMBL2359826,0,decoy
CHEMBL2360003,0,decoy
CHEMBL1978027,0,decoy
CHEMBL1978133,0,decoy
CHEMBL1715276,0,decoy
CHEMBL3353261,0,decoy
CHEMBL4104666,0,decoy
CHEMBL4104733,0,decoy
CHEMBL1797971,0,decoy
CHEMBL4215644,0,decoy
CHEMBL419304,0,decoy
CHEMBL5560956,0,decoy
CHEMBL5561378,0,decoy
CHEMBL3716712,0,decoy
CHEMBL1978183,0,decoy
CHEMBL1978599,0,decoy
CHEMBL3350817,0,decoy
CHEMBL2286986,0,decoy
CHEMBL1714101,0,decoy
CHEMBL1762720,0,decoy
CHEMBL1762721,0,decoy
CHEMBL1765511,0,decoy
CHEMBL1765512,0,decoy
CHEMBL1765764,0,decoy
CHEMBL1765772,0,decoy
CHEMBL1766016,0,decoy
CHEMBL1766019,0,decoy
CHEMBL1766139,0,decoy
CHEMBL1766147,0,decoy
CHEMBL1766150,0,decoy
CHEMBL4104215,0,decoy
CHEMBL4104278,0,decoy
CHEMBL4104365,0,decoy
CHEMBL4104458,0,decoy
CHEMBL4104728,0,decoy
CHEMBL4104818,0,decoy
CHEMBL4104922,0,decoy
CHEMBL4104944,0,decoy
CHEMBL4104947,0,decoy
CHEMBL4104985,0,decoy
CHEMBL4105165,0,decoy
CHEMBL4105313,0,decoy
CHEMBL4105319,0,decoy
CHEMBL4105320,0,decoy
CHEMBL4105364,0,decoy
CHEMBL4105511,0,decoy
CHEMBL1797882,0,decoy
CHEMBL1797883,0,decoy
CHEMBL1797898,0,decoy
CHEMBL1797928,0,decoy
CHEMBL1797953,0,decoy
CHEMBL1797974,0,decoy
CHEMBL1800188,0,decoy
CHEMBL1800189,0,decoy
CHEMBL1800190,0,decoy
CHEMBL1800191,0,decoy
CHEMBL553529,0,decoy
CHEMBL544338,0,decoy
CHEMBL1801080,0,decoy
CHEMBL4215316,0,decoy
CHEMBL3654328,0,decoy
CHEMBL3654329,0,decoy
CHEMBL3654331,0,decoy
CHEMBL3654332,0,decoy
CHEMBL3654336,0,decoy
CHEMBL3654339,0,decoy
CHEMBL3654346,0,decoy
CHEMBL3654892,0,decoy
CHEMBL3654906,0,decoy
CHEMBL3654924,0,decoy
CHEMBL3654925,0,decoy
CHEMBL3338582,0,decoy
CHEMBL3986626,0,decoy
CHEMBL85567,0,decoy
CHEMBL86114,0,decoy
CHEMBL315699,0,decoy
CHEMBL5561055,0,decoy
CHEMBL2359061,0,decoy
CHEMBL2359552,0,decoy
CHEMBL2359795,0,decoy
CHEMBL2360083,0,decoy
CHEMBL1978009,0,decoy
CHEMBL1978676,0,decoy
CHEMBL1714745,0,decoy
CHEMBL1714987,0,decoy
CHEMBL1715043,0,decoy
CHEMBL1715094,0,decoy
CHEMBL1715197,0,decoy
CHEMBL1715242,0,decoy
CHEMBL1715289,0,decoy
CHEMBL1715292,0,decoy
CHEMBL1715420,0,decoy
CHEMBL2287020,0,decoy
CHEMBL1742100,0,decoy
CHEMBL1744056,0,decoy
CHEMBL1744057,0,decoy
CHEMBL1744137,0,decoy
CHEMBL1713385,0,decoy
CHEMBL1713438,0,decoy
CHEMBL1713572,0,decoy
CHEMBL1713607,0,decoy
CHEMBL1713759,0,decoy
CHEMBL1713923,0,decoy
CHEMBL1713946,0,decoy
CHEMBL1714185,0,decoy
CHEMBL1714280,0,decoy
CHEMBL3985432,0,decoy
CHEMBL1743899,0,decoy
CHEMBL1743901,0,decoy
CHEMBL1743922,0,decoy
CHEMBL4104200,0,decoy
CHEMBL4104241,0,decoy
CHEMBL4104243,0,decoy
CHEMBL4104534,0,decoy
CHEMBL1801075,0,decoy
CHEMBL3654594,0,decoy
CHEMBL3338614,0,decoy
CHEMBL3338615,0,decoy
CHEMBL3985611,0,decoy
CHEMBL3985743,0,decoy
CHEMBL3985829,0,decoy
CHEMBL3985856,0,decoy
CHEMBL3986078,0,decoy
CHEMBL3986297,0,decoy
CHEMBL3986608,0,decoy
CHEMBL3986685,0,decoy
CHEMBL3986734,0,decoy
CHEMBL3986777,0,decoy
CHEMBL3986804,0,decoy
CHEMBL86067,0,decoy
CHEMBL83885,0,decoy
CHEMBL5560345,0,decoy
CHEMBL5560417,0,decoy
CHEMBL5560476,0,decoy
CHEMBL5560705,0,decoy
CHEMBL5561050,0,decoy
CHEMBL5561125,0,decoy
CHEMBL5561309,0,decoy
CHEMBL5561686,0,decoy
CHEMBL5561696,0,decoy
CHEMBL4541621,0,decoy
CHEMBL3717875,0,decoy
CHEMBL3714824,0,decoy
CHEMBL3717036,0,decoy
CHEMBL3716220,0,decoy
CHEMBL2358950,0,decoy
CHEMBL2358966,0,decoy
CHEMBL2359039,0,decoy
CHEMBL2359049,0,decoy
CHEMBL2359103,0,decoy
CHEMBL2359184,0,decoy
CHEMBL2359194,0,decoy
CHEMBL2359251,0,decoy
CHEMBL2359459,0,decoy
CHEMBL2359513,0,decoy
CHEMBL2359540,0,decoy
CHEMBL4215835,0,decoy
CHEMBL3655356,0,decoy
CHEMBL3655382,0,decoy
CHEMBL4541425,0,decoy
CHEMBL3716894,0,decoy
CHEMBL3715011,0,decoy
CHEMBL3717240,0,decoy
CHEMBL2359604,0,decoy
CHEMBL2360056,0,decoy
CHEMBL1714602,0,decoy
CHEMBL1714895,0,decoy
CHEMBL1715045,0,decoy
CHEMBL1715179,0,decoy
CHEMBL1742258,0,decoy
CHEMBL1713857,0,decoy
CHEMBL1714222,0,decoy
CHEMBL1714412,0,decoy
CHEMBL1762806,0,decoy
CHEMBL1765461,0,decoy
CHEMBL1765465,0,decoy
CHEMBL1765621,0,decoy
CHEMBL1765622,0,decoy
CHEMBL1765716,0,decoy
CHEMBL4104406,0,decoy
CHEMBL4105066,0,decoy
CHEMBL4105077,0,decoy
CHEMBL4105420,0,decoy
CHEMBL4105466,0,decoy
CHEMBL1800238,0,decoy
CHEMBL1800296,0,decoy
CHEMBL1800304,0,decoy
CHEMBL1800311,0,decoy
CHEMBL1800504,0,decoy
CHEMBL1800653,0,decoy
CHEMBL1800817,0,decoy
CHEMBL1800820,0,decoy
CHEMBL1800825,0,decoy
CHEMBL1800864,0,decoy
CHEMBL4214822,0,decoy
CHEMBL4214872,0,decoy
CHEMBL4214939,0,decoy
CHEMBL4215044,0,decoy
CHEMBL4215103,0,decoy
CHEMBL4215189,0,decoy
CHEMBL4215222,0,decoy
CHEMBL4215289,0,decoy
CHEMBL4215296,0,decoy
CHEMBL4215456,0,decoy
CHEMBL4215508,0,decoy
CHEMBL4215541,0,decoy
CHEMBL1765917,0,decoy
CHEMBL82520,0,decoy
CHEMBL4104370,0,decoy
CHEMBL4105213,0,decoy
CHEMBL4215190,0,decoy
CHEMBL4215440,0,decoy
CHEMBL4215487,0,decoy
CHEMBL4215581,0,decoy
CHEMBL3338324,0,decoy
CHEMBL312245,0,decoy
CHEMBL315534,0,decoy
CHEMBL5561001,0,decoy
CHEMBL4541703,0,decoy
CHEMBL2358956,0,decoy
CHEMBL2359633,0,decoy
CHEMBL2359835,0,decoy
CHEMBL1978638,0,decoy
CHEMBL3350727,0,decoy
CHEMBL3350728,0,decoy
CHEMBL3350729,0,decoy
CHEMBL1742274,0,decoy
CHEMBL1742460,0,decoy
CHEMBL1742474,0,decoy
CHEMBL1743671,0,decoy
CHEMBL1744049,0,decoy
CHEMBL1744051,0,decoy
CHEMBL1713696,0,decoy
CHEMBL1714373,0,decoy
CHEMBL3609895,0,decoy
CHEMBL544781,0,decoy
CHEMBL553374,0,decoy
CHEMBL545040,0,decoy
CHEMBL543631,0,decoy
CHEMBL552867,0,decoy
CHEMBL1762793,0,decoy
CHEMBL1765145,0,decoy
CHEMBL1765468,0,decoy
CHEMBL1765475,0,decoy
CHEMBL1766140,0,decoy
CHEMBL4104220,0,decoy
CHEMBL4104894,0,decoy
CHEMBL4105456,0,decoy
CHEMBL1797915,0,decoy
CHEMBL1800183,0,decoy
CHEMBL1800194,0,decoy
CHEMBL1800197,0,decoy
CHEMBL1800213,0,decoy
CHEMBL1800876,0,decoy
CHEMBL1800877,0,decoy
CHEMBL4214845,0,decoy
CHEMBL4104668,0,decoy
CHEMBL4214934,0,decoy
CHEMBL4215217,0,decoy
CHEMBL4215387,0,decoy
CHEMBL4215917,0,decoy
CHEMBL3654598,0,decoy
CHEMBL3655345,0,decoy
CHEMBL3338706,0,decoy
CHEMBL3338712,0,decoy
CHEMBL3338714,0,decoy
CHEMBL3338796,0,decoy
CHEMBL3337469,0,decoy
CHEMBL3338797,0,decoy
CHEMBL3985514,0,decoy
CHEMBL3985914,0,decoy
CHEMBL3986578,0,decoy
CHEMBL3986585,0,decoy
CHEMBL5560385,0,decoy
CHEMBL5560771,0,decoy
CHEMBL5560773,0,decoy
CHEMBL5561504,0,decoy
CHEMBL4541196,0,decoy
CHEMBL3717026,0,decoy
CHEMBL3714990,0,decoy
CHEMBL3719195,0,decoy
CHEMBL1978729,0,decoy
CHEMBL3608644,0,decoy
CHEMBL3608313,0,decoy
CHEMBL3609327,0,decoy
CHEMBL3609403,0,decoy
CHEMBL3609591,0,decoy
CHEMBL3609774,0,decoy
CHEMBL553089,0,decoy
CHEMBL1762815,0,decoy
CHEMBL1762816,0,decoy
CHEMBL1765091,0,decoy
CHEMBL1765180,0,decoy
CHEMBL1765391,0,decoy
CHEMBL1765428,0,decoy
CHEMBL1765557,0,decoy
CHEMBL4104285,0,decoy
CHEMBL4104325,0,decoy
CHEMBL4104367,0,decoy
CHEMBL4104478,0,decoy
CHEMBL4104482,0,decoy
CHEMBL4104621,0,decoy
CHEMBL4104965,0,decoy
CHEMBL4105095,0,decoy
CHEMBL4105099,0,decoy
CHEMBL4105447,0,decoy
CHEMBL4105499,0,decoy
CHEMBL4105537,0,decoy
CHEMBL1800627,0,decoy
CHEMBL4214806,0,decoy
CHEMBL4214810,0,decoy
CHEMBL4214827,0,decoy
CHEMBL4215064,0,decoy
CHEMBL4215099,0,decoy
CHEMBL4215184,0,decoy
CHEMBL4215426,0,decoy
CHEMBL4215501,0,decoy
CHEMBL4215524,0,decoy
CHEMBL4215548,0,decoy
CHEMBL4215588,0,decoy
CHEMBL4215622,0,decoy
CHEMBL4215674,0,decoy
CHEMBL4215786,0,decoy
CHEMBL4215862,0,decoy
CHEMBL4215874,0,decoy
CHEMBL4215945,0,decoy
CHEMBL4216087,0,decoy
CHEMBL3654310,0,decoy
CHEMBL3654474,0,decoy
CHEMBL3654493,0,decoy
CHEMBL3654526,0,decoy
CHEMBL3654574,0,decoy
CHEMBL3654587,0,decoy
CHEMBL3654607,0,decoy
CHEMBL3654608,0,decoy
CHEMBL3654609,0,decoy
CHEMBL3654619,0,decoy
CHEMBL3654947,0,decoy
CHEMBL3655351,0,decoy
CHEMBL3655352,0,decoy
CHEMBL3655353,0,decoy
CHEMBL3338029,0,decoy
CHEMBL3338030,0,decoy
CHEMBL3338031,0,decoy
CHEMBL3338211,0,decoy
CHEMBL3338261,0,decoy
CHEMBL3338443,0,decoy
CHEMBL3338660,0,decoy
CHEMBL3338661,0,decoy
CHEMBL3338662,0,decoy
CHEMBL3338664,0,decoy
CHEMBL3338707,0,decoy
CHEMBL3338708,0,decoy
CHEMBL3338709,0,decoy
CHEMBL3338710,0,decoy
CHEMBL3338713,0,decoy
CHEMBL3986548,0,decoy
CHEMBL1715089,0,decoy
CHEMBL1715549,0,decoy
CHEMBL1713707,0,decoy
CHEMBL4105243,0,decoy
CHEMBL1798067,0,decoy
CHEMBL1798091,0,decoy
CHEMBL1801067,0,decoy
CHEMBL1801068,0,decoy
CHEMBL1801069,0,decoy
CHEMBL1801158,0,decoy
CHEMBL1801159,0,decoy
CHEMBL4215226,0,decoy
CHEMBL4215579,0,decoy
CHEMBL4215685,0,decoy
CHEMBL4215854,0,decoy
CHEMBL4216040,0,decoy
CHEMBL4216080,0,decoy
CHEMBL4216105,0,decoy
CHEMBL3654361,0,decoy
CHEMBL3654436,0,decoy
CHEMBL3654438,0,decoy
CHEMBL3654477,0,decoy
CHEMBL3654518,0,decoy
CHEMBL3654539,0,decoy
CHEMBL3654557,0,decoy
CHEMBL3654583,0,decoy
CHEMBL3654614,0,decoy
CHEMBL3654684,0,decoy
CHEMBL3654866,0,decoy
CHEMBL3654882,0,decoy
CHEMBL3655325,0,decoy
CHEMBL3655327,0,decoy
CHEMBL3655362,0,decoy
CHEMBL3655379,0,decoy
CHEMBL3655392,0,decoy
CHEMBL3338139,0,decoy
CHEMBL3338207,0,decoy
CHEMBL3338209,0,decoy
CHEMBL3338213,0,decoy
CHEMBL3338214,0,decoy
CHEMBL3338262,0,decoy
CHEMBL3338393,0,decoy
CHEMBL3338598,0,decoy
CHEMBL3339062,0,decoy
CHEMBL3985401,0,decoy
CHEMBL3985573,0,decoy
CHEMBL3985688,0,decoy
CHEMBL3985746,0,decoy
CHEMBL3986011,0,decoy
CHEMBL85610,0,decoy
CHEMBL1715511,0,decoy
CHEMBL543133,0,decoy
CHEMBL1798075,0,decoy
CHEMBL4215626,0,decoy
CHEMBL4215737,0,decoy
CHEMBL3985832,0,decoy
CHEMBL313309,0,decoy
CHEMBL85146,0,decoy
CHEMBL313716,0,decoy
CHEMBL420966,0,decoy
CHEMBL85983,0,decoy
CHEMBL87596,0,decoy
CHEMBL88013,0,decoy
CHEMBL5561603,0,decoy
CHEMBL2358978,0,decoy
CHEMBL2359079,0,decoy
CHEMBL2359172,0,decoy
CHEMBL2359291,0,decoy
CHEMBL2359323,0,decoy
CHEMBL2359829,0,decoy
CHEMBL1714601,0,decoy
CHEMBL1714992,0,decoy
CHEMBL1715103,0,decoy
CHEMBL1715204,0,decoy
CHEMBL1715365,0,decoy
CHEMBL1715397,0,decoy
CHEMBL1715489,0,decoy
CHEMBL1715495,0,decoy
CHEMBL2287022,0,decoy
CHEMBL1742071,0,decoy
CHEMBL1742296,0,decoy
CHEMBL1742448,0,decoy
CHEMBL1742461,0,decoy
CHEMBL1743904,0,decoy
CHEMBL1743906,0,decoy
CHEMBL1743907,0,decoy
CHEMBL1743908,0,decoy
CHEMBL1743909,0,decoy
CHEMBL1743911,0,decoy
CHEMBL1743914,0,decoy
CHEMBL1713494,0,decoy
CHEMBL1713546,0,decoy
CHEMBL1713636,0,decoy
CHEMBL1713651,0,decoy
CHEMBL1713815,0,decoy
CHEMBL1713827,0,decoy
CHEMBL1714013,0,decoy
CHEMBL1714061,0,decoy
CHEMBL1714066,0,decoy
CHEMBL2359983,0,decoy
CHEMBL1765783,0,decoy
CHEMBL4104302,0,decoy
CHEMBL4104756,0,decoy
CHEMBL4104814,0,decoy
CHEMBL4105116,0,decoy
CHEMBL4105222,0,decoy
CHEMBL4214758,0,decoy
CHEMBL4214777,0,decoy
CHEMBL4214896,0,decoy
CHEMBL4215284,0,decoy
CHEMBL4215489,0,decoy
CHEMBL4215615,0,decoy
CHEMBL4215688,0,decoy
CHEMBL4215710,0,decoy
CHEMBL3654468,0,decoy
CHEMBL3654471,0,decoy
CHEMBL3654476,0,decoy
CHEMBL3654485,0,decoy
CHEMBL3654495,0,decoy
CHEMBL3654542,0,decoy
CHEMBL3654740,0,decoy
CHEMBL3654750,0,decoy
CHEMBL3654757,0,decoy
CHEMBL3639536,0,decoy
CHEMBL3654758,0,decoy
CHEMBL3654759,0,decoy
CHEMBL3654762,0,decoy
CHEMBL3654864,0,decoy
CHEMBL3654870,0,decoy
CHEMBL3654876,0,decoy
CHEMBL3985771,0,decoy
CHEMBL3986504,0,decoy
CHEMBL3986510,0,decoy
CHEMBL3986609,0,decoy
CHEMBL3986623,0,decoy
CHEMBL3986707,0,decoy
CHEMBL431206,0,decoy
CHEMBL82502,0,decoy
CHEMBL446095,0,decoy
CHEMBL315943,0,decoy
CHEMBL87853,0,decoy
CHEMBL5560741,0,decoy
CHEMBL5561084,0,decoy
CHEMBL5561165,0,decoy
CHEMBL5561585,0,decoy
CHEMBL5561593,0,decoy
CHEMBL4540344,0,decoy
CHEMBL4540658,0,decoy
CHEMBL4540917,0,decoy
CHEMBL3338825,0,decoy
CHEMBL3985784,0,decoy
CHEMBL3985874,0,decoy
CHEMBL3985965,0,decoy
CHEMBL3986123,0,decoy
CHEMBL3986199,0,decoy
CHEMBL3986509,0,decoy
CHEMBL3986661,0,decoy
CHEMBL3986709,0,decoy
CHEMBL84601,0,decoy
CHEMBL313352,0,decoy
CHEMBL5560783,0,decoy
CHEMBL5561229,0,decoy
CHEMBL5561464,0,decoy
CHEMBL5561560,0,decoy
CHEMBL4540948,0,decoy
CHEMBL4541022,0,decoy
CHEMBL4541170,0,decoy
CHEMBL4541336,0,decoy
CHEMBL4541354,0,decoy
CHEMBL4541370,0,decoy
CHEMBL4541442,0,decoy
CHEMBL4541499,0,decoy
CHEMBL4541588,0,decoy
CHEMBL4541721,0,decoy
CHEMBL3716787,0,decoy
CHEMBL3717885,0,decoy
CHEMBL3718152,0,decoy
CHEMBL3715367,0,decoy
CHEMBL3718330,0,decoy
CHEMBL3716601,0,decoy
CHEMBL3716023,0,decoy
CHEMBL3716595,0,decoy
CHEMBL3719287,0,decoy
CHEMBL3715976,0,decoy
CHEMBL3717498,0,decoy
CHEMBL3719128,0,decoy
CHEMBL3716998,0,decoy
CHEMBL3716885,0,decoy
CHEMBL3715705,0,decoy
CHEMBL3718021,0,decoy
CHEMBL3717125,0,decoy
CHEMBL3717741,0,decoy
CHEMBL3716139,0,decoy
CHEMBL3715606,0,decoy
CHEMBL3717801,0,decoy
CHEMBL3718253,0,decoy
CHEMBL3716265,0,decoy
CHEMBL3718155,0,decoy
CHEMBL3715199,0,decoy
CHEMBL3986580,0,decoy
CHEMBL3717217,0,decoy
CHEMBL3715464,0,decoy
CHEMBL2359610,0,decoy
CHEMBL1714714,0,decoy
CHEMBL1715168,0,decoy
CHEMBL1713554,0,decoy
CHEMBL1713583,0,decoy
CHEMBL1714024,0,decoy
CHEMBL3609836,0,decoy
CHEMBL1765619,0,decoy
CHEMBL1765864,0,decoy
CHEMBL1766145,0,decoy
CHEMBL4104349,0,decoy
CHEMBL4104491,0,decoy
CHEMBL4104545,0,decoy
CHEMBL4104595,0,decoy
CHEMBL4104596,0,decoy
CHEMBL4104617,0,decoy
CHEMBL4104806,0,decoy
CHEMBL4105048,0,decoy
CHEMBL4105255,0,decoy
CHEMBL4105298,0,decoy
CHEMBL4105301,0,decoy
CHEMBL1798048,0,decoy
CHEMBL1798052,0,decoy
CHEMBL1798053,0,decoy
CHEMBL1800115,0,decoy
CHEMBL1800280,0,decoy
CHEMBL1800297,0,decoy
CHEMBL1800778,0,decoy
CHEMBL1800779,0,decoy
CHEMBL1800823,0,decoy
CHEMBL1800826,0,decoy
CHEMBL1800982,0,decoy
CHEMBL1801154,0,decoy
CHEMBL1801156,0,decoy
CHEMBL1801157,0,decoy
CHEMBL4214840,0,decoy
CHEMBL4214909,0,decoy
CHEMBL4214961,0,decoy
CHEMBL4215002,0,decoy
CHEMBL4215153,0,decoy
CHEMBL4215452,0,decoy
CHEMBL4215464,0,decoy
CHEMBL4215507,0,decoy
CHEMBL4215517,0,decoy
CHEMBL4215675,0,decoy
CHEMBL4215680,0,decoy
CHEMBL4215720,0,decoy
CHEMBL3338715,0,decoy
CHEMBL3985657,0,decoy
CHEMBL3985667,0,decoy
CHEMBL3986287,0,decoy
CHEMBL3986737,0,decoy
CHEMBL5561489,0,decoy
CHEMBL4540566,0,decoy
CHEMBL4541057,0,decoy
CHEMBL4541650,0,decoy
CHEMBL3717705,0,decoy
CHEMBL3716480,0,decoy
CHEMBL3716552,0,decoy
CHEMBL3716864,0,decoy
CHEMBL3715215,0,decoy
CHEMBL3715093,0,decoy
CHEMBL3717891,0,decoy
CHEMBL3715013,0,decoy
CHEMBL3716107,0,decoy
CHEMBL3716522,0,decoy
CHEMBL3717732,0,decoy
CHEMBL3716621,0,decoy
CHEMBL3716212,0,decoy
CHEMBL3718829,0,decoy
CHEMBL3715056,0,decoy
CHEMBL2358959,0,decoy
CHEMBL2359288,0,decoy
CHEMBL2359343,0,decoy
CHEMBL2359621,0,decoy
CHEMBL2359859,0,decoy
CHEMBL2360034,0,decoy
CHEMBL1977486,0,decoy
CHEMBL1977627,0,decoy
CHEMBL1978588,0,decoy
CHEMBL1715479,0,decoy
CHEMBL3353595,0,decoy
CHEMBL3353596,0,decoy
CHEMBL3353597,0,decoy
CHEMBL1744084,0,decoy
CHEMBL1713942,0,decoy
CHEMBL3609639,0,decoy
CHEMBL3609751,0,decoy
CHEMBL3609806,0,decoy
CHEMBL3609904,0,decoy
CHEMBL1765377,0,decoy
CHEMBL1765379,0,decoy
CHEMBL1765499,0,decoy
CHEMBL1765540,0,decoy
CHEMBL1765546,0,decoy
CHEMBL1765819,0,decoy
CHEMBL1765968,0,decoy
CHEMBL1765537,0,decoy
CHEMBL3654512,0,decoy
CHEMBL3654513,0,decoy
CHEMBL3338727,0,decoy
CHEMBL3985393,0,decoy
CHEMBL3985711,0,decoy
CHEMBL3985733,0,decoy
CHEMBL3985870,0,decoy
CHEMBL3986223,0,decoy
CHEMBL3986298,0,decoy
CHEMBL3986340,0,decoy
CHEMBL3986482,0,decoy
CHEMBL5560342,0,decoy
CHEMBL5560466,0,decoy
CHEMBL5560557,0,decoy
CHEMBL5560573,0,decoy
CHEMBL5561076,0,decoy
CHEMBL5561446,0,decoy
CHEMBL4540607,0,decoy
CHEMBL4541423,0,decoy
CHEMBL4541678,0,decoy
CHEMBL3718606,0,decoy
CHEMBL3719106,0,decoy
CHEMBL3718564,0,decoy
CHEMBL3716398,0,decoy
CHEMBL3718901,0,decoy
CHEMBL3715775,0,decoy
CHEMBL3719340,0,decoy
CHEMBL3716719,0,decoy
CHEMBL3716576,0,decoy
CHEMBL3716644,0,decoy
CHEMBL3717688,0,decoy
CHEMBL2359328,0,decoy
CHEMBL2359878,0,decoy
CHEMBL1977433,0,decoy
CHEMBL1978342,0,decoy
CHEMBL1715021,0,decoy
CHEMBL1715227,0,decoy
CHEMBL3353605,0,decoy
CHEMBL1744059,0,decoy
CHEMBL3608526,0,decoy
CHEMBL3608527,0,decoy
CHEMBL3608528,0,decoy
CHEMBL3608843,0,decoy
CHEMBL3609404,0,decoy
CHEMBL3609635,0,decoy
CHEMBL3609779,0,decoy
CHEMBL1762814,0,decoy
CHEMBL1765164,0,decoy
CHEMBL1765183,0,decoy
CHEMBL3986451,0,decoy
CHEMBL3986793,0,decoy
CHEMBL5561609,0,decoy
CHEMBL4540722,0,decoy
CHEMBL3716328,0,decoy
CHEMBL3719309,0,decoy
CHEMBL3716120,0,decoy
CHEMBL3718880,0,decoy
CHEMBL3717354,0,decoy
CHEMBL3715840,0,decoy
CHEMBL3715863,0,decoy
CHEMBL3715485,0,decoy
CHEMBL3715953,0,decoy
CHEMBL1977783,0,decoy
CHEMBL3608529,0,decoy
CHEMBL3608530,0,decoy
CHEMBL1765184,0,decoy
CHEMBL1765185,0,decoy
CHEMBL4104221,0,decoy
CHEMBL4104224,0,decoy
CHEMBL4104283,0,decoy
CHEMBL4104286,0,decoy
CHEMBL4104294,0,decoy
CHEMBL4104314,0,decoy
CHEMBL4104391,0,decoy
CHEMBL4104493,0,decoy
CHEMBL4104628,0,decoy
CHEMBL4104658,0,decoy
CHEMBL4104697,0,decoy
CHEMBL4104735,0,decoy
CHEMBL4104751,0,decoy
CHEMBL4104930,0,decoy
CHEMBL4104957,0,decoy
CHEMBL4105014,0,decoy
CHEMBL4105111,0,decoy
CHEMBL4105300,0,decoy
CHEMBL4105324,0,decoy
CHEMBL4105371,0,decoy
CHEMBL4105376,0,decoy
CHEMBL1800633,0,decoy
CHEMBL1800081,0,decoy
CHEMBL4214945,0,decoy
CHEMBL4214968,0,decoy
CHEMBL4214972,0,decoy
CHEMBL4215118,0,decoy
CHEMBL4215126,0,decoy
CHEMBL4215147,0,decoy
CHEMBL4215160,0,decoy
CHEMBL4215185,0,decoy
CHEMBL4215210,0,decoy
CHEMBL4215670,0,decoy
CHEMBL3986748,0,decoy
CHEMBL82446,0,decoy
CHEMBL85612,0,decoy
CHEMBL5560412,0,decoy
CHEMBL5561325,0,decoy
CHEMBL4540352,0,decoy
CHEMBL1977958,0,decoy
CHEMBL3608642,0,decoy
CHEMBL3608643,0,decoy
CHEMBL3608662,0,decoy
CHEMBL3609210,0,decoy
CHEMBL3609314,0,decoy
CHEMBL3609786,0,decoy
CHEMBL4105335,0,decoy
CHEMBL4215080,0,decoy
CHEMBL4215865,0,decoy
CHEMBL4215910,0,decoy
CHEMBL4216010,0,decoy
CHEMBL4216020,0,decoy
CHEMBL4216031,0,decoy
CHEMBL3654255,0,decoy
CHEMBL3654261,0,decoy
CHEMBL3654262,0,decoy
CHEMBL3654586,0,decoy
CHEMBL3654658,0,decoy
CHEMBL3655338,0,decoy
CHEMBL3338034,0,decoy
CHEMBL3338455,0,decoy
CHEMBL3985568,0,decoy
CHEMBL3985845,0,decoy
CHEMBL3986135,0,decoy
CHEMBL3986217,0,decoy
CHEMBL3986316,0,decoy
CHEMBL3986830,0,decoy
CHEMBL312638,0,decoy
CHEMBL5560983,0,decoy
CHEMBL5561206,0,decoy
CHEMBL5561374,0,decoy
CHEMBL5561544,0,decoy
CHEMBL5561660,0,decoy
CHEMBL4540444,0,decoy
CHEMBL4541237,0,decoy
CHEMBL4541514,0,decoy
CHEMBL4541666,0,decoy
CHEMBL3717579,0,decoy
CHEMBL3715049,0,decoy
CHEMBL3715972,0,decoy
CHEMBL3716746,0,decoy
CHEMBL3715964,0,decoy
CHEMBL5560977,0,decoy
CHEMBL4215496,0,decoy
CHEMBL3338665,0,decoy
CHEMBL3338669,0,decoy
CHEMBL85005,0,decoy
CHEMBL5560885,0,decoy
CHEMBL3716921,0,decoy
CHEMBL1978159,0,decoy
CHEMBL544572,0,decoy
CHEMBL1800406,0,decoy
CHEMBL1800409,0,decoy
CHEMBL4215742,0,decoy
CHEMBL3338327,0,decoy
CHEMBL3338329,0,decoy
CHEMBL3338330,0,decoy
CHEMBL3339144,0,decoy
CHEMBL3339147,0,decoy
CHEMBL3985497,0,decoy
CHEMBL84928,0,decoy
CHEMBL5560587,0,decoy
CHEMBL4540384,0,decoy
CHEMBL4540964,0,decoy
CHEMBL2359223,0,decoy
CHEMBL2359741,0,decoy
CHEMBL2359744,0,decoy
CHEMBL1978063,0,decoy
CHEMBL1978688,0,decoy
CHEMBL1714808,0,decoy
CHEMBL1713367,0,decoy
CHEMBL3608711,0,decoy
CHEMBL3608714,0,decoy
CHEMBL3608765,0,decoy
CHEMBL543389,0,decoy
CHEMBL1762689,0,decoy
CHEMBL1765250,0,decoy
CHEMBL1765270,0,decoy
CHEMBL1765507,0,decoy
CHEMBL1765518,0,decoy
CHEMBL1765522,0,decoy
CHEMBL1765523,0,decoy
CHEMBL1765526,0,decoy
CHEMBL1765722,0,decoy
CHEMBL1765768,0,decoy
CHEMBL1765769,0,decoy
CHEMBL1765770,0,decoy
CHEMBL1765771,0,decoy
CHEMBL1765773,0,decoy
CHEMBL1765097,0,decoy
CHEMBL1765785,0,decoy
CHEMBL1765885,0,decoy
CHEMBL1765892,0,decoy
CHEMBL1765893,0,decoy
CHEMBL1765894,0,decoy
CHEMBL1766022,0,decoy
CHEMBL1766024,0,decoy
CHEMBL1766041,0,decoy
CHEMBL1766151,0,decoy
CHEMBL1766155,0,decoy
CHEMBL1766157,0,decoy
CHEMBL3718204,0,decoy
CHEMBL3718032,0,decoy
CHEMBL3719252,0,decoy
CHEMBL3718428,0,decoy
CHEMBL3717422,0,decoy
CHEMBL2359456,0,decoy
CHEMBL1977364,0,decoy
CHEMBL1715324,0,decoy
CHEMBL3609405,0,decoy
CHEMBL1765504,0,decoy
CHEMBL1765684,0,decoy
CHEMBL1766129,0,decoy
CHEMBL4104263,0,decoy
CHEMBL4104326,0,decoy
CHEMBL4104437,0,decoy
CHEMBL4104519,0,decoy
CHEMBL4104540,0,decoy
CHEMBL4104571,0,decoy
CHEMBL4104875,0,decoy
CHEMBL4104962,0,decoy
CHEMBL4105130,0,decoy
CHEMBL4105168,0,decoy
CHEMBL4105201,0,decoy
CHEMBL4105349,0,decoy
CHEMBL4105383,0,decoy
CHEMBL4105452,0,decoy
CHEMBL4105491,0,decoy
CHEMBL1798079,0,decoy
CHEMBL1800625,0,decoy
CHEMBL1800631,0,decoy
CHEMBL4214783,0,decoy
CHEMBL4214828,0,decoy
CHEMBL4214970,0,decoy
CHEMBL4215004,0,decoy
CHEMBL4215036,0,decoy
CHEMBL4215049,0,decoy
CHEMBL4215240,0,decoy
CHEMBL4215255,0,decoy
CHEMBL4215268,0,decoy
CHEMBL4215275,0,decoy
CHEMBL4215461,0,decoy
CHEMBL4215467,0,decoy
CHEMBL4215478,0,decoy
CHEMBL4215498,0,decoy
CHEMBL4215500,0,decoy
CHEMBL4215538,0,decoy
CHEMBL4215550,0,decoy
CHEMBL4215559,0,decoy
CHEMBL4215576,0,decoy
CHEMBL4215617,0,decoy
CHEMBL1714610,0,decoy
CHEMBL1715404,0,decoy
CHEMBL4214971,0,decoy
CHEMBL4216008,0,decoy
CHEMBL3654536,0,decoy
CHEMBL3654629,0,decoy
CHEMBL3986697,0,decoy
CHEMBL5560877,0,decoy
CHEMBL5560985,0,decoy
CHEMBL5561498,0,decoy
CHEMBL5561615,0,decoy
CHEMBL2359417,0,decoy
CHEMBL2359683,0,decoy
CHEMBL2359892,0,decoy
CHEMBL1714444,0,decoy
CHEMBL1714716,0,decoy
CHEMBL1714857,0,decoy
CHEMBL1714938,0,decoy
CHEMBL1715311,0,decoy
CHEMBL1715331,0,decoy
CHEMBL1715521,0,decoy
CHEMBL1715551,0,decoy
CHEMBL1713402,0,decoy
CHEMBL1713532,0,decoy
CHEMBL1713658,0,decoy
CHEMBL1713852,0,decoy
CHEMBL1713925,0,decoy
CHEMBL1713990,0,decoy
CHEMBL3609299,0,decoy
CHEMBL3609305,0,decoy
CHEMBL3609307,0,decoy
CHEMBL3609310,0,decoy
CHEMBL3609315,0,decoy
CHEMBL545020,0,decoy
CHEMBL553987,0,decoy
CHEMBL553086,0,decoy
CHEMBL544326,0,decoy
CHEMBL543407,0,decoy
CHEMBL542215,0,decoy
CHEMBL1765378,0,decoy
CHEMBL4104568,0,decoy
CHEMBL4105490,0,decoy
CHEMBL1801076,0,decoy
CHEMBL1801079,0,decoy
CHEMBL1801081,0,decoy
CHEMBL1801082,0,decoy
CHEMBL1801085,0,decoy
CHEMBL1801151,0,decoy
CHEMBL4214823,0,decoy
CHEMBL4214891,0,decoy
CHEMBL4105032,0,decoy
CHEMBL1800407,0,decoy
CHEMBL1800408,0,decoy
CHEMBL1800411,0,decoy
CHEMBL1800911,0,decoy
CHEMBL1800919,0,decoy
CHEMBL4215575,0,decoy
CHEMBL3338334,0,decoy
CHEMBL3985410,0,decoy
CHEMBL5561395,0,decoy
CHEMBL5561506,0,decoy
CHEMBL5561638,0,decoy
CHEMBL2358981,0,decoy
CHEMBL1715349,0,decoy
CHEMBL3353235,0,decoy
CHEMBL3353237,0,decoy
CHEMBL1765153,0,decoy
CHEMBL1765154,0,decoy
CHEMBL1765156,0,decoy
CHEMBL1765159,0,decoy
CHEMBL1765160,0,decoy
CHEMBL1765229,0,decoy
CHEMBL1765246,0,decoy
CHEMBL1765252,0,decoy
CHEMBL1765253,0,decoy
CHEMBL1765254,0,decoy
CHEMBL1765261,0,decoy
CHEMBL1765262,0,decoy
CHEMBL1765263,0,decoy
CHEMBL1765267,0,decoy
CHEMBL1765276,0,decoy
CHEMBL1765278,0,decoy
CHEMBL1765524,0,decoy
CHEMBL1765527,0,decoy
CHEMBL1765909,0,decoy
CHEMBL1765911,0,decoy
CHEMBL1765101,0,decoy
CHEMBL1766171,0,decoy
CHEMBL1766173,0,decoy
CHEMBL1766175,0,decoy
CHEMBL1766184,0,decoy
CHEMBL4104390,0,decoy
CHEMBL4104401,0,decoy
CHEMBL4104424,0,decoy
CHEMBL4104436,0,decoy
CHEMBL4104496,0,decoy
CHEMBL4104511,0,decoy
CHEMBL4104610,0,decoy
CHEMBL4104614,0,decoy
CHEMBL4104620,0,decoy
CHEMBL3985786,0,decoy
CHEMBL3986329,0,decoy
CHEMBL5560352,0,decoy
CHEMBL4540472,0,decoy
CHEMBL4541013,0,decoy
CHEMBL3717530,0,decoy
CHEMBL3717660,0,decoy
CHEMBL2358983,0,decoy
CHEMBL2359845,0,decoy
CHEMBL1977647,0,decoy
CHEMBL3608468,0,decoy
CHEMBL3608470,0,decoy
CHEMBL3608471,0,decoy
CHEMBL3608472,0,decoy
CHEMBL3608828,0,decoy
CHEMBL3609778,0,decoy
CHEMBL3609782,0,decoy
CHEMBL3609792,0,decoy
CHEMBL1762548,0,decoy
CHEMBL1765367,0,decoy
CHEMBL4104254,0,decoy
CHEMBL4104869,0,decoy
CHEMBL4104884,0,decoy
CHEMBL4104956,0,decoy
CHEMBL4105101,0,decoy
CHEMBL4105322,0,decoy
CHEMBL4215060,0,decoy
CHEMBL4215076,0,decoy
CHEMBL4215100,0,decoy
CHEMBL4215119,0,decoy
CHEMBL4215236,0,decoy
CHEMBL4215247,0,decoy
CHEMBL4215582,0,decoy
CHEMBL4215610,0,decoy
CHEMBL4215657,0,decoy
CHEMBL4215729,0,decoy
CHEMBL4215807,0,decoy
CHEMBL4215991,0,decoy
CHEMBL4216094,0,decoy
CHEMBL3654502,0,decoy
CHEMBL3654503,0,decoy
CHEMBL3654523,0,decoy
CHEMBL3654524,0,decoy
CHEMBL3654529,0,decoy
CHEMBL3654540,0,decoy
CHEMBL3654558,0,decoy
CHEMBL3654559,0,decoy
CHEMBL3654575,0,decoy
CHEMBL3654577,0,decoy
CHEMBL3654599,0,decoy
CHEMBL4215689,0,decoy
CHEMBL3654494,0,decoy
CHEMBL3654972,0,decoy
CHEMBL3655155,0,decoy
CHEMBL3655337,0,decoy
CHEMBL3338288,0,decoy
CHEMBL3338734,0,decoy
CHEMBL3338923,0,decoy
CHEMBL3338931,0,decoy
CHEMBL3985425,0,decoy
CHEMBL3985487,0,decoy
CHEMBL3985539,0,decoy
CHEMBL3985703,0,decoy
CHEMBL3985708,0,decoy
CHEMBL3985896,0,decoy
CHEMBL3986017,0,decoy
CHEMBL3986536,0,decoy
CHEMBL3986549,0,decoy
CHEMBL3986570,0,decoy
CHEMBL3986862,0,decoy
CHEMBL83459,0,decoy
CHEMBL82445,0,decoy
CHEMBL85601,0,decoy
CHEMBL86041,0,decoy
CHEMBL5560339,0,decoy
CHEMBL5560514,0,decoy
CHEMBL5560589,0,decoy
CHEMBL5560751,0,decoy
CHEMBL5560873,0,decoy
CHEMBL5560975,0,decoy
CHEMBL5561054,0,decoy
CHEMBL5561274,0,decoy
CHEMBL5561433,0,decoy
CHEMBL5561511,0,decoy
CHEMBL5561587,0,decoy
CHEMBL4540480,0,decoy
CHEMBL4540598,0,decoy
CHEMBL4541006,0,decoy
CHEMBL4541254,0,decoy
CHEMBL4541391,0,decoy
CHEMBL4541397,0,decoy
CHEMBL3716420,0,decoy
CHEMBL3717746,0,decoy
CHEMBL3718272,0,decoy
CHEMBL3717609,0,decoy
CHEMBL3717884,0,decoy
CHEMBL3717574,0,decoy
CHEMBL3717253,0,decoy
CHEMBL3715654,0,decoy
CHEMBL3715722,0,decoy
CHEMBL3654632,0,decoy
CHEMBL3986093,0,decoy
CHEMBL3986353,0,decoy
CHEMBL3986421,0,decoy
CHEMBL3986665,0,decoy
CHEMBL3986800,0,decoy
CHEMBL3986814,0,decoy
CHEMBL5561035,0,decoy
CHEMBL5561059,0,decoy
CHEMBL5561649,0,decoy
CHEMBL3716924,0,decoy
CHEMBL3718458,0,decoy
CHEMBL3717369,0,decoy
CHEMBL3717294,0,decoy
CHEMBL3717730,0,decoy
CHEMBL3715955,0,decoy
CHEMBL3717455,0,decoy
CHEMBL3715595,0,decoy
CHEMBL3717929,0,decoy
CHEMBL3719355,0,decoy
CHEMBL3716487,0,decoy
CHEMBL3716288,0,decoy
CHEMBL3718030,0,decoy
CHEMBL2359015,0,decoy
CHEMBL2359016,0,decoy
CHEMBL2359475,0,decoy
CHEMBL2359534,0,decoy
CHEMBL2359567,0,decoy
CHEMBL2360054,0,decoy
CHEMBL2360109,0,decoy
CHEMBL1977440,0,decoy
CHEMBL1978314,0,decoy
CHEMBL1978649,0,decoy
CHEMBL1714582,0,decoy
CHEMBL3353407,0,decoy
CHEMBL1713610,0,decoy
CHEMBL1714006,0,decoy
CHEMBL1714330,0,decoy
CHEMBL3608534,0,decoy
CHEMBL3608535,0,decoy
CHEMBL3608645,0,decoy
CHEMBL3608646,0,decoy
CHEMBL3609282,0,decoy
CHEMBL3609302,0,decoy
CHEMBL3609312,0,decoy
CHEMBL1762719,0,decoy
CHEMBL1765680,0,decoy
CHEMBL1766125,0,decoy
CHEMBL4104495,0,decoy
CHEMBL4105355,0,decoy
CHEMBL3654615,0,decoy
CHEMBL3654637,0,decoy
CHEMBL3986146,0,decoy
CHEMBL4540412,0,decoy
CHEMBL3718568,0,decoy
CHEMBL3716056,0,decoy
CHEMBL3718141,0,decoy
CHEMBL3715332,0,decoy
CHEMBL3719014,0,decoy
CHEMBL2359432,0,decoy
CHEMBL2359587,0,decoy
CHEMBL2359801,0,decoy
CHEMBL2359943,0,decoy
CHEMBL1977595,0,decoy
CHEMBL1714646,0,decoy
CHEMBL3353403,0,decoy
CHEMBL1744253,0,decoy
CHEMBL3608656,0,decoy
CHEMBL3608657,0,decoy
CHEMBL3609301,0,decoy
CHEMBL542169,0,decoy
CHEMBL1765337,0,decoy
CHEMBL4104460,0,decoy
CHEMBL1801087,0,decoy
CHEMBL1801155,0,decoy
CHEMBL1801162,0,decoy
CHEMBL4214858,0,decoy
CHEMBL4215138,0,decoy
CHEMBL4215172,0,decoy
CHEMBL4215262,0,decoy
CHEMBL4215334,0,decoy
CHEMBL4215362,0,decoy
CHEMBL4215481,0,decoy
CHEMBL4215547,0,decoy
CHEMBL4215568,0,decoy
CHEMBL4215702,0,decoy
CHEMBL4215829,0,decoy
CHEMBL4215906,0,decoy
CHEMBL4215908,0,decoy
CHEMBL3654257,0,decoy
CHEMBL3654285,0,decoy
CHEMBL3654307,0,decoy
CHEMBL3654317,0,decoy
CHEMBL3654325,0,decoy
CHEMBL3654484,0,decoy
CHEMBL3654489,0,decoy
CHEMBL3654490,0,decoy
CHEMBL3654491,0,decoy
CHEMBL3654497,0,decoy
CHEMBL3654506,0,decoy
CHEMBL1798069,0,decoy
CHEMBL85721,0,decoy
CHEMBL85484,0,decoy
CHEMBL313286,0,decoy
CHEMBL2359067,0,decoy
CHEMBL1978085,0,decoy
CHEMBL1978430,0,decoy
CHEMBL1713635,0,decoy
CHEMBL1713799,0,decoy
CHEMBL1713943,0,decoy
CHEMBL1798068,0,decoy
CHEMBL1800215,0,decoy
CHEMBL3986182,0,decoy
CHEMBL419117,0,decoy
CHEMBL5561009,0,decoy
CHEMBL5561150,0,decoy
CHEMBL4541126,0,decoy
CHEMBL4541554,0,decoy
CHEMBL2359348,0,decoy
CHEMBL1977397,0,decoy
CHEMBL1715193,0,decoy
CHEMBL3353263,0,decoy
CHEMBL3353739,0,decoy
CHEMBL3353740,0,decoy
CHEMBL3353741,0,decoy
CHEMBL3353748,0,decoy
CHEMBL1742018,0,decoy
CHEMBL1742472,0,decoy
CHEMBL1743896,0,decoy
CHEMBL1743898,0,decoy
CHEMBL1743915,0,decoy
CHEMBL1744030,0,decoy
CHEMBL1713718,0,decoy
CHEMBL1714023,0,decoy
CHEMBL545019,0,decoy
CHEMBL543146,0,decoy
CHEMBL1762717,0,decoy
CHEMBL1762718,0,decoy
CHEMBL1765404,0,decoy
CHEMBL1765630,0,decoy
CHEMBL1765631,0,decoy
CHEMBL1765632,0,decoy
CHEMBL4104240,0,decoy
CHEMBL4104485,0,decoy
CHEMBL4104544,0,decoy
CHEMBL4104929,0,decoy
CHEMBL4105311,0,decoy
CHEMBL1797799,0,decoy
CHEMBL1797801,0,decoy
CHEMBL1797803,0,decoy
CHEMBL431023,0,decoy
CHEMBL4540943,0,decoy
CHEMBL3715864,0,decoy
CHEMBL545739,0,decoy
CHEMBL542926,0,decoy
CHEMBL3338938,0,decoy
CHEMBL3338939,0,decoy
CHEMBL3338940,0,decoy
CHEMBL4540568,0,decoy
CHEMBL3351018,0,decoy
CHEMBL1744153,0,decoy
CHEMBL542437,0,decoy
CHEMBL553358,0,decoy
CHEMBL545039,0,decoy
CHEMBL542198,0,decoy
CHEMBL1798094,0,decoy
CHEMBL1798095,0,decoy
CHEMBL1798096,0,decoy
CHEMBL4215764,0,decoy
CHEMBL3654345,0,decoy
CHEMBL3337985,0,decoy
CHEMBL3337986,0,decoy
CHEMBL3337987,0,decoy
CHEMBL3337988,0,decoy
CHEMBL3337989,0,decoy
CHEMBL3337990,0,decoy
CHEMBL3339028,0,decoy
CHEMBL3339030,0,decoy
CHEMBL3339031,0,decoy
CHEMBL3985592,0,decoy
CHEMBL3985880,0,decoy
CHEMBL3986205,0,decoy
CHEMBL312915,0,decoy
CHEMBL5560362,0,decoy
CHEMBL5560601,0,decoy
CHEMBL5561457,0,decoy
CHEMBL4540429,0,decoy
CHEMBL4540997,0,decoy
CHEMBL3718857,0,decoy
CHEMBL1977745,0,decoy
CHEMBL1715423,0,decoy
CHEMBL3351021,0,decoy
CHEMBL3353233,0,decoy
CHEMBL1743879,0,decoy
CHEMBL1713595,0,decoy
CHEMBL1713639,0,decoy
CHEMBL1714253,0,decoy
CHEMBL543626,0,decoy
CHEMBL545744,0,decoy
CHEMBL544344,0,decoy
CHEMBL1765742,0,decoy
CHEMBL1765744,0,decoy
CHEMBL4104343,0,decoy
CHEMBL4105540,0,decoy
CHEMBL4215011,0,decoy
CHEMBL4215201,0,decoy
CHEMBL4215408,0,decoy
CHEMBL4215510,0,decoy
CHEMBL3654706,0,decoy
CHEMBL3339011,0,decoy
CHEMBL3339016,0,decoy
CHEMBL3339019,0,decoy
CHEMBL5561286,0,decoy
CHEMBL4540416,0,decoy
CHEMBL4540969,0,decoy
CHEMBL4541344,0,decoy
CHEMBL4541571,0,decoy
CHEMBL2359007,0,decoy
CHEMBL1978076,0,decoy
CHEMBL1978271,0,decoy
CHEMBL1978625,0,decoy
CHEMBL1765738,0,decoy
CHEMBL1765740,0,decoy
CHEMBL1765743,0,decoy
CHEMBL4104432,0,decoy
CHEMBL4104607,0,decoy
CHEMBL4104633,0,decoy
CHEMBL4215056,0,decoy
CHEMBL4215181,0,decoy
CHEMBL4215411,0,decoy
CHEMBL4215609,0,decoy
CHEMBL4215767,0,decoy
CHEMBL3654334,0,decoy
CHEMBL3654343,0,decoy
CHEMBL3654488,0,decoy
CHEMBL3654596,0,decoy
CHEMBL3654597,0,decoy
CHEMBL3654748,0,decoy
CHEMBL3654756,0,decoy
CHEMBL3654904,0,decoy
CHEMBL3654913,0,decoy
CHEMBL3654916,0,decoy
CHEMBL3654928,0,decoy
CHEMBL3654929,0,decoy
CHEMBL3654933,0,decoy
CHEMBL3338078,0,decoy
CHEMBL3339010,0,decoy
CHEMBL3339012,0,decoy
CHEMBL3339013,0,decoy
CHEMBL3339015,0,decoy
CHEMBL1800220,0,decoy
CHEMBL1800410,0,decoy
CHEMBL1800913,0,decoy
CHEMBL1800915,0,decoy
CHEMBL1800916,0,decoy
CHEMBL1800921,0,decoy
CHEMBL3715904,0,decoy
CHEMBL3717162,0,decoy
CHEMBL1742064,0,decoy
CHEMBL1714104,0,decoy
CHEMBL544579,0,decoy
CHEMBL1765155,0,decoy
CHEMBL1765161,0,decoy
CHEMBL1765258,0,decoy
CHEMBL1765259,0,decoy
CHEMBL1765914,0,decoy
CHEMBL4104274,0,decoy
CHEMBL4104609,0,decoy
CHEMBL4104649,0,decoy
CHEMBL4104682,0,decoy
CHEMBL4104784,0,decoy
CHEMBL4104794,0,decoy
CHEMBL4104798,0,decoy
CHEMBL4104931,0,decoy
CHEMBL4104932,0,decoy
CHEMBL4104946,0,decoy
CHEMBL4105180,0,decoy
CHEMBL4105263,0,decoy
CHEMBL4105314,0,decoy
CHEMBL4105419,0,decoy
CHEMBL4105451,0,decoy
CHEMBL4105493,0,decoy
CHEMBL4105539,0,decoy
CHEMBL1797948,0,decoy
CHEMBL1797951,0,decoy
CHEMBL1798043,0,decoy
CHEMBL1798045,0,decoy
CHEMBL1798054,0,decoy
CHEMBL1798055,0,decoy
CHEMBL1800139,0,decoy
CHEMBL1800141,0,decoy
CHEMBL1800142,0,decoy
CHEMBL1800143,0,decoy
CHEMBL1800221,0,decoy
CHEMBL1800331,0,decoy
CHEMBL1800405,0,decoy
CHEMBL1800419,0,decoy
CHEMBL1800420,0,decoy
CHEMBL1800421,0,decoy
CHEMBL1800426,0,decoy
CHEMBL3654633,0,decoy
CHEMBL3654635,0,decoy
CHEMBL3654638,0,decoy
CHEMBL3654656,0,decoy
CHEMBL3655208,0,decoy
CHEMBL3655342,0,decoy
CHEMBL3655346,0,decoy
CHEMBL3337996,0,decoy
CHEMBL3337997,0,decoy
CHEMBL3338386,0,decoy
CHEMBL3985524,0,decoy
CHEMBL3985570,0,decoy
CHEMBL3985605,0,decoy
CHEMBL3985674,0,decoy
CHEMBL3985683,0,decoy
CHEMBL3985714,0,decoy
CHEMBL3985879,0,decoy
CHEMBL3986160,0,decoy
CHEMBL3986291,0,decoy
CHEMBL3986309,0,decoy
CHEMBL3986390,0,decoy
CHEMBL3986635,0,decoy
CHEMBL3986708,0,decoy
CHEMBL3986861,0,decoy
CHEMBL311599,0,decoy
CHEMBL83070,0,decoy
CHEMBL315521,0,decoy
CHEMBL85583,0,decoy
CHEMBL85730,0,decoy
CHEMBL313882,0,decoy
CHEMBL314571,0,decoy
CHEMBL313957,0,decoy
CHEMBL84593,0,decoy
CHEMBL5560325,0,decoy
CHEMBL5560590,0,decoy
CHEMBL5560631,0,decoy
CHEMBL5560750,0,decoy
CHEMBL5561016,0,decoy
CHEMBL5561116,0,decoy
CHEMBL5561181,0,decoy
CHEMBL5561307,0,decoy
CHEMBL5561347,0,decoy
CHEMBL5561361,0,decoy
CHEMBL4540714,0,decoy
CHEMBL4540755,0,decoy
CHEMBL4540875,0,decoy
CHEMBL4541133,0,decoy
CHEMBL4541382,0,decoy
CHEMBL3718383,0,decoy
CHEMBL3715771,0,decoy
CHEMBL4216061,0,decoy
CHEMBL3655381,0,decoy
CHEMBL3986807,0,decoy
CHEMBL5560610,0,decoy
CHEMBL4541108,0,decoy
CHEMBL3719321,0,decoy
CHEMBL2359742,0,decoy
CHEMBL2360037,0,decoy
CHEMBL3353637,0,decoy
CHEMBL4215003,0,decoy
CHEMBL4215032,0,decoy
CHEMBL4215213,0,decoy
CHEMBL4215562,0,decoy
CHEMBL4215573,0,decoy
CHEMBL4215608,0,decoy
CHEMBL4215634,0,decoy
CHEMBL4215747,0,decoy
CHEMBL4215833,0,decoy
CHEMBL4215893,0,decoy
CHEMBL4215954,0,decoy
CHEMBL4215974,0,decoy
CHEMBL4215976,0,decoy
CHEMBL4216086,0,decoy
CHEMBL3654433,0,decoy
CHEMBL3654435,0,decoy
CHEMBL3654437,0,decoy
CHEMBL3654459,0,decoy
CHEMBL3654460,0,decoy
CHEMBL3654463,0,decoy
CHEMBL3654480,0,decoy
CHEMBL3654483,0,decoy
CHEMBL3654547,0,decoy
CHEMBL3654549,0,decoy
CHEMBL3654551,0,decoy
CHEMBL3654791,0,decoy
CHEMBL3654794,0,decoy
CHEMBL3654795,0,decoy
CHEMBL3654803,0,decoy
CHEMBL3655319,0,decoy
CHEMBL3655321,0,decoy
CHEMBL3655326,0,decoy
CHEMBL3655331,0,decoy
CHEMBL3655332,0,decoy
CHEMBL3655363,0,decoy
CHEMBL3655365,0,decoy
CHEMBL3655374,0,decoy
CHEMBL3655378,0,decoy
CHEMBL3655380,0,decoy
CHEMBL3655383,0,decoy
CHEMBL3655391,0,decoy
CHEMBL1766106,0,decoy
CHEMBL4104477,0,decoy
CHEMBL4104643,0,decoy
CHEMBL4104738,0,decoy
CHEMBL4105046,0,decoy
CHEMBL4105407,0,decoy
CHEMBL4214839,0,decoy
CHEMBL4214898,0,decoy
CHEMBL4215157,0,decoy
CHEMBL4215405,0,decoy
CHEMBL4215703,0,decoy
CHEMBL4215770,0,decoy
CHEMBL4215880,0,decoy
CHEMBL4215970,0,decoy
CHEMBL3654300,0,decoy
CHEMBL3654369,0,decoy
CHEMBL3639533,0,decoy
CHEMBL3654498,0,decoy
CHEMBL3654499,0,decoy
CHEMBL3654520,0,decoy
CHEMBL3654541,0,decoy
CHEMBL3654568,0,decoy
CHEMBL3654569,0,decoy
CHEMBL3654584,0,decoy
CHEMBL3654600,0,decoy
CHEMBL3654628,0,decoy
CHEMBL3655215,0,decoy
CHEMBL3655224,0,decoy
CHEMBL3639542,0,decoy
CHEMBL3338009,0,decoy
CHEMBL3338015,0,decoy
CHEMBL3338018,0,decoy
CHEMBL3338027,0,decoy
CHEMBL3338028,0,decoy
CHEMBL3338039,0,decoy
CHEMBL3338663,0,decoy
CHEMBL3985405,0,decoy
CHEMBL3985521,0,decoy
CHEMBL3985645,0,decoy
CHEMBL3985877,0,decoy
CHEMBL3985972,0,decoy
CHEMBL3986005,0,decoy
CHEMBL3986036,0,decoy
CHEMBL3986068,0,decoy
CHEMBL3986133,0,decoy
CHEMBL3986139,0,decoy
CHEMBL3986196,0,decoy
CHEMBL3986206,0,decoy
CHEMBL3986301,0,decoy
CHEMBL3986343,0,decoy
CHEMBL3986790,0,decoy
CHEMBL5561043,0,decoy
CHEMBL4541073,0,decoy
CHEMBL3718425,0,decoy
CHEMBL3715231,0,decoy
CHEMBL3719205,0,decoy
CHEMBL3717955,0,decoy
CHEMBL1713368,0,decoy
CHEMBL545716,0,decoy
CHEMBL3654898,0,decoy
CHEMBL3654899,0,decoy
CHEMBL3654900,0,decoy
CHEMBL3654903,0,decoy
CHEMBL3654911,0,decoy
CHEMBL3654915,0,decoy
CHEMBL3654918,0,decoy
CHEMBL3654919,0,decoy
CHEMBL3654920,0,decoy
CHEMBL3654921,0,decoy
CHEMBL3654930,0,decoy
CHEMBL3654931,0,decoy
CHEMBL3654934,0,decoy
CHEMBL3654936,0,decoy
CHEMBL3338399,0,decoy
CHEMBL3338400,0,decoy
CHEMBL3338401,0,decoy
CHEMBL3339009,0,decoy
CHEMBL3339017,0,decoy
CHEMBL3339020,0,decoy
CHEMBL3339026,0,decoy
CHEMBL3339029,0,decoy
CHEMBL3339032,0,decoy
CHEMBL3339033,0,decoy
CHEMBL3985643,0,decoy
CHEMBL3985783,0,decoy
CHEMBL3986225,0,decoy
CHEMBL3986376,0,decoy
CHEMBL3986523,0,decoy
CHEMBL3986764,0,decoy
CHEMBL420598,0,decoy
CHEMBL313993,0,decoy
CHEMBL5560891,0,decoy
CHEMBL5560950,0,decoy
CHEMBL5561396,0,decoy
CHEMBL5561568,0,decoy
CHEMBL4541247,0,decoy
CHEMBL3719384,0,decoy
CHEMBL3714944,0,decoy
CHEMBL2359122,0,decoy
CHEMBL2359245,0,decoy
CHEMBL3719349,0,decoy
CHEMBL3716723,0,decoy
CHEMBL1978469,0,decoy
CHEMBL4104858,0,decoy
CHEMBL4104866,0,decoy
CHEMBL1800632,0,decoy
CHEMBL1801031,0,decoy
CHEMBL4215377,0,decoy
CHEMBL4215587,0,decoy
CHEMBL4215592,0,decoy
CHEMBL3654355,0,decoy
CHEMBL3654473,0,decoy
CHEMBL3654492,0,decoy
CHEMBL3655147,0,decoy
CHEMBL3338016,0,decoy
CHEMBL3338287,0,decoy
CHEMBL3338803,0,decoy
CHEMBL3986456,0,decoy
CHEMBL3986476,0,decoy
CHEMBL85158,0,decoy
CHEMBL83812,0,decoy
CHEMBL85027,0,decoy
CHEMBL312831,0,decoy
CHEMBL86070,0,decoy
CHEMBL5560652,0,decoy
CHEMBL5561071,0,decoy
CHEMBL5561447,0,decoy
CHEMBL5561460,0,decoy
CHEMBL4540371,0,decoy
CHEMBL4541101,0,decoy
CHEMBL4541131,0,decoy
CHEMBL4541328,0,decoy
CHEMBL4541488,0,decoy
CHEMBL4541490,0,decoy
CHEMBL4541498,0,decoy
CHEMBL4541639,0,decoy
CHEMBL4541661,0,decoy
CHEMBL4541736,0,decoy
CHEMBL3718430,0,decoy
CHEMBL3717235,0,decoy
CHEMBL3714905,0,decoy
CHEMBL3716865,0,decoy
CHEMBL3718938,0,decoy
CHEMBL3716557,0,decoy
CHEMBL3719331,0,decoy
CHEMBL3715655,0,decoy
CHEMBL3716704,0,decoy
CHEMBL3714929,0,decoy
CHEMBL3718180,0,decoy
CHEMBL3715007,0,decoy
CHEMBL4105408,0,decoy
CHEMBL3339018,0,decoy
CHEMBL440693,0,decoy
CHEMBL4540915,0,decoy
CHEMBL4541055,0,decoy
CHEMBL3719296,0,decoy
CHEMBL3351014,0,decoy
CHEMBL3352969,0,decoy
CHEMBL3352970,0,decoy
CHEMBL3353408,0,decoy
CHEMBL1713928,0,decoy
CHEMBL545485,0,decoy
CHEMBL545056,0,decoy
CHEMBL1797991,0,decoy
CHEMBL1797992,0,decoy
CHEMBL1801024,0,decoy
CHEMBL4215164,0,decoy
CHEMBL4215817,0,decoy
CHEMBL3654644,0,decoy
CHEMBL3339014,0,decoy
CHEMBL3985698,0,decoy
CHEMBL3985699,0,decoy
CHEMBL3985750,0,decoy
CHEMBL3986102,0,decoy
CHEMBL3986552,0,decoy
CHEMBL3986723,0,decoy
CHEMBL3986843,0,decoy
CHEMBL3986844,0,decoy
CHEMBL85028,0,decoy
CHEMBL432372,0,decoy
CHEMBL419675,0,decoy
CHEMBL315204,0,decoy
CHEMBL310619,0,decoy
CHEMBL314590,0,decoy
CHEMBL5560510,0,decoy
CHEMBL5560621,0,decoy
CHEMBL5560667,0,decoy
CHEMBL5560777,0,decoy
CHEMBL5560811,0,decoy
CHEMBL5560895,0,decoy
CHEMBL5561063,0,decoy
CHEMBL5561078,0,decoy
CHEMBL5561115,0,decoy
CHEMBL5561267,0,decoy
CHEMBL4540382,0,decoy
CHEMBL4540437,0,decoy
CHEMBL4540616,0,decoy
CHEMBL4540866,0,decoy
CHEMBL4540945,0,decoy
CHEMBL4541533,0,decoy
CHEMBL1800964,0,decoy
CHEMBL3338446,0,decoy
CHEMBL3986077,0,decoy
CHEMBL5560578,0,decoy
CHEMBL5561356,0,decoy
CHEMBL5561474,0,decoy
CHEMBL2359651,0,decoy
CHEMBL2359798,0,decoy
CHEMBL2359857,0,decoy
CHEMBL1978511,0,decoy
CHEMBL3353395,0,decoy
CHEMBL3353475,0,decoy
CHEMBL2286694,0,decoy
CHEMBL2286695,0,decoy
CHEMBL1743893,0,decoy
CHEMBL1744165,0,decoy
CHEMBL1744226,0,decoy
CHEMBL1744352,0,decoy
CHEMBL1744355,0,decoy
CHEMBL3609587,0,decoy
CHEMBL553150,0,decoy
CHEMBL545741,0,decoy
CHEMBL545052,0,decoy
CHEMBL544130,0,decoy
CHEMBL555314,0,decoy
CHEMBL3715416,0,decoy
CHEMBL3716502,0,decoy
CHEMBL3717597,0,decoy
CHEMBL3717275,0,decoy
CHEMBL3717959,0,decoy
CHEMBL3717065,0,decoy
CHEMBL3716066,0,decoy
CHEMBL3715590,0,decoy
CHEMBL3718254,0,decoy
CHEMBL3715528,0,decoy
CHEMBL3714941,0,decoy
CHEMBL3717703,0,decoy
CHEMBL3716890,0,decoy
CHEMBL3718763,0,decoy
CHEMBL3718160,0,decoy
CHEMBL3718098,0,decoy
CHEMBL3719236,0,decoy
CHEMBL2358962,0,decoy
CHEMBL2359293,0,decoy
CHEMBL2359445,0,decoy
CHEMBL2359556,0,decoy
CHEMBL2359872,0,decoy
CHEMBL1977315,0,decoy
CHEMBL1714624,0,decoy
CHEMBL1714641,0,decoy
CHEMBL3350950,0,decoy
CHEMBL3353346,0,decoy
CHEMBL3353358,0,decoy
CHEMBL3353443,0,decoy
CHEMBL3353558,0,decoy
CHEMBL3353603,0,decoy
CHEMBL3353606,0,decoy
CHEMBL3353607,0,decoy
CHEMBL3353856,0,decoy
CHEMBL2286499,0,decoy
CHEMBL1713613,0,decoy
CHEMBL3608577,0,decoy
CHEMBL3608315,0,decoy
CHEMBL3609401,0,decoy
CHEMBL3609642,0,decoy
CHEMBL1762589,0,decoy
CHEMBL1762695,0,decoy
CHEMBL1762813,0,decoy
CHEMBL1765176,0,decoy
CHEMBL1765177,0,decoy
CHEMBL1765178,0,decoy
CHEMBL1765179,0,decoy
CHEMBL1765364,0,decoy
CHEMBL1765429,0,decoy
CHEMBL1765503,0,decoy
CHEMBL1800639,0,decoy
CHEMBL1800640,0,decoy
CHEMBL4215867,0,decoy
CHEMBL3654651,0,decoy
CHEMBL3338186,0,decoy
CHEMBL3338452,0,decoy
CHEMBL3985525,0,decoy
CHEMBL3985905,0,decoy
CHEMBL3986085,0,decoy
CHEMBL3986151,0,decoy
CHEMBL3986204,0,decoy
CHEMBL3986239,0,decoy
CHEMBL3986320,0,decoy
CHEMBL3986420,0,decoy
CHEMBL3986632,0,decoy
CHEMBL3986652,0,decoy
CHEMBL309254,0,decoy
CHEMBL314222,0,decoy
CHEMBL5560740,0,decoy
CHEMBL5560937,0,decoy
CHEMBL5561208,0,decoy
CHEMBL5561241,0,decoy
CHEMBL5561265,0,decoy
CHEMBL5561386,0,decoy
CHEMBL4540627,0,decoy
CHEMBL4541408,0,decoy
CHEMBL4541558,0,decoy
CHEMBL3716402,0,decoy
CHEMBL3715945,0,decoy
CHEMBL3715516,0,decoy
CHEMBL3717937,0,decoy
CHEMBL3715632,0,decoy
CHEMBL3717972,0,decoy
CHEMBL3718267,0,decoy
CHEMBL3717102,0,decoy
CHEMBL3716344,0,decoy
CHEMBL3718990,0,decoy
CHEMBL3718198,0,decoy
CHEMBL3716457,0,decoy
CHEMBL3715257,0,decoy
CHEMBL3716632,0,decoy
CHEMBL3716653,0,decoy
CHEMBL3717638,0,decoy
CHEMBL3717808,0,decoy
CHEMBL3715491,0,decoy
CHEMBL3714934,0,decoy
CHEMBL3717308,0,decoy
CHEMBL3719049,0,decoy
CHEMBL3716902,0,decoy
CHEMBL3718510,0,decoy
CHEMBL3717430,0,decoy
CHEMBL3715442,0,decoy
CHEMBL3717427,0,decoy
CHEMBL2359006,0,decoy
CHEMBL1977448,0,decoy
CHEMBL1978090,0,decoy
CHEMBL1978479,0,decoy
CHEMBL1978497,0,decoy
CHEMBL3353563,0,decoy
CHEMBL3609326,0,decoy
CHEMBL3609628,0,decoy
CHEMBL3609633,0,decoy
CHEMBL543155,0,decoy
CHEMBL1762805,0,decoy
CHEMBL1765570,0,decoy
CHEMBL1765571,0,decoy
CHEMBL1765717,0,decoy
CHEMBL1765718,0,decoy
CHEMBL1765719,0,decoy
CHEMBL1766104,0,decoy
CHEMBL1766136,0,decoy
CHEMBL1766137,0,decoy
CHEMBL1766138,0,decoy
CHEMBL4104282,0,decoy
CHEMBL4104385,0,decoy
CHEMBL4104499,0,decoy
CHEMBL4104613,0,decoy
CHEMBL4104695,0,decoy
CHEMBL4104975,0,decoy
CHEMBL4105008,0,decoy
CHEMBL4105150,0,decoy
CHEMBL4105181,0,decoy
CHEMBL4105209,0,decoy
CHEMBL4105230,0,decoy
CHEMBL4105292,0,decoy
CHEMBL4105450,0,decoy
CHEMBL1798059,0,decoy
CHEMBL1798077,0,decoy
CHEMBL1800563,0,decoy
CHEMBL1801070,0,decoy
CHEMBL1801071,0,decoy
CHEMBL1801099,0,decoy
CHEMBL1801152,0,decoy
CHEMBL4214781,0,decoy
CHEMBL4214813,0,decoy
CHEMBL4214874,0,decoy
CHEMBL4214999,0,decoy
CHEMBL4215065,0,decoy
CHEMBL4215292,0,decoy
CHEMBL4215326,0,decoy
CHEMBL1800445,0,decoy
CHEMBL1800649,0,decoy
CHEMBL3654639,0,decoy
CHEMBL3986082,0,decoy
CHEMBL3986092,0,decoy
CHEMBL3986413,0,decoy
CHEMBL316216,0,decoy
CHEMBL5561477,0,decoy
CHEMBL4541628,0,decoy
CHEMBL3718635,0,decoy
CHEMBL3717134,0,decoy
CHEMBL3715237,0,decoy
CHEMBL2359062,0,decoy
CHEMBL2359247,0,decoy
CHEMBL2359418,0,decoy
CHEMBL2359470,0,decoy
CHEMBL2359557,0,decoy
CHEMBL2359664,0,decoy
CHEMBL2359858,0,decoy
CHEMBL2359884,0,decoy
CHEMBL2359930,0,decoy
CHEMBL1977945,0,decoy
CHEMBL1714619,0,decoy
CHEMBL1714774,0,decoy
CHEMBL3350852,0,decoy
CHEMBL3350853,0,decoy
CHEMBL3353200,0,decoy
CHEMBL1743263,0,decoy
CHEMBL1744108,0,decoy
CHEMBL1744298,0,decoy
CHEMBL1744305,0,decoy
CHEMBL1744362,0,decoy
CHEMBL1713426,0,decoy
CHEMBL1714098,0,decoy
CHEMBL3608652,0,decoy
CHEMBL3608655,0,decoy
CHEMBL3608742,0,decoy
CHEMBL3608314,0,decoy
CHEMBL3609373,0,decoy
CHEMBL3609585,0,decoy
CHEMBL3609882,0,decoy
CHEMBL3609883,0,decoy
CHEMBL555406,0,decoy
CHEMBL555539,0,decoy
CHEMBL542954,0,decoy
CHEMBL553331,0,decoy
CHEMBL4104329,0,decoy
CHEMBL4104395,0,decoy
CHEMBL4105526,0,decoy
CHEMBL1800934,0,decoy
CHEMBL1800963,0,decoy
CHEMBL4215850,0,decoy
CHEMBL3654679,0,decoy
CHEMBL3654765,0,decoy
CHEMBL3655117,0,decoy
CHEMBL3338063,0,decoy
CHEMBL3337465,0,decoy
CHEMBL3338402,0,decoy
CHEMBL3339021,0,decoy
CHEMBL3339022,0,decoy
CHEMBL3339023,0,decoy
CHEMBL3339024,0,decoy
CHEMBL3339025,0,decoy
CHEMBL3985412,0,decoy
CHEMBL3985620,0,decoy
CHEMBL3985841,0,decoy
CHEMBL3985977,0,decoy
CHEMBL3986145,0,decoy
CHEMBL3986325,0,decoy
CHEMBL3986472,0,decoy
CHEMBL3986519,0,decoy
CHEMBL313534,0,decoy
CHEMBL5560681,0,decoy
CHEMBL5560862,0,decoy
CHEMBL5561179,0,decoy
CHEMBL5561319,0,decoy
CHEMBL5561394,0,decoy
CHEMBL4540401,0,decoy
CHEMBL4540640,0,decoy
CHEMBL4540822,0,decoy
CHEMBL4540840,0,decoy
CHEMBL4541047,0,decoy
CHEMBL4541169,0,decoy
CHEMBL4541583,0,decoy
CHEMBL2359285,0,decoy
CHEMBL1978003,0,decoy
CHEMBL1714553,0,decoy
CHEMBL3353190,0,decoy
CHEMBL3353191,0,decoy
CHEMBL3353192,0,decoy
CHEMBL3353193,0,decoy
CHEMBL3352825,0,decoy
CHEMBL3353665,0,decoy
CHEMBL3353670,0,decoy
CHEMBL1713339,0,decoy
CHEMBL3609811,0,decoy
CHEMBL3654482,0,decoy
CHEMBL3654521,0,decoy
CHEMBL3654522,0,decoy
CHEMBL3654618,0,decoy
CHEMBL3986385,0,decoy
CHEMBL3986462,0,decoy
CHEMBL3986728,0,decoy
CHEMBL5561174,0,decoy
CHEMBL4540819,0,decoy
CHEMBL4540859,0,decoy
CHEMBL3715786,0,decoy
CHEMBL3718349,0,decoy
CHEMBL3718669,0,decoy
CHEMBL3716681,0,decoy
CHEMBL2359019,0,decoy
CHEMBL2359486,0,decoy
CHEMBL2359591,0,decoy
CHEMBL2359661,0,decoy
CHEMBL2359736,0,decoy
CHEMBL2360006,0,decoy
CHEMBL1977519,0,decoy
CHEMBL1977626,0,decoy
CHEMBL1714800,0,decoy
CHEMBL1714937,0,decoy
CHEMBL1715154,0,decoy
CHEMBL3350849,0,decoy
CHEMBL3350855,0,decoy
CHEMBL3350856,0,decoy
CHEMBL3353221,0,decoy
CHEMBL3353251,0,decoy
CHEMBL3353355,0,decoy
CHEMBL3353518,0,decoy
CHEMBL3353604,0,decoy
CHEMBL1743686,0,decoy
CHEMBL1713847,0,decoy
CHEMBL3608522,0,decoy
CHEMBL3608523,0,decoy
CHEMBL3609209,0,decoy
CHEMBL3609402,0,decoy
CHEMBL544817,0,decoy
CHEMBL1765505,0,decoy
CHEMBL1765659,0,decoy
CHEMBL1765683,0,decoy
CHEMBL1765685,0,decoy
CHEMBL1765784,0,decoy
CHEMBL1765820,0,decoy
CHEMBL1765821,0,decoy
CHEMBL4104211,0,decoy
CHEMBL4104366,0,decoy
CHEMBL4104500,0,decoy
CHEMBL1714940,0,decoy
CHEMBL5560324,0,decoy
CHEMBL5560440,0,decoy
CHEMBL5561679,0,decoy
CHEMBL1978551,0,decoy
CHEMBL1765383,0,decoy
CHEMBL4104392,0,decoy
CHEMBL4104825,0,decoy
CHEMBL4105444,0,decoy
CHEMBL4105446,0,decoy
CHEMBL4215005,0,decoy
CHEMBL4215470,0,decoy
CHEMBL4215474,0,decoy
CHEMBL4215717,0,decoy
CHEMBL3654337,0,decoy
CHEMBL3654533,0,decoy
CHEMBL3985434,0,decoy
CHEMBL3985440,0,decoy
CHEMBL3985664,0,decoy
CHEMBL3985740,0,decoy
CHEMBL3985862,0,decoy
CHEMBL3986165,0,decoy
CHEMBL3986251,0,decoy
CHEMBL3986349,0,decoy
CHEMBL3986667,0,decoy
CHEMBL419849,0,decoy
CHEMBL84564,0,decoy
CHEMBL309675,0,decoy
CHEMBL82338,0,decoy
CHEMBL84955,0,decoy
CHEMBL85010,0,decoy
CHEMBL5560341,0,decoy
CHEMBL5560396,0,decoy
CHEMBL5560489,0,decoy
CHEMBL5560680,0,decoy
CHEMBL5560932,0,decoy
CHEMBL5561132,0,decoy
CHEMBL5561234,0,decoy
CHEMBL5561318,0,decoy
CHEMBL5561320,0,decoy
CHEMBL4540483,0,decoy
CHEMBL4540988,0,decoy
CHEMBL4541582,0,decoy
CHEMBL4541637,0,decoy
CHEMBL3718200,0,decoy
CHEMBL3718698,0,decoy
CHEMBL3715842,0,decoy
CHEMBL3715757,0,decoy
CHEMBL3716594,0,decoy
CHEMBL2359181,0,decoy
CHEMBL3353744,0,decoy
CHEMBL1978150,0,decoy
CHEMBL543624,0,decoy
CHEMBL1800111,0,decoy
CHEMBL1800371,0,decoy
CHEMBL1800966,0,decoy
CHEMBL1800967,0,decoy
CHEMBL1800968,0,decoy
CHEMBL1800969,0,decoy
CHEMBL1800974,0,decoy
CHEMBL1800976,0,decoy
CHEMBL1800977,0,decoy
CHEMBL4215300,0,decoy
CHEMBL3338448,0,decoy
CHEMBL3985853,0,decoy
CHEMBL3986030,0,decoy
CHEMBL3986819,0,decoy
CHEMBL87798,0,decoy
CHEMBL4540433,0,decoy
CHEMBL4541718,0,decoy
CHEMBL3718366,0,decoy
CHEMBL2359756,0,decoy
CHEMBL1977538,0,decoy
CHEMBL1977848,0,decoy
CHEMBL1978068,0,decoy
CHEMBL1978273,0,decoy
CHEMBL1978571,0,decoy
CHEMBL1714795,0,decoy
CHEMBL3353404,0,decoy
CHEMBL3353406,0,decoy
CHEMBL3353409,0,decoy
CHEMBL2286338,0,decoy
CHEMBL2286490,0,decoy
CHEMBL2286492,0,decoy
CHEMBL2286494,0,decoy
CHEMBL2286497,0,decoy
CHEMBL2286501,0,decoy
CHEMBL2286505,0,decoy
CHEMBL1743963,0,decoy
CHEMBL1744188,0,decoy
CHEMBL1744243,0,decoy
CHEMBL1713693,0,decoy
CHEMBL1714109,0,decoy
CHEMBL3608942,0,decoy
CHEMBL3608943,0,decoy
CHEMBL557336,0,decoy
CHEMBL544328,0,decoy
CHEMBL553279,0,decoy
CHEMBL543162,0,decoy
CHEMBL543876,0,decoy
CHEMBL1978058,0,decoy
CHEMBL1714386,0,decoy
CHEMBL4105365,0,decoy
CHEMBL1800316,0,decoy
CHEMBL4215831,0,decoy
CHEMBL4215889,0,decoy
CHEMBL3986610,0,decoy
CHEMBL85110,0,decoy
CHEMBL418935,0,decoy
CHEMBL85977,0,decoy
CHEMBL86028,0,decoy
CHEMBL86080,0,decoy
CHEMBL83563,0,decoy
CHEMBL87946,0,decoy
CHEMBL446669,0,decoy
CHEMBL87332,0,decoy
CHEMBL87961,0,decoy
CHEMBL5561081,0,decoy
CHEMBL2359427,0,decoy
CHEMBL2359455,0,decoy
CHEMBL1978686,0,decoy
CHEMBL1715064,0,decoy
CHEMBL1715159,0,decoy
CHEMBL1742029,0,decoy
CHEMBL1742446,0,decoy
CHEMBL1743910,0,decoy
CHEMBL1713333,0,decoy
CHEMBL1713507,0,decoy
CHEMBL1713781,0,decoy
CHEMBL1713796,0,decoy
CHEMBL1713890,0,decoy
CHEMBL3609192,0,decoy
CHEMBL553759,0,decoy
CHEMBL4104299,0,decoy
CHEMBL4104895,0,decoy
CHEMBL4104901,0,decoy
CHEMBL4105003,0,decoy
CHEMBL4105030,0,decoy
CHEMBL4105121,0,decoy
CHEMBL4105129,0,decoy
CHEMBL1797802,0,decoy
CHEMBL1798084,0,decoy
CHEMBL1800231,0,decoy
CHEMBL1800232,0,decoy
CHEMBL1800233,0,decoy
CHEMBL1800234,0,decoy
CHEMBL1800236,0,decoy
CHEMBL1800239,0,decoy
CHEMBL1800307,0,decoy
CHEMBL1800315,0,decoy
CHEMBL1800532,0,decoy
CHEMBL4215445,0,decoy
CHEMBL4541593,0,decoy
CHEMBL4541615,0,decoy
CHEMBL1978549,0,decoy
CHEMBL1978566,0,decoy
CHEMBL1714712,0,decoy
CHEMBL1715036,0,decoy
CHEMBL1715147,0,decoy
CHEMBL2286631,0,decoy
CHEMBL1742112,0,decoy
CHEMBL1742346,0,decoy
CHEMBL1713740,0,decoy
CHEMBL1713839,0,decoy
CHEMBL542170,0,decoy
CHEMBL543395,0,decoy
CHEMBL1762664,0,decoy
CHEMBL1762674,0,decoy
CHEMBL1762794,0,decoy
CHEMBL1765763,0,decoy
CHEMBL1765765,0,decoy
CHEMBL1765766,0,decoy
CHEMBL1765767,0,decoy
CHEMBL1766069,0,decoy
CHEMBL1766070,0,decoy
CHEMBL4104449,0,decoy
CHEMBL4104510,0,decoy
CHEMBL4104601,0,decoy
CHEMBL4104675,0,decoy
CHEMBL4104809,0,decoy
CHEMBL4104816,0,decoy
CHEMBL4104870,0,decoy
CHEMBL4104889,0,decoy
CHEMBL4104933,0,decoy
CHEMBL4104967,0,decoy
CHEMBL4105033,0,decoy
CHEMBL4105084,0,decoy
CHEMBL4105103,0,decoy
CHEMBL4105124,0,decoy
CHEMBL4105170,0,decoy
CHEMBL4105184,0,decoy
CHEMBL4105380,0,decoy
CHEMBL4105443,0,decoy
CHEMBL4105488,0,decoy
CHEMBL1797900,0,decoy
CHEMBL1797901,0,decoy
CHEMBL1797965,0,decoy
CHEMBL1798046,0,decoy
CHEMBL1800195,0,decoy
CHEMBL1800196,0,decoy
CHEMBL1800198,0,decoy
CHEMBL4215304,0,decoy
CHEMBL3654606,0,decoy
CHEMBL3654662,0,decoy
CHEMBL3986244,0,decoy
CHEMBL3986663,0,decoy
CHEMBL5561597,0,decoy
CHEMBL4540464,0,decoy
CHEMBL4540980,0,decoy
CHEMBL3714953,0,decoy
CHEMBL2359351,0,decoy
CHEMBL2359472,0,decoy
CHEMBL2359617,0,decoy
CHEMBL2359831,0,decoy
CHEMBL2359953,0,decoy
CHEMBL1714578,0,decoy
CHEMBL1714614,0,decoy
CHEMBL1714741,0,decoy
CHEMBL1714807,0,decoy
CHEMBL1714958,0,decoy
CHEMBL1715098,0,decoy
CHEMBL1715343,0,decoy
CHEMBL3350871,0,decoy
CHEMBL3353188,0,decoy
CHEMBL3353451,0,decoy
CHEMBL3353577,0,decoy
CHEMBL3353754,0,decoy
CHEMBL2286335,0,decoy
CHEMBL2286337,0,decoy
CHEMBL2286617,0,decoy
CHEMBL1743603,0,decoy
CHEMBL1744332,0,decoy
CHEMBL1713445,0,decoy
CHEMBL1713706,0,decoy
CHEMBL1714012,0,decoy
CHEMBL1714220,0,decoy
CHEMBL1714260,0,decoy
CHEMBL3608533,0,decoy
CHEMBL3608609,0,decoy
CHEMBL542200,0,decoy
CHEMBL544122,0,decoy
CHEMBL543424,0,decoy
CHEMBL1762550,0,decoy
CHEMBL4104219,0,decoy
CHEMBL4104464,0,decoy
CHEMBL4104550,0,decoy
CHEMBL4104746,0,decoy
CHEMBL4105119,0,decoy
CHEMBL4105221,0,decoy
CHEMBL4105249,0,decoy
CHEMBL4105366,0,decoy
CHEMBL4105139,0,decoy
CHEMBL4105449,0,decoy
CHEMBL4214811,0,decoy
CHEMBL4215062,0,decoy
CHEMBL4215297,0,decoy
CHEMBL4215535,0,decoy
CHEMBL4215647,0,decoy
CHEMBL4215772,0,decoy
CHEMBL4215915,0,decoy
CHEMBL4216012,0,decoy
CHEMBL4216021,0,decoy
CHEMBL3654296,0,decoy
CHEMBL3654316,0,decoy
CHEMBL3654481,0,decoy
CHEMBL3654511,0,decoy
CHEMBL3654515,0,decoy
CHEMBL3654538,0,decoy
CHEMBL3654552,0,decoy
CHEMBL3654553,0,decoy
CHEMBL3654561,0,decoy
CHEMBL3654570,0,decoy
CHEMBL3654585,0,decoy
CHEMBL3654601,0,decoy
CHEMBL3654602,0,decoy
CHEMBL3654654,0,decoy
CHEMBL3654664,0,decoy
CHEMBL3654806,0,decoy
CHEMBL3655027,0,decoy
CHEMBL3655336,0,decoy
CHEMBL3337993,0,decoy
CHEMBL3337994,0,decoy
CHEMBL3337995,0,decoy
CHEMBL3338129,0,decoy
CHEMBL3338219,0,decoy
CHEMBL3338594,0,decoy
CHEMBL3338799,0,decoy
CHEMBL3338808,0,decoy
CHEMBL3338985,0,decoy
CHEMBL3338986,0,decoy
CHEMBL3985503,0,decoy
CHEMBL3985622,0,decoy
CHEMBL3985739,0,decoy
CHEMBL3985795,0,decoy
CHEMBL3985943,0,decoy
CHEMBL3986043,0,decoy
CHEMBL3986098,0,decoy
CHEMBL3986380,0,decoy
CHEMBL3986404,0,decoy
CHEMBL3986422,0,decoy
CHEMBL3986554,0,decoy
CHEMBL2359947,0,decoy
CHEMBL1714771,0,decoy
CHEMBL3353535,0,decoy
CHEMBL4104827,0,decoy
CHEMBL3654371,0,decoy
CHEMBL3654381,0,decoy
CHEMBL3654385,0,decoy
CHEMBL3654525,0,decoy
CHEMBL3654566,0,decoy
CHEMBL3654617,0,decoy
CHEMBL3654650,0,decoy
CHEMBL3985418,0,decoy
CHEMBL3985517,0,decoy
CHEMBL3985547,0,decoy
CHEMBL3985692,0,decoy
CHEMBL3985791,0,decoy
CHEMBL3985969,0,decoy
CHEMBL3986034,0,decoy
CHEMBL3986040,0,decoy
CHEMBL3986161,0,decoy
CHEMBL3986328,0,decoy
CHEMBL3986461,0,decoy
CHEMBL3986577,0,decoy
CHEMBL3986689,0,decoy
CHEMBL3986760,0,decoy
CHEMBL3986761,0,decoy
CHEMBL3986833,0,decoy
CHEMBL3986855,0,decoy
CHEMBL3986870,0,decoy
CHEMBL311607,0,decoy
CHEMBL313838,0,decoy
CHEMBL315372,0,decoy
CHEMBL314460,0,decoy
CHEMBL314683,0,decoy
CHEMBL313034,0,decoy
CHEMBL5560802,0,decoy
CHEMBL5560894,0,decoy
CHEMBL5560897,0,decoy
CHEMBL5560942,0,decoy
CHEMBL5561021,0,decoy
CHEMBL5561093,0,decoy
CHEMBL5561312,0,decoy
CHEMBL5561364,0,decoy
CHEMBL5561368,0,decoy
CHEMBL4540374,0,decoy
CHEMBL4540385,0,decoy
CHEMBL4540642,0,decoy
CHEMBL4540890,0,decoy
CHEMBL4541016,0,decoy
CHEMBL4541187,0,decoy
CHEMBL314781,0,decoy
CHEMBL4541120,0,decoy
CHEMBL4104616,0,decoy
CHEMBL3654510,0,decoy
CHEMBL3654591,0,decoy
CHEMBL3654623,0,decoy
CHEMBL3985504,0,decoy
CHEMBL3985704,0,decoy
CHEMBL3986004,0,decoy
CHEMBL3986630,0,decoy
CHEMBL85692,0,decoy
CHEMBL87222,0,decoy
CHEMBL314264,0,decoy
CHEMBL88105,0,decoy
CHEMBL5560538,0,decoy
CHEMBL5560784,0,decoy
CHEMBL5561552,0,decoy
CHEMBL4541421,0,decoy
CHEMBL4541444,0,decoy
CHEMBL4541532,0,decoy
CHEMBL3714857,0,decoy
CHEMBL2359077,0,decoy
CHEMBL2359104,0,decoy
CHEMBL2359150,0,decoy
CHEMBL2359338,0,decoy
CHEMBL2359412,0,decoy
CHEMBL2359597,0,decoy
CHEMBL2359635,0,decoy
CHEMBL2359680,0,decoy
CHEMBL2359691,0,decoy
CHEMBL2359755,0,decoy
CHEMBL2359834,0,decoy
CHEMBL2359916,0,decoy
CHEMBL1977407,0,decoy
CHEMBL1977634,0,decoy
CHEMBL1978393,0,decoy
CHEMBL1714581,0,decoy
CHEMBL1714764,0,decoy
CHEMBL1714951,0,decoy
CHEMBL1714991,0,decoy
CHEMBL1715006,0,decoy
CHEMBL1715190,0,decoy
CHEMBL1715212,0,decoy
CHEMBL1715327,0,decoy
CHEMBL1715472,0,decoy
CHEMBL3350686,0,decoy
CHEMBL3350687,0,decoy
CHEMBL3351079,0,decoy
CHEMBL3353517,0,decoy
CHEMBL3353528,0,decoy
CHEMBL3654881,0,decoy
CHEMBL5561492,0,decoy
CHEMBL4540545,0,decoy
CHEMBL4541160,0,decoy
CHEMBL2359230,0,decoy
CHEMBL1978228,0,decoy
CHEMBL1762764,0,decoy
CHEMBL1762767,0,decoy
CHEMBL1765555,0,decoy
CHEMBL1765658,0,decoy
CHEMBL1765736,0,decoy
CHEMBL1765737,0,decoy
CHEMBL1765739,0,decoy
CHEMBL1765751,0,decoy
CHEMBL1766035,0,decoy
CHEMBL4104400,0,decoy
CHEMBL4104461,0,decoy
CHEMBL4104755,0,decoy
CHEMBL4104859,0,decoy
CHEMBL4104907,0,decoy
CHEMBL4105297,0,decoy
CHEMBL4105361,0,decoy
CHEMBL1800635,0,decoy
CHEMBL1800776,0,decoy
CHEMBL1801054,0,decoy
CHEMBL1801086,0,decoy
CHEMBL1801160,0,decoy
CHEMBL1801161,0,decoy
CHEMBL4214885,0,decoy
CHEMBL4215249,0,decoy
CHEMBL4215266,0,decoy
CHEMBL4215480,0,decoy
CHEMBL4215639,0,decoy
CHEMBL4215731,0,decoy
CHEMBL4215978,0,decoy
CHEMBL3654360,0,decoy
CHEMBL3654377,0,decoy
CHEMBL3654416,0,decoy
CHEMBL3654466,0,decoy
CHEMBL3654472,0,decoy
CHEMBL3654486,0,decoy
CHEMBL3654500,0,decoy
CHEMBL3654501,0,decoy
CHEMBL3654508,0,decoy
CHEMBL3654509,0,decoy
CHEMBL3654514,0,decoy
CHEMBL3654527,0,decoy
CHEMBL3654530,0,decoy
CHEMBL3654531,0,decoy
CHEMBL3654532,0,decoy
CHEMBL4104934,0,decoy
CHEMBL1800910,0,decoy
CHEMBL1800914,0,decoy
CHEMBL4214902,0,decoy
CHEMBL4215876,0,decoy
CHEMBL3338328,0,decoy
CHEMBL5560635,0,decoy
CHEMBL2359874,0,decoy
CHEMBL3350952,0,decoy
CHEMBL2286482,0,decoy
CHEMBL1742359,0,decoy
CHEMBL1743607,0,decoy
CHEMBL3608797,0,decoy
CHEMBL1765251,0,decoy
CHEMBL1765257,0,decoy
CHEMBL1765265,0,decoy
CHEMBL1766170,0,decoy
CHEMBL1766174,0,decoy
CHEMBL4104201,0,decoy
CHEMBL4104204,0,decoy
CHEMBL4104206,0,decoy
CHEMBL4104209,0,decoy
CHEMBL4104272,0,decoy
CHEMBL4104352,0,decoy
CHEMBL4104364,0,decoy
CHEMBL4104438,0,decoy
CHEMBL4104553,0,decoy
CHEMBL4104557,0,decoy
CHEMBL4104705,0,decoy
CHEMBL4104815,0,decoy
CHEMBL4104822,0,decoy
CHEMBL4104952,0,decoy
CHEMBL4105512,0,decoy
CHEMBL1797956,0,decoy
CHEMBL1800334,0,decoy
CHEMBL1800362,0,decoy
CHEMBL1800415,0,decoy
CHEMBL1800430,0,decoy
CHEMBL1800431,0,decoy
CHEMBL1800439,0,decoy
CHEMBL1800482,0,decoy
CHEMBL1800483,0,decoy
CHEMBL1800484,0,decoy
CHEMBL1800491,0,decoy
CHEMBL1800492,0,decoy
CHEMBL1800493,0,decoy
CHEMBL1800515,0,decoy
CHEMBL1800519,0,decoy
CHEMBL1800521,0,decoy
CHEMBL1800538,0,decoy
CHEMBL3986596,0,decoy
CHEMBL1762808,0,decoy
CHEMBL1765833,0,decoy
CHEMBL1765839,0,decoy
CHEMBL1765851,0,decoy
CHEMBL1765857,0,decoy
CHEMBL1766004,0,decoy
CHEMBL1766102,0,decoy
CHEMBL1766105,0,decoy
CHEMBL4104419,0,decoy
CHEMBL4104669,0,decoy
CHEMBL4104742,0,decoy
CHEMBL4104863,0,decoy
CHEMBL4104989,0,decoy
CHEMBL4105010,0,decoy
CHEMBL4105041,0,decoy
CHEMBL4105199,0,decoy
CHEMBL4105281,0,decoy
CHEMBL4105373,0,decoy
CHEMBL4105454,0,decoy
CHEMBL1798087,0,decoy
CHEMBL1798092,0,decoy
CHEMBL1800109,0,decoy
CHEMBL1800557,0,decoy
CHEMBL1800558,0,decoy
CHEMBL1800827,0,decoy
CHEMBL1800998,0,decoy
CHEMBL4214791,0,decoy
CHEMBL4214801,0,decoy
CHEMBL4215031,0,decoy
CHEMBL4215135,0,decoy
CHEMBL4215143,0,decoy
CHEMBL4215374,0,decoy
CHEMBL4215434,0,decoy
CHEMBL4215600,0,decoy
CHEMBL4215724,0,decoy
CHEMBL4215725,0,decoy
CHEMBL4215762,0,decoy
CHEMBL4215780,0,decoy
CHEMBL4215985,0,decoy
CHEMBL3654441,0,decoy
CHEMBL3654442,0,decoy
CHEMBL3654469,0,decoy
CHEMBL3654470,0,decoy
CHEMBL3654478,0,decoy
CHEMBL3654571,0,decoy
CHEMBL3654572,0,decoy
CHEMBL3655148,0,decoy
CHEMBL3655223,0,decoy
CHEMBL3655227,0,decoy
CHEMBL4104293,0,decoy
CHEMBL4104505,0,decoy
CHEMBL4104634,0,decoy
CHEMBL4104647,0,decoy
CHEMBL4104706,0,decoy
CHEMBL4105002,0,decoy
CHEMBL4105004,0,decoy
CHEMBL4105015,0,decoy
CHEMBL1797806,0,decoy
CHEMBL4216017,0,decoy
CHEMBL4216034,0,decoy
CHEMBL3654710,0,decoy
CHEMBL3654723,0,decoy
CHEMBL3654739,0,decoy
CHEMBL3654844,0,decoy
CHEMBL3654845,0,decoy
CHEMBL3654850,0,decoy
CHEMBL3654852,0,decoy
CHEMBL3654856,0,decoy
CHEMBL3654858,0,decoy
CHEMBL3654859,0,decoy
CHEMBL3654860,0,decoy
CHEMBL3654869,0,decoy
CHEMBL3654872,0,decoy
CHEMBL3654879,0,decoy
CHEMBL3654880,0,decoy
CHEMBL3654884,0,decoy
CHEMBL3654887,0,decoy
CHEMBL3655239,0,decoy
CHEMBL3655244,0,decoy
CHEMBL3655278,0,decoy
CHEMBL3655295,0,decoy
CHEMBL3338007,0,decoy
CHEMBL3338020,0,decoy
CHEMBL3338021,0,decoy
CHEMBL3338023,0,decoy
CHEMBL3338396,0,decoy
CHEMBL3339040,0,decoy
CHEMBL3985762,0,decoy
CHEMBL5561384,0,decoy
CHEMBL5561392,0,decoy
CHEMBL4540408,0,decoy
CHEMBL4540626,0,decoy
CHEMBL4540791,0,decoy
CHEMBL4541443,0,decoy
CHEMBL3718856,0,decoy
CHEMBL3716584,0,decoy
CHEMBL3715369,0,decoy
CHEMBL3718337,0,decoy
CHEMBL3718844,0,decoy
CHEMBL3718052,0,decoy
CHEMBL3715393,0,decoy
CHEMBL3715188,0,decoy
CHEMBL3715352,0,decoy
CHEMBL2359362,0,decoy
CHEMBL1765366,0,decoy
CHEMBL4214756,0,decoy
CHEMBL4215084,0,decoy
CHEMBL4215888,0,decoy
CHEMBL4215957,0,decoy
CHEMBL3654384,0,decoy
CHEMBL3654387,0,decoy
CHEMBL3654528,0,decoy
CHEMBL3654588,0,decoy
CHEMBL3654652,0,decoy
CHEMBL3986792,0,decoy
CHEMBL5560344,0,decoy
CHEMBL5560353,0,decoy
CHEMBL5560376,0,decoy
CHEMBL5561403,0,decoy
CHEMBL5561410,0,decoy
CHEMBL5561554,0,decoy
CHEMBL5561574,0,decoy
CHEMBL5561605,0,decoy
CHEMBL5561695,0,decoy
CHEMBL4540794,0,decoy
CHEMBL3715512,0,decoy
CHEMBL3716740,0,decoy
CHEMBL3717836,0,decoy
CHEMBL3715087,0,decoy
CHEMBL3717270,0,decoy
CHEMBL3716683,0,decoy
CHEMBL3715152,0,decoy
CHEMBL3716577,0,decoy
CHEMBL3719149,0,decoy
CHEMBL3718314,0,decoy
CHEMBL3716409,0,decoy
CHEMBL3715787,0,decoy
CHEMBL3719027,0,decoy
CHEMBL3717357,0,decoy
CHEMBL2358946,0,decoy
CHEMBL2359003,0,decoy
CHEMBL2359102,0,decoy
CHEMBL2359105,0,decoy
CHEMBL2359109,0,decoy
CHEMBL2359149,0,decoy
CHEMBL2359156,0,decoy
CHEMBL2359185,0,decoy
CHEMBL2359303,0,decoy
CHEMBL2359312,0,decoy
CHEMBL1715210,0,decoy
CHEMBL1762722,0,decoy
CHEMBL1765306,0,decoy
CHEMBL1765374,0,decoy
CHEMBL1765732,0,decoy
CHEMBL1765733,0,decoy
CHEMBL1765734,0,decoy
CHEMBL1765735,0,decoy
CHEMBL1765745,0,decoy
CHEMBL1766087,0,decoy
CHEMBL4105061,0,decoy
CHEMBL4105185,0,decoy
CHEMBL1800453,0,decoy
CHEMBL1801048,0,decoy
CHEMBL4215039,0,decoy
CHEMBL4215096,0,decoy
CHEMBL4215444,0,decoy
CHEMBL4215502,0,decoy
CHEMBL4215914,0,decoy
CHEMBL3654417,0,decoy
CHEMBL3654562,0,decoy
CHEMBL3654668,0,decoy
CHEMBL3654694,0,decoy
CHEMBL3654698,0,decoy
CHEMBL3654700,0,decoy
CHEMBL3654702,0,decoy
CHEMBL3654711,0,decoy
CHEMBL3654722,0,decoy
CHEMBL3654742,0,decoy
CHEMBL3654751,0,decoy
CHEMBL3654754,0,decoy
CHEMBL3654755,0,decoy
CHEMBL3654766,0,decoy
CHEMBL3654800,0,decoy
CHEMBL3654804,0,decoy
CHEMBL3654805,0,decoy
CHEMBL3654808,0,decoy
CHEMBL3654809,0,decoy
CHEMBL3654810,0,decoy
CHEMBL3654819,0,decoy
CHEMBL3654821,0,decoy
CHEMBL3654822,0,decoy
CHEMBL3654825,0,decoy
CHEMBL3654836,0,decoy
CHEMBL3654837,0,decoy
CHEMBL3654853,0,decoy
CHEMBL3639537,0,decoy
CHEMBL3654857,0,decoy
CHEMBL3654861,0,decoy
CHEMBL3654862,0,decoy
CHEMBL4104831,0,decoy
CHEMBL1800679,0,decoy
CHEMBL4215144,0,decoy
CHEMBL4215211,0,decoy
CHEMBL4215627,0,decoy
CHEMBL4215788,0,decoy
CHEMBL3985956,0,decoy
CHEMBL3986105,0,decoy
CHEMBL315853,0,decoy
CHEMBL87712,0,decoy
CHEMBL5561359,0,decoy
CHEMBL4540576,0,decoy
CHEMBL4540803,0,decoy
CHEMBL3715989,0,decoy
CHEMBL3716423,0,decoy
CHEMBL3717367,0,decoy
CHEMBL3715996,0,decoy
CHEMBL3717735,0,decoy
CHEMBL3717309,0,decoy
CHEMBL2358971,0,decoy
CHEMBL2358975,0,decoy
CHEMBL2360024,0,decoy
CHEMBL1977480,0,decoy
CHEMBL1977704,0,decoy
CHEMBL1977749,0,decoy
CHEMBL1978605,0,decoy
CHEMBL1714478,0,decoy
CHEMBL1714487,0,decoy
CHEMBL1714672,0,decoy
CHEMBL3353690,0,decoy
CHEMBL2286453,0,decoy
CHEMBL2286456,0,decoy
CHEMBL2286801,0,decoy
CHEMBL2286802,0,decoy
CHEMBL2286805,0,decoy
CHEMBL2286816,0,decoy
CHEMBL2286909,0,decoy
CHEMBL1743743,0,decoy
CHEMBL1713332,0,decoy
CHEMBL1713337,0,decoy
CHEMBL1713425,0,decoy
CHEMBL1713782,0,decoy
CHEMBL3608512,0,decoy
CHEMBL3608516,0,decoy
CHEMBL3609531,0,decoy
CHEMBL3608323,0,decoy
CHEMBL3609741,0,decoy
CHEMBL3609742,0,decoy
CHEMBL1762553,0,decoy
CHEMBL1762554,0,decoy
CHEMBL1762766,0,decoy
CHEMBL2359634,0,decoy
CHEMBL1762768,0,decoy
CHEMBL1762769,0,decoy
CHEMBL1762772,0,decoy
CHEMBL1765316,0,decoy
CHEMBL1765741,0,decoy
CHEMBL1765749,0,decoy
CHEMBL1765750,0,decoy
CHEMBL3654235,0,decoy
CHEMBL3654415,0,decoy
CHEMBL3654807,0,decoy
CHEMBL3654910,0,decoy
CHEMBL3654912,0,decoy
CHEMBL3654914,0,decoy
CHEMBL3654923,0,decoy
CHEMBL3654935,0,decoy
CHEMBL3338005,0,decoy
CHEMBL3985391,0,decoy
CHEMBL3985406,0,decoy
CHEMBL3985561,0,decoy
CHEMBL3985948,0,decoy
CHEMBL3985982,0,decoy
CHEMBL3986015,0,decoy
CHEMBL3986237,0,decoy
CHEMBL3986242,0,decoy
CHEMBL3986395,0,decoy
CHEMBL3986677,0,decoy
CHEMBL313587,0,decoy
CHEMBL85938,0,decoy
CHEMBL86026,0,decoy
CHEMBL5560688,0,decoy
CHEMBL5560960,0,decoy
CHEMBL5561008,0,decoy
CHEMBL4540452,0,decoy
CHEMBL4540691,0,decoy
CHEMBL4540938,0,decoy
CHEMBL4541184,0,decoy
CHEMBL4541235,0,decoy
CHEMBL4541330,0,decoy
CHEMBL4541510,0,decoy
CHEMBL3717031,0,decoy
CHEMBL3719338,0,decoy
CHEMBL3718524,0,decoy
CHEMBL3717382,0,decoy
CHEMBL3719200,0,decoy
CHEMBL2359336,0,decoy
CHEMBL2359880,0,decoy
CHEMBL1977618,0,decoy
CHEMBL1977771,0,decoy
CHEMBL3714996,0,decoy
CHEMBL3716664,0,decoy
CHEMBL3715116,0,decoy
CHEMBL3717220,0,decoy
CHEMBL3718320,0,decoy
CHEMBL3717486,0,decoy
CHEMBL3716332,0,decoy
CHEMBL3716837,0,decoy
CHEMBL3719264,0,decoy
CHEMBL3715154,0,decoy
CHEMBL3716819,0,decoy
CHEMBL3717982,0,decoy
CHEMBL3719053,0,decoy
CHEMBL3718420,0,decoy
CHEMBL2359955,0,decoy
CHEMBL1977350,0,decoy
CHEMBL1977467,0,decoy
CHEMBL1978258,0,decoy
CHEMBL1978296,0,decoy
CHEMBL1978721,0,decoy
CHEMBL1714785,0,decoy
CHEMBL1714902,0,decoy
CHEMBL3353132,0,decoy
CHEMBL3353516,0,decoy
CHEMBL3353533,0,decoy
CHEMBL3353561,0,decoy
CHEMBL3353562,0,decoy
CHEMBL2286488,0,decoy
CHEMBL1743636,0,decoy
CHEMBL1743836,0,decoy
CHEMBL1713885,0,decoy
CHEMBL1714344,0,decoy
CHEMBL3608309,0,decoy
CHEMBL3609418,0,decoy
CHEMBL3609513,0,decoy
CHEMBL3609664,0,decoy
CHEMBL3609745,0,decoy
CHEMBL3609746,0,decoy
CHEMBL555304,0,decoy
CHEMBL1762578,0,decoy
CHEMBL1762579,0,decoy
CHEMBL1762580,0,decoy
CHEMBL1762765,0,decoy
CHEMBL1762810,0,decoy
CHEMBL1762817,0,decoy
CHEMBL1765181,0,decoy
CHEMBL1765182,0,decoy
CHEMBL1765334,0,decoy
CHEMBL1765538,0,decoy
CHEMBL1765539,0,decoy
CHEMBL4104330,0,decoy
CHEMBL4105018,0,decoy
CHEMBL4105470,0,decoy
CHEMBL1801006,0,decoy
CHEMBL3338720,0,decoy
CHEMBL3339112,0,decoy
CHEMBL3339143,0,decoy
CHEMBL313173,0,decoy
CHEMBL5560327,0,decoy
CHEMBL1714583,0,decoy
CHEMBL2286990,0,decoy
CHEMBL2286991,0,decoy
CHEMBL2286992,0,decoy
CHEMBL1713429,0,decoy
CHEMBL1762833,0,decoy
CHEMBL1765165,0,decoy
CHEMBL1765166,0,decoy
CHEMBL1765167,0,decoy
CHEMBL1765168,0,decoy
CHEMBL1765169,0,decoy
CHEMBL1765170,0,decoy
CHEMBL1765171,0,decoy
CHEMBL1765172,0,decoy
CHEMBL1765173,0,decoy
CHEMBL1765174,0,decoy
CHEMBL1765175,0,decoy
CHEMBL1765353,0,decoy
CHEMBL1765354,0,decoy
CHEMBL1765355,0,decoy
CHEMBL1765417,0,decoy
CHEMBL1765519,0,decoy
CHEMBL1765520,0,decoy
CHEMBL1765553,0,decoy
CHEMBL1765715,0,decoy
CHEMBL1765807,0,decoy
CHEMBL1765827,0,decoy
CHEMBL1765845,0,decoy
CHEMBL1766003,0,decoy
CHEMBL1766005,0,decoy
CHEMBL1766026,0,decoy
CHEMBL1766027,0,decoy
CHEMBL1766028,0,decoy
CHEMBL1766033,0,decoy
CHEMBL1766034,0,decoy
CHEMBL1766040,0,decoy
CHEMBL1766042,0,decoy
CHEMBL1766043,0,decoy
CHEMBL1766044,0,decoy
CHEMBL1766049,0,decoy
CHEMBL1766051,0,decoy
CHEMBL1762564,0,decoy
CHEMBL1762828,0,decoy
CHEMBL1762829,0,decoy
CHEMBL1762830,0,decoy
CHEMBL1765521,0,decoy
CHEMBL1765707,0,decoy
CHEMBL4104202,0,decoy
CHEMBL4104441,0,decoy
CHEMBL4104466,0,decoy
CHEMBL4104525,0,decoy
CHEMBL4104754,0,decoy
CHEMBL4104783,0,decoy
CHEMBL4104792,0,decoy
CHEMBL4105122,0,decoy
CHEMBL4105523,0,decoy
CHEMBL1800079,0,decoy
CHEMBL1800438,0,decoy
CHEMBL1800690,0,decoy
CHEMBL4214805,0,decoy
CHEMBL4215082,0,decoy
CHEMBL4215167,0,decoy
CHEMBL4215446,0,decoy
CHEMBL4216011,0,decoy
CHEMBL3654727,0,decoy
CHEMBL3655069,0,decoy
CHEMBL3338084,0,decoy
CHEMBL3338290,0,decoy
CHEMBL3338331,0,decoy
CHEMBL3338435,0,decoy
CHEMBL3338593,0,decoy
CHEMBL3338815,0,decoy
CHEMBL3339094,0,decoy
CHEMBL3339106,0,decoy
CHEMBL3339107,0,decoy
CHEMBL3339111,0,decoy
CHEMBL3339135,0,decoy
CHEMBL3339140,0,decoy
CHEMBL3985400,0,decoy
CHEMBL3985793,0,decoy
CHEMBL3986018,0,decoy
CHEMBL3986027,0,decoy
CHEMBL3986372,0,decoy
CHEMBL3986373,0,decoy
CHEMBL3986713,0,decoy
CHEMBL3986744,0,decoy
CHEMBL3986869,0,decoy
CHEMBL84917,0,decoy
CHEMBL84659,0,decoy
CHEMBL85393,0,decoy
CHEMBL315532,0,decoy
CHEMBL4541737,0,decoy
CHEMBL3715794,0,decoy
CHEMBL3715776,0,decoy
CHEMBL3719347,0,decoy
CHEMBL2359106,0,decoy
CHEMBL2359332,0,decoy
CHEMBL2359890,0,decoy
CHEMBL2359909,0,decoy
CHEMBL3350850,0,decoy
CHEMBL3350858,0,decoy
CHEMBL3350859,0,decoy
CHEMBL3353224,0,decoy
CHEMBL3353341,0,decoy
CHEMBL1743633,0,decoy
CHEMBL1713545,0,decoy
CHEMBL3608519,0,decoy
CHEMBL3608520,0,decoy
CHEMBL4104538,0,decoy
CHEMBL4104670,0,decoy
CHEMBL1798080,0,decoy
CHEMBL1798081,0,decoy
CHEMBL1800350,0,decoy
CHEMBL1800354,0,decoy
CHEMBL1800792,0,decoy
CHEMBL4214894,0,decoy
CHEMBL4215029,0,decoy
CHEMBL4215155,0,decoy
CHEMBL4215248,0,decoy
CHEMBL4215354,0,decoy
CHEMBL4215566,0,decoy
CHEMBL4216022,0,decoy
CHEMBL4216043,0,decoy
CHEMBL3654365,0,decoy
CHEMBL3654367,0,decoy
CHEMBL3654504,0,decoy
CHEMBL3654516,0,decoy
CHEMBL3654550,0,decoy
CHEMBL3654554,0,decoy
CHEMBL3654565,0,decoy
CHEMBL3654567,0,decoy
CHEMBL3654655,0,decoy
CHEMBL3654737,0,decoy
CHEMBL3655256,0,decoy
CHEMBL3338136,0,decoy
CHEMBL3338177,0,decoy
CHEMBL3338189,0,decoy
CHEMBL3338190,0,decoy
CHEMBL3338191,0,decoy
CHEMBL3338218,0,decoy
CHEMBL3338388,0,decoy
CHEMBL3718742,0,decoy
CHEMBL3716747,0,decoy
CHEMBL4104701,0,decoy
CHEMBL4105013,0,decoy
CHEMBL1798041,0,decoy
CHEMBL1798044,0,decoy
CHEMBL1800416,0,decoy
CHEMBL1800417,0,decoy
CHEMBL1800418,0,decoy
CHEMBL1800476,0,decoy
CHEMBL1800477,0,decoy
CHEMBL1800481,0,decoy
CHEMBL1800494,0,decoy
CHEMBL1800495,0,decoy
CHEMBL1800496,0,decoy
CHEMBL1800505,0,decoy
CHEMBL1800507,0,decoy
CHEMBL1800508,0,decoy
CHEMBL1800512,0,decoy
CHEMBL1800513,0,decoy
CHEMBL1800710,0,decoy
CHEMBL1800712,0,decoy
CHEMBL1800714,0,decoy
CHEMBL1800715,0,decoy
CHEMBL1800909,0,decoy
CHEMBL1800925,0,decoy
CHEMBL1800928,0,decoy
CHEMBL1800979,0,decoy
CHEMBL4214787,0,decoy
CHEMBL4214867,0,decoy
CHEMBL4214881,0,decoy
CHEMBL4214904,0,decoy
CHEMBL4214930,0,decoy
CHEMBL4215006,0,decoy
CHEMBL4215012,0,decoy
CHEMBL4215061,0,decoy
CHEMBL4215165,0,decoy
CHEMBL4215250,0,decoy
CHEMBL4215324,0,decoy
CHEMBL4215328,0,decoy
CHEMBL4215352,0,decoy
CHEMBL4215382,0,decoy
CHEMBL4215441,0,decoy
CHEMBL4215532,0,decoy
CHEMBL4215556,0,decoy
CHEMBL4215602,0,decoy
CHEMBL4215655,0,decoy
CHEMBL4215683,0,decoy
CHEMBL4215726,0,decoy
CHEMBL4215734,0,decoy
CHEMBL1762566,0,decoy
CHEMBL4105025,0,decoy
CHEMBL4105241,0,decoy
CHEMBL1800144,0,decoy
CHEMBL1800479,0,decoy
CHEMBL1800480,0,decoy
CHEMBL3338750,0,decoy
CHEMBL3338762,0,decoy
CHEMBL3339088,0,decoy
CHEMBL3339098,0,decoy
CHEMBL3339102,0,decoy
CHEMBL3339105,0,decoy
CHEMBL3339118,0,decoy
CHEMBL3986563,0,decoy
CHEMBL3986846,0,decoy
CHEMBL84373,0,decoy
CHEMBL312873,0,decoy
CHEMBL87588,0,decoy
CHEMBL85047,0,decoy
CHEMBL87365,0,decoy
CHEMBL85534,0,decoy
CHEMBL314181,0,decoy
CHEMBL5560702,0,decoy
CHEMBL5560923,0,decoy
CHEMBL5560949,0,decoy
CHEMBL5561112,0,decoy
CHEMBL5561437,0,decoy
CHEMBL5561694,0,decoy
CHEMBL4541392,0,decoy
CHEMBL3716200,0,decoy
CHEMBL3719107,0,decoy
CHEMBL1977361,0,decoy
CHEMBL1978170,0,decoy
CHEMBL1714520,0,decoy
CHEMBL1714850,0,decoy
CHEMBL3350827,0,decoy
CHEMBL3350836,0,decoy
CHEMBL3350837,0,decoy
CHEMBL3350838,0,decoy
CHEMBL3350839,0,decoy
CHEMBL3350860,0,decoy
CHEMBL3350861,0,decoy
CHEMBL3350875,0,decoy
CHEMBL3351005,0,decoy
CHEMBL3351006,0,decoy
CHEMBL3351007,0,decoy
CHEMBL3351008,0,decoy
CHEMBL3351010,0,decoy
CHEMBL3351011,0,decoy
CHEMBL3351073,0,decoy
CHEMBL4104303,0,decoy
CHEMBL4104905,0,decoy
CHEMBL4105171,0,decoy
CHEMBL4105348,0,decoy
CHEMBL4105527,0,decoy
CHEMBL1800140,0,decoy
CHEMBL4214944,0,decoy
CHEMBL4215557,0,decoy
CHEMBL4215580,0,decoy
CHEMBL4216059,0,decoy
CHEMBL3654724,0,decoy
CHEMBL3338145,0,decoy
CHEMBL3339068,0,decoy
CHEMBL3339082,0,decoy
CHEMBL3339086,0,decoy
CHEMBL3339119,0,decoy
CHEMBL3339124,0,decoy
CHEMBL3339126,0,decoy
CHEMBL3339127,0,decoy
CHEMBL3339129,0,decoy
CHEMBL3339130,0,decoy
CHEMBL3339131,0,decoy
CHEMBL3339133,0,decoy
CHEMBL3339139,0,decoy
CHEMBL3339141,0,decoy
CHEMBL3339146,0,decoy
CHEMBL3985864,0,decoy
CHEMBL3985939,0,decoy
CHEMBL3986143,0,decoy
CHEMBL3986440,0,decoy
CHEMBL3986638,0,decoy
CHEMBL84588,0,decoy
CHEMBL87248,0,decoy
CHEMBL5560820,0,decoy
CHEMBL5560874,0,decoy
CHEMBL5560936,0,decoy
CHEMBL5561121,0,decoy
CHEMBL5561136,0,decoy
CHEMBL4540446,0,decoy
CHEMBL4540694,0,decoy
CHEMBL4540872,0,decoy
CHEMBL4540905,0,decoy
CHEMBL4541335,0,decoy
CHEMBL3717637,0,decoy
CHEMBL3718216,0,decoy
CHEMBL3716592,0,decoy
CHEMBL2359439,0,decoy
CHEMBL2359501,0,decoy
CHEMBL2359642,0,decoy
CHEMBL2359739,0,decoy
CHEMBL5561514,0,decoy
CHEMBL3339027,0,decoy
CHEMBL3986779,0,decoy
CHEMBL4541381,0,decoy
CHEMBL1978707,0,decoy
CHEMBL1714450,0,decoy
CHEMBL3353195,0,decoy
CHEMBL3353230,0,decoy
CHEMBL3353319,0,decoy
CHEMBL3353320,0,decoy
CHEMBL3609374,0,decoy
CHEMBL3609375,0,decoy
CHEMBL544558,0,decoy
CHEMBL544792,0,decoy
CHEMBL1762777,0,decoy
CHEMBL1765558,0,decoy
CHEMBL1766062,0,decoy
CHEMBL4104598,0,decoy
CHEMBL4104844,0,decoy
CHEMBL4104902,0,decoy
CHEMBL4105035,0,decoy
CHEMBL1797805,0,decoy
CHEMBL1797979,0,decoy
CHEMBL1797985,0,decoy
CHEMBL4215315,0,decoy
CHEMBL4215483,0,decoy
CHEMBL3654333,0,decoy
CHEMBL3655258,0,decoy
CHEMBL3338067,0,decoy
CHEMBL3338068,0,decoy
CHEMBL3338069,0,decoy
CHEMBL3338397,0,decoy
CHEMBL3338398,0,decoy
CHEMBL3985559,0,decoy
CHEMBL3985702,0,decoy
CHEMBL3985715,0,decoy
CHEMBL3986152,0,decoy
CHEMBL3986190,0,decoy
CHEMBL3986270,0,decoy
CHEMBL3986286,0,decoy
CHEMBL3986321,0,decoy
CHEMBL3986363,0,decoy
CHEMBL3986411,0,decoy
CHEMBL3986460,0,decoy
CHEMBL3986559,0,decoy
CHEMBL3986629,0,decoy
CHEMBL3986770,0,decoy
CHEMBL3986797,0,decoy
CHEMBL3986829,0,decoy
CHEMBL3986849,0,decoy
CHEMBL3716452,0,decoy
CHEMBL2359350,0,decoy
CHEMBL2359409,0,decoy
CHEMBL2359747,0,decoy
CHEMBL2359777,0,decoy
CHEMBL1978652,0,decoy
CHEMBL543852,0,decoy
CHEMBL545055,0,decoy
CHEMBL5560749,0,decoy
CHEMBL3716541,0,decoy
CHEMBL2359453,0,decoy
CHEMBL2359620,0,decoy
CHEMBL2359660,0,decoy
CHEMBL2359980,0,decoy
CHEMBL1978240,0,decoy
CHEMBL1714834,0,decoy
CHEMBL1714928,0,decoy
CHEMBL1743886,0,decoy
CHEMBL1744100,0,decoy
CHEMBL1744167,0,decoy
CHEMBL1744170,0,decoy
CHEMBL1744186,0,decoy
CHEMBL1744191,0,decoy
CHEMBL1744302,0,decoy
CHEMBL1713763,0,decoy
CHEMBL1714007,0,decoy
CHEMBL1714300,0,decoy
CHEMBL1714315,0,decoy
CHEMBL545044,0,decoy
CHEMBL553310,0,decoy
CHEMBL545764,0,decoy
CHEMBL4104650,0,decoy
CHEMBL4105374,0,decoy
CHEMBL4105476,0,decoy
CHEMBL4105522,0,decoy
CHEMBL4216014,0,decoy
CHEMBL3654254,0,decoy
CHEMBL3985839,0,decoy
CHEMBL3986566,0,decoy
CHEMBL3986614,0,decoy
CHEMBL3986640,0,decoy
CHEMBL5560459,0,decoy
CHEMBL5560494,0,decoy
CHEMBL5560644,0,decoy
CHEMBL5561594,0,decoy
CHEMBL4540852,0,decoy
CHEMBL4541640,0,decoy
CHEMBL3716826,0,decoy
CHEMBL3717381,0,decoy
CHEMBL3719293,0,decoy
CHEMBL3985876,0,decoy
CHEMBL3986164,0,decoy
CHEMBL4540808,0,decoy
CHEMBL1762716,0,decoy
CHEMBL1762773,0,decoy
CHEMBL1762776,0,decoy
CHEMBL1765307,0,decoy
CHEMBL1765556,0,decoy
CHEMBL1765617,0,decoy
CHEMBL4104358,0,decoy
CHEMBL4104470,0,decoy
CHEMBL4104605,0,decoy
CHEMBL4104657,0,decoy
CHEMBL4104727,0,decoy
CHEMBL4104802,0,decoy
CHEMBL4104883,0,decoy
CHEMBL4105001,0,decoy
CHEMBL4105047,0,decoy
CHEMBL4105394,0,decoy
CHEMBL4105502,0,decoy
CHEMBL1797935,0,decoy
CHEMBL1800766,0,decoy
CHEMBL1800939,0,decoy
CHEMBL1800942,0,decoy
CHEMBL1800948,0,decoy
CHEMBL1801049,0,decoy
CHEMBL1801053,0,decoy
CHEMBL1801135,0,decoy
CHEMBL4215017,0,decoy
CHEMBL4215091,0,decoy
CHEMBL4215310,0,decoy
CHEMBL4215618,0,decoy
CHEMBL4215803,0,decoy
CHEMBL3654236,0,decoy
CHEMBL3654239,0,decoy
CHEMBL3654242,0,decoy
CHEMBL3654245,0,decoy
CHEMBL3654248,0,decoy
CHEMBL3654249,0,decoy
CHEMBL3654251,0,decoy
CHEMBL3654252,0,decoy
CHEMBL3639531,0,decoy
CHEMBL3654359,0,decoy
CHEMBL3654428,0,decoy
CHEMBL3654578,0,decoy
CHEMBL3654731,0,decoy
CHEMBL3654877,0,decoy
CHEMBL3654878,0,decoy
CHEMBL3654886,0,decoy
CHEMBL3655110,0,decoy
CHEMBL3338896,0,decoy
CHEMBL3985468,0,decoy
CHEMBL3986334,0,decoy
CHEMBL4541409,0,decoy
CHEMBL4541485,0,decoy
CHEMBL4541587,0,decoy
CHEMBL2359165,0,decoy
CHEMBL2359887,0,decoy
CHEMBL2359959,0,decoy
CHEMBL2360039,0,decoy
CHEMBL1977584,0,decoy
CHEMBL1714898,0,decoy
CHEMBL1715418,0,decoy
CHEMBL3353405,0,decoy
CHEMBL3353410,0,decoy
CHEMBL1744347,0,decoy
CHEMBL1713744,0,decoy
CHEMBL3608521,0,decoy
CHEMBL3608524,0,decoy
CHEMBL3608525,0,decoy
CHEMBL3608587,0,decoy
CHEMBL3608589,0,decoy
CHEMBL3608641,0,decoy
CHEMBL3608923,0,decoy
CHEMBL3609119,0,decoy
CHEMBL3609300,0,decoy
CHEMBL3609881,0,decoy
CHEMBL545715,0,decoy
CHEMBL542899,0,decoy
CHEMBL544346,0,decoy
CHEMBL4104846,0,decoy
CHEMBL1798060,0,decoy
CHEMBL1798071,0,decoy
CHEMBL1800303,0,decoy
CHEMBL1800306,0,decoy
CHEMBL1800309,0,decoy
CHEMBL1800313,0,decoy
CHEMBL1800355,0,decoy
CHEMBL1801000,0,decoy
CHEMBL1801002,0,decoy
CHEMBL4215325,0,decoy
CHEMBL4215390,0,decoy
CHEMBL4215497,0,decoy
CHEMBL4215828,0,decoy
CHEMBL4215841,0,decoy
CHEMBL3654237,0,decoy
CHEMBL3654240,0,decoy
CHEMBL3654259,0,decoy
CHEMBL3654364,0,decoy
CHEMBL3654373,0,decoy
CHEMBL1765618,0,decoy
CHEMBL1800284,0,decoy
CHEMBL1800893,0,decoy
CHEMBL4216058,0,decoy
CHEMBL4216079,0,decoy
CHEMBL3338349,0,decoy
CHEMBL3338381,0,decoy
CHEMBL3338863,0,decoy
CHEMBL3338967,0,decoy
CHEMBL3338970,0,decoy
CHEMBL3338974,0,decoy
CHEMBL3338978,0,decoy
CHEMBL3986765,0,decoy
CHEMBL84218,0,decoy
CHEMBL311233,0,decoy
CHEMBL84823,0,decoy
CHEMBL315698,0,decoy
CHEMBL85034,0,decoy
CHEMBL418932,0,decoy
CHEMBL85137,0,decoy
CHEMBL2359004,0,decoy
CHEMBL2359160,0,decoy
CHEMBL2359196,0,decoy
CHEMBL2359996,0,decoy
CHEMBL1714510,0,decoy
CHEMBL1714605,0,decoy
CHEMBL1714989,0,decoy
CHEMBL1713501,0,decoy
CHEMBL1714051,0,decoy
CHEMBL543845,0,decoy
CHEMBL1762822,0,decoy
CHEMBL1765463,0,decoy
CHEMBL1765464,0,decoy
CHEMBL1765625,0,decoy
CHEMBL1766082,0,decoy
CHEMBL1766083,0,decoy
CHEMBL4104174,0,decoy
CHEMBL4104236,0,decoy
CHEMBL4104562,0,decoy
CHEMBL4104565,0,decoy
CHEMBL4104585,0,decoy
CHEMBL4104602,0,decoy
CHEMBL4104711,0,decoy
CHEMBL4104776,0,decoy
CHEMBL4104812,0,decoy
CHEMBL4104876,0,decoy
CHEMBL4104921,0,decoy
CHEMBL4104979,0,decoy
CHEMBL4105009,0,decoy
CHEMBL4105081,0,decoy
CHEMBL3338453,0,decoy
CHEMBL4541559,0,decoy
CHEMBL2359778,0,decoy
CHEMBL2359919,0,decoy
CHEMBL1715372,0,decoy
CHEMBL3353012,0,decoy
CHEMBL3608531,0,decoy
CHEMBL3608532,0,decoy
CHEMBL4104336,0,decoy
CHEMBL4104412,0,decoy
CHEMBL4105378,0,decoy
CHEMBL1797804,0,decoy
CHEMBL1800110,0,decoy
CHEMBL1801001,0,decoy
CHEMBL4215614,0,decoy
CHEMBL3654284,0,decoy
CHEMBL3338183,0,decoy
CHEMBL3338184,0,decoy
CHEMBL3338185,0,decoy
CHEMBL3338188,0,decoy
CHEMBL3338192,0,decoy
CHEMBL3338193,0,decoy
CHEMBL3338194,0,decoy
CHEMBL3338445,0,decoy
CHEMBL3338447,0,decoy
CHEMBL3338451,0,decoy
CHEMBL3338711,0,decoy
CHEMBL3985483,0,decoy
CHEMBL3985499,0,decoy
CHEMBL3985540,0,decoy
CHEMBL3985549,0,decoy
CHEMBL3985931,0,decoy
CHEMBL3986089,0,decoy
CHEMBL3986198,0,decoy
CHEMBL3986433,0,decoy
CHEMBL3986474,0,decoy
CHEMBL3986532,0,decoy
CHEMBL3986579,0,decoy
CHEMBL3986631,0,decoy
CHEMBL3986700,0,decoy
CHEMBL3986781,0,decoy
CHEMBL3986783,0,decoy
CHEMBL3986852,0,decoy
CHEMBL85095,0,decoy
CHEMBL313064,0,decoy
CHEMBL263276,0,decoy
CHEMBL83305,0,decoy
CHEMBL5560387,0,decoy
CHEMBL5560394,0,decoy
CHEMBL5560545,0,decoy
CHEMBL1800604,0,decoy
CHEMBL1800609,0,decoy
CHEMBL1743737,0,decoy
CHEMBL1713371,0,decoy
CHEMBL1762687,0,decoy
CHEMBL1762688,0,decoy
CHEMBL1762801,0,decoy
CHEMBL1762802,0,decoy
CHEMBL1765388,0,decoy
CHEMBL1765723,0,decoy
CHEMBL1765724,0,decoy
CHEMBL1765804,0,decoy
CHEMBL1765809,0,decoy
CHEMBL1765825,0,decoy
CHEMBL1765831,0,decoy
CHEMBL1765843,0,decoy
CHEMBL1765849,0,decoy
CHEMBL1765862,0,decoy
CHEMBL1765866,0,decoy
CHEMBL1765870,0,decoy
CHEMBL1765873,0,decoy
CHEMBL1765875,0,decoy
CHEMBL1765979,0,decoy
CHEMBL1765998,0,decoy
CHEMBL1766012,0,decoy
CHEMBL1766013,0,decoy
CHEMBL1766014,0,decoy
CHEMBL1766015,0,decoy
CHEMBL1766025,0,decoy
CHEMBL1766045,0,decoy
CHEMBL1766159,0,decoy
CHEMBL1766161,0,decoy
CHEMBL4104304,0,decoy
CHEMBL4104362,0,decoy
CHEMBL4104374,0,decoy
CHEMBL4104410,0,decoy
CHEMBL4104530,0,decoy
CHEMBL4104715,0,decoy
CHEMBL4104730,0,decoy
CHEMBL4104801,0,decoy
CHEMBL4104813,0,decoy
CHEMBL4104852,0,decoy
CHEMBL4104872,0,decoy
CHEMBL4104942,0,decoy
CHEMBL4105085,0,decoy
CHEMBL4105197,0,decoy
CHEMBL4105244,0,decoy
CHEMBL4105272,0,decoy
CHEMBL4105352,0,decoy
CHEMBL4105423,0,decoy
CHEMBL2359761,0,decoy
CHEMBL2360088,0,decoy
CHEMBL3350614,0,decoy
CHEMBL2286517,0,decoy
CHEMBL545063,0,decoy
CHEMBL542940,0,decoy
CHEMBL316241,0,decoy
CHEMBL2359707,0,decoy
CHEMBL1714829,0,decoy
CHEMBL1715315,0,decoy
CHEMBL3353540,0,decoy
CHEMBL1743880,0,decoy
CHEMBL1713641,0,decoy
CHEMBL1713648,0,decoy
CHEMBL1714082,0,decoy
CHEMBL1714377,0,decoy
CHEMBL542713,0,decoy
CHEMBL1797997,0,decoy
CHEMBL4215419,0,decoy
CHEMBL4215514,0,decoy
CHEMBL3654335,0,decoy
CHEMBL3654344,0,decoy
CHEMBL3338519,0,decoy
CHEMBL3338521,0,decoy
CHEMBL3338524,0,decoy
CHEMBL3985416,0,decoy
CHEMBL3985759,0,decoy
CHEMBL3985871,0,decoy
CHEMBL3986066,0,decoy
CHEMBL3986120,0,decoy
CHEMBL3986134,0,decoy
CHEMBL3986266,0,decoy
CHEMBL3986397,0,decoy
CHEMBL3986399,0,decoy
CHEMBL3986529,0,decoy
CHEMBL3986533,0,decoy
CHEMBL3986607,0,decoy
CHEMBL3986782,0,decoy
CHEMBL84820,0,decoy
CHEMBL85531,0,decoy
CHEMBL85736,0,decoy
CHEMBL85152,0,decoy
CHEMBL314609,0,decoy
CHEMBL87225,0,decoy
CHEMBL85630,0,decoy
CHEMBL85435,0,decoy
CHEMBL419672,0,decoy
CHEMBL82814,0,decoy
CHEMBL83399,0,decoy
CHEMBL5560356,0,decoy
CHEMBL5560438,0,decoy
CHEMBL5560484,0,decoy
CHEMBL5560694,0,decoy
CHEMBL5561131,0,decoy
CHEMBL5561207,0,decoy
CHEMBL3339095,0,decoy
CHEMBL3339097,0,decoy
CHEMBL3339099,0,decoy
CHEMBL3339101,0,decoy
CHEMBL3339113,0,decoy
CHEMBL3339114,0,decoy
CHEMBL3339120,0,decoy
CHEMBL3339123,0,decoy
CHEMBL3339125,0,decoy
CHEMBL3339128,0,decoy
CHEMBL3339132,0,decoy
CHEMBL3339137,0,decoy
CHEMBL3339138,0,decoy
CHEMBL3339145,0,decoy
CHEMBL87610,0,decoy
CHEMBL87289,0,decoy
CHEMBL1766039,0,decoy
CHEMBL1766047,0,decoy
CHEMBL4104747,0,decoy
CHEMBL4104877,0,decoy
CHEMBL4105080,0,decoy
CHEMBL4105238,0,decoy
CHEMBL4105436,0,decoy
CHEMBL4105475,0,decoy
CHEMBL4105517,0,decoy
CHEMBL4105538,0,decoy
CHEMBL1800222,0,decoy
CHEMBL1800478,0,decoy
CHEMBL1800485,0,decoy
CHEMBL1800486,0,decoy
CHEMBL1800489,0,decoy
CHEMBL1800490,0,decoy
CHEMBL1800497,0,decoy
CHEMBL1800498,0,decoy
CHEMBL1800499,0,decoy
CHEMBL1800501,0,decoy
CHEMBL1800502,0,decoy
CHEMBL1800506,0,decoy
CHEMBL1800509,0,decoy
CHEMBL1800510,0,decoy
CHEMBL1800511,0,decoy
CHEMBL1800514,0,decoy
CHEMBL1800516,0,decoy
CHEMBL1800705,0,decoy
CHEMBL1800980,0,decoy
CHEMBL1801007,0,decoy
CHEMBL1801008,0,decoy
CHEMBL1801009,0,decoy
CHEMBL1801010,0,decoy
CHEMBL4214948,0,decoy
CHEMBL545475,0,decoy
CHEMBL1766135,0,decoy
CHEMBL1798057,0,decoy
CHEMBL1798058,0,decoy
CHEMBL1798062,0,decoy
CHEMBL1798072,0,decoy
CHEMBL1798073,0,decoy
CHEMBL1800107,0,decoy
CHEMBL4215022,0,decoy
CHEMBL4215635,0,decoy
CHEMBL4215909,0,decoy
CHEMBL4216039,0,decoy
CHEMBL3654362,0,decoy
CHEMBL3654374,0,decoy
CHEMBL3654376,0,decoy
CHEMBL3338199,0,decoy
CHEMBL3338210,0,decoy
CHEMBL3338441,0,decoy
CHEMBL3985678,0,decoy
CHEMBL3985848,0,decoy
CHEMBL3986163,0,decoy
CHEMBL3986464,0,decoy
CHEMBL84617,0,decoy
CHEMBL314368,0,decoy
CHEMBL310967,0,decoy
CHEMBL313130,0,decoy
CHEMBL420778,0,decoy
CHEMBL313779,0,decoy
CHEMBL5560427,0,decoy
CHEMBL5560473,0,decoy
CHEMBL5560643,0,decoy
CHEMBL5561584,0,decoy
CHEMBL5561607,0,decoy
CHEMBL4540457,0,decoy
CHEMBL4540572,0,decoy
CHEMBL4540709,0,decoy
CHEMBL4541002,0,decoy
CHEMBL4541037,0,decoy
CHEMBL4541297,0,decoy
CHEMBL3717506,0,decoy
CHEMBL3715212,0,decoy
CHEMBL3714901,0,decoy
CHEMBL3719219,0,decoy
CHEMBL2359463,0,decoy
CHEMBL2359511,0,decoy
CHEMBL2359883,0,decoy
CHEMBL2360105,0,decoy
CHEMBL1977421,0,decoy
CHEMBL1977927,0,decoy
CHEMBL1978322,0,decoy
CHEMBL1765886,0,decoy
CHEMBL1765903,0,decoy
CHEMBL1765905,0,decoy
CHEMBL1766020,0,decoy
CHEMBL4104421,0,decoy
CHEMBL3337984,0,decoy
CHEMBL3338574,0,decoy
CHEMBL85724,0,decoy
CHEMBL83469,0,decoy
CHEMBL85114,0,decoy
CHEMBL420046,0,decoy
CHEMBL313909,0,decoy
CHEMBL85539,0,decoy
CHEMBL316370,0,decoy
CHEMBL310803,0,decoy
CHEMBL84602,0,decoy
CHEMBL314804,0,decoy
CHEMBL83352,0,decoy
CHEMBL87393,0,decoy
CHEMBL85579,0,decoy
CHEMBL430446,0,decoy
CHEMBL87440,0,decoy
CHEMBL87974,0,decoy
CHEMBL5560330,0,decoy
CHEMBL5560648,0,decoy
CHEMBL5561056,0,decoy
CHEMBL5561561,0,decoy
CHEMBL4540450,0,decoy
CHEMBL4541278,0,decoy
CHEMBL4541700,0,decoy
CHEMBL3717599,0,decoy
CHEMBL3715165,0,decoy
CHEMBL3715424,0,decoy
CHEMBL3716948,0,decoy
CHEMBL3717856,0,decoy
CHEMBL3718708,0,decoy
CHEMBL2359119,0,decoy
CHEMBL2359458,0,decoy
CHEMBL2359545,0,decoy
CHEMBL2359573,0,decoy
CHEMBL2359760,0,decoy
CHEMBL2359838,0,decoy
CHEMBL2359856,0,decoy
CHEMBL2360087,0,decoy
CHEMBL1977355,0,decoy
CHEMBL1977775,0,decoy
CHEMBL1978717,0,decoy
CHEMBL1714818,0,decoy
CHEMBL1715196,0,decoy
CHEMBL1715233,0,decoy
CHEMBL3654246,0,decoy
CHEMBL4105387,0,decoy
CHEMBL1800351,0,decoy
CHEMBL4215092,0,decoy
CHEMBL4215128,0,decoy
CHEMBL4215429,0,decoy
CHEMBL4215621,0,decoy
CHEMBL4216078,0,decoy
CHEMBL4216088,0,decoy
CHEMBL3654238,0,decoy
CHEMBL3654253,0,decoy
CHEMBL3338181,0,decoy
CHEMBL3338182,0,decoy
CHEMBL3338187,0,decoy
CHEMBL3985798,0,decoy
CHEMBL3985846,0,decoy
CHEMBL3985951,0,decoy
CHEMBL3986550,0,decoy
CHEMBL3986848,0,decoy
CHEMBL85245,0,decoy
CHEMBL85587,0,decoy
CHEMBL314332,0,decoy
CHEMBL5560358,0,decoy
CHEMBL5560637,0,decoy
CHEMBL5560919,0,decoy
CHEMBL5561141,0,decoy
CHEMBL5561226,0,decoy
CHEMBL5561406,0,decoy
CHEMBL5561503,0,decoy
CHEMBL5561642,0,decoy
CHEMBL5561691,0,decoy
CHEMBL4541112,0,decoy
CHEMBL4541118,0,decoy
CHEMBL4541225,0,decoy
CHEMBL3718329,0,decoy
CHEMBL3715711,0,decoy
CHEMBL3717931,0,decoy
CHEMBL3717674,0,decoy
CHEMBL2359286,0,decoy
CHEMBL2359404,0,decoy
CHEMBL2359477,0,decoy
CHEMBL2359703,0,decoy
CHEMBL1977709,0,decoy
CHEMBL1978025,0,decoy
CHEMBL1978173,0,decoy
CHEMBL1978324,0,decoy
CHEMBL1714915,0,decoy
CHEMBL1714954,0,decoy
CHEMBL1715253,0,decoy
CHEMBL3353013,0,decoy
CHEMBL5561068,0,decoy
CHEMBL4215811,0,decoy
CHEMBL3339069,0,decoy
CHEMBL3339076,0,decoy
CHEMBL3339083,0,decoy
CHEMBL3339084,0,decoy
CHEMBL3339085,0,decoy
CHEMBL3339116,0,decoy
CHEMBL3339117,0,decoy
CHEMBL3339142,0,decoy
CHEMBL3986047,0,decoy
CHEMBL3986311,0,decoy
CHEMBL3986784,0,decoy
CHEMBL315836,0,decoy
CHEMBL84759,0,decoy
CHEMBL85461,0,decoy
CHEMBL84882,0,decoy
CHEMBL87858,0,decoy
CHEMBL85609,0,decoy
CHEMBL85860,0,decoy
CHEMBL84777,0,decoy
CHEMBL86318,0,decoy
CHEMBL315100,0,decoy
CHEMBL314238,0,decoy
CHEMBL86134,0,decoy
CHEMBL4540559,0,decoy
CHEMBL4540647,0,decoy
CHEMBL4541494,0,decoy
CHEMBL4541529,0,decoy
CHEMBL3717376,0,decoy
CHEMBL3718702,0,decoy
CHEMBL3717879,0,decoy
CHEMBL2359001,0,decoy
CHEMBL2359377,0,decoy
CHEMBL2359877,0,decoy
CHEMBL2359956,0,decoy
CHEMBL1977602,0,decoy
CHEMBL1978030,0,decoy
CHEMBL1978350,0,decoy
CHEMBL1978520,0,decoy
CHEMBL1978708,0,decoy
CHEMBL1714491,0,decoy
CHEMBL1714887,0,decoy
CHEMBL1714966,0,decoy
CHEMBL1715455,0,decoy
CHEMBL3353167,0,decoy
CHEMBL3353171,0,decoy
CHEMBL3353239,0,decoy
CHEMBL3353344,0,decoy
CHEMBL2286040,0,decoy
CHEMBL3654690,0,decoy
CHEMBL1765469,0,decoy
CHEMBL1765598,0,decoy
CHEMBL1765761,0,decoy
CHEMBL1765878,0,decoy
CHEMBL1765879,0,decoy
CHEMBL4104853,0,decoy
CHEMBL1800275,0,decoy
CHEMBL1800328,0,decoy
CHEMBL1800342,0,decoy
CHEMBL1800344,0,decoy
CHEMBL1800447,0,decoy
CHEMBL4215083,0,decoy
CHEMBL4215589,0,decoy
CHEMBL4215904,0,decoy
CHEMBL4215934,0,decoy
CHEMBL4215965,0,decoy
CHEMBL4216108,0,decoy
CHEMBL3654555,0,decoy
CHEMBL3654688,0,decoy
CHEMBL3654691,0,decoy
CHEMBL3654767,0,decoy
CHEMBL3654813,0,decoy
CHEMBL3654827,0,decoy
CHEMBL3654830,0,decoy
CHEMBL3654831,0,decoy
CHEMBL3338003,0,decoy
CHEMBL3338004,0,decoy
CHEMBL3338225,0,decoy
CHEMBL3338226,0,decoy
CHEMBL3338250,0,decoy
CHEMBL3338790,0,decoy
CHEMBL3338791,0,decoy
CHEMBL3338793,0,decoy
CHEMBL3985567,0,decoy
CHEMBL3985647,0,decoy
CHEMBL3985763,0,decoy
CHEMBL87710,0,decoy
CHEMBL313845,0,decoy
CHEMBL85542,0,decoy
CHEMBL312213,0,decoy
CHEMBL84987,0,decoy
CHEMBL84432,0,decoy
CHEMBL83759,0,decoy
CHEMBL5560511,0,decoy
CHEMBL5560581,0,decoy
CHEMBL5561499,0,decoy
CHEMBL5561670,0,decoy
CHEMBL4540542,0,decoy
CHEMBL4540636,0,decoy
CHEMBL4214809,0,decoy
CHEMBL4215672,0,decoy
CHEMBL4215858,0,decoy
CHEMBL5561159,0,decoy
CHEMBL3715028,0,decoy
CHEMBL3715529,0,decoy
CHEMBL1978295,0,decoy
CHEMBL1714436,0,decoy
CHEMBL1715189,0,decoy
CHEMBL1744217,0,decoy
CHEMBL3608669,0,decoy
CHEMBL3608976,0,decoy
CHEMBL3609158,0,decoy
CHEMBL3609165,0,decoy
CHEMBL3609205,0,decoy
CHEMBL3609208,0,decoy
CHEMBL3609537,0,decoy
CHEMBL543901,0,decoy
CHEMBL1762571,0,decoy
CHEMBL1762574,0,decoy
CHEMBL1762576,0,decoy
CHEMBL1762728,0,decoy
CHEMBL1762770,0,decoy
CHEMBL1765237,0,decoy
CHEMBL1765238,0,decoy
CHEMBL1765245,0,decoy
CHEMBL1765297,0,decoy
CHEMBL1765300,0,decoy
CHEMBL1765301,0,decoy
CHEMBL1765308,0,decoy
CHEMBL1765309,0,decoy
CHEMBL1765365,0,decoy
CHEMBL1765460,0,decoy
CHEMBL1765462,0,decoy
CHEMBL1765543,0,decoy
CHEMBL1765545,0,decoy
CHEMBL1765551,0,decoy
CHEMBL1765554,0,decoy
CHEMBL1765728,0,decoy
CHEMBL1765729,0,decoy
CHEMBL1765887,0,decoy
CHEMBL1765099,0,decoy
CHEMBL1765973,0,decoy
CHEMBL1765974,0,decoy
CHEMBL1766017,0,decoy
CHEMBL1766084,0,decoy
CHEMBL4104234,0,decoy
CHEMBL4104247,0,decoy
CHEMBL4104310,0,decoy
CHEMBL4104318,0,decoy
CHEMBL1765676,0,decoy
CHEMBL1978386,0,decoy
CHEMBL1762797,0,decoy
CHEMBL1762799,0,decoy
CHEMBL1762803,0,decoy
CHEMBL1765602,0,decoy
CHEMBL1765604,0,decoy
CHEMBL1765605,0,decoy
CHEMBL1765613,0,decoy
CHEMBL1765654,0,decoy
CHEMBL1765655,0,decoy
CHEMBL1765681,0,decoy
CHEMBL1765713,0,decoy
CHEMBL1765858,0,decoy
CHEMBL1765859,0,decoy
CHEMBL1765860,0,decoy
CHEMBL1766048,0,decoy
CHEMBL1766050,0,decoy
CHEMBL1766052,0,decoy
CHEMBL1766054,0,decoy
CHEMBL1766055,0,decoy
CHEMBL1766057,0,decoy
CHEMBL1766059,0,decoy
CHEMBL1766132,0,decoy
CHEMBL1766133,0,decoy
CHEMBL4104216,0,decoy
CHEMBL4104414,0,decoy
CHEMBL4104515,0,decoy
CHEMBL4104619,0,decoy
CHEMBL4104699,0,decoy
CHEMBL4104781,0,decoy
CHEMBL4104885,0,decoy
CHEMBL4105161,0,decoy
CHEMBL4105215,0,decoy
CHEMBL4105280,0,decoy
CHEMBL1797840,0,decoy
CHEMBL1797841,0,decoy
CHEMBL1797842,0,decoy
CHEMBL1798021,0,decoy
CHEMBL1798022,0,decoy
CHEMBL1798023,0,decoy
CHEMBL1800112,0,decoy
CHEMBL1800113,0,decoy
CHEMBL1800435,0,decoy
CHEMBL1800560,0,decoy
CHEMBL1800561,0,decoy
CHEMBL1800624,0,decoy
CHEMBL1800691,0,decoy
CHEMBL1800693,0,decoy
CHEMBL1800741,0,decoy
CHEMBL5560398,0,decoy
CHEMBL4105393,0,decoy
CHEMBL4215666,0,decoy
CHEMBL4540506,0,decoy
CHEMBL4540821,0,decoy
CHEMBL3716101,0,decoy
CHEMBL3717737,0,decoy
CHEMBL3715672,0,decoy
CHEMBL2359934,0,decoy
CHEMBL1977721,0,decoy
CHEMBL1977849,0,decoy
CHEMBL1714492,0,decoy
CHEMBL1714802,0,decoy
CHEMBL3353170,0,decoy
CHEMBL3353179,0,decoy
CHEMBL3353576,0,decoy
CHEMBL3353592,0,decoy
CHEMBL3353593,0,decoy
CHEMBL3353594,0,decoy
CHEMBL3353608,0,decoy
CHEMBL3353609,0,decoy
CHEMBL1744171,0,decoy
CHEMBL1744232,0,decoy
CHEMBL1744233,0,decoy
CHEMBL1744304,0,decoy
CHEMBL1713725,0,decoy
CHEMBL3609412,0,decoy
CHEMBL3609413,0,decoy
CHEMBL3609705,0,decoy
CHEMBL4105309,0,decoy
CHEMBL4215883,0,decoy
CHEMBL4216089,0,decoy
CHEMBL3654429,0,decoy
CHEMBL3338730,0,decoy
CHEMBL3339092,0,decoy
CHEMBL3985397,0,decoy
CHEMBL3985541,0,decoy
CHEMBL3985838,0,decoy
CHEMBL3986141,0,decoy
CHEMBL3986488,0,decoy
CHEMBL3986592,0,decoy
CHEMBL312951,0,decoy
CHEMBL5560579,0,decoy
CHEMBL5560761,0,decoy
CHEMBL5560872,0,decoy
CHEMBL5561482,0,decoy
CHEMBL4540421,0,decoy
CHEMBL4540512,0,decoy
CHEMBL4540555,0,decoy
CHEMBL4540604,0,decoy
CHEMBL3654612,0,decoy
CHEMBL315594,0,decoy
CHEMBL5560707,0,decoy
CHEMBL5560840,0,decoy
CHEMBL4540462,0,decoy
CHEMBL4541161,0,decoy
CHEMBL4541474,0,decoy
CHEMBL4541567,0,decoy
CHEMBL3715568,0,decoy
CHEMBL3718234,0,decoy
CHEMBL2359124,0,decoy
CHEMBL2359295,0,decoy
CHEMBL2359313,0,decoy
CHEMBL1714668,0,decoy
CHEMBL1715090,0,decoy
CHEMBL3351017,0,decoy
CHEMBL3351019,0,decoy
CHEMBL3353250,0,decoy
CHEMBL3353349,0,decoy
CHEMBL3353515,0,decoy
CHEMBL3353532,0,decoy
CHEMBL2285687,0,decoy
CHEMBL2287007,0,decoy
CHEMBL1713961,0,decoy
CHEMBL3609409,0,decoy
CHEMBL3609853,0,decoy
CHEMBL3654462,0,decoy
CHEMBL3654487,0,decoy
CHEMBL3654505,0,decoy
CHEMBL3654545,0,decoy
CHEMBL3654546,0,decoy
CHEMBL3654579,0,decoy
CHEMBL3654589,0,decoy
CHEMBL3654595,0,decoy
CHEMBL3654604,0,decoy
CHEMBL3654605,0,decoy
CHEMBL3654627,0,decoy
CHEMBL3654875,0,decoy
CHEMBL3654883,0,decoy
CHEMBL3655129,0,decoy
CHEMBL3655350,0,decoy
CHEMBL3655364,0,decoy
CHEMBL3655376,0,decoy
CHEMBL3338156,0,decoy
CHEMBL3338526,0,decoy
CHEMBL3338535,0,decoy
CHEMBL3338721,0,decoy
CHEMBL3985414,0,decoy
CHEMBL3985843,0,decoy
CHEMBL3986060,0,decoy
CHEMBL5561002,0,decoy
CHEMBL4541071,0,decoy
CHEMBL4541348,0,decoy
CHEMBL2359353,0,decoy
CHEMBL1977968,0,decoy
CHEMBL1714529,0,decoy
CHEMBL1714778,0,decoy
CHEMBL3353636,0,decoy
CHEMBL1743883,0,decoy
CHEMBL1743916,0,decoy
CHEMBL1743918,0,decoy
CHEMBL1744037,0,decoy
CHEMBL1713891,0,decoy
CHEMBL1714159,0,decoy
CHEMBL1714164,0,decoy
CHEMBL1714269,0,decoy
CHEMBL4104425,0,decoy
CHEMBL3338528,0,decoy
CHEMBL3985481,0,decoy
CHEMBL3985875,0,decoy
CHEMBL3986049,0,decoy
CHEMBL3986508,0,decoy
CHEMBL3986534,0,decoy
CHEMBL3986547,0,decoy
CHEMBL84111,0,decoy
CHEMBL313766,0,decoy
CHEMBL85627,0,decoy
CHEMBL84610,0,decoy
CHEMBL315152,0,decoy
CHEMBL315724,0,decoy
CHEMBL88017,0,decoy
CHEMBL432381,0,decoy
CHEMBL84691,0,decoy
CHEMBL5560359,0,decoy
CHEMBL5560403,0,decoy
CHEMBL5560449,0,decoy
CHEMBL5560523,0,decoy
CHEMBL5561257,0,decoy
CHEMBL5561604,0,decoy
CHEMBL5561685,0,decoy
CHEMBL4540575,0,decoy
CHEMBL4540863,0,decoy
CHEMBL4541033,0,decoy
CHEMBL4541113,0,decoy
CHEMBL4541434,0,decoy
CHEMBL4541453,0,decoy
CHEMBL4541552,0,decoy
CHEMBL3717840,0,decoy
CHEMBL3716485,0,decoy
CHEMBL3716972,0,decoy
CHEMBL4104394,0,decoy
CHEMBL1800229,0,decoy
CHEMBL4215800,0,decoy
CHEMBL3338076,0,decoy
CHEMBL3339034,0,decoy
CHEMBL3986129,0,decoy
CHEMBL3986412,0,decoy
CHEMBL84661,0,decoy
CHEMBL84922,0,decoy
CHEMBL83531,0,decoy
CHEMBL310747,0,decoy
CHEMBL421544,0,decoy
CHEMBL445898,0,decoy
CHEMBL5561040,0,decoy
CHEMBL5561052,0,decoy
CHEMBL2359064,0,decoy
CHEMBL2359130,0,decoy
CHEMBL2359498,0,decoy
CHEMBL1977339,0,decoy
CHEMBL1977444,0,decoy
CHEMBL1978746,0,decoy
CHEMBL1714772,0,decoy
CHEMBL1714858,0,decoy
CHEMBL1714859,0,decoy
CHEMBL1715059,0,decoy
CHEMBL2286753,0,decoy
CHEMBL1713405,0,decoy
CHEMBL1713473,0,decoy
CHEMBL1713567,0,decoy
CHEMBL1713612,0,decoy
CHEMBL1713720,0,decoy
CHEMBL1713768,0,decoy
CHEMBL1713903,0,decoy
CHEMBL1714016,0,decoy
CHEMBL1714186,0,decoy
CHEMBL1714313,0,decoy
CHEMBL1714388,0,decoy
CHEMBL3609186,0,decoy
CHEMBL3609187,0,decoy
CHEMBL3609188,0,decoy
CHEMBL3609605,0,decoy
CHEMBL542440,0,decoy
CHEMBL1762573,0,decoy
CHEMBL1765201,0,decoy
CHEMBL1766141,0,decoy
CHEMBL1766146,0,decoy
CHEMBL4104265,0,decoy
CHEMBL4104700,0,decoy
CHEMBL4105172,0,decoy
CHEMBL4105192,0,decoy
CHEMBL4104926,0,decoy
CHEMBL3654714,0,decoy
CHEMBL3654738,0,decoy
CHEMBL3654863,0,decoy
CHEMBL3655121,0,decoy
CHEMBL3655241,0,decoy
CHEMBL3655318,0,decoy
CHEMBL3719210,0,decoy
CHEMBL3716010,0,decoy
CHEMBL2359779,0,decoy
CHEMBL1977402,0,decoy
CHEMBL1977781,0,decoy
CHEMBL3352911,0,decoy
CHEMBL543629,0,decoy
CHEMBL552841,0,decoy
CHEMBL543650,0,decoy
CHEMBL1762774,0,decoy
CHEMBL4104210,0,decoy
CHEMBL4104490,0,decoy
CHEMBL4104681,0,decoy
CHEMBL4105395,0,decoy
CHEMBL1800223,0,decoy
CHEMBL1800684,0,decoy
CHEMBL4214775,0,decoy
CHEMBL4214897,0,decoy
CHEMBL4215320,0,decoy
CHEMBL4215438,0,decoy
CHEMBL4215505,0,decoy
CHEMBL3654464,0,decoy
CHEMBL3654475,0,decoy
CHEMBL3654667,0,decoy
CHEMBL3654669,0,decoy
CHEMBL3654670,0,decoy
CHEMBL3654677,0,decoy
CHEMBL3654678,0,decoy
CHEMBL3654682,0,decoy
CHEMBL3654683,0,decoy
CHEMBL3654692,0,decoy
CHEMBL3654696,0,decoy
CHEMBL3654703,0,decoy
CHEMBL3654704,0,decoy
CHEMBL3654705,0,decoy
CHEMBL3654707,0,decoy
CHEMBL3654708,0,decoy
CHEMBL3654709,0,decoy
CHEMBL3654713,0,decoy
CHEMBL3654716,0,decoy
CHEMBL3654717,0,decoy
CHEMBL3654720,0,decoy
CHEMBL3654721,0,decoy
CHEMBL3353602,0,decoy
CHEMBL3986839,0,decoy
CHEMBL4541039,0,decoy
CHEMBL3715189,0,decoy
CHEMBL3715085,0,decoy
CHEMBL3719048,0,decoy
CHEMBL2359024,0,decoy
CHEMBL2359853,0,decoy
CHEMBL2359990,0,decoy
CHEMBL1977961,0,decoy
CHEMBL1714856,0,decoy
CHEMBL3353447,0,decoy
CHEMBL3353466,0,decoy
CHEMBL3353513,0,decoy
CHEMBL3353582,0,decoy
CHEMBL2286994,0,decoy
CHEMBL1744135,0,decoy
CHEMBL1744174,0,decoy
CHEMBL1714073,0,decoy
CHEMBL3609392,0,decoy
CHEMBL3609395,0,decoy
CHEMBL3609411,0,decoy
CHEMBL542207,0,decoy
CHEMBL543881,0,decoy
CHEMBL543170,0,decoy
CHEMBL553735,0,decoy
CHEMBL542471,0,decoy
CHEMBL1760028,0,decoy
CHEMBL1765493,0,decoy
CHEMBL1765494,0,decoy
CHEMBL1765832,0,decoy
CHEMBL1765838,0,decoy
CHEMBL1765850,0,decoy
CHEMBL1765856,0,decoy
CHEMBL1765996,0,decoy
CHEMBL4104175,0,decoy
CHEMBL4104290,0,decoy
CHEMBL4104968,0,decoy
CHEMBL4105063,0,decoy
CHEMBL4214762,0,decoy
CHEMBL4214848,0,decoy
CHEMBL4215169,0,decoy
CHEMBL4215243,0,decoy
CHEMBL4215330,0,decoy
CHEMBL4215424,0,decoy
CHEMBL4215613,0,decoy
CHEMBL4215895,0,decoy
CHEMBL4215927,0,decoy
CHEMBL4216025,0,decoy
CHEMBL3654380,0,decoy
CHEMBL1797839,0,decoy
CHEMBL3985799,0,decoy
CHEMBL2359256,0,decoy
CHEMBL2359992,0,decoy
CHEMBL1762612,0,decoy
CHEMBL1762686,0,decoy
CHEMBL1762763,0,decoy
CHEMBL1762835,0,decoy
CHEMBL1765187,0,decoy
CHEMBL1765230,0,decoy
CHEMBL1765268,0,decoy
CHEMBL1765092,0,decoy
CHEMBL1765281,0,decoy
CHEMBL1765603,0,decoy
CHEMBL1765612,0,decoy
CHEMBL1765615,0,decoy
CHEMBL1765672,0,decoy
CHEMBL1765674,0,decoy
CHEMBL1765096,0,decoy
CHEMBL1765675,0,decoy
CHEMBL1765678,0,decoy
CHEMBL1765679,0,decoy
CHEMBL1765703,0,decoy
CHEMBL1765704,0,decoy
CHEMBL1765706,0,decoy
CHEMBL1765709,0,decoy
CHEMBL1765714,0,decoy
CHEMBL1766037,0,decoy
CHEMBL1766038,0,decoy
CHEMBL1766046,0,decoy
CHEMBL1766053,0,decoy
CHEMBL1766058,0,decoy
CHEMBL4104291,0,decoy
CHEMBL4104451,0,decoy
CHEMBL4104455,0,decoy
CHEMBL4104456,0,decoy
CHEMBL4104591,0,decoy
CHEMBL4104702,0,decoy
CHEMBL4104709,0,decoy
CHEMBL4105042,0,decoy
CHEMBL4105082,0,decoy
CHEMBL4105107,0,decoy
CHEMBL4105176,0,decoy
CHEMBL4105276,0,decoy
CHEMBL4105344,0,decoy
CHEMBL4105368,0,decoy
CHEMBL4105459,0,decoy
CHEMBL4105480,0,decoy
CHEMBL1798018,0,decoy
CHEMBL1798019,0,decoy
CHEMBL1766021,0,decoy
CHEMBL4104189,0,decoy
CHEMBL5561342,0,decoy
CHEMBL2360110,0,decoy
CHEMBL3609328,0,decoy
CHEMBL542907,0,decoy
CHEMBL1762558,0,decoy
CHEMBL1762610,0,decoy
CHEMBL1762613,0,decoy
CHEMBL1762614,0,decoy
CHEMBL1762615,0,decoy
CHEMBL1762616,0,decoy
CHEMBL1762619,0,decoy
CHEMBL1762620,0,decoy
CHEMBL1762622,0,decoy
CHEMBL1762713,0,decoy
CHEMBL1762749,0,decoy
CHEMBL1762751,0,decoy
CHEMBL1762752,0,decoy
CHEMBL1762754,0,decoy
CHEMBL1762755,0,decoy
CHEMBL1762756,0,decoy
CHEMBL1762757,0,decoy
CHEMBL1765190,0,decoy
CHEMBL1765191,0,decoy
CHEMBL1765194,0,decoy
CHEMBL1765208,0,decoy
CHEMBL1765264,0,decoy
CHEMBL1765279,0,decoy
CHEMBL1765283,0,decoy
CHEMBL1765291,0,decoy
CHEMBL1765541,0,decoy
CHEMBL1765574,0,decoy
CHEMBL1765599,0,decoy
CHEMBL1765799,0,decoy
CHEMBL1765801,0,decoy
CHEMBL1765812,0,decoy
CHEMBL1765816,0,decoy
CHEMBL1766066,0,decoy
CHEMBL1766071,0,decoy
CHEMBL4104223,0,decoy
CHEMBL4104433,0,decoy
CHEMBL4104457,0,decoy
CHEMBL4104604,0,decoy
CHEMBL4104624,0,decoy
CHEMBL4104696,0,decoy
CHEMBL4104713,0,decoy
CHEMBL4104773,0,decoy
CHEMBL4104919,0,decoy
CHEMBL4104937,0,decoy
CHEMBL1765614,0,decoy
CHEMBL1765708,0,decoy
CHEMBL4104431,0,decoy
CHEMBL4104632,0,decoy
CHEMBL4105455,0,decoy
CHEMBL4215192,0,decoy
CHEMBL3654230,0,decoy
CHEMBL3655265,0,decoy
CHEMBL3655266,0,decoy
CHEMBL3655269,0,decoy
CHEMBL3338723,0,decoy
CHEMBL3986278,0,decoy
CHEMBL84046,0,decoy
CHEMBL314049,0,decoy
CHEMBL5560685,0,decoy
CHEMBL5560764,0,decoy
CHEMBL5560907,0,decoy
CHEMBL5561109,0,decoy
CHEMBL4540497,0,decoy
CHEMBL4541272,0,decoy
CHEMBL2359531,0,decoy
CHEMBL2360007,0,decoy
CHEMBL3351080,0,decoy
CHEMBL3353823,0,decoy
CHEMBL2286521,0,decoy
CHEMBL2286766,0,decoy
CHEMBL1743828,0,decoy
CHEMBL1714046,0,decoy
CHEMBL1714337,0,decoy
CHEMBL1762590,0,decoy
CHEMBL1762591,0,decoy
CHEMBL1762592,0,decoy
CHEMBL1762593,0,decoy
CHEMBL1762708,0,decoy
CHEMBL1762709,0,decoy
CHEMBL1762710,0,decoy
CHEMBL1762711,0,decoy
CHEMBL1762811,0,decoy
CHEMBL1765321,0,decoy
CHEMBL1765547,0,decoy
CHEMBL1765611,0,decoy
CHEMBL1765673,0,decoy
CHEMBL1765711,0,decoy
CHEMBL1765829,0,decoy
CHEMBL1765847,0,decoy
CHEMBL1765863,0,decoy
CHEMBL1765890,0,decoy
CHEMBL1765970,0,decoy
CHEMBL1765972,0,decoy
CHEMBL1765983,0,decoy
CHEMBL1978458,0,decoy
CHEMBL1742228,0,decoy
CHEMBL1800385,0,decoy
CHEMBL4214964,0,decoy
CHEMBL4215054,0,decoy
CHEMBL4215943,0,decoy
CHEMBL3654672,0,decoy
CHEMBL3655334,0,decoy
CHEMBL3338153,0,decoy
CHEMBL3338749,0,decoy
CHEMBL3985713,0,decoy
CHEMBL3985882,0,decoy
CHEMBL3986131,0,decoy
CHEMBL3986276,0,decoy
CHEMBL3986350,0,decoy
CHEMBL3986496,0,decoy
CHEMBL3986780,0,decoy
CHEMBL83061,0,decoy
CHEMBL85307,0,decoy
CHEMBL5560929,0,decoy
CHEMBL5561238,0,decoy
CHEMBL5561358,0,decoy
CHEMBL5561596,0,decoy
CHEMBL4540361,0,decoy
CHEMBL4540660,0,decoy
CHEMBL4540693,0,decoy
CHEMBL4540732,0,decoy
CHEMBL4540782,0,decoy
CHEMBL4540867,0,decoy
CHEMBL4540908,0,decoy
CHEMBL4541189,0,decoy
CHEMBL4541212,0,decoy
CHEMBL4541617,0,decoy
CHEMBL3716841,0,decoy
CHEMBL3718218,0,decoy
CHEMBL2359066,0,decoy
CHEMBL2359076,0,decoy
CHEMBL2359115,0,decoy
CHEMBL2359678,0,decoy
CHEMBL2359697,0,decoy
CHEMBL2359769,0,decoy
CHEMBL2359797,0,decoy
CHEMBL2359881,0,decoy
CHEMBL2359982,0,decoy
CHEMBL1977506,0,decoy
CHEMBL1977723,0,decoy
CHEMBL1978002,0,decoy
CHEMBL1978580,0,decoy
CHEMBL1978704,0,decoy
CHEMBL1714474,0,decoy
CHEMBL1765624,0,decoy
CHEMBL4104377,0,decoy
CHEMBL4105075,0,decoy
CHEMBL4215969,0,decoy
CHEMBL3654423,0,decoy
CHEMBL3654430,0,decoy
CHEMBL3338160,0,decoy
CHEMBL3338171,0,decoy
CHEMBL3338172,0,decoy
CHEMBL3338342,0,decoy
CHEMBL3338929,0,decoy
CHEMBL3986062,0,decoy
CHEMBL3986302,0,decoy
CHEMBL3986501,0,decoy
CHEMBL3986743,0,decoy
CHEMBL84219,0,decoy
CHEMBL313480,0,decoy
CHEMBL419118,0,decoy
CHEMBL86253,0,decoy
CHEMBL85310,0,decoy
CHEMBL5560858,0,decoy
CHEMBL5561205,0,decoy
CHEMBL4540368,0,decoy
CHEMBL4540511,0,decoy
CHEMBL4541154,0,decoy
CHEMBL4541305,0,decoy
CHEMBL2359021,0,decoy
CHEMBL2359094,0,decoy
CHEMBL2359474,0,decoy
CHEMBL2359549,0,decoy
CHEMBL1978075,0,decoy
CHEMBL1978358,0,decoy
CHEMBL1714626,0,decoy
CHEMBL1714650,0,decoy
CHEMBL1714661,0,decoy
CHEMBL1714674,0,decoy
CHEMBL1714715,0,decoy
CHEMBL1714743,0,decoy
CHEMBL1714803,0,decoy
CHEMBL1714823,0,decoy
CHEMBL1714900,0,decoy
CHEMBL1714963,0,decoy
CHEMBL1715226,0,decoy
CHEMBL1715436,0,decoy
CHEMBL1713615,0,decoy
CHEMBL1713686,0,decoy
CHEMBL1713866,0,decoy
CHEMBL1714008,0,decoy
CHEMBL1714167,0,decoy
CHEMBL1714175,0,decoy
CHEMBL3985436,0,decoy
CHEMBL3986203,0,decoy
CHEMBL5560881,0,decoy
CHEMBL5561242,0,decoy
CHEMBL5561647,0,decoy
CHEMBL4540960,0,decoy
CHEMBL4541193,0,decoy
CHEMBL4541369,0,decoy
CHEMBL3719337,0,decoy
CHEMBL2359515,0,decoy
CHEMBL1714484,0,decoy
CHEMBL1714746,0,decoy
CHEMBL3353356,0,decoy
CHEMBL3353357,0,decoy
CHEMBL3353502,0,decoy
CHEMBL3353514,0,decoy
CHEMBL3353541,0,decoy
CHEMBL3353589,0,decoy
CHEMBL1744172,0,decoy
CHEMBL1744189,0,decoy
CHEMBL1744296,0,decoy
CHEMBL1744349,0,decoy
CHEMBL1714096,0,decoy
CHEMBL3609367,0,decoy
CHEMBL3609372,0,decoy
CHEMBL1765871,0,decoy
CHEMBL1765980,0,decoy
CHEMBL1765997,0,decoy
CHEMBL4104710,0,decoy
CHEMBL1800429,0,decoy
CHEMBL1800562,0,decoy
CHEMBL1800692,0,decoy
CHEMBL4215113,0,decoy
CHEMBL4215379,0,decoy
CHEMBL4215704,0,decoy
CHEMBL3654318,0,decoy
CHEMBL3654353,0,decoy
CHEMBL3654354,0,decoy
CHEMBL3654386,0,decoy
CHEMBL3654479,0,decoy
CHEMBL3654507,0,decoy
CHEMBL3654556,0,decoy
CHEMBL3654563,0,decoy
CHEMBL3654573,0,decoy
CHEMBL3654581,0,decoy
CHEMBL3654728,0,decoy
CHEMBL3655150,0,decoy
CHEMBL3655151,0,decoy
CHEMBL3655153,0,decoy
CHEMBL3639540,0,decoy
CHEMBL3717286,0,decoy
CHEMBL3718795,0,decoy
CHEMBL2359171,0,decoy
CHEMBL2359226,0,decoy
CHEMBL2359345,0,decoy
CHEMBL2359629,0,decoy
CHEMBL1977983,0,decoy
CHEMBL1978082,0,decoy
CHEMBL1978152,0,decoy
CHEMBL1978249,0,decoy
CHEMBL1978651,0,decoy
CHEMBL1714463,0,decoy
CHEMBL1714481,0,decoy
CHEMBL1714543,0,decoy
CHEMBL1714629,0,decoy
CHEMBL1714643,0,decoy
CHEMBL1714656,0,decoy
CHEMBL1714788,0,decoy
CHEMBL1715113,0,decoy
CHEMBL1715136,0,decoy
CHEMBL1715209,0,decoy
CHEMBL1715271,0,decoy
CHEMBL1715354,0,decoy
CHEMBL1715389,0,decoy
CHEMBL3353005,0,decoy
CHEMBL3353242,0,decoy
CHEMBL3353411,0,decoy
CHEMBL3353526,0,decoy
CHEMBL3353538,0,decoy
CHEMBL3353635,0,decoy
CHEMBL1742125,0,decoy
CHEMBL1742179,0,decoy
CHEMBL1742335,0,decoy
CHEMBL1742429,0,decoy
CHEMBL1743920,0,decoy
CHEMBL1744064,0,decoy
CHEMBL1744161,0,decoy
CHEMBL1744176,0,decoy
CHEMBL1744331,0,decoy
CHEMBL1713309,0,decoy
CHEMBL1713336,0,decoy
CHEMBL1713440,0,decoy
CHEMBL1713621,0,decoy
CHEMBL1713701,0,decoy
CHEMBL1713783,0,decoy
CHEMBL1713856,0,decoy
CHEMBL1713876,0,decoy
CHEMBL1713884,0,decoy
CHEMBL1713967,0,decoy
CHEMBL1714102,0,decoy
CHEMBL4215491,0,decoy
CHEMBL3986683,0,decoy
CHEMBL1714666,0,decoy
CHEMBL3353427,0,decoy
CHEMBL3353434,0,decoy
CHEMBL1742437,0,decoy
CHEMBL1713482,0,decoy
CHEMBL1713555,0,decoy
CHEMBL1713656,0,decoy
CHEMBL4104943,0,decoy
CHEMBL4105132,0,decoy
CHEMBL1797929,0,decoy
CHEMBL1800237,0,decoy
CHEMBL1800077,0,decoy
CHEMBL1800243,0,decoy
CHEMBL1800249,0,decoy
CHEMBL1800251,0,decoy
CHEMBL1800277,0,decoy
CHEMBL1800286,0,decoy
CHEMBL1800323,0,decoy
CHEMBL1800384,0,decoy
CHEMBL1800531,0,decoy
CHEMBL1800782,0,decoy
CHEMBL1800783,0,decoy
CHEMBL1800784,0,decoy
CHEMBL1800862,0,decoy
CHEMBL4214757,0,decoy
CHEMBL4214841,0,decoy
CHEMBL4214856,0,decoy
CHEMBL4214864,0,decoy
CHEMBL4214869,0,decoy
CHEMBL4214929,0,decoy
CHEMBL4214932,0,decoy
CHEMBL4214980,0,decoy
CHEMBL4214987,0,decoy
CHEMBL4215019,0,decoy
CHEMBL4215142,0,decoy
CHEMBL4215451,0,decoy
CHEMBL4215651,0,decoy
CHEMBL4215676,0,decoy
CHEMBL4215804,0,decoy
CHEMBL4215806,0,decoy
CHEMBL4215820,0,decoy
CHEMBL4215826,0,decoy
CHEMBL4215946,0,decoy
CHEMBL4216035,0,decoy
CHEMBL3654785,0,decoy
CHEMBL3654829,0,decoy
CHEMBL3654851,0,decoy
CHEMBL3654854,0,decoy
CHEMBL4105351,0,decoy
CHEMBL4215272,0,decoy
CHEMBL3338853,0,decoy
CHEMBL3985973,0,decoy
CHEMBL3986300,0,decoy
CHEMBL3986856,0,decoy
CHEMBL5560346,0,decoy
CHEMBL5560402,0,decoy
CHEMBL5560711,0,decoy
CHEMBL5560866,0,decoy
CHEMBL5561387,0,decoy
CHEMBL5561487,0,decoy
CHEMBL5561611,0,decoy
CHEMBL4540465,0,decoy
CHEMBL4540487,0,decoy
CHEMBL4540509,0,decoy
CHEMBL4540673,0,decoy
CHEMBL4540858,0,decoy
CHEMBL4541028,0,decoy
CHEMBL4541427,0,decoy
CHEMBL4541545,0,decoy
CHEMBL4541553,0,decoy
CHEMBL4541701,0,decoy
CHEMBL4541748,0,decoy
CHEMBL3716262,0,decoy
CHEMBL3719282,0,decoy
CHEMBL3716820,0,decoy
CHEMBL3717860,0,decoy
CHEMBL2359027,0,decoy
CHEMBL2359187,0,decoy
CHEMBL2359366,0,decoy
CHEMBL2359937,0,decoy
CHEMBL2359962,0,decoy
CHEMBL1977316,0,decoy
CHEMBL1978718,0,decoy
CHEMBL1714533,0,decoy
CHEMBL1714615,0,decoy
CHEMBL1714687,0,decoy
CHEMBL1715181,0,decoy
CHEMBL1715247,0,decoy
CHEMBL1715406,0,decoy
CHEMBL3353202,0,decoy
CHEMBL3353207,0,decoy
CHEMBL3353452,0,decoy
CHEMBL3353758,0,decoy
CHEMBL2286340,0,decoy
CHEMBL1742183,0,decoy
CHEMBL1743835,0,decoy
CHEMBL1713519,0,decoy
CHEMBL1713653,0,decoy
CHEMBL1765466,0,decoy
CHEMBL1765467,0,decoy
CHEMBL1765473,0,decoy
CHEMBL1765877,0,decoy
CHEMBL4105338,0,decoy
CHEMBL4105498,0,decoy
CHEMBL1800448,0,decoy
CHEMBL4215256,0,decoy
CHEMBL3654674,0,decoy
CHEMBL3338465,0,decoy
CHEMBL83530,0,decoy
CHEMBL4540776,0,decoy
CHEMBL4540879,0,decoy
CHEMBL4541150,0,decoy
CHEMBL4541223,0,decoy
CHEMBL4541390,0,decoy
CHEMBL4541430,0,decoy
CHEMBL4541435,0,decoy
CHEMBL3715740,0,decoy
CHEMBL3714883,0,decoy
CHEMBL3715626,0,decoy
CHEMBL3718223,0,decoy
CHEMBL3715228,0,decoy
CHEMBL3715149,0,decoy
CHEMBL1977319,0,decoy
CHEMBL1977562,0,decoy
CHEMBL1977630,0,decoy
CHEMBL1977639,0,decoy
CHEMBL1714446,0,decoy
CHEMBL1714655,0,decoy
CHEMBL1714985,0,decoy
CHEMBL1715391,0,decoy
CHEMBL3350463,0,decoy
CHEMBL3353059,0,decoy
CHEMBL1742178,0,decoy
CHEMBL1713616,0,decoy
CHEMBL1713869,0,decoy
CHEMBL3608631,0,decoy
CHEMBL3608634,0,decoy
CHEMBL3608635,0,decoy
CHEMBL3609190,0,decoy
CHEMBL3609643,0,decoy
CHEMBL1700,0,decoy
CHEMBL542452,0,decoy
CHEMBL544595,0,decoy
CHEMBL545062,0,decoy
CHEMBL1762605,0,decoy
CHEMBL1762673,0,decoy
CHEMBL1762792,0,decoy
CHEMBL1765273,0,decoy
CHEMBL4105284,0,decoy
CHEMBL3655343,0,decoy
CHEMBL3338284,0,decoy
CHEMBL3338380,0,decoy
CHEMBL3338724,0,decoy
CHEMBL3339079,0,decoy
CHEMBL3985725,0,decoy
CHEMBL3985794,0,decoy
CHEMBL3985872,0,decoy
CHEMBL3986132,0,decoy
CHEMBL3986616,0,decoy
CHEMBL431215,0,decoy
CHEMBL5560445,0,decoy
CHEMBL5560869,0,decoy
CHEMBL5561074,0,decoy
CHEMBL5561262,0,decoy
CHEMBL4540541,0,decoy
CHEMBL4541089,0,decoy
CHEMBL4541309,0,decoy
CHEMBL4541351,0,decoy
CHEMBL3715751,0,decoy
CHEMBL3718531,0,decoy
CHEMBL3717095,0,decoy
CHEMBL3717534,0,decoy
CHEMBL3715163,0,decoy
CHEMBL3717707,0,decoy
CHEMBL3717074,0,decoy
CHEMBL3718756,0,decoy
CHEMBL3716167,0,decoy
CHEMBL3716348,0,decoy
CHEMBL3718594,0,decoy
CHEMBL3715178,0,decoy
CHEMBL3718016,0,decoy
CHEMBL2359213,0,decoy
CHEMBL2359369,0,decoy
CHEMBL2359960,0,decoy
CHEMBL2360057,0,decoy
CHEMBL1714503,0,decoy
CHEMBL1714719,0,decoy
CHEMBL1742253,0,decoy
CHEMBL1743838,0,decoy
CHEMBL1744060,0,decoy
CHEMBL1713404,0,decoy
CHEMBL1713970,0,decoy
CHEMBL1714142,0,decoy
CHEMBL1714244,0,decoy
CHEMBL545247,0,decoy
CHEMBL545275,0,decoy
CHEMBL542202,0,decoy
CHEMBL554646,0,decoy
CHEMBL1800437,0,decoy
CHEMBL4215999,0,decoy
CHEMBL3719378,0,decoy
CHEMBL3353642,0,decoy
CHEMBL3353643,0,decoy
CHEMBL3609332,0,decoy
CHEMBL1762831,0,decoy
CHEMBL1762832,0,decoy
CHEMBL1765803,0,decoy
CHEMBL1765808,0,decoy
CHEMBL1765837,0,decoy
CHEMBL1765855,0,decoy
CHEMBL1765995,0,decoy
CHEMBL4104297,0,decoy
CHEMBL4104353,0,decoy
CHEMBL4105031,0,decoy
CHEMBL4105372,0,decoy
CHEMBL1797859,0,decoy
CHEMBL1800119,0,decoy
CHEMBL1800131,0,decoy
CHEMBL1800434,0,decoy
CHEMBL1800559,0,decoy
CHEMBL1800742,0,decoy
CHEMBL1800765,0,decoy
CHEMBL4214978,0,decoy
CHEMBL4215124,0,decoy
CHEMBL4215204,0,decoy
CHEMBL4215339,0,decoy
CHEMBL4215495,0,decoy
CHEMBL4215652,0,decoy
CHEMBL4215983,0,decoy
CHEMBL4215992,0,decoy
CHEMBL4216073,0,decoy
CHEMBL3654351,0,decoy
CHEMBL3654519,0,decoy
CHEMBL3654534,0,decoy
CHEMBL3655158,0,decoy
CHEMBL3655311,0,decoy
CHEMBL3655313,0,decoy
CHEMBL3338014,0,decoy
CHEMBL3338277,0,decoy
CHEMBL3338279,0,decoy
CHEMBL3338281,0,decoy
CHEMBL3338285,0,decoy
CHEMBL3338286,0,decoy
CHEMBL3338289,0,decoy
CHEMBL3338293,0,decoy
CHEMBL3338294,0,decoy
CHEMBL3338296,0,decoy
CHEMBL3338297,0,decoy
CHEMBL1765623,0,decoy
CHEMBL4104257,0,decoy
CHEMBL4105409,0,decoy
CHEMBL1800273,0,decoy
CHEMBL4215454,0,decoy
CHEMBL4216004,0,decoy
CHEMBL3655096,0,decoy
CHEMBL3655098,0,decoy
CHEMBL3655099,0,decoy
CHEMBL3655101,0,decoy
CHEMBL3655102,0,decoy
CHEMBL3985687,0,decoy
CHEMBL3986788,0,decoy
CHEMBL85790,0,decoy
CHEMBL83360,0,decoy
CHEMBL313109,0,decoy
CHEMBL86202,0,decoy
CHEMBL87439,0,decoy
CHEMBL4540489,0,decoy
CHEMBL4540777,0,decoy
CHEMBL4541050,0,decoy
CHEMBL4541433,0,decoy
CHEMBL4541686,0,decoy
CHEMBL2359379,0,decoy
CHEMBL2359893,0,decoy
CHEMBL1977782,0,decoy
CHEMBL1978659,0,decoy
CHEMBL1714618,0,decoy
CHEMBL1714671,0,decoy
CHEMBL1714681,0,decoy
CHEMBL1715133,0,decoy
CHEMBL1715199,0,decoy
CHEMBL1715458,0,decoy
CHEMBL3350654,0,decoy
CHEMBL3350656,0,decoy
CHEMBL3350657,0,decoy
CHEMBL1742211,0,decoy
CHEMBL1744151,0,decoy
CHEMBL1744214,0,decoy
CHEMBL1744219,0,decoy
CHEMBL1713488,0,decoy
CHEMBL1713966,0,decoy
CHEMBL1713983,0,decoy
CHEMBL1714154,0,decoy
CHEMBL3608884,0,decoy
CHEMBL3609481,0,decoy
CHEMBL3609784,0,decoy
CHEMBL553986,0,decoy
CHEMBL544352,0,decoy
CHEMBL1765127,0,decoy
CHEMBL1978702,0,decoy
CHEMBL1742341,0,decoy
CHEMBL3608668,0,decoy
CHEMBL1762572,0,decoy
CHEMBL1762575,0,decoy
CHEMBL1762818,0,decoy
CHEMBL1762819,0,decoy
CHEMBL1762821,0,decoy
CHEMBL1762823,0,decoy
CHEMBL1762824,0,decoy
CHEMBL4104228,0,decoy
CHEMBL4104356,0,decoy
CHEMBL4104403,0,decoy
CHEMBL4104434,0,decoy
CHEMBL4104648,0,decoy
CHEMBL4104775,0,decoy
CHEMBL4105307,0,decoy
CHEMBL1800314,0,decoy
CHEMBL1800938,0,decoy
CHEMBL1800941,0,decoy
CHEMBL1800943,0,decoy
CHEMBL1800945,0,decoy
CHEMBL1800946,0,decoy
CHEMBL1800947,0,decoy
CHEMBL1801055,0,decoy
CHEMBL1801108,0,decoy
CHEMBL1801111,0,decoy
CHEMBL4214825,0,decoy
CHEMBL4214843,0,decoy
CHEMBL4214916,0,decoy
CHEMBL4215033,0,decoy
CHEMBL4215079,0,decoy
CHEMBL4215145,0,decoy
CHEMBL4215218,0,decoy
CHEMBL4215673,0,decoy
CHEMBL4215749,0,decoy
CHEMBL4215751,0,decoy
CHEMBL4215795,0,decoy
CHEMBL4216047,0,decoy
CHEMBL3654620,0,decoy
CHEMBL3655293,0,decoy
CHEMBL3338161,0,decoy
CHEMBL3338162,0,decoy
CHEMBL3338163,0,decoy
CHEMBL3338343,0,decoy
CHEMBL3338353,0,decoy
CHEMBL3338368,0,decoy
CHEMBL3338375,0,decoy
CHEMBL3338377,0,decoy
CHEMBL3338725,0,decoy
CHEMBL5561640,0,decoy
CHEMBL4540955,0,decoy
CHEMBL3715609,0,decoy
CHEMBL3714957,0,decoy
CHEMBL1714445,0,decoy
CHEMBL3350748,0,decoy
CHEMBL3353213,0,decoy
CHEMBL1713673,0,decoy
CHEMBL1713976,0,decoy
CHEMBL542666,0,decoy
CHEMBL542178,0,decoy
CHEMBL4104502,0,decoy
CHEMBL3654868,0,decoy
CHEMBL3654873,0,decoy
CHEMBL3655123,0,decoy
CHEMBL3985670,0,decoy
CHEMBL3986200,0,decoy
CHEMBL3986322,0,decoy
CHEMBL3986396,0,decoy
CHEMBL3986706,0,decoy
CHEMBL5560487,0,decoy
CHEMBL5560930,0,decoy
CHEMBL5561244,0,decoy
CHEMBL5561495,0,decoy
CHEMBL4540726,0,decoy
CHEMBL4540811,0,decoy
CHEMBL4540817,0,decoy
CHEMBL4540870,0,decoy
CHEMBL4541121,0,decoy
CHEMBL4541174,0,decoy
CHEMBL4541219,0,decoy
CHEMBL4541224,0,decoy
CHEMBL3718171,0,decoy
CHEMBL3714907,0,decoy
CHEMBL3716756,0,decoy
CHEMBL3715076,0,decoy
CHEMBL3719277,0,decoy
CHEMBL3718777,0,decoy
CHEMBL2359284,0,decoy
CHEMBL2359471,0,decoy
CHEMBL1978099,0,decoy
CHEMBL1978382,0,decoy
CHEMBL1978523,0,decoy
CHEMBL1978565,0,decoy
CHEMBL1714696,0,decoy
CHEMBL1715087,0,decoy
CHEMBL1715163,0,decoy
CHEMBL1715268,0,decoy
CHEMBL1715516,0,decoy
CHEMBL3351047,0,decoy
CHEMBL4104771,0,decoy
CHEMBL4105217,0,decoy
CHEMBL4105418,0,decoy
CHEMBL4215290,0,decoy
CHEMBL3655347,0,decoy
CHEMBL3986383,0,decoy
CHEMBL3986447,0,decoy
CHEMBL3986696,0,decoy
CHEMBL3986822,0,decoy
CHEMBL5560728,0,decoy
CHEMBL4540403,0,decoy
CHEMBL4540878,0,decoy
CHEMBL4541139,0,decoy
CHEMBL4541573,0,decoy
CHEMBL3716434,0,decoy
CHEMBL3715505,0,decoy
CHEMBL2359074,0,decoy
CHEMBL2359376,0,decoy
CHEMBL3609386,0,decoy
CHEMBL553076,0,decoy
CHEMBL544347,0,decoy
CHEMBL544361,0,decoy
CHEMBL1762581,0,decoy
CHEMBL1762582,0,decoy
CHEMBL1762583,0,decoy
CHEMBL1762587,0,decoy
CHEMBL1762588,0,decoy
CHEMBL1762798,0,decoy
CHEMBL1762809,0,decoy
CHEMBL1765572,0,decoy
CHEMBL1765620,0,decoy
CHEMBL1765677,0,decoy
CHEMBL1765867,0,decoy
CHEMBL1765868,0,decoy
CHEMBL1765872,0,decoy
CHEMBL1765969,0,decoy
CHEMBL1765977,0,decoy
CHEMBL1765978,0,decoy
CHEMBL1765981,0,decoy
CHEMBL1765999,0,decoy
CHEMBL1766127,0,decoy
CHEMBL1766128,0,decoy
CHEMBL1766130,0,decoy
CHEMBL4104190,0,decoy
CHEMBL4104233,0,decoy
CHEMBL4104261,0,decoy
CHEMBL4104516,0,decoy
CHEMBL4104539,0,decoy
CHEMBL4104761,0,decoy
CHEMBL4104808,0,decoy
CHEMBL4104575,0,decoy
CHEMBL4104928,0,decoy
CHEMBL4104949,0,decoy
CHEMBL4214985,0,decoy
CHEMBL4216019,0,decoy
CHEMBL3655105,0,decoy
CHEMBL3655109,0,decoy
CHEMBL3655128,0,decoy
CHEMBL3655137,0,decoy
CHEMBL3655217,0,decoy
CHEMBL3655219,0,decoy
CHEMBL3655253,0,decoy
CHEMBL3655257,0,decoy
CHEMBL3655298,0,decoy
CHEMBL3338064,0,decoy
CHEMBL3338065,0,decoy
CHEMBL3338066,0,decoy
CHEMBL3338310,0,decoy
CHEMBL3338311,0,decoy
CHEMBL3338312,0,decoy
CHEMBL3338313,0,decoy
CHEMBL3338854,0,decoy
CHEMBL3338898,0,decoy
CHEMBL3985552,0,decoy
CHEMBL3986659,0,decoy
CHEMBL3986786,0,decoy
CHEMBL313131,0,decoy
CHEMBL5560430,0,decoy
CHEMBL5560695,0,decoy
CHEMBL5560821,0,decoy
CHEMBL5560882,0,decoy
CHEMBL5561129,0,decoy
CHEMBL5561462,0,decoy
CHEMBL4541025,0,decoy
CHEMBL4541049,0,decoy
CHEMBL4541604,0,decoy
CHEMBL2359870,0,decoy
CHEMBL1978488,0,decoy
CHEMBL3353082,0,decoy
CHEMBL3353086,0,decoy
CHEMBL3353090,0,decoy
CHEMBL3353091,0,decoy
CHEMBL3353092,0,decoy
CHEMBL3353093,0,decoy
CHEMBL3352824,0,decoy
CHEMBL3353197,0,decoy
CHEMBL3353557,0,decoy
CHEMBL3353559,0,decoy
CHEMBL3353560,0,decoy
CHEMBL3353671,0,decoy
CHEMBL1765441,0,decoy
CHEMBL4104664,0,decoy
CHEMBL4104704,0,decoy
CHEMBL4105445,0,decoy
CHEMBL4215570,0,decoy
CHEMBL3350558,0,decoy
CHEMBL3608469,0,decoy
CHEMBL1762634,0,decoy
CHEMBL1762635,0,decoy
CHEMBL1765338,0,decoy
CHEMBL1765436,0,decoy
CHEMBL1765438,0,decoy
CHEMBL1765440,0,decoy
CHEMBL1765444,0,decoy
CHEMBL1765445,0,decoy
CHEMBL1765447,0,decoy
CHEMBL1765448,0,decoy
CHEMBL1765449,0,decoy
CHEMBL1765456,0,decoy
CHEMBL1766063,0,decoy
CHEMBL4104289,0,decoy
CHEMBL4105194,0,decoy
CHEMBL3338454,0,decoy
CHEMBL3985408,0,decoy
CHEMBL3985826,0,decoy
CHEMBL3985878,0,decoy
CHEMBL3985985,0,decoy
CHEMBL3986247,0,decoy
CHEMBL85532,0,decoy
CHEMBL5560355,0,decoy
CHEMBL5560708,0,decoy
CHEMBL5560921,0,decoy
CHEMBL5560947,0,decoy
CHEMBL5561171,0,decoy
CHEMBL4540740,0,decoy
CHEMBL4541424,0,decoy
CHEMBL4541497,0,decoy
CHEMBL4541622,0,decoy
CHEMBL3714802,0,decoy
CHEMBL2359275,0,decoy
CHEMBL2359367,0,decoy
CHEMBL2359558,0,decoy
CHEMBL2359958,0,decoy
CHEMBL2359971,0,decoy
CHEMBL1978673,0,decoy
CHEMBL1978753,0,decoy
CHEMBL1714433,0,decoy
CHEMBL3350721,0,decoy
CHEMBL3350851,0,decoy
CHEMBL3350854,0,decoy
CHEMBL4104908,0,decoy
CHEMBL4215351,0,decoy
CHEMBL4215391,0,decoy
CHEMBL4215482,0,decoy
CHEMBL3654289,0,decoy
CHEMBL3338215,0,decoy
CHEMBL3338264,0,decoy
CHEMBL3338807,0,decoy
CHEMBL3985472,0,decoy
CHEMBL3985501,0,decoy
CHEMBL3985518,0,decoy
CHEMBL3985937,0,decoy
CHEMBL3986435,0,decoy
CHEMBL3986467,0,decoy
CHEMBL3986805,0,decoy
CHEMBL87767,0,decoy
CHEMBL5560369,0,decoy
CHEMBL5560434,0,decoy
CHEMBL5561302,0,decoy
CHEMBL5561621,0,decoy
CHEMBL4541481,0,decoy
CHEMBL3718477,0,decoy
CHEMBL3718262,0,decoy
CHEMBL3718147,0,decoy
CHEMBL3718046,0,decoy
CHEMBL2359301,0,decoy
CHEMBL2359402,0,decoy
CHEMBL2359837,0,decoy
CHEMBL2360099,0,decoy
CHEMBL1977317,0,decoy
CHEMBL1978239,0,decoy
CHEMBL1978608,0,decoy
CHEMBL1978755,0,decoy
CHEMBL1714566,0,decoy
CHEMBL1715169,0,decoy
CHEMBL3353819,0,decoy
CHEMBL3353820,0,decoy
CHEMBL3353821,0,decoy
CHEMBL3353822,0,decoy
CHEMBL3353893,0,decoy
CHEMBL2287028,0,decoy
CHEMBL2287030,0,decoy
CHEMBL1743966,0,decoy
CHEMBL1713462,0,decoy
CHEMBL1714256,0,decoy
CHEMBL553819,0,decoy
CHEMBL543173,0,decoy
CHEMBL543645,0,decoy
CHEMBL1762685,0,decoy
CHEMBL1765244,0,decoy
CHEMBL4105405,0,decoy
CHEMBL313101,0,decoy
CHEMBL5561612,0,decoy
CHEMBL4541074,0,decoy
CHEMBL2359485,0,decoy
CHEMBL2359614,0,decoy
CHEMBL2359940,0,decoy
CHEMBL1714547,0,decoy
CHEMBL1714639,0,decoy
CHEMBL1714964,0,decoy
CHEMBL1715336,0,decoy
CHEMBL3353412,0,decoy
CHEMBL2286321,0,decoy
CHEMBL2286327,0,decoy
CHEMBL2286328,0,decoy
CHEMBL2286339,0,decoy
CHEMBL1744086,0,decoy
CHEMBL1713668,0,decoy
CHEMBL1713714,0,decoy
CHEMBL1714143,0,decoy
CHEMBL1714157,0,decoy
CHEMBL542188,0,decoy
CHEMBL545033,0,decoy
CHEMBL545495,0,decoy
CHEMBL545731,0,decoy
CHEMBL544564,0,decoy
CHEMBL1762551,0,decoy
CHEMBL4104790,0,decoy
CHEMBL4104898,0,decoy
CHEMBL4105424,0,decoy
CHEMBL4105525,0,decoy
CHEMBL4105528,0,decoy
CHEMBL1800235,0,decoy
CHEMBL4214769,0,decoy
CHEMBL4214888,0,decoy
CHEMBL4215048,0,decoy
CHEMBL4215221,0,decoy
CHEMBL4215625,0,decoy
CHEMBL4216064,0,decoy
CHEMBL3654247,0,decoy
CHEMBL3654250,0,decoy
CHEMBL3655107,0,decoy
CHEMBL3338158,0,decoy
CHEMBL3338320,0,decoy
CHEMBL3338321,0,decoy
CHEMBL3338849,0,decoy
CHEMBL3338850,0,decoy
CHEMBL3338851,0,decoy
CHEMBL3338857,0,decoy
CHEMBL3338858,0,decoy
CHEMBL3654286,0,decoy
CHEMBL3654287,0,decoy
CHEMBL3985591,0,decoy
CHEMBL1715353,0,decoy
CHEMBL1715467,0,decoy
CHEMBL1713622,0,decoy
CHEMBL3609626,0,decoy
CHEMBL1762584,0,decoy
CHEMBL1762585,0,decoy
CHEMBL1765573,0,decoy
CHEMBL1765606,0,decoy
CHEMBL4104396,0,decoy
CHEMBL4104522,0,decoy
CHEMBL4104881,0,decoy
CHEMBL4105146,0,decoy
CHEMBL4105462,0,decoy
CHEMBL1800160,0,decoy
CHEMBL1800161,0,decoy
CHEMBL1800282,0,decoy
CHEMBL1800353,0,decoy
CHEMBL1800896,0,decoy
CHEMBL4214814,0,decoy
CHEMBL4214821,0,decoy
CHEMBL4214957,0,decoy
CHEMBL4215133,0,decoy
CHEMBL4215350,0,decoy
CHEMBL4215539,0,decoy
CHEMBL4216109,0,decoy
CHEMBL3654267,0,decoy
CHEMBL3654268,0,decoy
CHEMBL3654276,0,decoy
CHEMBL3654277,0,decoy
CHEMBL3654278,0,decoy
CHEMBL3654279,0,decoy
CHEMBL3654280,0,decoy
CHEMBL3654281,0,decoy
CHEMBL3654283,0,decoy
CHEMBL3654288,0,decoy
CHEMBL3654291,0,decoy
CHEMBL3654292,0,decoy
CHEMBL3654301,0,decoy
CHEMBL3654312,0,decoy
CHEMBL3654313,0,decoy
CHEMBL3654320,0,decoy
CHEMBL3654321,0,decoy
CHEMBL3654324,0,decoy
CHEMBL3654326,0,decoy
CHEMBL3654327,0,decoy
CHEMBL3654378,0,decoy
CHEMBL3654379,0,decoy
CHEMBL5561097,0,decoy
CHEMBL3608749,0,decoy
CHEMBL3608750,0,decoy
CHEMBL3608753,0,decoy
CHEMBL3608757,0,decoy
CHEMBL3608760,0,decoy
CHEMBL555419,0,decoy
CHEMBL555807,0,decoy
CHEMBL3654341,0,decoy
CHEMBL3654909,0,decoy
CHEMBL84809,0,decoy
CHEMBL5560547,0,decoy
CHEMBL5561321,0,decoy
CHEMBL1715156,0,decoy
CHEMBL3353196,0,decoy
CHEMBL3353755,0,decoy
CHEMBL1744159,0,decoy
CHEMBL3608473,0,decoy
CHEMBL3608588,0,decoy
CHEMBL3608746,0,decoy
CHEMBL3608747,0,decoy
CHEMBL3608748,0,decoy
CHEMBL3608754,0,decoy
CHEMBL3608755,0,decoy
CHEMBL3608756,0,decoy
CHEMBL3609304,0,decoy
CHEMBL3609311,0,decoy
CHEMBL3609724,0,decoy
CHEMBL552862,0,decoy
CHEMBL554662,0,decoy
CHEMBL545051,0,decoy
CHEMBL555657,0,decoy
CHEMBL1762625,0,decoy
CHEMBL1762630,0,decoy
CHEMBL1762637,0,decoy
CHEMBL4104266,0,decoy
CHEMBL4104411,0,decoy
CHEMBL4105127,0,decoy
CHEMBL4105289,0,decoy
CHEMBL1797993,0,decoy
CHEMBL1797996,0,decoy
CHEMBL1800300,0,decoy
CHEMBL1801103,0,decoy
CHEMBL4215191,0,decoy
CHEMBL3654256,0,decoy
CHEMBL3654338,0,decoy
CHEMBL3654340,0,decoy
CHEMBL3654342,0,decoy
CHEMBL3654888,0,decoy
CHEMBL3654891,0,decoy
CHEMBL1762807,0,decoy
CHEMBL1797798,0,decoy
CHEMBL1800301,0,decoy
CHEMBL1800302,0,decoy
CHEMBL1800305,0,decoy
CHEMBL1800310,0,decoy
CHEMBL4214923,0,decoy
CHEMBL84995,0,decoy
CHEMBL84585,0,decoy
CHEMBL5561313,0,decoy
CHEMBL5561337,0,decoy
CHEMBL1714846,0,decoy
CHEMBL2286185,0,decoy
CHEMBL1762714,0,decoy
CHEMBL1762715,0,decoy
CHEMBL1762800,0,decoy
CHEMBL1765198,0,decoy
CHEMBL1765199,0,decoy
CHEMBL1765418,0,decoy
CHEMBL1765419,0,decoy
CHEMBL1765835,0,decoy
CHEMBL1765853,0,decoy
CHEMBL1766001,0,decoy
CHEMBL1766006,0,decoy
CHEMBL1766007,0,decoy
CHEMBL1766008,0,decoy
CHEMBL1766009,0,decoy
CHEMBL1766131,0,decoy
CHEMBL1766134,0,decoy
CHEMBL1766154,0,decoy
CHEMBL4104346,0,decoy
CHEMBL4104454,0,decoy
CHEMBL4104652,0,decoy
CHEMBL4104753,0,decoy
CHEMBL4104879,0,decoy
CHEMBL4104923,0,decoy
CHEMBL4104958,0,decoy
CHEMBL4104977,0,decoy
CHEMBL4105090,0,decoy
CHEMBL4105104,0,decoy
CHEMBL4105112,0,decoy
CHEMBL4105166,0,decoy
CHEMBL1797800,0,decoy
CHEMBL1797807,0,decoy
CHEMBL1798013,0,decoy
CHEMBL1798063,0,decoy
CHEMBL1800184,0,decoy
CHEMBL1800185,0,decoy
CHEMBL1800228,0,decoy
CHEMBL1800230,0,decoy
CHEMBL3338367,0,decoy
CHEMBL3338374,0,decoy
CHEMBL3985616,0,decoy
CHEMBL3985924,0,decoy
CHEMBL5561212,0,decoy
CHEMBL4540495,0,decoy
CHEMBL2359764,0,decoy
CHEMBL1977451,0,decoy
CHEMBL1977501,0,decoy
CHEMBL2286217,0,decoy
CHEMBL1714397,0,decoy
CHEMBL1766081,0,decoy
CHEMBL4104574,0,decoy
CHEMBL4105110,0,decoy
CHEMBL4105286,0,decoy
CHEMBL4105398,0,decoy
CHEMBL4105533,0,decoy
CHEMBL1798015,0,decoy
CHEMBL1800308,0,decoy
CHEMBL1800312,0,decoy
CHEMBL1801109,0,decoy
CHEMBL1801110,0,decoy
CHEMBL1801132,0,decoy
CHEMBL4214859,0,decoy
CHEMBL4215087,0,decoy
CHEMBL4215583,0,decoy
CHEMBL4215612,0,decoy
CHEMBL4215691,0,decoy
CHEMBL4215781,0,decoy
CHEMBL4215885,0,decoy
CHEMBL4215911,0,decoy
CHEMBL3654243,0,decoy
CHEMBL3655125,0,decoy
CHEMBL3655267,0,decoy
CHEMBL3655274,0,decoy
CHEMBL3655275,0,decoy
CHEMBL3655279,0,decoy
CHEMBL3338159,0,decoy
CHEMBL3338164,0,decoy
CHEMBL3338165,0,decoy
CHEMBL3338176,0,decoy
CHEMBL3338346,0,decoy
CHEMBL3338359,0,decoy
CHEMBL3338362,0,decoy
CHEMBL3338859,0,decoy
CHEMBL3338862,0,decoy
CHEMBL3338864,0,decoy
CHEMBL3338894,0,decoy
CHEMBL3338983,0,decoy
CHEMBL3985403,0,decoy
CHEMBL1765196,0,decoy
CHEMBL1765197,0,decoy
CHEMBL420044,0,decoy
CHEMBL2359408,0,decoy
CHEMBL2286156,0,decoy
CHEMBL2286168,0,decoy
CHEMBL2286171,0,decoy
CHEMBL2286172,0,decoy
CHEMBL2286173,0,decoy
CHEMBL2286762,0,decoy
CHEMBL3609447,0,decoy
CHEMBL1762820,0,decoy
CHEMBL1765902,0,decoy
CHEMBL1766000,0,decoy
CHEMBL4104213,0,decoy
CHEMBL4104279,0,decoy
CHEMBL1798086,0,decoy
CHEMBL1800108,0,decoy
CHEMBL1800138,0,decoy
CHEMBL1800076,0,decoy
CHEMBL1800164,0,decoy
CHEMBL1800299,0,decoy
CHEMBL1800549,0,decoy
CHEMBL1800550,0,decoy
CHEMBL1800551,0,decoy
CHEMBL1800611,0,decoy
CHEMBL1800721,0,decoy
CHEMBL1800723,0,decoy
CHEMBL1800724,0,decoy
CHEMBL1800725,0,decoy
CHEMBL1800818,0,decoy
CHEMBL1800819,0,decoy
CHEMBL1800821,0,decoy
CHEMBL1800840,0,decoy
CHEMBL1800842,0,decoy
CHEMBL1800897,0,decoy
CHEMBL1800903,0,decoy
CHEMBL1800904,0,decoy
CHEMBL1800905,0,decoy
CHEMBL1800906,0,decoy
CHEMBL1800907,0,decoy
CHEMBL1800908,0,decoy
CHEMBL4215070,0,decoy
CHEMBL4215174,0,decoy
CHEMBL4215279,0,decoy
CHEMBL4215311,0,decoy
CHEMBL4215392,0,decoy
CHEMBL4215593,0,decoy
CHEMBL4215599,0,decoy
CHEMBL4215738,0,decoy
CHEMBL4215953,0,decoy
CHEMBL3338507,0,decoy
CHEMBL1978648,0,decoy
CHEMBL1715155,0,decoy
CHEMBL3353081,0,decoy
CHEMBL2286159,0,decoy
CHEMBL2286160,0,decoy
CHEMBL2286947,0,decoy
CHEMBL2286948,0,decoy
CHEMBL2286976,0,decoy
CHEMBL2286979,0,decoy
CHEMBL2286980,0,decoy
CHEMBL1714303,0,decoy
CHEMBL3608853,0,decoy
CHEMBL3608955,0,decoy
CHEMBL3609443,0,decoy
CHEMBL3609446,0,decoy
CHEMBL3609451,0,decoy
CHEMBL3609454,0,decoy
CHEMBL3609455,0,decoy
CHEMBL545302,0,decoy
CHEMBL1762568,0,decoy
CHEMBL1765823,0,decoy
CHEMBL1765830,0,decoy
CHEMBL1765836,0,decoy
CHEMBL1765841,0,decoy
CHEMBL1765848,0,decoy
CHEMBL1765854,0,decoy
CHEMBL1765901,0,decoy
CHEMBL1765990,0,decoy
CHEMBL1766010,0,decoy
CHEMBL1766011,0,decoy
CHEMBL1766018,0,decoy
CHEMBL4104259,0,decoy
CHEMBL4104324,0,decoy
CHEMBL4104333,0,decoy
CHEMBL4104423,0,decoy
CHEMBL4104442,0,decoy
CHEMBL4104517,0,decoy
CHEMBL4104521,0,decoy
CHEMBL4104529,0,decoy
CHEMBL4104546,0,decoy
CHEMBL4104567,0,decoy
CHEMBL4104708,0,decoy
CHEMBL4104745,0,decoy
CHEMBL4104850,0,decoy
CHEMBL4104868,0,decoy
CHEMBL4105036,0,decoy
CHEMBL4105162,0,decoy
CHEMBL4105205,0,decoy
CHEMBL5560901,0,decoy
CHEMBL1714722,0,decoy
CHEMBL2286616,0,decoy
CHEMBL4104897,0,decoy
CHEMBL3338861,0,decoy
CHEMBL3985538,0,decoy
CHEMBL3985602,0,decoy
CHEMBL3985804,0,decoy
CHEMBL3986308,0,decoy
CHEMBL3986366,0,decoy
CHEMBL3986419,0,decoy
CHEMBL3986584,0,decoy
CHEMBL3986662,0,decoy
CHEMBL3986681,0,decoy
CHEMBL3986691,0,decoy
CHEMBL3986808,0,decoy
CHEMBL3986824,0,decoy
CHEMBL3986845,0,decoy
CHEMBL3986859,0,decoy
CHEMBL5560519,0,decoy
CHEMBL5560848,0,decoy
CHEMBL5560898,0,decoy
CHEMBL5560908,0,decoy
CHEMBL5561080,0,decoy
CHEMBL4540392,0,decoy
CHEMBL4540611,0,decoy
CHEMBL4540613,0,decoy
CHEMBL4540914,0,decoy
CHEMBL4541358,0,decoy
CHEMBL3718017,0,decoy
CHEMBL2359091,0,decoy
CHEMBL2359653,0,decoy
CHEMBL2359763,0,decoy
CHEMBL2359868,0,decoy
CHEMBL2359902,0,decoy
CHEMBL2359978,0,decoy
CHEMBL2360103,0,decoy
CHEMBL1977802,0,decoy
CHEMBL1978184,0,decoy
CHEMBL1978739,0,decoy
CHEMBL1714440,0,decoy
CHEMBL1714486,0,decoy
CHEMBL1714573,0,decoy
CHEMBL1714738,0,decoy
CHEMBL1714862,0,decoy
CHEMBL1714905,0,decoy
CHEMBL1715176,0,decoy
CHEMBL1715202,0,decoy
CHEMBL1715279,0,decoy
CHEMBL1715297,0,decoy
CHEMBL1762638,0,decoy
CHEMBL1765550,0,decoy
CHEMBL1765727,0,decoy
CHEMBL4104980,0,decoy
CHEMBL4105294,0,decoy
CHEMBL4105474,0,decoy
CHEMBL1800219,0,decoy
CHEMBL1800383,0,decoy
CHEMBL4215784,0,decoy
CHEMBL3338577,0,decoy
CHEMBL85828,0,decoy
CHEMBL309208,0,decoy
CHEMBL83071,0,decoy
CHEMBL439767,0,decoy
CHEMBL83572,0,decoy
CHEMBL82383,0,decoy
CHEMBL82901,0,decoy
CHEMBL84992,0,decoy
CHEMBL85888,0,decoy
CHEMBL314180,0,decoy
CHEMBL85868,0,decoy
CHEMBL314581,0,decoy
CHEMBL5561444,0,decoy
CHEMBL4540515,0,decoy
CHEMBL4540901,0,decoy
CHEMBL4541251,0,decoy
CHEMBL4541357,0,decoy
CHEMBL4541649,0,decoy
CHEMBL4541735,0,decoy
CHEMBL2359449,0,decoy
CHEMBL2359528,0,decoy
CHEMBL2359669,0,decoy
CHEMBL2360076,0,decoy
CHEMBL1977463,0,decoy
CHEMBL1977484,0,decoy
CHEMBL1977551,0,decoy
CHEMBL1977606,0,decoy
CHEMBL1977659,0,decoy
CHEMBL1977702,0,decoy
CHEMBL1977719,0,decoy
CHEMBL1978187,0,decoy
CHEMBL1978354,0,decoy
CHEMBL1978527,0,decoy
CHEMBL1978546,0,decoy
CHEMBL1978583,0,decoy
CHEMBL1714536,0,decoy
CHEMBL1715307,0,decoy
CHEMBL1715470,0,decoy
CHEMBL3350445,0,decoy
CHEMBL3353014,0,decoy
CHEMBL3351076,0,decoy
CHEMBL1714133,0,decoy
CHEMBL3608618,0,decoy
CHEMBL3609376,0,decoy
CHEMBL1765731,0,decoy
CHEMBL1800318,0,decoy
CHEMBL1800682,0,decoy
CHEMBL3654467,0,decoy
CHEMBL3654715,0,decoy
CHEMBL3654725,0,decoy
CHEMBL3654730,0,decoy
CHEMBL3654732,0,decoy
CHEMBL3654734,0,decoy
CHEMBL3654736,0,decoy
CHEMBL3654743,0,decoy
CHEMBL3654746,0,decoy
CHEMBL3654802,0,decoy
CHEMBL3654811,0,decoy
CHEMBL3654812,0,decoy
CHEMBL3654834,0,decoy
CHEMBL3654835,0,decoy
CHEMBL3654838,0,decoy
CHEMBL3654840,0,decoy
CHEMBL3654841,0,decoy
CHEMBL3654842,0,decoy
CHEMBL3654843,0,decoy
CHEMBL3654874,0,decoy
CHEMBL3655118,0,decoy
CHEMBL3655120,0,decoy
CHEMBL3655124,0,decoy
CHEMBL3655209,0,decoy
CHEMBL3655240,0,decoy
CHEMBL3655247,0,decoy
CHEMBL3655272,0,decoy
CHEMBL3655314,0,decoy
CHEMBL3338024,0,decoy
CHEMBL3338025,0,decoy
CHEMBL3338322,0,decoy
CHEMBL3338323,0,decoy
CHEMBL3985543,0,decoy
CHEMBL3985606,0,decoy
CHEMBL3985895,0,decoy
CHEMBL3986065,0,decoy
CHEMBL3986101,0,decoy
CHEMBL3986191,0,decoy
CHEMBL3986250,0,decoy
CHEMBL3986613,0,decoy
CHEMBL3986625,0,decoy
CHEMBL3986758,0,decoy
CHEMBL3986857,0,decoy
CHEMBL2359354,0,decoy
CHEMBL4105403,0,decoy
CHEMBL4215776,0,decoy
CHEMBL4216076,0,decoy
CHEMBL3654763,0,decoy
CHEMBL3654816,0,decoy
CHEMBL3654817,0,decoy
CHEMBL3338075,0,decoy
CHEMBL3985598,0,decoy
CHEMBL3985729,0,decoy
CHEMBL3986813,0,decoy
CHEMBL83582,0,decoy
CHEMBL443011,0,decoy
CHEMBL5560400,0,decoy
CHEMBL5560721,0,decoy
CHEMBL5561456,0,decoy
CHEMBL4540752,0,decoy
CHEMBL4541218,0,decoy
CHEMBL4541465,0,decoy
CHEMBL3716499,0,decoy
CHEMBL3719247,0,decoy
CHEMBL3717466,0,decoy
CHEMBL2359535,0,decoy
CHEMBL2360015,0,decoy
CHEMBL1977363,0,decoy
CHEMBL1978500,0,decoy
CHEMBL1714811,0,decoy
CHEMBL1742404,0,decoy
CHEMBL1742434,0,decoy
CHEMBL1742440,0,decoy
CHEMBL1742443,0,decoy
CHEMBL1742479,0,decoy
CHEMBL1744223,0,decoy
CHEMBL1713400,0,decoy
CHEMBL1713733,0,decoy
CHEMBL1713824,0,decoy
CHEMBL1714057,0,decoy
CHEMBL3608605,0,decoy
CHEMBL3608607,0,decoy
CHEMBL3608612,0,decoy
CHEMBL3608615,0,decoy
CHEMBL3609167,0,decoy
CHEMBL3609193,0,decoy
CHEMBL552638,0,decoy
CHEMBL543627,0,decoy
CHEMBL543630,0,decoy
CHEMBL543870,0,decoy
CHEMBL544332,0,decoy
CHEMBL1762775,0,decoy
CHEMBL1762783,0,decoy
CHEMBL1743882,0,decoy
CHEMBL1765650,0,decoy
CHEMBL1800464,0,decoy
CHEMBL1800465,0,decoy
CHEMBL4215785,0,decoy
CHEMBL3654764,0,decoy
CHEMBL3654890,0,decoy
CHEMBL3985693,0,decoy
CHEMBL3985891,0,decoy
CHEMBL85203,0,decoy
CHEMBL84778,0,decoy
CHEMBL86313,0,decoy
CHEMBL85900,0,decoy
CHEMBL5560451,0,decoy
CHEMBL5560620,0,decoy
CHEMBL5560712,0,decoy
CHEMBL5561272,0,decoy
CHEMBL4541086,0,decoy
CHEMBL4541368,0,decoy
CHEMBL4541714,0,decoy
CHEMBL3716999,0,decoy
CHEMBL3717720,0,decoy
CHEMBL3716075,0,decoy
CHEMBL2359043,0,decoy
CHEMBL2359698,0,decoy
CHEMBL2359979,0,decoy
CHEMBL2360115,0,decoy
CHEMBL1977460,0,decoy
CHEMBL1977777,0,decoy
CHEMBL1977888,0,decoy
CHEMBL1978716,0,decoy
CHEMBL3353194,0,decoy
CHEMBL3353203,0,decoy
CHEMBL3353219,0,decoy
CHEMBL1742196,0,decoy
CHEMBL1713358,0,decoy
CHEMBL3609101,0,decoy
CHEMBL3609102,0,decoy
CHEMBL3609191,0,decoy
CHEMBL3609760,0,decoy
CHEMBL3609897,0,decoy
CHEMBL544110,0,decoy
CHEMBL545042,0,decoy
CHEMBL545740,0,decoy
CHEMBL542449,0,decoy
CHEMBL554642,0,decoy
CHEMBL553982,0,decoy
CHEMBL552894,0,decoy
CHEMBL543410,0,decoy
CHEMBL1762771,0,decoy
CHEMBL431219,0,decoy
CHEMBL5561676,0,decoy
CHEMBL3609650,0,decoy
CHEMBL3609854,0,decoy
CHEMBL1800971,0,decoy
CHEMBL4214776,0,decoy
CHEMBL4214803,0,decoy
CHEMBL4214861,0,decoy
CHEMBL4215086,0,decoy
CHEMBL4215341,0,decoy
CHEMBL4215768,0,decoy
CHEMBL4215810,0,decoy
CHEMBL4216053,0,decoy
CHEMBL3337964,0,decoy
CHEMBL3338133,0,decoy
CHEMBL3338523,0,decoy
CHEMBL3338846,0,decoy
CHEMBL3338847,0,decoy
CHEMBL3338848,0,decoy
CHEMBL3338855,0,decoy
CHEMBL3338856,0,decoy
CHEMBL3338860,0,decoy
CHEMBL3338866,0,decoy
CHEMBL3339075,0,decoy
CHEMBL3985940,0,decoy
CHEMBL3985966,0,decoy
CHEMBL3986090,0,decoy
CHEMBL3986109,0,decoy
CHEMBL3986149,0,decoy
CHEMBL3986241,0,decoy
CHEMBL3986260,0,decoy
CHEMBL3986279,0,decoy
CHEMBL3986281,0,decoy
CHEMBL3986304,0,decoy
CHEMBL3986338,0,decoy
CHEMBL3986374,0,decoy
CHEMBL3986660,0,decoy
CHEMBL3986664,0,decoy
CHEMBL312868,0,decoy
CHEMBL86145,0,decoy
CHEMBL85266,0,decoy
CHEMBL84902,0,decoy
CHEMBL86208,0,decoy
CHEMBL315453,0,decoy
CHEMBL313588,0,decoy
CHEMBL85972,0,decoy
CHEMBL314983,0,decoy
CHEMBL314455,0,decoy
CHEMBL420597,0,decoy
CHEMBL5560406,0,decoy
CHEMBL5560539,0,decoy
CHEMBL5560572,0,decoy
CHEMBL5560617,0,decoy
CHEMBL1977753,0,decoy
CHEMBL1714331,0,decoy
CHEMBL4104506,0,decoy
CHEMBL1800132,0,decoy
CHEMBL4214882,0,decoy
CHEMBL4215472,0,decoy
CHEMBL4215935,0,decoy
CHEMBL4216042,0,decoy
CHEMBL3655108,0,decoy
CHEMBL3655140,0,decoy
CHEMBL3655141,0,decoy
CHEMBL3655144,0,decoy
CHEMBL3655149,0,decoy
CHEMBL3655152,0,decoy
CHEMBL3655161,0,decoy
CHEMBL3655167,0,decoy
CHEMBL3655170,0,decoy
CHEMBL3655175,0,decoy
CHEMBL3655181,0,decoy
CHEMBL3655185,0,decoy
CHEMBL3655189,0,decoy
CHEMBL3655198,0,decoy
CHEMBL3655221,0,decoy
CHEMBL3655230,0,decoy
CHEMBL3655287,0,decoy
CHEMBL3655289,0,decoy
CHEMBL3655296,0,decoy
CHEMBL3338010,0,decoy
CHEMBL3338013,0,decoy
CHEMBL3338043,0,decoy
CHEMBL3338206,0,decoy
CHEMBL3338267,0,decoy
CHEMBL3338300,0,decoy
CHEMBL3338422,0,decoy
CHEMBL3338438,0,decoy
CHEMBL3338531,0,decoy
CHEMBL3338533,0,decoy
CHEMBL3338536,0,decoy
CHEMBL3338537,0,decoy
CHEMBL3338538,0,decoy
CHEMBL3338802,0,decoy
CHEMBL3985419,0,decoy
CHEMBL3985508,0,decoy
CHEMBL3985962,0,decoy
CHEMBL3986107,0,decoy
CHEMBL3986230,0,decoy
CHEMBL3986431,0,decoy
CHEMBL3986517,0,decoy
CHEMBL3986594,0,decoy
CHEMBL311721,0,decoy
CHEMBL3655344,0,decoy
CHEMBL1714524,0,decoy
CHEMBL3655214,0,decoy
CHEMBL3655340,0,decoy
CHEMBL3655348,0,decoy
CHEMBL3338283,0,decoy
CHEMBL3338726,0,decoy
CHEMBL3338728,0,decoy
CHEMBL3338794,0,decoy
CHEMBL3338795,0,decoy
CHEMBL3338845,0,decoy
CHEMBL3339090,0,decoy
CHEMBL3985777,0,decoy
CHEMBL3985987,0,decoy
CHEMBL3986014,0,decoy
CHEMBL3986442,0,decoy
CHEMBL3986606,0,decoy
CHEMBL3986649,0,decoy
CHEMBL3986755,0,decoy
CHEMBL315934,0,decoy
CHEMBL87412,0,decoy
CHEMBL86034,0,decoy
CHEMBL84703,0,decoy
CHEMBL313558,0,decoy
CHEMBL87753,0,decoy
CHEMBL5560857,0,decoy
CHEMBL5560879,0,decoy
CHEMBL5561077,0,decoy
CHEMBL5561277,0,decoy
CHEMBL5561436,0,decoy
CHEMBL4540370,0,decoy
CHEMBL4540453,0,decoy
CHEMBL4540531,0,decoy
CHEMBL4540931,0,decoy
CHEMBL4541065,0,decoy
CHEMBL4541288,0,decoy
CHEMBL4541557,0,decoy
CHEMBL4541580,0,decoy
CHEMBL4541645,0,decoy
CHEMBL3716578,0,decoy
CHEMBL3716944,0,decoy
CHEMBL3718478,0,decoy
CHEMBL3717254,0,decoy
CHEMBL3716119,0,decoy
CHEMBL3714841,0,decoy
CHEMBL3715564,0,decoy
CHEMBL3718633,0,decoy
CHEMBL3719214,0,decoy
CHEMBL3718582,0,decoy
CHEMBL3715247,0,decoy
CHEMBL3353474,0,decoy
CHEMBL3353530,0,decoy
CHEMBL3353536,0,decoy
CHEMBL542179,0,decoy
CHEMBL542706,0,decoy
CHEMBL5560775,0,decoy
CHEMBL5561646,0,decoy
CHEMBL4540961,0,decoy
CHEMBL4541285,0,decoy
CHEMBL4541704,0,decoy
CHEMBL2359045,0,decoy
CHEMBL2359268,0,decoy
CHEMBL2359398,0,decoy
CHEMBL2359791,0,decoy
CHEMBL2360036,0,decoy
CHEMBL2360052,0,decoy
CHEMBL1978017,0,decoy
CHEMBL1978671,0,decoy
CHEMBL1714574,0,decoy
CHEMBL1715146,0,decoy
CHEMBL1715151,0,decoy
CHEMBL3351016,0,decoy
CHEMBL3353467,0,decoy
CHEMBL3353476,0,decoy
CHEMBL3353484,0,decoy
CHEMBL3353485,0,decoy
CHEMBL3353510,0,decoy
CHEMBL3353524,0,decoy
CHEMBL3353531,0,decoy
CHEMBL3353537,0,decoy
CHEMBL3353539,0,decoy
CHEMBL3353902,0,decoy
CHEMBL1743752,0,decoy
CHEMBL1743885,0,decoy
CHEMBL1744182,0,decoy
CHEMBL1744236,0,decoy
CHEMBL1713290,0,decoy
CHEMBL1713516,0,decoy
CHEMBL1713552,0,decoy
CHEMBL1714010,0,decoy
CHEMBL1714257,0,decoy
CHEMBL1714271,0,decoy
CHEMBL543612,0,decoy
CHEMBL555653,0,decoy
CHEMBL543144,0,decoy
CHEMBL542933,0,decoy
CHEMBL543638,0,decoy
CHEMBL542705,0,decoy
CHEMBL544356,0,decoy
CHEMBL542951,0,decoy
CHEMBL2359009,0,decoy
CHEMBL2359562,0,decoy
CHEMBL1715238,0,decoy
CHEMBL1713564,0,decoy
CHEMBL1713754,0,decoy
CHEMBL1765317,0,decoy
CHEMBL4104363,0,decoy
CHEMBL4104724,0,decoy
CHEMBL4104741,0,decoy
CHEMBL4105208,0,decoy
CHEMBL4105285,0,decoy
CHEMBL4105306,0,decoy
CHEMBL4105379,0,decoy
CHEMBL4105425,0,decoy
CHEMBL4105484,0,decoy
CHEMBL4215015,0,decoy
CHEMBL4215658,0,decoy
CHEMBL4215852,0,decoy
CHEMBL4215984,0,decoy
CHEMBL3654263,0,decoy
CHEMBL3654272,0,decoy
CHEMBL3654273,0,decoy
CHEMBL3654282,0,decoy
CHEMBL3654290,0,decoy
CHEMBL3654383,0,decoy
CHEMBL3654543,0,decoy
CHEMBL3338364,0,decoy
CHEMBL3338553,0,decoy
CHEMBL3338555,0,decoy
CHEMBL3338559,0,decoy
CHEMBL3338561,0,decoy
CHEMBL3338565,0,decoy
CHEMBL3338567,0,decoy
CHEMBL3985415,0,decoy
CHEMBL3985565,0,decoy
CHEMBL3985569,0,decoy
CHEMBL3985601,0,decoy
CHEMBL3985686,0,decoy
CHEMBL3985722,0,decoy
CHEMBL3985723,0,decoy
CHEMBL3985904,0,decoy
CHEMBL3986110,0,decoy
CHEMBL3986186,0,decoy
CHEMBL3986213,0,decoy
CHEMBL3986273,0,decoy
CHEMBL3986475,0,decoy
CHEMBL3986560,0,decoy
CHEMBL3986646,0,decoy
CHEMBL3986789,0,decoy
CHEMBL85526,0,decoy
CHEMBL4540588,0,decoy
CHEMBL3350847,0,decoy
CHEMBL3350848,0,decoy
CHEMBL3353321,0,decoy
CHEMBL3353668,0,decoy
CHEMBL3609152,0,decoy
CHEMBL3654726,0,decoy
CHEMBL3986507,0,decoy
CHEMBL5561590,0,decoy
CHEMBL3715061,0,decoy
CHEMBL3718135,0,decoy
CHEMBL2359341,0,decoy
CHEMBL2359644,0,decoy
CHEMBL1977731,0,decoy
CHEMBL1977947,0,decoy
CHEMBL1978169,0,decoy
CHEMBL1978724,0,decoy
CHEMBL3350688,0,decoy
CHEMBL3350697,0,decoy
CHEMBL3350699,0,decoy
CHEMBL3350829,0,decoy
CHEMBL3350833,0,decoy
CHEMBL3351072,0,decoy
CHEMBL3351075,0,decoy
CHEMBL3353231,0,decoy
CHEMBL3353249,0,decoy
CHEMBL3353667,0,decoy
CHEMBL3353674,0,decoy
CHEMBL3353677,0,decoy
CHEMBL3353678,0,decoy
CHEMBL3353680,0,decoy
CHEMBL3353684,0,decoy
CHEMBL2287006,0,decoy
CHEMBL2287008,0,decoy
CHEMBL2287009,0,decoy
CHEMBL1714009,0,decoy
CHEMBL1714411,0,decoy
CHEMBL3608571,0,decoy
CHEMBL3608789,0,decoy
CHEMBL3609151,0,decoy
CHEMBL545295,0,decoy
CHEMBL1765157,0,decoy
CHEMBL1765247,0,decoy
CHEMBL1765356,0,decoy
CHEMBL1765371,0,decoy
CHEMBL1765382,0,decoy
CHEMBL4104269,0,decoy
CHEMBL4104273,0,decoy
CHEMBL4104277,0,decoy
CHEMBL4104558,0,decoy
CHEMBL4104683,0,decoy
CHEMBL4105273,0,decoy
CHEMBL4105417,0,decoy
CHEMBL1801130,0,decoy
CHEMBL3986289,0,decoy
CHEMBL85864,0,decoy
CHEMBL87715,0,decoy
CHEMBL5560693,0,decoy
CHEMBL5561402,0,decoy
CHEMBL2359036,0,decoy
CHEMBL2359298,0,decoy
CHEMBL2359324,0,decoy
CHEMBL2359529,0,decoy
CHEMBL1977489,0,decoy
CHEMBL1977620,0,decoy
CHEMBL1977657,0,decoy
CHEMBL2286330,0,decoy
CHEMBL2286331,0,decoy
CHEMBL2286344,0,decoy
CHEMBL2286606,0,decoy
CHEMBL2286608,0,decoy
CHEMBL2286609,0,decoy
CHEMBL2286610,0,decoy
CHEMBL2285683,0,decoy
CHEMBL1742054,0,decoy
CHEMBL1713688,0,decoy
CHEMBL1714070,0,decoy
CHEMBL1714367,0,decoy
CHEMBL1762780,0,decoy
CHEMBL4104267,0,decoy
CHEMBL4104446,0,decoy
CHEMBL4105102,0,decoy
CHEMBL1801102,0,decoy
CHEMBL1801129,0,decoy
CHEMBL4214876,0,decoy
CHEMBL4215278,0,decoy
CHEMBL4215340,0,decoy
CHEMBL4215401,0,decoy
CHEMBL4215512,0,decoy
CHEMBL4215649,0,decoy
CHEMBL4215775,0,decoy
CHEMBL4215837,0,decoy
CHEMBL3338037,0,decoy
CHEMBL3338955,0,decoy
CHEMBL3338962,0,decoy
CHEMBL3985442,0,decoy
CHEMBL3985522,0,decoy
CHEMBL3985665,0,decoy
CHEMBL3985734,0,decoy
CHEMBL3986498,0,decoy
CHEMBL3654788,0,decoy
CHEMBL3654790,0,decoy
CHEMBL3654846,0,decoy
CHEMBL3654855,0,decoy
CHEMBL3985474,0,decoy
CHEMBL4541056,0,decoy
CHEMBL1766180,0,decoy
CHEMBL4104296,0,decoy
CHEMBL4104415,0,decoy
CHEMBL4104535,0,decoy
CHEMBL4104915,0,decoy
CHEMBL4105240,0,decoy
CHEMBL4105316,0,decoy
CHEMBL4105326,0,decoy
CHEMBL4105353,0,decoy
CHEMBL4105433,0,decoy
CHEMBL4105524,0,decoy
CHEMBL1798027,0,decoy
CHEMBL1800767,0,decoy
CHEMBL1800769,0,decoy
CHEMBL1800780,0,decoy
CHEMBL1800830,0,decoy
CHEMBL1800831,0,decoy
CHEMBL1800836,0,decoy
CHEMBL1800930,0,decoy
CHEMBL1800931,0,decoy
CHEMBL1800932,0,decoy
CHEMBL1800933,0,decoy
CHEMBL1800949,0,decoy
CHEMBL1800954,0,decoy
CHEMBL1800961,0,decoy
CHEMBL1800962,0,decoy
CHEMBL1800981,0,decoy
CHEMBL1801004,0,decoy
CHEMBL4214768,0,decoy
CHEMBL4214995,0,decoy
CHEMBL4215321,0,decoy
CHEMBL4215414,0,decoy
CHEMBL4215504,0,decoy
CHEMBL4215631,0,decoy
CHEMBL4215840,0,decoy
CHEMBL4216041,0,decoy
CHEMBL4216103,0,decoy
CHEMBL3654671,0,decoy
CHEMBL3654680,0,decoy
CHEMBL3654697,0,decoy
CHEMBL3654741,0,decoy
CHEMBL3654744,0,decoy
CHEMBL3654745,0,decoy
CHEMBL3654768,0,decoy
CHEMBL1744063,0,decoy
CHEMBL3609761,0,decoy
CHEMBL3609851,0,decoy
CHEMBL545267,0,decoy
CHEMBL3654735,0,decoy
CHEMBL3654865,0,decoy
CHEMBL3654885,0,decoy
CHEMBL3338072,0,decoy
CHEMBL5560549,0,decoy
CHEMBL5560662,0,decoy
CHEMBL5561548,0,decoy
CHEMBL4540552,0,decoy
CHEMBL4540554,0,decoy
CHEMBL4540881,0,decoy
CHEMBL4541044,0,decoy
CHEMBL4541069,0,decoy
CHEMBL4541091,0,decoy
CHEMBL4541192,0,decoy
CHEMBL4541547,0,decoy
CHEMBL3716114,0,decoy
CHEMBL3714838,0,decoy
CHEMBL3714973,0,decoy
CHEMBL3717208,0,decoy
CHEMBL3715897,0,decoy
CHEMBL2359465,0,decoy
CHEMBL2359468,0,decoy
CHEMBL2360123,0,decoy
CHEMBL1978176,0,decoy
CHEMBL1714816,0,decoy
CHEMBL3353666,0,decoy
CHEMBL1742464,0,decoy
CHEMBL1744205,0,decoy
CHEMBL3608784,0,decoy
CHEMBL3608785,0,decoy
CHEMBL3608786,0,decoy
CHEMBL3608787,0,decoy
CHEMBL3608788,0,decoy
CHEMBL3608929,0,decoy
CHEMBL3609599,0,decoy
CHEMBL3609600,0,decoy
CHEMBL3609601,0,decoy
CHEMBL3609602,0,decoy
CHEMBL3609762,0,decoy
CHEMBL3609859,0,decoy
CHEMBL3609860,0,decoy
CHEMBL3609871,0,decoy
CHEMBL3609872,0,decoy
CHEMBL542187,0,decoy
CHEMBL542685,0,decoy
CHEMBL545265,0,decoy
CHEMBL420232,0,decoy
CHEMBL5561161,0,decoy
CHEMBL2286813,0,decoy
CHEMBL1762560,0,decoy
CHEMBL1762680,0,decoy
CHEMBL1762684,0,decoy
CHEMBL1765219,0,decoy
CHEMBL1765220,0,decoy
CHEMBL1765221,0,decoy
CHEMBL1765222,0,decoy
CHEMBL1765587,0,decoy
CHEMBL1765589,0,decoy
CHEMBL1765822,0,decoy
CHEMBL1765840,0,decoy
CHEMBL1765884,0,decoy
CHEMBL1765896,0,decoy
CHEMBL1765897,0,decoy
CHEMBL1765899,0,decoy
CHEMBL4104480,0,decoy
CHEMBL4104548,0,decoy
CHEMBL4104757,0,decoy
CHEMBL4104833,0,decoy
CHEMBL4104982,0,decoy
CHEMBL4104983,0,decoy
CHEMBL4105067,0,decoy
CHEMBL4105078,0,decoy
CHEMBL4105200,0,decoy
CHEMBL4105228,0,decoy
CHEMBL4105339,0,decoy
CHEMBL4105410,0,decoy
CHEMBL4105507,0,decoy
CHEMBL1797947,0,decoy
CHEMBL1797949,0,decoy
CHEMBL1800412,0,decoy
CHEMBL1800413,0,decoy
CHEMBL1800427,0,decoy
CHEMBL1800517,0,decoy
CHEMBL1800520,0,decoy
CHEMBL1800522,0,decoy
CHEMBL1800671,0,decoy
CHEMBL1800672,0,decoy
CHEMBL1800927,0,decoy
CHEMBL1801014,0,decoy
CHEMBL4214799,0,decoy
CHEMBL4214956,0,decoy
CHEMBL4215232,0,decoy
CHEMBL4215367,0,decoy
CHEMBL4215431,0,decoy
CHEMBL4215551,0,decoy
CHEMBL4215555,0,decoy
CHEMBL3351063,0,decoy
CHEMBL1743630,0,decoy
CHEMBL545532,0,decoy
CHEMBL1765335,0,decoy
CHEMBL1765452,0,decoy
CHEMBL4104722,0,decoy
CHEMBL4215430,0,decoy
CHEMBL3985477,0,decoy
CHEMBL3986480,0,decoy
CHEMBL3986628,0,decoy
CHEMBL315575,0,decoy
CHEMBL312559,0,decoy
CHEMBL5560507,0,decoy
CHEMBL5560599,0,decoy
CHEMBL5560654,0,decoy
CHEMBL5560852,0,decoy
CHEMBL5561529,0,decoy
CHEMBL4540728,0,decoy
CHEMBL2359619,0,decoy
CHEMBL2359766,0,decoy
CHEMBL2359920,0,decoy
CHEMBL1977418,0,decoy
CHEMBL1715507,0,decoy
CHEMBL3350559,0,decoy
CHEMBL3350562,0,decoy
CHEMBL3350566,0,decoy
CHEMBL3351046,0,decoy
CHEMBL3353205,0,decoy
CHEMBL1742206,0,decoy
CHEMBL1743635,0,decoy
CHEMBL1744234,0,decoy
CHEMBL1744235,0,decoy
CHEMBL1714161,0,decoy
CHEMBL1714340,0,decoy
CHEMBL3608602,0,decoy
CHEMBL3608603,0,decoy
CHEMBL3608606,0,decoy
CHEMBL3609118,0,decoy
CHEMBL545728,0,decoy
CHEMBL543623,0,decoy
CHEMBL1765326,0,decoy
CHEMBL1765327,0,decoy
CHEMBL1765328,0,decoy
CHEMBL1765336,0,decoy
CHEMBL1765434,0,decoy
CHEMBL1765435,0,decoy
CHEMBL1765437,0,decoy
CHEMBL1765439,0,decoy
CHEMBL1765443,0,decoy
CHEMBL1765446,0,decoy
CHEMBL3717460,0,decoy
CHEMBL1714873,0,decoy
CHEMBL1766183,0,decoy
CHEMBL4105237,0,decoy
CHEMBL4105514,0,decoy
CHEMBL1798039,0,decoy
CHEMBL1800518,0,decoy
CHEMBL1800539,0,decoy
CHEMBL1800917,0,decoy
CHEMBL1800918,0,decoy
CHEMBL1801091,0,decoy
CHEMBL4214922,0,decoy
CHEMBL4214998,0,decoy
CHEMBL4215043,0,decoy
CHEMBL4215112,0,decoy
CHEMBL4215230,0,decoy
CHEMBL4215597,0,decoy
CHEMBL4215681,0,decoy
CHEMBL4215765,0,decoy
CHEMBL4215801,0,decoy
CHEMBL4215851,0,decoy
CHEMBL4215899,0,decoy
CHEMBL4216071,0,decoy
CHEMBL4216074,0,decoy
CHEMBL4216082,0,decoy
CHEMBL4216091,0,decoy
CHEMBL4216097,0,decoy
CHEMBL4216098,0,decoy
CHEMBL4216106,0,decoy
CHEMBL3654673,0,decoy
CHEMBL3654676,0,decoy
CHEMBL3654718,0,decoy
CHEMBL3654770,0,decoy
CHEMBL3654771,0,decoy
CHEMBL3654774,0,decoy
CHEMBL3654775,0,decoy
CHEMBL3654776,0,decoy
CHEMBL3654777,0,decoy
CHEMBL3654780,0,decoy
CHEMBL3654781,0,decoy
CHEMBL3654792,0,decoy
CHEMBL3655367,0,decoy
CHEMBL3655371,0,decoy
CHEMBL3655372,0,decoy
CHEMBL3655395,0,decoy
CHEMBL3338333,0,decoy
CHEMBL3338335,0,decoy
CHEMBL3338336,0,decoy
CHEMBL3338339,0,decoy
CHEMBL3338341,0,decoy
CHEMBL1800272,0,decoy
CHEMBL3654420,0,decoy
CHEMBL3986039,0,decoy
CHEMBL83468,0,decoy
CHEMBL5561521,0,decoy
CHEMBL3717738,0,decoy
CHEMBL2359331,0,decoy
CHEMBL3609207,0,decoy
CHEMBL545523,0,decoy
CHEMBL1765249,0,decoy
CHEMBL1765255,0,decoy
CHEMBL1765260,0,decoy
CHEMBL1765284,0,decoy
CHEMBL1765984,0,decoy
CHEMBL1765991,0,decoy
CHEMBL1766023,0,decoy
CHEMBL1766036,0,decoy
CHEMBL4104182,0,decoy
CHEMBL4104193,0,decoy
CHEMBL4104292,0,decoy
CHEMBL4104313,0,decoy
CHEMBL4104373,0,decoy
CHEMBL4104427,0,decoy
CHEMBL4104639,0,decoy
CHEMBL4104651,0,decoy
CHEMBL4104795,0,decoy
CHEMBL4104862,0,decoy
CHEMBL4105028,0,decoy
CHEMBL4105029,0,decoy
CHEMBL4105212,0,decoy
CHEMBL4105321,0,decoy
CHEMBL4105325,0,decoy
CHEMBL4105358,0,decoy
CHEMBL4105497,0,decoy
CHEMBL1797838,0,decoy
CHEMBL1797936,0,decoy
CHEMBL1798020,0,decoy
CHEMBL1800120,0,decoy
CHEMBL1800127,0,decoy
CHEMBL1800129,0,decoy
CHEMBL1800134,0,decoy
CHEMBL1800137,0,decoy
CHEMBL1800167,0,decoy
CHEMBL1800366,0,decoy
CHEMBL1800367,0,decoy
CHEMBL1800373,0,decoy
CHEMBL1800442,0,decoy
CHEMBL1800443,0,decoy
CHEMBL1800602,0,decoy
CHEMBL1800623,0,decoy
CHEMBL2286698,0,decoy
CHEMBL4214927,0,decoy
CHEMBL4215606,0,decoy
CHEMBL3350857,0,decoy
CHEMBL2286697,0,decoy
CHEMBL2286701,0,decoy
CHEMBL1744143,0,decoy
CHEMBL1744187,0,decoy
CHEMBL1714298,0,decoy
CHEMBL3608482,0,decoy
CHEMBL3609593,0,decoy
CHEMBL3609594,0,decoy
CHEMBL3609878,0,decoy
CHEMBL3609887,0,decoy
CHEMBL5560788,0,decoy
CHEMBL544311,0,decoy
CHEMBL4104987,0,decoy
CHEMBL3985533,0,decoy
CHEMBL3985934,0,decoy
CHEMBL3986648,0,decoy
CHEMBL309852,0,decoy
CHEMBL84650,0,decoy
CHEMBL84804,0,decoy
CHEMBL84694,0,decoy
CHEMBL85577,0,decoy
CHEMBL314407,0,decoy
CHEMBL84586,0,decoy
CHEMBL5560373,0,decoy
CHEMBL5560584,0,decoy
CHEMBL5560816,0,decoy
CHEMBL5561281,0,decoy
CHEMBL5561315,0,decoy
CHEMBL4541556,0,decoy
CHEMBL3716555,0,decoy
CHEMBL3716802,0,decoy
CHEMBL3717615,0,decoy
CHEMBL3716134,0,decoy
CHEMBL1977705,0,decoy
CHEMBL1977869,0,decoy
CHEMBL1978711,0,decoy
CHEMBL1714983,0,decoy
CHEMBL1715475,0,decoy
CHEMBL3350447,0,decoy
CHEMBL3350582,0,decoy
CHEMBL3350644,0,decoy
CHEMBL3350647,0,decoy
CHEMBL3353199,0,decoy
CHEMBL3353201,0,decoy
CHEMBL2286518,0,decoy
CHEMBL1744255,0,decoy
CHEMBL1713543,0,decoy
CHEMBL1713722,0,decoy
CHEMBL1713883,0,decoy
CHEMBL1713994,0,decoy
CHEMBL1714237,0,decoy
CHEMBL3608658,0,decoy
CHEMBL3608922,0,decoy
CHEMBL555421,0,decoy
CHEMBL542424,0,decoy
CHEMBL543137,0,decoy
CHEMBL543635,0,decoy
CHEMBL555407,0,decoy
CHEMBL1762626,0,decoy
CHEMBL1765331,0,decoy
CHEMBL1766067,0,decoy
CHEMBL4104420,0,decoy
CHEMBL4104484,0,decoy
CHEMBL4104752,0,decoy
CHEMBL4104765,0,decoy
CHEMBL4105337,0,decoy
CHEMBL1797831,0,decoy
CHEMBL1797844,0,decoy
CHEMBL1797846,0,decoy
CHEMBL1797847,0,decoy
CHEMBL1797848,0,decoy
CHEMBL1797856,0,decoy
CHEMBL1797858,0,decoy
CHEMBL1797860,0,decoy
CHEMBL1798017,0,decoy
CHEMBL1800116,0,decoy
CHEMBL1800117,0,decoy
CHEMBL1800118,0,decoy
CHEMBL1800121,0,decoy
CHEMBL1800122,0,decoy
CHEMBL1800123,0,decoy
CHEMBL1800130,0,decoy
CHEMBL1800133,0,decoy
CHEMBL1800428,0,decoy
CHEMBL1800440,0,decoy
CHEMBL1800676,0,decoy
CHEMBL1800760,0,decoy
CHEMBL4214747,0,decoy
CHEMBL4214976,0,decoy
CHEMBL4215121,0,decoy
CHEMBL4215283,0,decoy
CHEMBL4215709,0,decoy
CHEMBL4215711,0,decoy
CHEMBL3655135,0,decoy
CHEMBL3655168,0,decoy
CHEMBL3655191,0,decoy
CHEMBL3655192,0,decoy
CHEMBL3655195,0,decoy
CHEMBL3655196,0,decoy
CHEMBL3655197,0,decoy
CHEMBL3655199,0,decoy
CHEMBL3655200,0,decoy
CHEMBL3655201,0,decoy
CHEMBL3655231,0,decoy
CHEMBL3655232,0,decoy
CHEMBL3655249,0,decoy
CHEMBL3655250,0,decoy
CHEMBL3655251,0,decoy
CHEMBL3655252,0,decoy
CHEMBL3655281,0,decoy
CHEMBL4215309,0,decoy
CHEMBL4215994,0,decoy
CHEMBL3339208,0,decoy
CHEMBL3986267,0,decoy
CHEMBL3986545,0,decoy
CHEMBL87321,0,decoy
CHEMBL5560843,0,decoy
CHEMBL2359685,0,decoy
CHEMBL2360050,0,decoy
CHEMBL1715541,0,decoy
CHEMBL3353034,0,decoy
CHEMBL3353036,0,decoy
CHEMBL2286940,0,decoy
CHEMBL1713643,0,decoy
CHEMBL1714116,0,decoy
CHEMBL3608694,0,decoy
CHEMBL3608695,0,decoy
CHEMBL3608968,0,decoy
CHEMBL544597,0,decoy
CHEMBL1762557,0,decoy
CHEMBL1765135,0,decoy
CHEMBL1765292,0,decoy
CHEMBL1765369,0,decoy
CHEMBL1765600,0,decoy
CHEMBL1765802,0,decoy
CHEMBL1766158,0,decoy
CHEMBL1766160,0,decoy
CHEMBL1766162,0,decoy
CHEMBL1766168,0,decoy
CHEMBL1766169,0,decoy
CHEMBL1766172,0,decoy
CHEMBL1766181,0,decoy
CHEMBL4104176,0,decoy
CHEMBL4104471,0,decoy
CHEMBL4104513,0,decoy
CHEMBL4104523,0,decoy
CHEMBL4104547,0,decoy
CHEMBL4104588,0,decoy
CHEMBL4104626,0,decoy
CHEMBL4104671,0,decoy
CHEMBL4104789,0,decoy
CHEMBL4104887,0,decoy
CHEMBL4104986,0,decoy
CHEMBL4105125,0,decoy
CHEMBL4105136,0,decoy
CHEMBL4105163,0,decoy
CHEMBL4105220,0,decoy
CHEMBL4105252,0,decoy
CHEMBL4105279,0,decoy
CHEMBL4105431,0,decoy
CHEMBL5561247,0,decoy
CHEMBL3353189,0,decoy
CHEMBL3608608,0,decoy
CHEMBL3609794,0,decoy
CHEMBL553512,0,decoy
CHEMBL1762787,0,decoy
CHEMBL4104587,0,decoy
CHEMBL4104938,0,decoy
CHEMBL1800162,0,decoy
CHEMBL1800352,0,decoy
CHEMBL1800636,0,decoy
CHEMBL1800768,0,decoy
CHEMBL1800770,0,decoy
CHEMBL1800771,0,decoy
CHEMBL1800772,0,decoy
CHEMBL1800773,0,decoy
CHEMBL1800774,0,decoy
CHEMBL1800775,0,decoy
CHEMBL1800777,0,decoy
CHEMBL1800828,0,decoy
CHEMBL1800083,0,decoy
CHEMBL1800832,0,decoy
CHEMBL1800833,0,decoy
CHEMBL1800838,0,decoy
CHEMBL1800847,0,decoy
CHEMBL1800848,0,decoy
CHEMBL1800853,0,decoy
CHEMBL1800854,0,decoy
CHEMBL1800858,0,decoy
CHEMBL1800859,0,decoy
CHEMBL1800952,0,decoy
CHEMBL1800953,0,decoy
CHEMBL1800955,0,decoy
CHEMBL1801003,0,decoy
CHEMBL1801133,0,decoy
CHEMBL1801134,0,decoy
CHEMBL4214797,0,decoy
CHEMBL4214906,0,decoy
CHEMBL4215122,0,decoy
CHEMBL4215303,0,decoy
CHEMBL4215356,0,decoy
CHEMBL4215403,0,decoy
CHEMBL4215473,0,decoy
CHEMBL4215653,0,decoy
CHEMBL4215861,0,decoy
CHEMBL4215920,0,decoy
CHEMBL4215971,0,decoy
CHEMBL3654358,0,decoy
CHEMBL3654439,0,decoy
CHEMBL3654548,0,decoy
CHEMBL316195,0,decoy
CHEMBL4540989,0,decoy
CHEMBL1977401,0,decoy
CHEMBL2286141,0,decoy
CHEMBL2286142,0,decoy
CHEMBL1743646,0,decoy
CHEMBL1765588,0,decoy
CHEMBL1765590,0,decoy
CHEMBL4104672,0,decoy
CHEMBL1800414,0,decoy
CHEMBL4214796,0,decoy
CHEMBL4214977,0,decoy
CHEMBL4214990,0,decoy
CHEMBL3339063,0,decoy
CHEMBL3339073,0,decoy
CHEMBL3339268,0,decoy
CHEMBL3985470,0,decoy
CHEMBL3985705,0,decoy
CHEMBL3985824,0,decoy
CHEMBL3986063,0,decoy
CHEMBL3986292,0,decoy
CHEMBL3986314,0,decoy
CHEMBL3986730,0,decoy
CHEMBL82612,0,decoy
CHEMBL85065,0,decoy
CHEMBL85147,0,decoy
CHEMBL88057,0,decoy
CHEMBL316264,0,decoy
CHEMBL314358,0,decoy
CHEMBL5560558,0,decoy
CHEMBL5560609,0,decoy
CHEMBL5560686,0,decoy
CHEMBL5560827,0,decoy
CHEMBL5560968,0,decoy
CHEMBL5561042,0,decoy
CHEMBL5561118,0,decoy
CHEMBL5561379,0,decoy
CHEMBL5561417,0,decoy
CHEMBL5561420,0,decoy
CHEMBL4540351,0,decoy
CHEMBL4540431,0,decoy
CHEMBL4540646,0,decoy
CHEMBL4540677,0,decoy
CHEMBL4540923,0,decoy
CHEMBL4540944,0,decoy
CHEMBL4541175,0,decoy
CHEMBL4541477,0,decoy
CHEMBL4541596,0,decoy
CHEMBL4541619,0,decoy
CHEMBL4541727,0,decoy
CHEMBL3654537,0,decoy
CHEMBL3338525,0,decoy
CHEMBL3338527,0,decoy
CHEMBL3338530,0,decoy
CHEMBL3338532,0,decoy
CHEMBL3338539,0,decoy
CHEMBL3338722,0,decoy
CHEMBL3985655,0,decoy
CHEMBL3985855,0,decoy
CHEMBL87315,0,decoy
CHEMBL86207,0,decoy
CHEMBL312953,0,decoy
CHEMBL85096,0,decoy
CHEMBL5560332,0,decoy
CHEMBL5560461,0,decoy
CHEMBL5560641,0,decoy
CHEMBL5560994,0,decoy
CHEMBL5561172,0,decoy
CHEMBL5561530,0,decoy
CHEMBL4540493,0,decoy
CHEMBL4541000,0,decoy
CHEMBL4541030,0,decoy
CHEMBL4541311,0,decoy
CHEMBL4541603,0,decoy
CHEMBL3718340,0,decoy
CHEMBL3717540,0,decoy
CHEMBL2358982,0,decoy
CHEMBL2359773,0,decoy
CHEMBL2359794,0,decoy
CHEMBL2360049,0,decoy
CHEMBL1977733,0,decoy
CHEMBL1978110,0,decoy
CHEMBL1978767,0,decoy
CHEMBL1714640,0,decoy
CHEMBL1714669,0,decoy
CHEMBL1715298,0,decoy
CHEMBL1715456,0,decoy
CHEMBL1715546,0,decoy
CHEMBL3350995,0,decoy
CHEMBL1742373,0,decoy
CHEMBL1742401,0,decoy
CHEMBL1744020,0,decoy
CHEMBL1744065,0,decoy
CHEMBL1713929,0,decoy
CHEMBL1714021,0,decoy
CHEMBL1714072,0,decoy
CHEMBL1714128,0,decoy
CHEMBL1714238,0,decoy
CHEMBL3608619,0,decoy
CHEMBL3609852,0,decoy
