record,source_id,title,inchikey,status,reason,duplicate_of,motif_matches,matched_atom_indices,n_smarts_matches,n_distinct_sites,sites_passing_beta_rule,max_tier,pains_flag,MW,cLogP,HBD,HBA,TPSA,ArRings,isomeric_smiles
1,SANC00101,SANC00101_minRM1.pdb,,no_queried_motif,no queried electrophilic motif present,,,,0,0,0,,catechol_A(92),290.3,1.55,5,6,110.4,2,[H]Oc1c([H])c(O[H])c2c(c1[H])O[C@]([H])(c1c([H])c([H])c(O[H])c(O[H])c1[H])[C@]([H])(O[H])C2([H])[H]
2,SANC00102,SANC00102_minRM1.pdb,,no_queried_motif,no queried electrophilic motif present,,,,0,0,0,,,414.7,8.02,1,1,20.2,0,[H]O[C@]1([H])C([H])([H])C2=C([H])C([H])([H])[C@@]3([H])[C@]4([H])C([H])([H])C([H])([H])[C@]([H])([C@]([H])(C([H])([H])[H])C([H])([H])C([H])([H])[C@@]([H])(C([H])([H])C([H])([H])[H])C([H])(C([H])([H])[H])C([H])([H])[H])[C@@]4(C([H])([H])[H])C([H])([H])C([H])([H])[C@]3([H])[C@@]2(C([H])([H])[H])C([H])([H])C1([H])[H]
3,SANC00103,SANC00103_minRM1.pdb,,no_queried_motif,no queried electrophilic motif present,,,,0,0,0,,catechol_A(92),306.3,1.25,6,7,130.6,2,[H]Oc1c([H])c(O[H])c2c(c1[H])O[C@]([H])(c1c([H])c(O[H])c(O[H])c(O[H])c1[H])[C@]([H])(O[H])C2([H])[H]
4,SANC00104,SANC00104_minRM1.pdb,NYSZJNUIVUBQMM-BQYQJAHWSA-N,retained,at least one site passes the beta-hydrogen or retained-ring rule,,ab_unsat_carbonyl:1,"ab_unsat_carbonyl[13,12,1,0]",1,1,1,1,,270.3,3.0,2,4,66.8,2,[H]Oc1c([H])c(O[H])c(C(=O)/C([H])=C(\[H])c2c([H])c([H])c([H])c([H])c2[H])c(OC([H])([H])[H])c1[H]
5,SANC00105,SANC00105_minRM1.pdb,,no_queried_motif,no queried electrophilic motif present,,,,0,0,0,,,256.3,2.8,2,4,66.8,2,[H]Oc1c([H])c(O[H])c2c(c1[H])O[C@@]([H])(c1c([H])c([H])c([H])c([H])c1[H])C([H])([H])C2=O
6,SANC00106,SANC00106_minRM1.pdb,,no_queried_motif,no queried electrophilic motif present,,,,0,0,0,,,286.2,2.28,4,6,111.1,3,[H]Oc1c([H])c([H])c(-c2oc3c([H])c(O[H])c([H])c(O[H])c3c(=O)c2O[H])c([H])c1[H]
7,SANC00107,SANC00107_minRM1.pdb,,no_queried_motif,no queried electrophilic motif present,,,,0,0,0,,catechol_A(92),448.4,0.49,7,11,190.3,3,[H]Oc1c([H])c([H])c(-c2oc3c([H])c(O[H])c([H])c(O[H])c3c(=O)c2O[C@]2([H])O[C@@]([H])(C([H])([H])[H])[C@@]([H])(O[H])[C@@]([H])(O[H])[C@]2([H])O[H])c([H])c1O[H]
8,SANC00108,SANC00108_minRM1.pdb,JVBOUYIVPAHNGB-CSZIUDOQSA-N,retained,at least one site passes the beta-hydrogen or retained-ring rule,,ab_unsat_carbonyl:1,"ab_unsat_carbonyl[18,16,14,15]",1,1,1,1,,239.3,0.95,1,4,49.8,0,[H]OC([H])([H])[C@@]1([H])C([H])([H])C([H])([H])N2C([H])([H])C([H])([H])[C@@]([H])(OC(=O)/C(=C(/[H])C([H])([H])[H])C([H])([H])[H])[C@@]21[H]
9,SANC00109,SANC00109_minRM1.pdb,FOWFFDPFIJUTGG-CSZIUDOQSA-N,retained,at least one site passes the beta-hydrogen or retained-ring rule,,ab_unsat_carbonyl:1,"ab_unsat_carbonyl[18,16,14,15]",1,1,1,1,,239.3,0.95,1,4,49.8,0,[H]O[C@]1([H])C([H])([H])C([H])([H])N2C([H])([H])C([H])([H])[C@]([H])(C([H])([H])OC(=O)/C(=C(/[H])C([H])([H])[H])C([H])([H])[H])[C@]21[H]
10,SANC00110,SANC00110_minRM1.pdb,JVBOUYIVPAHNGB-YHTXKQJMSA-N,retained,at least one site passes the beta-hydrogen or retained-ring rule,,ab_unsat_carbonyl:1,"ab_unsat_carbonyl[18,16,14,15]",1,1,1,1,,239.3,0.95,1,4,49.8,0,[H]OC([H])([H])[C@@]1([H])C([H])([H])C([H])([H])N2C([H])([H])C([H])([H])[C@@]([H])(OC(=O)/C(=C(/[H])C([H])([H])[H])C([H])([H])[H])[C@]21[H]
11,SANC00111,SANC00111_minRM1.pdb,FOWFFDPFIJUTGG-FZJWOPFUSA-N,retained,at least one site passes the beta-hydrogen or retained-ring rule,,ab_unsat_carbonyl:1,"ab_unsat_carbonyl[17,15,13,14]",1,1,1,1,,239.3,0.95,1,4,49.8,0,[H]O[C@]1([H])C([H])([H])C([H])([H])N2C([H])([H])C([H])([H])[C@@]([H])(C([H])([H])OC(=O)/C(=C(/[H])C([H])([H])[H])C([H])([H])[H])[C@@]21[H]
12,SANC00112,SANC00112_minRM1.pdb,,parse_failure,"standardisation failed: Explicit valence for atom # 7 N, 4, is greater than permitted",,,,0,0,0,,,,,,,,,
13,SANC00113,SANC00113_minRM1.pdb,DUWDHZAOPSTHFG-LYWJNLOJSA-N,retained,at least one site passes the beta-hydrogen or retained-ring rule,,ab_unsat_carbonyl:1,"ab_unsat_carbonyl[15,13,11,12]",1,1,1,1,,221.3,1.9,0,3,29.5,0,[H]C([H])=C1C([H])([H])C([H])([H])N2C([H])([H])C([H])([H])[C@@]([H])(OC(=O)/C(=C(/[H])C([H])([H])[H])C([H])([H])[H])[C@@]12[H]
14,SANC00114,SANC00114_minRM1.pdb,,parse_failure,"standardisation failed: Explicit valence for atom # 6 N, 4, is greater than permitted",,,,0,0,0,,,,,,,,,
15,SANC00115,SANC00115_minRM1.pdb,DUWDHZAOPSTHFG-LYWJNLOJSA-N,duplicate_motif_hit,identical InChIKey to an earlier motif-bearing record,SANC00113,ab_unsat_carbonyl:1,"ab_unsat_carbonyl[16,14,12,13]",1,1,0,1,,221.3,1.9,0,3,29.5,0,[H]C([H])=C1C([H])([H])C([H])([H])N2C([H])([H])C([H])([H])[C@@]([H])(OC(=O)/C(=C(/[H])C([H])([H])[H])C([H])([H])[H])[C@@]12[H]
16,SANC00116,SANC00116_minRM1.pdb,YMUQRQKYYOWGPN-SLEGRLQASA-N,retained,at least one site passes the beta-hydrogen or retained-ring rule,,ab_unsat_carbonyl:2,"ab_unsat_carbonyl[9,8,6,7];ab_unsat_carbonyl[24,22,20,21]",2,2,2,1,,337.4,1.44,1,6,76.1,0,[H]OC([H])([H])/C(C(=O)OC([H])([H])[C@@]1([H])C([H])([H])C([H])([H])N2C([H])([H])C([H])([H])[C@@]([H])(OC(=O)/C(=C(/[H])C([H])([H])[H])C([H])([H])[H])[C@]21[H])=C(\[H])C([H])([H])[H]
17,SANC00117,SANC00117_minRM1.pdb,YMUQRQKYYOWGPN-WFWPSDGHSA-N,retained,at least one site passes the beta-hydrogen or retained-ring rule,,ab_unsat_carbonyl:2,"ab_unsat_carbonyl[9,8,6,7];ab_unsat_carbonyl[25,23,21,22]",2,2,2,1,,337.4,1.44,1,6,76.1,0,[H]OC([H])([H])/C(C(=O)OC([H])([H])[C@@]1([H])C([H])([H])C([H])([H])N2C([H])([H])C([H])([H])[C@@]([H])(OC(=O)/C(=C(/[H])C([H])([H])[H])C([H])([H])[H])[C@]21[H])=C(/[H])C([H])([H])[H]
18,SANC00118,SANC00118_minRM1.pdb,BCJMNZRQJAVDLD-CQRYIUNCSA-N,retained,at least one site passes the beta-hydrogen or retained-ring rule,,ab_unsat_carbonyl:1,"ab_unsat_carbonyl[14,13,11,12]",1,1,1,1,,351.4,0.17,2,7,96.3,0,[H]OC([H])([H])[C@]1(O[H])C(=O)OC([H])([H])C2=C([H])C([H])([H])N3C([H])([H])C([H])([H])[C@@]([H])(OC(=O)/C(=C(/[H])C([H])([H])[H])C([H])([H])[C@@]1([H])C([H])([H])[H])[C@@]23[H]
19,SANC00119,SANC00119_minRM1.pdb,BLFMBWWFYPUMNR-UHFFFAOYSA-N,retained,at least one site passes the beta-hydrogen or retained-ring rule,,ab_unsat_carbonyl:3,"ab_unsat_carbonyl[4,2,1,0];ab_unsat_carbonyl[6,7,1,0];ab_unsat_carbonyl[13,12,24,25]",3,3,2,1,quinone_A(370),542.0,3.69,2,4,74.3,1,[H]C1=C(Br)C(=O)C(Br)=C([H])C12C1=C(C(=O)c3c4c(c(Br)n3[H])C([H])([H])C([H])([H])N=C14)N([H])C([H])([H])C2([H])[H]
20,SANC00120,SANC00120_minRM1.pdb,DMJPLPYTMWVIGK-RHNCMZPLSA-N,failed_selection_rule,every matched site has a fully substituted beta-carbon and no retained ring motif,,ab_unsat_carbonyl:1,"ab_unsat_carbonyl[12,11,20,21]",1,1,0,1,quinone_A(370),544.0,3.48,3,4,77.5,1,[H]O[C@]1([H])C(Br)=C([H])[C@]2(C3=C(C(=O)c4c5c(c(Br)n4[H])C([H])([H])C([H])([H])N=C53)N([H])C([H])([H])C2([H])[H])C([H])=C1Br
21,SANC00121,SANC00121_minRM1.pdb,PYSBSZHLMZJQFU-SAABIXHNSA-N,failed_selection_rule,every matched site has a fully substituted beta-carbon and no retained ring motif,,ab_unsat_carbonyl:1,"ab_unsat_carbonyl[15,2,1,0]",1,1,0,1,quinone_A(370),465.1,2.72,3,4,77.5,1,[H]O[C@]1([H])C(Br)=C([H])[C@@]2(C3=C(C(=O)c4c5c(c([H])n4[H])C([H])([H])C([H])([H])N=C53)N([H])C([H])([H])C2([H])[H])C([H])=C1Br
22,SANC00122,SANC00122_minRM1.pdb,RZRKLCBSFPOTIQ-SAABIXHNSA-N,failed_selection_rule,every matched site has a fully substituted beta-carbon and no retained ring motif,,ab_unsat_carbonyl:1,"ab_unsat_carbonyl[15,2,1,0]",1,1,0,1,quinone_A(370),463.1,2.85,3,4,77.5,1,[H]O[C@]1([H])C(Br)=C([H])[C@]2(C([H])=C([H])N([H])C3=C2C2=NC([H])([H])C([H])([H])c4c2c(n([H])c4[H])C3=O)C([H])=C1Br
23,SANC00123,SANC00123_minRM1.pdb,VCBOKXIVCCHFSL-RZDIXWSQSA-N,failed_selection_rule,every matched site has a fully substituted beta-carbon and no retained ring motif,,ab_unsat_carbonyl:1,"ab_unsat_carbonyl[15,2,1,0]",1,1,0,1,quinone_A(370),542.0,3.61,3,4,77.5,1,[H]O[C@]1([H])C(Br)=C([H])[C@]2(C([H])=C([H])N([H])C3=C2C2=NC([H])([H])C([H])([H])c4c2c(n([H])c4Br)C3=O)C([H])=C1Br
24,SANC00124,SANC00124_minRM1.pdb,,no_queried_motif,no queried electrophilic motif present,,,,0,0,0,,,388.3,1.55,3,4,68.4,1,[H]O[C@]1([H])C(Br)=C([H])[C@]23C4=C5c6c(c([H])n([H])c6C(=O)C4N([H])C([H])([H])C2([H])[H])C([H])([H])C([H])([H])N5[C@]1([H])C3([H])[H]
25,SANC00125,SANC00125_minRM1.pdb,,no_queried_motif,no queried electrophilic motif present,,,,0,0,0,,,483.2,1.29,4,5,88.6,1,[H]O[C@@]1([H])[C@@]23C([H])=C(Br)[C@@]([H])(O[H])[C@]1([H])N1C4=C2C(C(=O)c2c4c(c(Br)n2[H])C([H])([H])C1([H])[H])N([H])C([H])([H])C3([H])[H]
26,SANC00126,SANC00126_minRM1.pdb,,no_queried_motif,no queried electrophilic motif present,,,,0,0,0,,,404.3,0.52,4,5,88.6,1,[H]O[C@]12N3C4=C5C(C(=O)c6c4c(c([H])n6[H])C([H])([H])C3([H])[H])N([H])C([H])([H])C([H])([H])[C@@]5(C([H])=C([H])[C@@]1([H])O[H])[C@]2([H])Br
27,SANC00127,SANC00127_minRM1.pdb,,no_queried_motif,no queried electrophilic motif present,,,,0,0,0,,,309.4,0.9,4,4,77.2,1,[H]O[C@]1([H])C([H])=C([H])[C@@]2(C3=C4c5c(c([H])n([H])c5C(=O)C3N([H])C([H])([H])C2([H])[H])C([H])([H])C([H])([H])N4[H])C([H])=C1[H]
28,SANC00128,SANC00128_minRM1.pdb,MCTIOHSADXMSEB-UHFFFAOYSA-N,retained,at least one site passes the beta-hydrogen or retained-ring rule,,ab_unsat_carbonyl:1,"ab_unsat_carbonyl[12,10,8,9]",1,1,1,1,quinone_D(2),201.2,0.34,1,4,58.7,0,[H]C1=C2C3=C(C([H])=C(N([H])[H])C(=O)C3=N1)N(C([H])([H])[H])C([H])([H])C2([H])[H]
29,SANC00129,SANC00129_minRM1.pdb,JYLGJUYDUWMFOL-UHFFFAOYSA-N,failed_selection_rule,every matched site has a fully substituted beta-carbon and no retained ring motif,,ab_unsat_carbonyl:1,"ab_unsat_carbonyl[14,13,11,12]",1,1,0,1,imine_one_A(321),202.2,0.61,1,3,53.2,1,[H]C1=C2c3c(c([H])n([H])c3C(=O)C1=O)C([H])([H])C([H])([H])N2C([H])([H])[H]
30,SANC00130,SANC00130_minRM1.pdb,,no_queried_motif,no queried electrophilic motif present,,,,0,0,0,,,194.2,0.34,2,3,73.4,1,[H]OC(=O)c1c2c(c([H])n1[H])C([H])([H])C([H])([H])N(C([H])([H])[H])C2=O
31,SANC00131,SANC00131_minRM1.pdb,XLFZHGPPKSMYOB-VOJFVSQTSA-N,retained,at least one site passes the beta-hydrogen or retained-ring rule,,ab_unsat_carbonyl:3,"ab_unsat_carbonyl[3,2,1,0];ab_unsat_carbonyl[9,8,19,20];ab_unsat_carbonyl[23,24,1,0]",3,3,1,1,quinone_A(370),335.4,1.89,2,5,74.3,1,[H]C1=C([H])[C@]23C(=C([H])C1=O)S[C@]([H])(N([H])C1=C2C2=NC([H])([H])C([H])([H])c4c2c(n([H])c4[H])C1=O)C3([H])[H]
32,SANC00132,SANC00132_minRM1.pdb,FBAXVAGZANEGQG-FGQGYZFQSA-N,failed_selection_rule,every matched site has a fully substituted beta-carbon and no retained ring motif,,ab_unsat_carbonyl:1,"ab_unsat_carbonyl[16,4,15,1]",1,1,0,1,,410.5,0.09,4,8,114.5,1,[H]OC(=O)C([H])([H])N([H])[C@@]1([H])[C@]23C4=C([H])C(=O)[C@@]1([H])N1C5=C2C(C(=O)c2c5c(c([H])n2[H])C([H])([H])C1([H])[H])N([H])[C@@]([H])(S4)C3([H])[H]
33,SANC00133,SANC00133_minRM1.pdb,CMHWXOHZXGQTEZ-DMQFHGNSSA-N,failed_selection_rule,every matched site has a fully substituted beta-carbon and no retained ring motif,,ab_unsat_carbonyl:1,"ab_unsat_carbonyl[13,4,12,2]",1,1,0,1,,352.4,0.38,3,6,91.2,1,[H]C1=C2S[C@]3([H])N([H])C4C(=O)c5c6c(c([H])n5[H])C([H])([H])C([H])([H])N5C6=C4[C@]2(C3([H])[H])[C@@]([H])(N([H])[H])[C@@]5([H])C1=O
34,SANC00134,SANC00134_minRM1.pdb,IKHQARMMAOTLSD-GQIJSYOHSA-N,failed_selection_rule,every matched site has a fully substituted beta-carbon and no retained ring motif,,ab_unsat_carbonyl:1,"ab_unsat_carbonyl[16,6,15,4]",1,1,0,1,,367.4,1.07,2,6,74.4,1,[H]C1=C2S[C@]3([H])N([H])C4C(=O)c5c6c(c([H])n5[H])C([H])([H])C([H])([H])N5C6=C4[C@]2(C3([H])[H])[C@@]([H])(OC([H])([H])[H])[C@@]5([H])C1=O
35,SANC00135,SANC00135_minRM1.pdb,LYBFSRYCUILYAC-LCLPMBEPSA-N,failed_selection_rule,every matched site has a fully substituted beta-carbon and no retained ring motif,,ab_unsat_carbonyl:1,"ab_unsat_carbonyl[8,7,5,6]",1,1,0,1,,424.5,0.47,4,8,128.5,1,[H]OC(=O)[C@@]([H])(N([H])[H])C([H])([H])[C@]1([H])[C@]23C4=C([H])C(=O)[C@@]1([H])N1C5=C2C(C(=O)c2c5c(c([H])n2[H])C([H])([H])C1([H])[H])N([H])[C@@]([H])(S4)C3([H])[H]
36,SANC00136,SANC00136_minRM1.pdb,,no_queried_motif,no queried electrophilic motif present,,,,0,0,0,,quinone_A(370),303.3,2.65,3,3,81.2,3,[H]Oc1c([H])c([H])c(-c2c3c(n([H])c2[H])C(=O)c2c4c(c([H])n2[H])C([H])([H])C([H])([H])N=C34)c([H])c1[H]
37,SANC00137,SANC00137_minRM1.pdb,,no_queried_motif,no queried electrophilic motif present,,,,0,0,0,,quinone_A(370),317.3,2.66,2,3,70.4,3,[H]Oc1c([H])c([H])c(-c2c3c(n([H])c2[H])C(=O)c2c4c(c([H])n2C([H])([H])[H])C([H])([H])C([H])([H])N=C34)c([H])c1[H]
38,SANC00138,SANC00138_minRM1.pdb,,no_queried_motif,no queried electrophilic motif present,,,,0,0,0,,,321.3,2.6,4,4,92.3,3,[H]Oc1c([H])c([H])c(-c2c3c(n([H])c2[H])C(=O)c2c4c(c([H])n2[H])C([H])([H])C([H])([H])N(O[H])C34)c([H])c1[H]
39,SANC00139,SANC00139_minRM1.pdb,,no_queried_motif,no queried electrophilic motif present,,,,0,0,0,,,335.4,2.61,3,4,81.5,3,[H]Oc1c([H])c([H])c(-c2c3c(n([H])c2[H])C(=O)c2c4c(c([H])n2C([H])([H])[H])C([H])([H])C([H])([H])N(O[H])C34)c([H])c1[H]
40,SANC00140,SANC00140_minRM1.pdb,IMRWMDAHKYBDMQ-DDBGAENHSA-N,retained,at least one site passes the beta-hydrogen or retained-ring rule,,ab_unsat_carbonyl:2,"ab_unsat_carbonyl[5,15,16,2];ab_unsat_carbonyl[19,18,20,3]",2,2,1,1,quinone_A(370),416.3,2.48,2,5,74.3,1,[H]C1=C(Br)C(=O)C([H])([H])[C@@]2([H])S[C@]3([H])N([H])C4=C(C5=NC([H])([H])C([H])([H])c6c5c(n([H])c6[H])C4=O)[C@]12C3([H])[H]
41,SANC00141,SANC00141_minRM1.pdb,UBEQPUYRUIBERL-HSYDVGFYSA-N,failed_selection_rule,every matched site has a fully substituted beta-carbon and no retained ring motif,,ab_unsat_carbonyl:1,"ab_unsat_carbonyl[13,3,12,1]",1,1,0,1,,337.4,1.44,2,5,65.2,1,[H]C1=C2S[C@]3([H])N([H])C4C(=O)c5c6c(c([H])n5[H])C([H])([H])C([H])([H])N5C6=C4[C@@]2(C([H])([H])[C@@]5([H])C1=O)C3([H])[H]
42,SANC00142,SANC00142_minRM1.pdb,,no_queried_motif,no queried electrophilic motif present,,,,0,0,0,,,309.4,3.92,1,3,55.4,0,[H]C([H])=C([H])C([H])([H])C([H])([H])C([H])([H])C([H])([H])C([H])([H])C([H])([H])/C([H])=C(\[H])C([H])([H])[C@]([H])(OC(=O)C([H])([H])[H])[C@@]([H])(N([H])C(=O)C([H])([H])[H])C([H])([H])[H]
43,SANC00143,SANC00143_minRM1.pdb,,no_queried_motif,no queried electrophilic motif present,,,,0,0,0,,,311.5,4.14,1,3,55.4,0,[H]/C(=C(/[H])C([H])([H])[C@]([H])(OC(=O)C([H])([H])[H])[C@@]([H])(N([H])C(=O)C([H])([H])[H])C([H])([H])[H])C([H])([H])C([H])([H])C([H])([H])C([H])([H])C([H])([H])C([H])([H])C([H])([H])C([H])([H])[H]
44,SANC00144,SANC00144_minRM1.pdb,,no_queried_motif,no queried electrophilic motif present,,,,0,0,0,,,295.4,3.53,1,3,55.4,0,[H]C([H])=C([H])C([H])([H])C([H])([H])C([H])([H])C([H])([H])C([H])([H])C([H])([H])/C([H])=C(\[H])C([H])([H])[C@]([H])(OC(=O)C([H])([H])[H])C([H])([H])N([H])C(=O)C([H])([H])[H]
45,SANC00145,SANC00145_minRM1.pdb,,no_queried_motif,no queried electrophilic motif present,,,,0,0,0,,,297.4,3.75,1,3,55.4,0,[H]/C(=C(/[H])C([H])([H])[C@]([H])(OC(=O)C([H])([H])[H])C([H])([H])N([H])C(=O)C([H])([H])[H])C([H])([H])C([H])([H])C([H])([H])C([H])([H])C([H])([H])C([H])([H])C([H])([H])C([H])([H])[H]
46,SANC00146,SANC00146_minRM1.pdb,JIFKGXKDITUDPD-PMJYHDSJSA-N,retained,at least one site passes the beta-hydrogen or retained-ring rule,,ab_unsat_carbonyl:1,"ab_unsat_carbonyl[14,13,11,12]",1,1,1,1,,298.5,5.18,0,1,17.1,0,[H]C([H])=C([H])[C@@]1([H])C([H])([H])C([H])([H])[C@@]2([H])[C@]3([H])C([H])([H])C([H])([H])[C@@]4([H])C([H])([H])C(=O)C([H])=C([H])[C@]4(C([H])([H])[H])[C@@]3([H])C([H])([H])C([H])([H])[C@@]21C([H])([H])[H]
47,SANC00147,SANC00147_minRM1.pdb,IMUXITHLWKKOHJ-WKHOWWIJSA-N,retained,at least one site passes the beta-hydrogen or retained-ring rule,,ab_unsat_carbonyl:1,"ab_unsat_carbonyl[20,19,17,18]",1,1,1,1,,356.5,4.72,0,3,43.4,0,[H]C([H])=C([H])[C@]1([H])[C@@]2(C([H])([H])[H])C([H])([H])C([H])([H])[C@@]3([H])[C@@]([H])(C([H])([H])C([H])([H])[C@@]4([H])C([H])([H])C(=O)C([H])=C([H])[C@@]43C([H])([H])[H])[C@]2([H])C([H])([H])[C@]1([H])OC(=O)C([H])([H])[H]
48,SANC00148,SANC00148_minRM1.pdb,,no_queried_motif,no queried electrophilic motif present,,,,0,0,0,,,400.6,5.08,0,4,52.6,0,[H]C([H])=C([H])[C@]1([H])[C@@]2(C([H])([H])[H])C([H])([H])C([H])([H])[C@@]3([H])[C@@]([H])(C([H])([H])C([H])([H])[C@@]4([H])C([H])([H])[C@]([H])(OC(=O)C([H])([H])[H])C([H])=C([H])[C@@]43C([H])([H])[H])[C@]2([H])C([H])([H])[C@]1([H])OC(=O)C([H])([H])[H]
49,SANC00149,SANC00149_minRM1.pdb,,no_queried_motif,no queried electrophilic motif present,,,,0,0,0,,,402.5,5.39,0,5,61.8,0,[H]C([H])=C1C([H])([H])C([H])([H])/C([H])=C(/C([H])([H])[H])C([H])([H])C([H])([H])[C@]2([H])C([C@]([H])(OC(=O)C([H])([H])[H])C([H])([H])C([H])=C(C([H])([H])[H])C([H])([H])[H])=C([H])O[C@@]([H])(OC(=O)C([H])([H])[H])[C@@]12[H]
50,SANC00150,SANC00150_minRM1.pdb,,no_queried_motif,no queried electrophilic motif present,,,,0,0,0,,,418.5,4.6,0,6,74.4,0,[H]C([H])=C1C([H])([H])C([H])([H])[C@]2([H])O[C@@]2(C([H])([H])[H])C([H])([H])C([H])([H])[C@]2([H])C([C@]([H])(OC(=O)C([H])([H])[H])C([H])([H])C([H])=C(C([H])([H])[H])C([H])([H])[H])=C([H])O[C@@]([H])(OC(=O)C([H])([H])[H])[C@@]12[H]
51,SANC00151,SANC00151_minRM1.pdb,HQKMATXOYCWETH-FZXXXGIBSA-N,retained,at least one site passes the beta-hydrogen or retained-ring rule,,ab_unsat_carbonyl:2,"ab_unsat_carbonyl[24,25,26,27];ab_unsat_carbonyl[29,28,26,27]",2,2,2,1,,432.5,3.54,1,7,99.1,0,[H]OC(/C([H])=C(\[H])C(=O)C1=C([H])O[C@@]([H])(OC(=O)C([H])([H])[H])[C@@]2([H])C(=C([H])[H])C([H])([H])/C([H])=C(/[H])[C@](OC(=O)C([H])([H])[H])(C([H])([H])[H])C([H])([H])C([H])([H])[C@]12[H])(C([H])([H])[H])C([H])([H])[H]
52,SANC00152,SANC00152_minRM1.pdb,WNLWGGVNWFODGH-JCGDTIJUSA-N,retained,at least one site passes the beta-hydrogen or retained-ring rule,,ab_unsat_carbonyl:1,"ab_unsat_carbonyl[22,14,15,16]",1,1,1,1,,416.5,4.57,0,6,78.9,0,[H]C([H])=C1C([H])([H])/C([H])=C(/[H])[C@](OC(=O)C([H])([H])[H])(C([H])([H])[H])C([H])([H])C([H])([H])[C@@]2([H])C(C(=O)C([H])([H])C([H])=C(C([H])([H])[H])C([H])([H])[H])=C([H])O[C@@]([H])(OC(=O)C([H])([H])[H])[C@]12[H]
53,SANC00153,SANC00153_minRM1.pdb,,no_queried_motif,no queried electrophilic motif present,,,,0,0,0,,,460.7,5.9,2,4,66.8,0,[H]O[C@]1([H])C([H])([H])C2=C([H])[C@]([H])(O[H])[C@]3([H])[C@]([H])(C([H])([H])C([H])([H])[C@]4(C([H])([H])[H])[C@@]([H])([C@]([H])(C([H])([H])[H])C([H])([H])C([H])([H])C([H])([H])C([H])(C([H])([H])[H])C([H])([H])[H])C([H])([H])C([H])([H])[C@]43[H])[C@@]2(C([H])([H])OC(=O)C([H])([H])[H])C([H])([H])C1([H])[H]
54,SANC00154,SANC00154_minRM1.pdb,,no_queried_motif,no queried electrophilic motif present,,,,0,0,0,,,458.7,5.82,2,4,66.8,0,[H]O[C@]1([H])C([H])([H])C2=C([H])[C@]([H])(O[H])[C@]3([H])[C@]([H])(C([H])([H])C([H])([H])[C@]4(C([H])([H])[H])[C@@]([H])([C@]([H])(C([H])([H])[H])C([H])([H])C([H])([H])C([H])=C(C([H])([H])[H])C([H])([H])[H])C([H])([H])C([H])([H])[C@]43[H])[C@@]2(C([H])([H])OC(=O)C([H])([H])[H])C([H])([H])C1([H])[H]
55,SANC00155,SANC00155_minRM1.pdb,,no_queried_motif,no queried electrophilic motif present,,,,0,0,0,,,402.5,5.39,0,5,61.8,0,[H]C([H])=C1C([H])([H])C([H])([H])/C([H])=C(/C([H])([H])[H])C([H])([H])C([H])([H])[C@]2([H])C([C@]([H])(OC(=O)C([H])([H])[H])C([H])([H])C([H])=C(C([H])([H])[H])C([H])([H])[H])=C([H])O[C@]([H])(OC(=O)C([H])([H])[H])[C@@]12[H]
56,SANC00156,SANC00156_minRM1.pdb,,no_queried_motif,no queried electrophilic motif present,,,,0,0,0,,,460.6,4.93,0,7,88.1,0,[H]C([H])=C1C([H])([H])C([H])([H])/C([H])=C(/C([H])([H])[H])C([H])([H])C([H])([H])[C@]2([H])C([C@]([H])(OC(=O)C([H])([H])[H])C([H])([H])[C@@]([H])(OC(=O)C([H])([H])[H])C(=C([H])[H])C([H])([H])[H])=C([H])O[C@]([H])(OC(=O)C([H])([H])[H])[C@@]12[H]
57,SANC00157,SANC00157_minRM1.pdb,,no_queried_motif,no queried electrophilic motif present,,,,0,0,0,,,476.6,4.14,0,8,100.7,0,[H]C([H])=C1C([H])([H])C([H])([H])[C@]2([H])O[C@@]2(C([H])([H])[H])C([H])([H])C([H])([H])[C@]2([H])C([C@]([H])(OC(=O)C([H])([H])[H])C([H])([H])[C@@]([H])(OC(=O)C([H])([H])[H])C(=C([H])[H])C([H])([H])[H])=C([H])O[C@]([H])(OC(=O)C([H])([H])[H])[C@@]12[H]
58,SANC00158,SANC00158_minRM1.pdb,ZQNYFJWSDUYQGB-IGOSSGGTSA-N,retained,at least one site passes the beta-hydrogen or retained-ring rule,,ab_unsat_carbonyl:1,"ab_unsat_carbonyl[18,17,15,16]",1,1,1,1,,358.5,4.68,0,4,52.6,0,[H]C([H])=C(C([H])([H])[H])[C@]([H])(OC(=O)C([H])([H])[H])C([H])([H])/C([H])=C1/C(=O)OC([H])([H])[C@@]2([H])C(=C([H])[H])C([H])([H])C([H])([H])/C([H])=C(/C([H])([H])[H])C([H])([H])C([H])([H])[C@]12[H]
59,SANC00159,SANC00159_minRM1.pdb,BMWQZICHUPZIIN-JKKHDXHWSA-N,failed_selection_rule,every matched site has a fully substituted beta-carbon and no retained ring motif,,ab_unsat_carbonyl:1,"ab_unsat_carbonyl[25,24,22,23]",1,1,0,1,,416.5,3.92,3,6,104.1,1,[H]Oc1c([H])c(C([H])([H])/C([H])=C(\C([H])([H])[H])C([H])([H])C([H])([H])/C([H])=C(\C([H])([H])[H])[C@]([H])(O[H])C(=O)C([H])=C(C([H])([H])[H])C([H])([H])[H])c(O[H])c([H])c1C([H])([H])C(=O)OC([H])([H])[H]
60,SANC00160,SANC00160_minRM1.pdb,OWAROFOLZBXPNQ-LIHGZGFXSA-N,failed_selection_rule,every matched site has a fully substituted beta-carbon and no retained ring motif,,ab_unsat_carbonyl:1,"ab_unsat_carbonyl[28,27,25,26]",1,1,0,1,,458.6,4.5,2,7,110.1,1,[H]Oc1c([H])c(C([H])([H])/C([H])=C(\C([H])([H])[H])C([H])([H])C([H])([H])/C([H])=C(\C([H])([H])[H])[C@]([H])(OC(=O)C([H])([H])[H])C(=O)C([H])=C(C([H])([H])[H])C([H])([H])[H])c(O[H])c([H])c1C([H])([H])C(=O)OC([H])([H])[H]
61,SANC00161,SANC00161_minRM1.pdb,DYVSMBJQKXZPCI-UQKTWAMLSA-N,failed_selection_rule,every matched site has a fully substituted beta-carbon and no retained ring motif,,ab_unsat_carbonyl:1,"ab_unsat_carbonyl[23,22,20,21]",1,1,0,1,,400.5,4.95,2,5,83.8,1,[H]Oc1c([H])c(C([H])([H])/C([H])=C(\C([H])([H])[H])C([H])([H])C([H])([H])/C([H])=C(\C([H])([H])[H])C([H])([H])C(=O)C([H])=C(C([H])([H])[H])C([H])([H])[H])c(O[H])c([H])c1C([H])([H])C(=O)OC([H])([H])[H]
62,SANC00162,SANC00162_minRM1.pdb,RZTZCYIQYLIOJI-AQAGCXJJSA-N,failed_selection_rule,every matched site has a fully substituted beta-carbon and no retained ring motif,,ab_unsat_carbonyl:1,"ab_unsat_carbonyl[17,18,20,21]",1,1,0,1,,322.5,5.0,1,3,46.5,0,[H]O[C@@]1(C([H])([H])[H])OC(/C(=C(\[H])[C@@]([H])(C([H])([H])[H])C([H])([H])[C@@]([H])(C([H])([H])[H])C([H])([H])[C@@]([H])(C([H])([H])[H])C([H])([H])C([H])([H])C([H])([H])[H])C([H])([H])[H])=C(C([H])([H])[H])C1=O
63,SANC00163,SANC00163_minRM1.pdb,RZTZCYIQYLIOJI-HYONAURFSA-N,failed_selection_rule,every matched site has a fully substituted beta-carbon and no retained ring motif,,ab_unsat_carbonyl:1,"ab_unsat_carbonyl[17,18,20,21]",1,1,0,1,,322.5,5.0,1,3,46.5,0,[H]O[C@@]1(C([H])([H])[H])OC(/C(=C(/[H])[C@@]([H])(C([H])([H])[H])C([H])([H])[C@@]([H])(C([H])([H])[H])C([H])([H])[C@@]([H])(C([H])([H])[H])C([H])([H])C([H])([H])C([H])([H])[H])C([H])([H])[H])=C(C([H])([H])[H])C1=O
64,SANC00164,SANC00164_minRM1.pdb,HIVCXDNEHIZHOR-AELFRYFLSA-N,failed_selection_rule,every matched site has a fully substituted beta-carbon and no retained ring motif,,ab_unsat_carbonyl:1,"ab_unsat_carbonyl[16,18,20,21]",1,1,0,1,,294.5,4.76,1,2,37.3,0,[H]O[C@]1(C([H])([H])[H])C(=O)C(C([H])([H])[H])=C(C([H])([H])[H])[C@@]1([H])[C@@]([H])(C([H])([H])[H])C([H])([H])[C@@]([H])(C([H])([H])[H])C([H])([H])[C@@]([H])(C([H])([H])[H])C([H])([H])C([H])([H])C([H])([H])[H]
65,SANC00165,SANC00165_minRM1.pdb,QBQDBUSCOQHQQT-WFGGJUAMSA-N,failed_selection_rule,every matched site has a fully substituted beta-carbon and no retained ring motif,,ab_unsat_carbonyl:1,"ab_unsat_carbonyl[20,18,16,17]",1,1,0,1,,266.4,4.74,0,2,26.3,0,[H]C([H])([H])C1=C(C([H])([H])[H])[C@@]([H])([C@@]([H])(C([H])([H])[H])C([H])([H])[C@@]([H])(C([H])([H])[H])C([H])([H])[C@@]([H])(C([H])([H])[H])C([H])([H])C([H])([H])C([H])([H])[H])OC1=O
66,SANC00166,SANC00166_minRM1.pdb,OTBCPIPSVPYUPS-KEZQZBTMSA-N,retained,at least one site passes the beta-hydrogen or retained-ring rule,,ab_unsat_carbonyl:1,"ab_unsat_carbonyl[14,15,17,18]",1,1,1,1,,240.4,4.51,1,2,37.3,0,[H]OC(=O)/C(=C(\[H])[C@@]([H])(C([H])([H])[H])C([H])([H])[C@@]([H])(C([H])([H])[H])C([H])([H])[C@@]([H])(C([H])([H])[H])C([H])([H])C([H])([H])C([H])([H])[H])C([H])([H])[H]
67,SANC00167,SANC00167_minRM1.pdb,,no_queried_motif,no queried electrophilic motif present,,,,0,0,0,,,300.5,5.11,1,1,20.2,0,[H]O[C@]1([H])C([H])([H])C2=C([H])C([H])([H])[C@@]3([H])[C@]4([H])C([H])([H])C([H])([H])[C@]([H])(C([H])=C([H])[H])[C@@]4(C([H])([H])[H])C([H])([H])C([H])([H])[C@]3([H])[C@@]2(C([H])([H])[H])C([H])([H])C1([H])[H]
68,SANC00168,SANC00168_minRM1.pdb,,no_queried_motif,no queried electrophilic motif present,,,,0,0,0,,,358.5,4.65,1,3,46.5,0,[H]O[C@]1([H])C([H])=C2C([H])([H])[C@]([H])(OC(=O)C([H])([H])[H])C([H])([H])C([H])([H])[C@]2(C([H])([H])[H])[C@@]2([H])C([H])([H])C([H])([H])[C@@]3(C([H])([H])[H])[C@@]([H])(C([H])([H])C([H])([H])[C@]3([H])C([H])=C([H])[H])[C@@]21[H]
69,SANC00169,SANC00169_minRM1.pdb,,no_queried_motif,no queried electrophilic motif present,,,,0,0,0,,,358.5,4.65,1,3,46.5,0,[H]O[C@]1([H])C([H])([H])C2=C([H])[C@@]([H])(OC(=O)C([H])([H])[H])[C@]3([H])[C@]([H])(C([H])([H])C([H])([H])[C@@]4(C([H])([H])[H])[C@@]3([H])C([H])([H])C([H])([H])[C@]4([H])C([H])=C([H])[H])[C@@]2(C([H])([H])[H])C([H])([H])C1([H])[H]
70,SANC00170,SANC00170_minRM1.pdb,,no_queried_motif,no queried electrophilic motif present,,,,0,0,0,,,374.5,3.62,2,4,66.8,0,[H]O[C@]1([H])C([H])=C2C([H])([H])[C@]([H])(OC(=O)C([H])([H])[H])C([H])([H])C([H])([H])[C@]2(C([H])([H])[H])[C@]2([H])[C@]1([H])[C@]1([H])C([H])([H])C([H])([H])[C@]([H])(C([H])=C([H])[H])[C@@]1(C([H])([H])[H])C([H])([H])[C@@]2([H])O[H]
71,SANC00171,SANC00171_minRM1.pdb,,no_queried_motif,no queried electrophilic motif present,,,,0,0,0,,,416.6,4.2,1,5,72.8,0,[H]O[C@]1([H])C([H])([H])[C@@]2(C([H])([H])[H])[C@@]([H])(C([H])([H])C([H])([H])[C@]2([H])C([H])=C([H])[H])[C@@]2([H])[C@@]1([H])[C@]1(C([H])([H])[H])C(=C([H])[C@@]2([H])OC(=O)C([H])([H])[H])C([H])([H])[C@]([H])(OC(=O)C([H])([H])[H])C([H])([H])C1([H])[H]
72,SANC00172,SANC00172_minRM1.pdb,,no_queried_motif,no queried electrophilic motif present,,,,0,0,0,,,416.6,4.2,1,5,72.8,0,[H]O[C@]1([H])C([H])=C2C([H])([H])[C@]([H])(OC(=O)C([H])([H])[H])C([H])([H])C([H])([H])[C@]2(C([H])([H])OC(=O)C([H])([H])[H])[C@@]2([H])C([H])([H])C([H])([H])[C@@]3(C([H])([H])[H])[C@@]([H])(C([H])([H])C([H])([H])[C@]3([H])C([H])=C([H])[H])[C@@]21[H]
73,SANC00173,SANC00173_minRM1.pdb,,no_queried_motif,no queried electrophilic motif present,,,,0,0,0,,,474.6,3.74,1,7,99.1,0,[H]O[C@]1([H])C([H])([H])[C@@]2(C([H])([H])[H])[C@@]([H])(C([H])([H])C([H])([H])[C@]2([H])C([H])=C([H])[H])[C@@]2([H])[C@@]1([H])[C@]1(C([H])([H])OC(=O)C([H])([H])[H])C(=C([H])[C@@]2([H])OC(=O)C([H])([H])[H])C([H])([H])[C@]([H])(OC(=O)C([H])([H])[H])C([H])([H])C1([H])[H]
74,SANC00174,SANC00174_minRM1.pdb,,no_queried_motif,no queried electrophilic motif present,,,,0,0,0,,,498.7,7.8,1,4,63.6,0,[H]OC(=O)[C@@]12C([H])([H])C([H])=C3[C@@](C([H])([H])[H])(C([H])([H])C([H])([H])[C@@]4([H])[C@@]3(C([H])([H])[H])C([H])([H])C([H])([H])[C@@]3([H])C(C([H])([H])[H])(C([H])([H])[H])[C@@]([H])(OC(=O)C([H])([H])[H])C([H])([H])C([H])([H])[C@@]34C([H])([H])[H])[C@]1([H])C([H])([H])C(C([H])([H])[H])(C([H])([H])[H])C([H])([H])C2([H])[H]
75,SANC00175,SANC00175_minRM1.pdb,,no_queried_motif,no queried electrophilic motif present,,,,0,0,0,,,426.7,8.02,1,1,20.2,0,[H]O[C@@]1([H])C([H])([H])C([H])([H])[C@@]2(C([H])([H])[H])[C@@]([H])(C([H])([H])C([H])([H])[C@]3(C([H])([H])[H])[C@]2([H])C([H])([H])C([H])([H])[C@@]2([H])[C@@]3(C([H])([H])[H])C([H])([H])C([H])([H])[C@@]3(C([H])([H])[H])C([H])([H])C([H])([H])[C@@]([H])(C(=C([H])[H])C([H])([H])[H])[C@@]32[H])C1(C([H])([H])[H])C([H])([H])[H]
76,SANC00176,SANC00176_minRM1.pdb,QSIMLPCPCXVYDD-MRVPVSSYSA-N,failed_selection_rule,every matched site has a fully substituted beta-carbon and no retained ring motif,,ab_unsat_carbonyl:1,"ab_unsat_carbonyl[1,2,4,5]",1,1,0,1,,168.2,2.45,1,2,37.3,0,[H]OC1=C(C([H])([H])[H])C([H])([H])C([H])([H])[C@]([H])(C([H])(C([H])([H])[H])C([H])([H])[H])C1=O
77,SANC00177,SANC00177_minRM1.pdb,,no_queried_motif,no queried electrophilic motif present,,,,0,0,0,,,1181.8,5.34,8,20,296.1,0,[H]O[C@]1([H])C([H])([H])[C@]23O[C@]([H])(C([H])([H])C(=O)[C@@]([H])(C([H])([H])[H])[C@@]([H])(O[H])[C@]([H])(C([H])([H])[H])C(=C([H])[H])C([H])([H])[C@]4([H])O[C@@]5(O[C@@]([H])(C([H])([H])C(=O)O[C@@]6([H])[C@]([H])(O[H])[C@@]([H])(C([H])([H])C(=C([H])[H])C([H])([H])[C@]([H])(O[H])/C([H])=C(\[H])C(Cl)=C([H])[H])O[C@@]([H])([C@]([H])(O[H])[C@]7(O[H])O[C@]([H])(C([H])([H])C([H])([H])C([H])([H])/C([H])=C(\[H])[C@]([H])(O2)C1([H])[H])[C@]([H])(C([H])([H])[H])[C@@]([H])(O[H])C7([H])[H])[C@]6([H])C([H])([H])[H])C([H])([H])[C@]([H])(OC(=O)C([H])([H])[H])C5([H])[H])C([H])([H])[C@](O[H])(C([H])([H])[H])C4([H])[H])C([H])([H])[C@]([H])(OC([H])([H])[H])C3([H])[H]
78,SANC00178,SANC00178_minRM1.pdb,,no_queried_motif,no queried electrophilic motif present,,,,0,0,0,,,911.2,5.5,5,12,180.9,1,[H]OC([H])([H])[C@@]1(C([H])([H])[H])O[C@]2(O[C@@]3([H])C([H])=C4[C@@](C([H])([H])[H])([C@@]3(O[H])[C@]2([H])C([H])([H])[H])[C@]([H])(O[H])C([H])([H])[C@]2([H])[C@@]3(C([H])([H])[H])C([H])([H])c5nc6c(nc5C([H])([H])[C@]3([H])C([H])([H])C([H])([H])[C@@]42[H])C([H])([H])[C@@]2(C([H])([H])[H])[C@]([H])(C6([H])[H])C([H])([H])C([H])([H])[C@@]3([H])C4=C([H])C([H])([H])[C@@]5([H])[C@]4(C(=O)C([H])([H])[C@]23[H])C([H])([H])O[C@@]2(OC(C([H])([H])[H])(C([H])([H])[H])C([H])([H])[C@@]2([H])O[H])[C@@]5([H])C([H])([H])[H])[C@]([H])(O[H])C1([H])[H]
79,SANC00179,SANC00179_minRM1.pdb,,no_queried_motif,no queried electrophilic motif present,,,,0,0,0,,,508.7,3.96,2,8,123.3,1,[H]O[C@]1(C([H])([H])C([H])([H])[H])O[C@]([H])(C([H])([H])C([H])([H])[H])[C@@]([H])(C([H])([H])[H])[C@]([H])(OC(=O)[C@@]([H])(C([H])([H])[H])[C@@]([H])(O[H])[C@]([H])(C(=O)[C@@]([H])(c2oc(C([H])([H])[H])c(C([H])([H])[H])c(=O)c2C([H])([H])[H])C([H])([H])[H])C([H])([H])[H])[C@]1([H])C([H])([H])[H]
80,SANC00180,SANC00180_minRM1.pdb,HPVSJNGZYYDDMU-CHVWLSOJSA-N,failed_selection_rule,every matched site has a fully substituted beta-carbon and no retained ring motif,,ab_unsat_carbonyl:1,"ab_unsat_carbonyl[2,1,26,27]",1,1,0,1,,398.5,6.96,1,4,59.7,1,[H]OC1=C(C([H])([H])[H])C(=O)O/C1=C(/[H])[C@@]([H])(C([H])([H])[H])C([H])([H])C([H])([H])C([H])([H])/C(=C(\[H])C([H])([H])C([H])([H])/C(=C(\[H])C([H])([H])C([H])([H])c1c([H])oc([H])c1[H])C([H])([H])[H])C([H])([H])[H]
81,SANC00181,SANC00181_minRM1.pdb,,no_queried_motif,no queried electrophilic motif present,,,,0,0,0,,,216.3,4.3,0,1,13.1,1,[H]C1=C(C([H])([H])[H])[C@@]2(C([H])([H])[H])C([H])([H])C([H])([H])c3c(oc([H])c3[H])[C@]1([H])C([H])([H])[C@@]2([H])C([H])([H])[H]
82,SANC00182,SANC00182_minRM1.pdb,,no_queried_motif,no queried electrophilic motif present,,,,0,0,0,,,214.3,4.3,0,1,13.1,2,[H]c1oc([H])c(C([H])([H])c2c([H])c(C([H])([H])[H])c([H])c([H])c2C([H])(C([H])([H])[H])C([H])([H])[H])c1[H]
83,SANC00183,SANC00183_minRM1.pdb,DDVBPZROPPMBLW-IZGXTMSKSA-N,failed_selection_rule,every matched site has a fully substituted beta-carbon and no retained ring motif,,ab_unsat_carbonyl:1,"ab_unsat_carbonyl[25,24,22,23]",1,1,0,1,,421.6,3.86,2,6,84.9,0,[H]O[C@@]1([C@@]2([H])N([H])C(=O)SC2([H])[H])O[C@]2([H])C([H])([H])C([H])([H])[C@]([H])(C([H])([H])[H])/C([H])=C([H])\C([H])=C(/[H])C([H])([H])C([H])([H])/C(C([H])([H])[H])=C(/[H])C(=O)O[C@]([H])(C2([H])[H])C1([H])[H]
84,SANC00184,SANC00184_minRM1.pdb,NSHPHXHGRHSMIK-JRIKCGFMSA-N,failed_selection_rule,every matched site has a fully substituted beta-carbon and no retained ring motif,,ab_unsat_carbonyl:1,"ab_unsat_carbonyl[24,26,27,28]",1,1,0,1,,395.5,3.3,2,6,84.9,0,[H]O[C@@]1([C@@]2([H])N([H])C(=O)SC2([H])[H])O[C@]2([H])C([H])([H])C([H])([H])[C@]([H])(C([H])([H])[H])/C([H])=C(/[H])C([H])([H])C([H])([H])/C(C([H])([H])[H])=C(/[H])C(=O)O[C@]([H])(C2([H])[H])C1([H])[H]
85,SANC00185,SANC00185_minRM1.pdb,,no_queried_motif,no queried electrophilic motif present,,,,0,0,0,,,366.9,4.48,1,3,46.5,0,[H]O[C@@]1([H])C([H])([H])[C@]2(C([H])([H])[H])[C@]3([H])C(=O)OC([H])([H])C3=C([H])C([H])([H])[C@@]2([H])[C@@](C([H])([H])[H])(C([H])([H])C([H])([H])[C@@]([H])(C(=C([H])[H])C([H])([H])[H])C([H])([H])[H])[C@@]1([H])Cl
86,SANC00186,SANC00186_minRM1.pdb,,no_queried_motif,no queried electrophilic motif present,,,,0,0,0,,,368.9,4.27,2,3,49.7,0,[H]O[C@]1([H])OC([H])([H])C2=C([H])C([H])([H])[C@@]3([H])[C@@](C([H])([H])[H])(C([H])([H])C([H])([H])[C@@]([H])(C(=C([H])[H])C([H])([H])[H])C([H])([H])[H])[C@@]([H])(Cl)[C@@]([H])(O[H])C([H])([H])[C@]3(C([H])([H])[H])[C@@]21[H]
87,SANC00187,SANC00187_minRM1.pdb,WGZODCIFCMLVSC-ZHAJMSDVSA-N,retained,at least one site passes the beta-hydrogen or retained-ring rule,,ab_unsat_carbonyl:1,"ab_unsat_carbonyl[22,19,20,21]",1,1,1,1,,366.9,4.32,1,3,54.4,0,[H]O[C@@]1([H])C([H])([H])[C@]2(C([H])([H])[H])[C@@]([H])(C([H])=O)C(C([H])=O)=C([H])C([H])([H])[C@@]2([H])[C@@](C([H])([H])[H])(C([H])([H])C([H])([H])[C@@]([H])(C(=C([H])[H])C([H])([H])[H])C([H])([H])[H])[C@@]1([H])Cl
88,SANC00188,SANC00188_minRM1.pdb,HFCCRDNOKJSEJX-CWUQNDCWSA-N,failed_selection_rule,every matched site has a fully substituted beta-carbon and no retained ring motif,,ab_unsat_carbonyl:2,"ab_unsat_carbonyl[16,17,22,23];ab_unsat_carbonyl[17,16,20,21]",2,1,0,1,,380.9,3.81,1,4,63.6,0,[H]O[C@@]1([H])C([H])([H])[C@@]2(C([H])([H])[H])C3=C(C(=O)C([H])([H])[C@]2([H])[C@@](C([H])([H])[H])(C([H])([H])C([H])([H])[C@@]([H])(C(=C([H])[H])C([H])([H])[H])C([H])([H])[H])[C@@]1([H])Cl)C([H])([H])OC3=O
89,SANC00189,SANC00189_minRM1.pdb,ZBQNPXXBXRSSGD-BXWWMEFGSA-N,failed_selection_rule,every matched site has a fully substituted beta-carbon and no retained ring motif,,ab_unsat_carbonyl:1,"ab_unsat_carbonyl[25,30,28,29]",1,1,0,1,,386.6,5.44,1,3,46.5,0,[H]O[C@@]([H])(C1=C([H])C(=O)OC1([H])[H])C([H])([H])[C@]1([H])C(=C([H])[H])C([H])([H])C([H])([H])[C@]2([H])[C@@]3(C([H])([H])[H])C([H])([H])C([H])([H])C([H])([H])C(C([H])([H])[H])(C([H])([H])[H])[C@]3([H])C([H])([H])C([H])([H])[C@]21C([H])([H])[H]
90,SANC00190,SANC00190_minRM1.pdb,XWNLLHLOYWVRDK-YDHLFZDLSA-N,retained,at least one site passes the beta-hydrogen or retained-ring rule,,ab_unsat_carbonyl:1;exo_methylene_carbonyl:1,"ab_unsat_carbonyl[3,2,1,0];exo_methylene_carbonyl[3,2,1,0]",2,1,1,1,,220.4,3.98,0,1,17.1,0,[H]C([H])=C1C(=O)[C@]2([H])[C@]([H])(C([H])(C([H])([H])[H])C([H])([H])[H])C([H])([H])C([H])([H])[C@]2(C([H])([H])[H])C([H])([H])C([H])([H])C1([H])[H]
91,SANC00191,SANC00191_minRM1.pdb,FUIPJCVSKAWFTI-LDZXTUBUSA-N,failed_selection_rule,every matched site has a fully substituted beta-carbon and no retained ring motif,,ab_unsat_carbonyl:1,"ab_unsat_carbonyl[9,15,1,0]",1,1,0,1,,218.3,3.59,0,1,17.1,0,[H]C([H])([H])C1=C2C([H])([H])C([H])([H])[C@]([H])(C([H])([H])[H])[C@]2([H])[C@@]2([H])C(C([H])([H])[H])(C([H])([H])[H])[C@@]2([H])C([H])([H])C1=O
92,SANC00192,SANC00192_minRM1.pdb,,no_queried_motif,no queried electrophilic motif present,,,,0,0,0,,,222.4,3.78,1,1,20.2,0,[H]O[C@@]1([H])C(=C([H])[H])C([H])([H])C([H])([H])C([H])([H])[C@@]2(C([H])([H])[H])C([H])([H])C([H])([H])[C@@]([H])(C([H])(C([H])([H])[H])C([H])([H])[H])[C@]21[H]
93,SANC00193,SANC00193_minRM1.pdb,,no_queried_motif,no queried electrophilic motif present,,,,0,0,0,,,222.4,3.78,1,1,20.2,0,[H]O[C@@]1(C([H])([H])[H])C([H])([H])C([H])([H])[C@@]([H])(C([H])(C([H])([H])[H])C([H])([H])[H])[C@]2([H])C([H])([H])C(=C([H])[H])C([H])([H])C([H])([H])[C@@]12[H]
94,SANC00194,SANC00194_minRM1.pdb,,no_queried_motif,no queried electrophilic motif present,,,,0,0,0,,,274.4,4.45,0,3,39.4,1,[H]C([H])=C([H])C(=C([H])[H])C([H])([H])C([H])([H])C([H])([H])/C(=C(\[H])c1oc([H])c(C([H])([H])[H])c1[H])C([H])([H])OC(=O)C([H])([H])[H]
95,SANC00195,SANC00195_minRM1.pdb,OZMQICPXNIVENO-HZZBMVKVSA-N,failed_selection_rule,every matched site has a fully substituted beta-carbon and no retained ring motif,,ab_unsat_carbonyl:1,"ab_unsat_carbonyl[10,7,11,6]",1,1,0,1,,218.3,3.45,0,1,17.1,0,[H]C1=C(C([H])([H])[H])[C@@]2([H])[C@]3([H])[C@@]([H])(C([H])(C([H])([H])[H])C([H])([H])[H])C([H])([H])C([H])([H])[C@]([H])(C([H])([H])[H])[C@]23C1=O
96,SANC00196,SANC00196_minRM1.pdb,,no_queried_motif,no queried electrophilic motif present,,,,0,0,0,,,490.7,3.76,2,4,66.8,0,[H]O[C@@]1([C@@]2(C([H])([H])[H])C(C([H])([H])[H])(C([H])([H])[H])[C@@]([H])(Br)C([H])([H])[C@@]2([H])O[H])C([H])([H])[C@]([H])(Br)[C@](Cl)(C([H])([H])[H])C([H])([H])[C@]1([H])OC(=O)C([H])([H])[H]
97,SANC00197,SANC00197_minRM1.pdb,,no_queried_motif,no queried electrophilic motif present,,,,0,0,0,,,351.7,3.87,1,2,29.5,0,[H]O[C@@]12C([H])([H])[C@]([H])(Br)[C@](Cl)(C([H])([H])[H])C([H])([H])[C@]1([H])O[C@@]1(C([H])([H])[H])[C@]([H])(C([H])([H])[H])C([H])([H])C([H])([H])[C@@]21C([H])([H])[H]
98,SANC00198,SANC00198_minRM1.pdb,,no_queried_motif,no queried electrophilic motif present,,,,0,0,0,,,432.6,4.22,2,2,40.5,0,[H]O[C@]1([C@@]2(C([H])([H])[H])C(C([H])([H])[H])(C([H])([H])[H])[C@@]([H])(Br)C([H])([H])[C@@]2([H])O[H])C([H])([H])C([H])([H])[C@@](Cl)(C([H])([H])[H])[C@@]([H])(Br)C1([H])[H]
99,SANC00199,SANC00199_minRM1.pdb,,no_queried_motif,no queried electrophilic motif present,,,,0,0,0,,,416.6,5.25,1,1,20.2,0,[H]O[C@]1([C@]2(C([H])([H])[H])C([H])([H])C([H])([H])[C@]([H])(Br)C2(C([H])([H])[H])C([H])([H])[H])C([H])([H])C([H])([H])[C@@](Cl)(C([H])([H])[H])[C@@]([H])(Br)C1([H])[H]
100,SANC00200,SANC00200_minRM1.pdb,NVEYSKFDXKUOIS-NOWUXUCSSA-N,retained,at least one site passes the beta-hydrogen or retained-ring rule,,ab_unsat_carbonyl:3;exo_methylene_carbonyl:2,"ab_unsat_carbonyl[2,3,4,5];ab_unsat_carbonyl[22,21,19,20];ab_unsat_carbonyl[28,27,29,30];exo_methylene_carbonyl[22,21,19,20];exo_methylene_carbonyl[28,27,29,30]",5,3,3,1,,404.4,1.34,1,8,116.2,0,[H]OC([H])([H])C(C(=O)O[C@@]1([H])C([H])([H])/C(C([H])([H])OC(=O)C([H])([H])[H])=C(/[H])C([H])([H])C([H])([H])/C(C([H])=O)=C(/[H])[C@@]2([H])OC(=O)C(=C([H])[H])[C@]12[H])=C([H])[H]
101,SANC00201,SANC00201_minRM1.pdb,GYESMJFGTLPHOY-NPGRCNIMSA-N,retained,at least one site passes the beta-hydrogen or retained-ring rule,,ab_unsat_carbonyl:3;exo_methylene_carbonyl:3,"ab_unsat_carbonyl[6,5,3,4];ab_unsat_carbonyl[15,14,12,13];ab_unsat_carbonyl[30,29,31,32];exo_methylene_carbonyl[6,5,3,4];exo_methylene_carbonyl[15,14,12,13];exo_methylene_carbonyl[30,29,31,32]",6,3,3,1,,404.4,1.05,1,8,116.2,0,[H]OC([H])([H])C(C(=O)O[C@@]1([H])C([H])([H])[C@](C([H])=C([H])[H])(C([H])([H])OC(=O)C([H])([H])[H])[C@]([H])(C(C([H])=O)=C([H])[H])[C@@]2([H])OC(=O)C(=C([H])[H])[C@@]21[H])=C([H])[H]
102,SANC00202,SANC00202_minRM1.pdb,ZFFLWDURCNGKGU-GNKRQNHBSA-N,failed_selection_rule,every matched site has a fully substituted beta-carbon and no retained ring motif,,ab_unsat_carbonyl:1,"ab_unsat_carbonyl[8,10,11,12]",1,1,0,1,,310.0,3.62,0,1,17.1,0,[H]C(=O)/C([H])=C(\C([H])([H])[H])[C@]([H])(Br)C([H])([H])[C@]([H])(Br)C(=C([H])[H])C([H])([H])[H]
103,SANC00203,SANC00203_minRM1.pdb,LXFNLDHOISLYSZ-BEFBDZAPSA-N,failed_selection_rule,every matched site has a fully substituted beta-carbon and no retained ring motif,,ab_unsat_carbonyl:1,"ab_unsat_carbonyl[6,8,9,10]",1,1,0,1,,219.1,3.44,0,1,17.1,0,[H]C(=O)/C([H])=C(/C(Cl)=C([H])/C([H])=C(\C([H])([H])[H])C([H])([H])Cl)C([H])([H])[H]
104,SANC00204,SANC00204_minRM1.pdb,SGOCPOPBYBKLBI-KVEYSHIESA-N,failed_selection_rule,every matched site has a fully substituted beta-carbon and no retained ring motif,,ab_unsat_carbonyl:1,"ab_unsat_carbonyl[1,2,3,4]",1,1,0,1,,300.0,3.69,0,1,17.1,0,[H]C(=O)/C([H])=C(/C([H])=C(\[H])[C@@]([H])(Cl)[C@](Cl)(C([H])([H])[H])C([H])([H])Br)C([H])([H])[H]
105,SANC00205,SANC00205_minRM1.pdb,KGSVMLBXKKREBT-HZKFMZGYSA-N,failed_selection_rule,every matched site has a fully substituted beta-carbon and no retained ring motif,,ab_unsat_carbonyl:1,"ab_unsat_carbonyl[6,8,9,10]",1,1,0,1,,265.6,3.47,0,1,17.1,0,[H]C(=O)/C([H])=C(\C([H])([H])[H])[C@]([H])(Br)C([H])([H])/C([H])=C(\C([H])([H])[H])C([H])([H])Cl
106,SANC00206,SANC00206_minRM1.pdb,,no_queried_motif,no queried electrophilic motif present,,,,0,0,0,,,364.9,5.23,0,0,0.0,0,[H]C([H])=C(C([H])([H])[H])[C@@]([H])(Br)C([H])([H])[C@@]([H])(Br)/C(=C(\[H])C([H])(Cl)Cl)C([H])([H])[H]
107,SANC00207,SANC00207_minRM1.pdb,,no_queried_motif,no queried electrophilic motif present,,,,0,0,0,,,443.8,5.6,0,0,0.0,0,[H]/C(Br)=C(/[H])[C@](Cl)(C([H])([H])[H])[C@@]([H])(Br)/C([H])=C(\[H])[C@](Cl)(C([H])([H])[H])C([H])([H])Br
108,SANC00208,SANC00208_minRM1.pdb,,no_queried_motif,no queried electrophilic motif present,,,,0,0,0,,,505.1,6.32,0,2,21.6,1,[H]C([H])=C(C([H])([H])[H])[C@@]([H])(Br)C([H])([H])[C@@]([H])(Br)/C(=C([H])/C([H])=N/OC([H])([H])c1c(F)c(F)c(F)c(F)c1F)C([H])([H])[H]
109,SANC00209,SANC00209_minRM1.pdb,,no_queried_motif,no queried electrophilic motif present,,,,0,0,0,,,414.2,6.14,0,2,21.6,1,[H]C(=C(Cl)\C(=C([H])\C([H])=N\OC([H])([H])c1c(F)c(F)c(F)c(F)c1F)C([H])([H])[H])/C([H])=C(\C([H])([H])[H])C([H])([H])Cl
110,SANC00210,SANC00210_minRM1.pdb,,no_queried_motif,no queried electrophilic motif present,,,,0,0,0,,,495.1,6.39,0,2,21.6,1,[H]C(=N\OC([H])([H])c1c(F)c(F)c(F)c(F)c1F)/C([H])=C(/C([H])=C(\[H])[C@@]([H])(Cl)[C@](Cl)(C([H])([H])[H])C([H])([H])Br)C([H])([H])[H]
111,SANC00211,SANC00211_minRM1.pdb,,no_queried_motif,no queried electrophilic motif present,,,,0,0,0,,,460.7,6.17,0,2,21.6,1,[H]C(=N\OC([H])([H])c1c(F)c(F)c(F)c(F)c1F)/C([H])=C(\C([H])([H])[H])[C@]([H])(Br)C([H])([H])/C([H])=C(\C([H])([H])[H])C([H])([H])Cl
112,SANC00212,SANC00212_minRM1.pdb,,no_queried_motif,no queried electrophilic motif present,,,,0,0,0,,,354.9,5.13,0,0,0.0,0,[H]/C(Cl)=C(/[H])[C@@]1(C([H])([H])[H])C([H])([H])[C@](Cl)(C([H])([H])Br)[C@@]([H])(Cl)C([H])([H])[C@@]1([H])Cl
113,SANC00213,SANC00213_minRM1.pdb,,no_queried_motif,no queried electrophilic motif present,,,,0,0,0,,,1137.8,4.79,8,19,279.0,0,[H]O[C@@]1([H])C([H])([H])[C@@]2([H])O[C@@]3(O[C@@]([H])(/C([H])=C4/C([H])([H])O[C@]([H])([C@]([H])(C([H])([H])[H])C(=O)C([H])([H])[C@@]5([H])O[C@@]6(O[C@@]([H])(/C([H])=C(/[H])C([H])([H])C([H])([H])C([H])([H])[C@@]7([H])O[C@](O[H])(C([H])([H])[C@]([H])(O[H])[C@@]7([H])C([H])([H])[H])[C@@]([H])(O[H])[C@]7([H])O[C@]([H])(C([H])([H])C(=C([H])[H])C([H])([H])[C@]([H])(O[H])/C([H])=C(\[H])C(Cl)=C([H])[H])[C@@]([H])(O[H])[C@]([H])(OC(=O)C2([H])[H])[C@@]7([H])C([H])([H])[H])C([H])([H])[C@]([H])(O[H])C6([H])[H])C([H])([H])[C@@]([H])(OC([H])([H])[H])C5([H])[H])[C@]4([H])C([H])([H])[H])C([H])([H])[C@@](O[H])(C([H])([H])[H])C3([H])[H])C1([H])[H]
114,SANC00214,SANC00214_minRM1.pdb,,no_queried_motif,no queried electrophilic motif present,,,,0,0,0,,,354.9,5.29,0,0,0.0,0,[H]/C(Cl)=C(/[H])[C@](Cl)(C([H])([H])[H])[C@@]([H])(Cl)/C([H])=C(\[H])[C@](Cl)(C([H])([H])[H])C([H])([H])Br
115,SANC00215,SANC00215_minRM1.pdb,,no_queried_motif,no queried electrophilic motif present,,,,0,0,0,,,399.4,5.45,0,0,0.0,0,[H]/C(Cl)=C(/[H])[C@](Cl)(C([H])([H])[H])[C@@]([H])(Br)/C([H])=C(\[H])[C@](Cl)(C([H])([H])[H])C([H])([H])Br
116,SANC00216,SANC00216_minRM1.pdb,,no_queried_motif,no queried electrophilic motif present,,,,0,0,0,,,364.9,5.23,0,0,0.0,0,[H]/C(=C(/C([H])([H])[H])[C@]([H])(Br)C([H])([H])/C([H])=C(\C([H])([H])[H])C([H])([H])Br)C([H])(Cl)Cl
117,SANC00217,SANC00217_minRM1.pdb,,no_queried_motif,no queried electrophilic motif present,,,,0,0,0,,,399.4,5.45,0,0,0.0,0,[H]/C(=C(\C([H])([H])[H])[C@@]([H])(Br)/C([H])=C(\[H])[C@](Cl)(C([H])([H])[H])C([H])([H])Br)C([H])(Cl)Cl
118,SANC00218,SANC00218_minRM1.pdb,QQPRVDQKBUKZDR-RXKYGRAOSA-N,failed_selection_rule,every matched site has a fully substituted beta-carbon and no retained ring motif,,ab_unsat_carbonyl:1,"ab_unsat_carbonyl[21,7,20,4]",1,1,0,1,,536.6,0.9,4,10,146.3,2,[H]OC(=O)[C@]([H])(N([H])[H])C([H])([H])c1c(S[C@]2([H])[C@]34C5=C([H])C(=O)[C@@]2([H])N2C6=C3C(C(=O)c3c6c(c([H])n3[H])C([H])([H])C2([H])[H])N([H])[C@@]([H])(S5)C4([H])[H])nc([H])n1C([H])([H])[H]
119,SANC00219,SANC00219_minRM1.pdb,,no_queried_motif,no queried electrophilic motif present,,,,0,0,0,,,366.5,4.97,1,3,50.4,1,[H]O[C@@]12C([H])([H])C([H])([H])[C@]([H])(c3c([H])oc(=O)c([H])c3[H])[C@@]1(C([H])([H])[H])C([H])([H])C([H])([H])[C@@]1([H])[C@@]3(C([H])([H])[H])C(=C([H])C([H])([H])[C@@]12[H])C([H])=C([H])C([H])([H])C3([H])[H]
120,SANC00220,SANC00220_minRM1.pdb,,no_queried_motif,no queried electrophilic motif present,,,,0,0,0,,,838.9,-0.31,9,17,267.7,1,[H]OC([H])([H])[C@@]1([H])O[C@@]([H])(O[C@]2([H])[C@@]([H])(O[C@]3([H])O[C@@]([H])(C([H])([H])[H])[C@]([H])(O[H])[C@@]([H])(O[H])[C@@]3([H])O[H])[C@@]([H])(O[H])[C@]([H])(O[C@]3([H])C([H])=C4C([H])([H])C([H])([H])[C@]5([H])[C@]([H])(C([H])([H])C([H])([H])[C@@]6(C([H])([H])[H])[C@]5(O[H])C([H])([H])C([H])([H])[C@]6([H])c5c([H])oc(=O)c([H])c5[H])[C@@]4(C([H])([H])[H])C([H])([H])C3([H])[H])O[C@@]2([H])C([H])([H])[H])[C@]([H])(O[H])[C@@]([H])(O[H])[C@]1([H])O[H]
121,SANC00221,SANC00221_minRM1.pdb,,no_queried_motif,no queried electrophilic motif present,,,,0,0,0,,het_465_misc(1),312.3,1.9,2,6,85.2,2,[H]Oc1c([H])c(O[H])c2c(c1[H])OC([H])([H])[C@]1(C2=O)c2c([H])c3c(c([H])c2C1([H])[H])OC([H])([H])O3
122,SANC00222,SANC00222_minRM1.pdb,,no_queried_motif,no queried electrophilic motif present,,,,0,0,0,,,314.3,1.88,3,6,96.2,2,[H]Oc1c([H])c(O[H])c2c(c1[H])OC([H])([H])[C@]1(C2=O)c2c([H])c(OC([H])([H])[H])c(O[H])c([H])c2C1([H])[H]
123,SANC00223,SANC00223_minRM1.pdb,,no_queried_motif,no queried electrophilic motif present,,,,0,0,0,,,328.3,2.18,2,6,85.2,2,[H]Oc1c([H])c2c(c([H])c1OC([H])([H])[H])[C@]1(C(=O)c3c(O[H])c([H])c(OC([H])([H])[H])c([H])c3OC1([H])[H])C2([H])[H]
124,SANC00224,SANC00224_minRM1.pdb,,no_queried_motif,no queried electrophilic motif present,,,,0,0,0,,,236.4,2.95,1,2,37.3,0,[H]O[C@]1([H])[C@]([H])(C([H])(C([H])([H])[H])C([H])([H])[H])C([H])([H])C([H])([H])[C@@]2(C([H])([H])[H])C(=O)C([H])([H])C([H])([H])C(=C([H])[H])[C@@]21[H]
125,SANC00225,SANC00225_minRM1.pdb,,no_queried_motif,no queried electrophilic motif present,,,,0,0,0,,catechol_A(92),316.3,2.25,3,6,96.2,2,[H]Oc1c([H])c([H])c(C([H])([H])[C@@]2([H])C(=O)c3c(c([H])c(OC([H])([H])[H])c(O[H])c3O[H])OC2([H])[H])c([H])c1[H]
126,SANC00226,SANC00226_minRM1.pdb,,no_queried_motif,no queried electrophilic motif present,,,,0,0,0,,,528.7,6.21,4,6,99.4,1,[H]Oc1c([H])c(C([H])([H])[H])c(O[C@]2([H])OC([H])([H])[C@@]([H])(O[H])[C@@]([H])(O[H])[C@]2([H])O[H])c([H])c1C([H])([H])/C([H])=C(\C([H])([H])[H])C([H])([H])C([H])([H])/C([H])=C(\C([H])([H])[H])C([H])([H])C([H])([H])/C([H])=C(\C([H])([H])[H])C([H])([H])C([H])([H])C([H])=C(C([H])([H])[H])C([H])([H])[H]
127,SANC00227,SANC00227_minRM1.pdb,,no_queried_motif,no queried electrophilic motif present,,,,0,0,0,,,560.7,4.92,3,9,131.8,1,[H]Oc1c([H])c(C([H])([H])[C@@]([H])(OC(=O)C([H])([H])[H])[C@@](O[H])(C([H])([H])OC(=O)C([H])([H])[H])[C@]23O[C@](C([H])([H])[H])(C([H])([H])C2([H])[H])C([H])([H])[C@@]([H])(/C([H])=C(\C([H])([H])[H])C([H])([H])C([H])([H])C([H])=C(C([H])([H])[H])C([H])([H])[H])O3)c(O[H])c([H])c1C([H])([H])[H]
128,SANC00228,SANC00228_minRM1.pdb,,no_queried_motif,no queried electrophilic motif present,,,,0,0,0,,,406.6,4.73,1,5,72.8,0,[H]OC([H])([H])/C([H])=C(\C([H])([H])[H])C([H])([H])C([H])([H])C1=C(C([H])([H])[H])[C@]([H])(OC(=O)C([H])([H])[H])[C@@]([H])(OC(=O)C([H])([H])[H])[C@@]2([H])C(C([H])([H])[H])(C([H])([H])[H])C([H])([H])C([H])([H])C([H])([H])[C@]12C([H])([H])[H]
129,SANC00229,SANC00229_minRM1.pdb,,no_queried_motif,no queried electrophilic motif present,,,,0,0,0,,,272.3,2.67,2,5,79.9,3,[H]Oc1c([H])c(C([H])([H])[H])c2c(oc(=O)c3c(O[H])c([H])c([H])c([H])c32)c1OC([H])([H])[H]
130,SANC00230,SANC00230_minRM1.pdb,,no_queried_motif,no queried electrophilic motif present,,,,0,0,0,,,464.6,4.27,1,7,99.1,0,[H]OC([H])([H])/C([H])=C(\C([H])([H])[H])C([H])([H])C([H])([H])C1=C(C([H])([H])[H])[C@]([H])(OC(=O)C([H])([H])[H])[C@@]([H])(OC(=O)C([H])([H])[H])[C@@]2([H])C(C([H])([H])[H])(C([H])([H])[H])C([H])([H])[C@]([H])(OC(=O)C([H])([H])[H])C([H])([H])[C@]12C([H])([H])[H]
131,SANC00231,SANC00231_minRM1.pdb,,no_queried_motif,no queried electrophilic motif present,,,,0,0,0,,,242.2,2.67,2,4,70.7,3,[H]Oc1c([H])c(C([H])([H])[H])c2c(oc(=O)c3c(O[H])c([H])c([H])c([H])c32)c1[H]
132,SANC00232,SANC00232_minRM1.pdb,,no_queried_motif,no queried electrophilic motif present,,,,0,0,0,,,448.6,5.3,0,6,78.9,0,[H]/C(=C(/C([H])([H])[H])C([H])([H])C([H])([H])C1=C(C([H])([H])[H])[C@]([H])(OC(=O)C([H])([H])[H])[C@@]([H])(OC(=O)C([H])([H])[H])[C@@]2([H])C(C([H])([H])[H])(C([H])([H])[H])C([H])([H])C([H])([H])C([H])([H])[C@]12C([H])([H])[H])C([H])([H])OC(=O)C([H])([H])[H]
133,SANC00233,SANC00233_minRM1.pdb,CUXKHWOVNBHMCR-XUZVPHHTSA-N,retained,at least one site passes the beta-hydrogen or retained-ring rule,,ab_unsat_carbonyl:3,"ab_unsat_carbonyl[20,21,22,23];ab_unsat_carbonyl[21,20,31,32];ab_unsat_carbonyl[25,24,22,23]",3,2,2,1,,430.6,5.03,2,4,74.6,0,[H]OC([H])([H])C([H])([H])[C@]1(C([H])([H])[H])[C@@]([H])([C@]([H])(C([H])([H])[H])C([H])([H])C([H])([H])C([H])([H])C([H])(C([H])([H])[H])C([H])([H])[H])C([H])([H])C([H])([H])[C@@]1([H])C1=C([H])C(=O)C2=C([H])[C@]([H])(O[H])C([H])([H])C([H])([H])[C@]2(C([H])([H])[H])C1=O
134,SANC00234,SANC00234_minRM1.pdb,,no_queried_motif,no queried electrophilic motif present,,,,0,0,0,,,418.7,5.47,3,3,60.7,0,[H]O[C@@]1([H])C([H])([H])C([H])([H])[C@]2(C([H])([H])[H])[C@]3([H])C([H])([H])C([H])([H])[C@@]4(C([H])([H])[H])[C@@]([H])(C([H])([H])C([H])([H])[C@]4([H])[C@]([H])(C([H])([H])[H])C([H])([H])C([H])([H])C([H])([H])C([H])(C([H])([H])[H])C([H])([H])[H])[C@@]3(O[H])C([H])=C([H])[C@@]2(O[H])C1([H])[H]
135,SANC00235,SANC00235_minRM1.pdb,JSDOSRZMMGXYIQ-WTFRGCPCSA-N,failed_selection_rule,every matched site has a fully substituted beta-carbon and no retained ring motif,,ab_unsat_carbonyl:2,"ab_unsat_carbonyl[2,1,11,12];ab_unsat_carbonyl[9,10,11,12]",2,2,0,1,,500.7,5.57,2,6,100.9,0,[H]OC1=C2C(C([H])([H])[H])(C([H])([H])[H])C(=O)C([H])([H])C([H])([H])[C@]2(C([H])([H])[H])C(C([H])([H])C([H])([H])[C@]2([H])[C@](O[H])(C([H])([H])[H])C([H])([H])C([H])([H])[C@]3([H])OC(C([H])([H])[H])(C([H])([H])[H])C(=O)C([H])([H])C([H])([H])[C@@]23C([H])([H])[H])=C(C([H])([H])[H])C1=O
136,SANC00236,SANC00236_minRM1.pdb,,no_queried_motif,no queried electrophilic motif present,,,,0,0,0,,,372.5,4.8,0,5,61.8,1,[H]c1c([H])c([C@@]2(C([H])([H])[H])C([H])([H])C([H])([H])C([H])([H])C(C([H])([H])[H])(C([H])([H])[H])C2([H])[H])c2c3c1[C@]([H])(OC(=O)C([H])([H])[H])O[C@@]3([H])OC(=O)[C@]2([H])C([H])([H])[H]
137,SANC00237,SANC00237_minRM1.pdb,,no_queried_motif,no queried electrophilic motif present,,,,0,0,0,,,392.5,4.99,0,5,61.8,0,[H]/C(=C1\[C@]2([H])[C@@]([H])(OC(=O)C([H])([H])[H])O[C@@]([H])(OC(=O)C([H])([H])[H])[C@]2([H])C([H])([H])C([H])([H])[C@]1([H])[C@@]1(C([H])([H])[H])C([H])([H])C([H])([H])C([H])([H])C(C([H])([H])[H])(C([H])([H])[H])C1([H])[H])C([H])([H])[H]
138,SANC00238,SANC00238_minRM1.pdb,KYPUUOLJPNAIDV-UHFFFAOYSA-N,failed_selection_rule,every matched site has a fully substituted beta-carbon and no retained ring motif,,ab_unsat_carbonyl:1,"ab_unsat_carbonyl[3,4,5,6]",1,1,0,1,imine_one_A(321),188.2,0.27,2,3,62.0,1,[H]C1=C2c3c(c([H])n([H])c3C(=O)C1=O)C([H])([H])C([H])([H])N2[H]
139,SANC00239,SANC00239_minRM1.pdb,STCMSNWIFKZLCO-UHFFFAOYSA-N,retained,at least one site passes the beta-hydrogen or retained-ring rule,,ab_unsat_carbonyl:1,"ab_unsat_carbonyl[2,1,12,13]",1,1,1,1,quinone_A(370),187.2,0.4,2,3,71.2,1,[H]C1=C(N([H])[H])C(=O)c2c3c(c([H])n2[H])C([H])([H])C([H])([H])N=C13
140,SANC00240,SANC00240_minRM1.pdb,,parse_failure,"standardisation failed: Explicit valence for atom # 3 N, 4, is greater than permitted",,,,0,0,0,,,,,,,,,
141,SANC00241,SANC00241_minRM1.pdb,MNFFPBYXUIMSFC-IZZDOVSWSA-N,retained,at least one site passes the beta-hydrogen or retained-ring rule,,ab_unsat_carbonyl:1,"ab_unsat_carbonyl[6,7,18,19]",1,1,1,1,,298.3,2.77,2,5,76.0,2,[H]Oc1c([H])c(O[H])c2c(c1[H])OC([H])([H])/C(=C(/[H])c1c([H])c([H])c(OC([H])([H])[H])c([H])c1[H])C2=O
142,SANC00242,SANC00242_minRM1.pdb,,no_queried_motif,no queried electrophilic motif present,,,,0,0,0,,,316.3,1.66,3,6,96.2,2,[H]Oc1c([H])c(O[H])c2c(c1[H])OC([H])([H])[C@@](O[H])(C([H])([H])c1c([H])c([H])c(OC([H])([H])[H])c([H])c1[H])C2=O
143,SANC00243,SANC00243_minRM1.pdb,ZQTVKHLRTZRJSM-YRNVUSSQSA-N,retained,at least one site passes the beta-hydrogen or retained-ring rule,,ab_unsat_carbonyl:1,"ab_unsat_carbonyl[6,7,20,21]",1,1,1,1,,328.3,2.77,2,6,85.2,2,[H]Oc1c([H])c(O[H])c2c(c1OC([H])([H])[H])OC([H])([H])/C(=C(/[H])c1c([H])c([H])c(OC([H])([H])[H])c([H])c1[H])C2=O
144,SANC00244,SANC00244_minRM1.pdb,XBKVYKNZOWKIBD-UXBLZVDNSA-N,retained,at least one site passes the beta-hydrogen or retained-ring rule,,ab_unsat_carbonyl:1,"ab_unsat_carbonyl[10,9,18,19]",1,1,1,1,,314.3,2.47,3,6,96.2,2,[H]Oc1c([H])c([H])c(/C([H])=C2/C(=O)c3c(c([H])c(O[H])c(OC([H])([H])[H])c3O[H])OC2([H])[H])c([H])c1[H]
145,SANC00245,SANC00245_minRM1.pdb,,no_queried_motif,no queried electrophilic motif present,,,,0,0,0,,,316.3,2.25,3,6,96.2,2,[H]Oc1c([H])c([H])c(C([H])([H])[C@@]2([H])C(=O)c3c(c([H])c(O[H])c(OC([H])([H])[H])c3O[H])OC2([H])[H])c([H])c1[H]
146,SANC00246,SANC00246_minRM1.pdb,SJWWTRQNNRNTPU-MAIVXNBGSA-N,retained,at least one site passes the beta-hydrogen or retained-ring rule,,ab_unsat_carbonyl:1,"ab_unsat_carbonyl[33,34,36,37]",1,1,1,1,,658.9,8.69,2,6,96.4,0,[H]O[C@@]1([H])C([H])([H])C(C([H])([H])[H])(C([H])([H])[H])[C@]2(C([H])([H])C(=O)/C(=C([H])/C([H])=C([H])/C(=C([H])/C([H])=C([H])/C([H])=C(/C([H])=C([H])/C([H])=C(/C([H])=C=C3C(C([H])([H])[H])(C([H])([H])[H])C([H])([H])[C@]([H])(OC(=O)C([H])([H])[H])C([H])([H])[C@]3(O[H])C([H])([H])[H])C([H])([H])[H])C([H])([H])[H])C([H])([H])[H])C([H])([H])[H])O[C@]2(C([H])([H])[H])C1([H])[H]
147,SANC00247,SANC00247_minRM1.pdb,IKUIJYZNRMQNBM-FWXQPYBBSA-N,retained,at least one site passes the beta-hydrogen or retained-ring rule,,ab_unsat_carbonyl:5;para_quinone:1,"ab_unsat_carbonyl[7,6,28,29];ab_unsat_carbonyl[19,20,21,22];ab_unsat_carbonyl[20,19,26,27];ab_unsat_carbonyl[23,24,26,27];ab_unsat_carbonyl[24,23,21,22];para_quinone[22,21,20,19,26,27,24,23]",6,3,3,2,quinone_A(370),424.6,6.61,1,4,71.4,0,[H]OC(=O)/C(=C(/[H])C([H])([H])C([H])([H])/C(=C(\[H])C([H])([H])C([H])([H])/C(=C(\[H])C([H])([H])C1=C([H])C(=O)C([H])=C(C([H])([H])[H])C1=O)C([H])([H])[H])C([H])([H])[H])C([H])([H])C([H])([H])C([H])=C(C([H])([H])[H])C([H])([H])[H]
148,SANC00248,SANC00248_minRM1.pdb,LBHIBZMBLXNKLE-TZDKVAQASA-N,retained,at least one site passes the beta-hydrogen or retained-ring rule,,ab_unsat_carbonyl:5;para_quinone:1,"ab_unsat_carbonyl[9,6,7,8];ab_unsat_carbonyl[21,22,23,24];ab_unsat_carbonyl[22,21,28,29];ab_unsat_carbonyl[25,26,28,29];ab_unsat_carbonyl[26,25,23,24];para_quinone[24,23,22,21,28,29,26,25]",6,3,3,2,quinone_A(370),408.6,6.73,0,3,51.2,0,[H]C(=O)/C(=C(/[H])C([H])([H])C([H])([H])/C(=C(\[H])C([H])([H])C([H])([H])/C(=C(\[H])C([H])([H])C1=C([H])C(=O)C([H])=C(C([H])([H])[H])C1=O)C([H])([H])[H])C([H])([H])[H])C([H])([H])C([H])([H])C([H])=C(C([H])([H])[H])C([H])([H])[H]
149,SANC00249,SANC00249_minRM1.pdb,PYFBXVNGGWCUQY-QUAZDUCUSA-N,failed_selection_rule,every matched site has a fully substituted beta-carbon and no retained ring motif,,ab_unsat_carbonyl:1,"ab_unsat_carbonyl[3,2,1,0]",1,1,0,1,imine_one_A(321),320.3,-1.65,4,7,121.0,1,[H]OC([H])([H])[C@@]1([H])O[C@]([H])(n2c([H])c3c4c2C(=O)C(=O)C([H])=C4N([H])C([H])([H])C3([H])[H])[C@]([H])(O[H])[C@]1([H])O[H]
150,SANC00250,SANC00250_minRM1.pdb,ASCPFLQSHKBTRD-FWXQPYBBSA-N,retained,at least one site passes the beta-hydrogen or retained-ring rule,,ab_unsat_carbonyl:1,"ab_unsat_carbonyl[7,6,28,29]",1,1,1,1,,426.6,7.16,3,4,77.8,1,[H]OC(=O)/C(=C(/[H])C([H])([H])C([H])([H])/C(=C(\[H])C([H])([H])C([H])([H])/C(=C(\[H])C([H])([H])c1c([H])c(O[H])c([H])c(C([H])([H])[H])c1O[H])C([H])([H])[H])C([H])([H])[H])C([H])([H])C([H])([H])C([H])=C(C([H])([H])[H])C([H])([H])[H]
151,SANC00251,SANC00251_minRM1.pdb,AUNGFOATFKRUPG-QUAZDUCUSA-N,retained,at least one site passes the beta-hydrogen or retained-ring rule,,ab_unsat_carbonyl:1,"ab_unsat_carbonyl[2,1,23,24]",1,1,1,1,quinone_A(370),319.3,-1.52,4,7,130.3,1,[H]OC([H])([H])[C@@]1([H])O[C@]([H])(n2c([H])c3c4c2C(=O)C(N([H])[H])=C([H])C4=NC([H])([H])C3([H])[H])[C@]([H])(O[H])[C@]1([H])O[H]
152,SANC00252,SANC00252_minRM1.pdb,,no_queried_motif,no queried electrophilic motif present,,,,0,0,0,,,274.0,4.69,0,0,0.0,0,[H]C([H])=C(/C([H])=C(\[H])[C@@]([H])(Cl)[C@@](Cl)(C([H])=C([H])[H])C([H])([H])[H])C([H])(Cl)Cl
153,SANC00253,SANC00253_minRM1.pdb,XUSPHMFWFNGRPP-POHAHGRESA-N,retained,at least one site passes the beta-hydrogen or retained-ring rule,,ab_unsat_carbonyl:1,"ab_unsat_carbonyl[12,11,9,10]",1,1,1,1,,314.3,2.47,3,6,96.2,2,[H]Oc1c([H])c([H])c(/C([H])=C2\C(=O)c3c(O[H])c([H])c(O[H])c(OC([H])([H])[H])c3OC2([H])[H])c([H])c1[H]
154,SANC00254,SANC00254_minRM1.pdb,,no_queried_motif,no queried electrophilic motif present,,,,0,0,0,,,308.5,5.26,0,0,0.0,0,[H]C([H])=C([H])[C@@](Cl)(C([H])([H])[H])[C@]([H])(Cl)/C([H])=C([H])/C(=C(/[H])Cl)C([H])(Cl)Cl
155,SANC00255,SANC00255_minRM1.pdb,VUMGFDOJOXNAHX-RRQHCXFGSA-N,retained,at least one site passes the beta-hydrogen or retained-ring rule,,ab_unsat_carbonyl:1,"ab_unsat_carbonyl[13,10,11,12]",1,1,1,1,,253.6,3.66,0,1,17.1,0,[H]C(=O)C(=C(\[H])Cl)/C([H])=C(\[H])[C@@]([H])(Cl)[C@@](Cl)(C([H])=C([H])[H])C([H])([H])[H]
156,SANC00256,SANC00256_minRM1.pdb,,no_queried_motif,no queried electrophilic motif present,,,,0,0,0,,,180.2,-0.0,3,3,82.2,1,[H]OC(=O)c1c2c(c([H])n1[H])C([H])([H])C([H])([H])N([H])C2=O
157,SANC00257,SANC00257_minRM1.pdb,LLINHWDEBZOLGN-CVDLMKFLSA-N,failed_selection_rule,every matched site has a fully substituted beta-carbon and no retained ring motif,,ab_unsat_carbonyl:2,"ab_unsat_carbonyl[19,21,23,24];ab_unsat_carbonyl[26,25,23,24]",2,2,0,1,,436.6,5.54,2,4,74.6,0,[H]OC1=C(C([H])([H])[H])C2=C([H])C([H])=C3[C@](C([H])([H])[H])(C2=C([H])C1=O)C([H])([H])C([H])([H])[C@]1(C([H])([H])[H])[C@]3(C([H])([H])[H])C([H])([H])C([H])([H])[C@@]2(C([H])([H])[H])C([H])([H])C(=O)[C@@](O[H])(C([H])([H])[H])C([H])([H])[C@]21[H]
158,SANC00258,SANC00258_minRM1.pdb,PKCWSPYCHMNVKB-YHYXMXQVSA-N,retained,at least one site passes the beta-hydrogen or retained-ring rule,,ab_unsat_carbonyl:1,"ab_unsat_carbonyl[3,2,1,0]",1,1,1,1,,284.3,2.46,3,5,87.0,2,[H]Oc1c([H])c([H])c(/C([H])=C2\C(=O)c3c(O[H])c([H])c(O[H])c([H])c3OC2([H])[H])c([H])c1[H]
159,SANC00259,SANC00259_minRM1.pdb,,no_queried_motif,no queried electrophilic motif present,,,,0,0,0,,,284.0,4.63,0,0,0.0,0,[H]C([H])=C([H])[C@@](Cl)(C([H])([H])[H])[C@@]([H])(Cl)/C([H])=C([H])/C(=C(/[H])Br)C([H])([H])[H]
160,SANC00260,SANC00260_minRM1.pdb,,no_queried_motif,no queried electrophilic motif present,,,,0,0,0,,,316.3,2.25,3,6,96.2,2,[H]Oc1c([H])c([H])c(C([H])([H])[C@@]2([H])C(=O)c3c(O[H])c([H])c(O[H])c(OC([H])([H])[H])c3OC2([H])[H])c([H])c1[H]
161,SANC00261,SANC00261_minRM1.pdb,,no_queried_motif,no queried electrophilic motif present,,,,0,0,0,,,442.7,7.14,2,2,40.5,0,[H]O[C@]1([H])C([H])([H])C([H])([H])[C@]2(C([H])([H])[H])[C@]([H])(C([H])([H])C([H])([H])[C@@]3(C([H])([H])[H])[C@@]4(C([H])([H])[H])C(=C([H])[C@@]([H])(O[H])[C@]23[H])[C@]2([H])C([H])([H])C(C([H])([H])[H])(C([H])([H])[H])C([H])([H])C([H])([H])[C@@]2(C([H])([H])[H])C([H])([H])C4([H])[H])C1(C([H])([H])[H])C([H])([H])[H]
162,SANC00262,SANC00262_minRM1.pdb,,no_queried_motif,no queried electrophilic motif present,,,,0,0,0,,,229.3,2.75,1,2,42.1,2,[H]c1c2c(c3c(c([H])c(C([H])([H])OC([H])([H])[H])n3[H])c1C([H])([H])[H])C(=O)C([H])([H])C2([H])[H]
163,SANC00263,SANC00263_minRM1.pdb,,no_queried_motif,no queried electrophilic motif present,,,,0,0,0,,,272.3,2.51,3,5,87.0,2,[H]Oc1c([H])c([H])c([C@@]2([H])Oc3c([H])c(O[H])c([H])c(O[H])c3C(=O)C2([H])[H])c([H])c1[H]
164,SANC00264,SANC00264_minRM1.pdb,WSTYNZDAOAEEKG-GWJSGULQSA-N,failed_selection_rule,every matched site has a fully substituted beta-carbon and no retained ring motif,,ab_unsat_carbonyl:2,"ab_unsat_carbonyl[19,21,23,24];ab_unsat_carbonyl[26,25,23,24]",2,2,0,1,,420.6,6.42,1,3,54.4,0,[H]OC1=C(C([H])([H])[H])C2=C([H])C([H])=C3[C@](C([H])([H])[H])(C2=C([H])C1=O)C([H])([H])C([H])([H])[C@]1(C([H])([H])[H])[C@]3(C([H])([H])[H])C([H])([H])C([H])([H])[C@@]2(C([H])([H])[H])C([H])([H])C(=O)[C@]([H])(C([H])([H])[H])C([H])([H])[C@]21[H]
165,SANC00265,SANC00265_minRM1.pdb,QIRUFAFQGKOTKA-ZRWKYKNNSA-N,failed_selection_rule,every matched site has a fully substituted beta-carbon and no retained ring motif,,ab_unsat_carbonyl:2,"ab_unsat_carbonyl[21,23,25,26];ab_unsat_carbonyl[28,27,25,26]",2,2,0,1,,436.6,5.39,2,4,74.6,0,[H]OC1=C(C([H])([H])[H])C2=C([H])C([H])=C3[C@](C([H])([H])[H])(C2=C([H])C1=O)C([H])([H])C([H])([H])[C@]1(C([H])([H])[H])[C@]3(C([H])([H])[H])C([H])([H])C([H])([H])[C@]2(C([H])([H])[H])[C@@]1([H])C([H])([H])[C@@]([H])(C([H])([H])[H])C(=O)[C@@]2([H])O[H]
166,SANC00266,SANC00266_minRM1.pdb,,no_queried_motif,no queried electrophilic motif present,,,,0,0,0,,,215.3,2.1,2,2,53.1,2,[H]OC([H])([H])c1c([H])c2c(C([H])([H])[H])c([H])c3c(c2n1[H])C(=O)C([H])([H])C3([H])[H]
167,SANC00267,SANC00267_minRM1.pdb,,no_queried_motif,no queried electrophilic motif present,,,,0,0,0,,,245.3,2.46,2,3,62.3,2,[H]Oc1c2c(c3c(c([H])c(C([H])([H])OC([H])([H])[H])n3[H])c1C([H])([H])[H])C(=O)C([H])([H])C2([H])[H]
168,SANC00268,SANC00268_minRM1.pdb,,no_queried_motif,no queried electrophilic motif present,,,,0,0,0,,,330.3,2.55,2,6,85.2,2,[H]Oc1c([H])c(O[H])c2c(c1OC([H])([H])[H])OC([H])([H])[C@]([H])(C([H])([H])c1c([H])c([H])c(OC([H])([H])[H])c([H])c1[H])C2=O
169,SANC00269,SANC00269_minRM1.pdb,,no_queried_motif,no queried electrophilic motif present,,,,0,0,0,,,312.3,-1.92,5,7,141.2,1,[H]OC(=O)c1c2c(c([H])n1[C@]1([H])O[C@]([H])(C([H])([H])O[H])[C@@]([H])(O[H])[C@@]1([H])O[H])C([H])([H])C([H])([H])N([H])C2=O
170,SANC00270,SANC00270_minRM1.pdb,,no_queried_motif,no queried electrophilic motif present,,,,0,0,0,,,387.4,5.98,0,0,0.0,0,[H]/C(Cl)=C(\C([H])=C(/[H])[C@]([H])(Cl)[C@@](Cl)(/C([H])=C(/[H])Br)C([H])([H])[H])C([H])(Cl)Cl
171,SANC00271,SANC00271_minRM1.pdb,,no_queried_motif,no queried electrophilic motif present,,,,0,0,0,,,387.4,5.98,0,0,0.0,0,[H]/C(Cl)=C(\C([H])=C(/[H])[C@@]([H])(Cl)[C@@](Cl)(/C([H])=C(/[H])Br)C([H])([H])[H])C([H])(Cl)Cl
172,SANC00272,SANC00272_minRM1.pdb,,no_queried_motif,no queried electrophilic motif present,,,,0,0,0,,,362.9,5.35,0,0,0.0,0,[H]/C(Br)=C(/C([H])=C(\[H])[C@]([H])(Cl)[C@@](Cl)(/C([H])=C(/[H])Br)C([H])([H])[H])C([H])([H])[H]
173,SANC00273,SANC00273_minRM1.pdb,,no_queried_motif,no queried electrophilic motif present,,,,0,0,0,,,362.9,5.35,0,0,0.0,0,[H]/C(Br)=C(/C([H])=C(\[H])[C@]([H])(Cl)[C@](Cl)(/C([H])=C(/[H])Br)C([H])([H])[H])C([H])([H])[H]
174,SANC00274,SANC00274_minRM1.pdb,,no_queried_motif,no queried electrophilic motif present,,,,0,0,0,,,387.4,5.98,0,0,0.0,0,[H]/C(Cl)=C(\C([H])=C(/[H])[C@]([H])(Cl)[C@](Cl)(/C([H])=C(/[H])Br)C([H])([H])[H])C([H])(Cl)Cl
175,SANC00275,SANC00275_minRM1.pdb,,no_queried_motif,no queried electrophilic motif present,,,,0,0,0,,,278.0,4.79,0,0,0.0,0,[H]C([H])=C([H])[C@](Cl)(C([H])([H])[H])[C@@]([H])(Cl)C([H])([H])[C@@]([H])(Cl)C(Cl)(C([H])([H])[H])C([H])([H])[H]
176,SANC00276,SANC00276_minRM1.pdb,,no_queried_motif,no queried electrophilic motif present,,,,0,0,0,,,308.5,5.26,0,0,0.0,0,[H]C([H])=C([H])[C@@](Cl)(C([H])([H])[H])[C@]([H])(Cl)/C([H])=C([H])/C(=C(\[H])Cl)C([H])(Cl)Cl
177,SANC00277,SANC00277_minRM1.pdb,,no_queried_motif,no queried electrophilic motif present,,,,0,0,0,,,284.0,4.63,0,0,0.0,0,[H]C([H])=C([H])[C@@](Cl)(C([H])([H])[H])[C@]([H])(Cl)/C([H])=C([H])/C(=C(/[H])Br)C([H])([H])[H]
178,SANC00279,SANC00279_minRM1.pdb,CMHWMOGWFZWDMR-FVGBAMMESA-N,failed_selection_rule,every matched site has a fully substituted beta-carbon and no retained ring motif,,ab_unsat_carbonyl:1,"ab_unsat_carbonyl[14,15,16,17]",1,1,0,1,,536.7,1.43,5,9,145.9,0,[H]OC([H])([H])[C@@]1([H])O[C@@]([H])(O[C@@]2([H])C([H])([H])C([H])([H])[C@@]3(C([H])([H])[H])[C@]([H])(C([H])([H])C([H])([H])[C@]4([H])[C@]3([H])C([H])([H])C([H])([H])[C@@]3(C([H])([H])[H])[C@]4(O[H])C([H])([H])C([H])([H])[C@]3([H])C3=C([H])C(=O)OC3([H])[H])C2([H])[H])[C@]([H])(O[H])[C@@]([H])(O[H])[C@]1([H])O[H]
179,SANC00280,SANC00280_minRM1.pdb,OPJMUCWJTABMGQ-GOSISDBHSA-N,retained,at least one site passes the beta-hydrogen or retained-ring rule,,ab_unsat_carbonyl:2,"ab_unsat_carbonyl[9,8,19,20];ab_unsat_carbonyl[22,23,1,0]",2,2,1,1,quinone_A(370),384.2,2.56,2,4,74.3,1,[H]C1=C([H])[C@]2(C([H])=C(Br)C(=O)C([H])([H])C2([H])[H])C2=C(C(=O)c3c4c(c([H])n3[H])C([H])([H])C([H])([H])N=C24)N1[H]
180,SANC00281,SANC00281_minRM1.pdb,MTXOHECJOIIIJM-PHFLZNSYSA-N,retained,at least one site passes the beta-hydrogen or retained-ring rule,,ab_unsat_carbonyl:1,"ab_unsat_carbonyl[15,16,17,18]",1,1,1,1,,460.6,2.74,2,7,110.1,0,[H]O[C@]12[C@]([H])(C([H])([H])[H])C([H])([H])[C@@]3(OC(=O)C([H])(C([H])([H])[H])C([H])([H])[H])C(C([H])([H])[H])(C([H])([H])[H])[C@@]3([H])[C@]1([H])C([H])=C(C([H])([H])OC(=O)C([H])([H])[H])C([H])([H])[C@]1(O[H])C(=O)C(C([H])([H])[H])=C([H])[C@@]21[H]
181,SANC00282,SANC00282_minRM1.pdb,QOSLYAARSBMQOF-MZUBUUIOSA-N,retained,at least one site passes the beta-hydrogen or retained-ring rule,,ab_unsat_carbonyl:1,"ab_unsat_carbonyl[25,26,27,28]",1,1,1,1,,474.6,3.13,2,7,110.1,0,[H]O[C@]12[C@]([H])(C([H])([H])[H])C([H])([H])[C@@]3(OC(=O)[C@]([H])(C([H])([H])[H])C([H])([H])C([H])([H])[H])C(C([H])([H])[H])(C([H])([H])[H])[C@@]3([H])[C@]1([H])C([H])=C(C([H])([H])OC(=O)C([H])([H])[H])C([H])([H])[C@]1(O[H])C(=O)C(C([H])([H])[H])=C([H])[C@@]21[H]
182,SANC00283,SANC00283_minRM1.pdb,QNKISBVKIGAFCJ-WZMNZSSYSA-N,retained,at least one site passes the beta-hydrogen or retained-ring rule,,ab_unsat_carbonyl:2,"ab_unsat_carbonyl[16,14,12,13];ab_unsat_carbonyl[40,38,36,37]",2,2,2,1,,558.7,3.23,2,9,136.4,0,[H]O[C@]12[C@]([H])(C([H])([H])[H])C([H])([H])[C@@]3(OC(=O)C([H])(C([H])([H])[H])C([H])([H])[H])[C@](C([H])([H])[H])(C([H])([H])OC(=O)/C(=C(/[H])C([H])([H])[H])C([H])([H])[H])[C@@]3([H])[C@]1([H])C([H])=C(C([H])([H])OC(=O)C([H])([H])[H])C([H])([H])[C@]1(O[H])C(=O)C(C([H])([H])[H])=C([H])[C@@]21[H]
183,SANC00284,SANC00284_minRM1.pdb,,no_queried_motif,no queried electrophilic motif present,,,,0,0,0,,,328.3,-1.2,5,9,145.9,1,[H]Oc1c([H])c2c(c(O[H])c1OC([H])([H])[H])[C@]1([H])O[C@@]([H])(C([H])([H])O[H])[C@@]([H])(O[H])[C@]([H])(O[H])[C@@]1([H])OC2=O
184,SANC00285,SANC00285_minRM1.pdb,MUVAUVCBWUYMCT-LHHFSJCCSA-N,retained,at least one site passes the beta-hydrogen or retained-ring rule,,ab_unsat_carbonyl:2,"ab_unsat_carbonyl[16,14,12,13];ab_unsat_carbonyl[41,39,37,38]",2,2,2,1,,572.7,3.62,2,9,136.4,0,[H]O[C@]12[C@]([H])(C([H])([H])[H])C([H])([H])[C@@]3(OC(=O)[C@@]([H])(C([H])([H])[H])C([H])([H])C([H])([H])[H])[C@](C([H])([H])[H])(C([H])([H])OC(=O)/C(=C(/[H])C([H])([H])[H])C([H])([H])[H])[C@@]3([H])[C@]1([H])C([H])=C(C([H])([H])OC(=O)C([H])([H])[H])C([H])([H])[C@]1(O[H])C(=O)C(C([H])([H])[H])=C([H])[C@@]21[H]
185,SANC00286,SANC00286_minRM1.pdb,,no_queried_motif,no queried electrophilic motif present,,,,0,0,0,,catechol_A(92),290.3,1.55,5,6,110.4,2,[H]Oc1c([H])c(O[H])c2c(c1[H])O[C@]([H])(c1c([H])c([H])c(O[H])c(O[H])c1[H])[C@@]([H])(O[H])C2([H])[H]
186,SANC00287,SANC00287_minRM1.pdb,,no_queried_motif,no queried electrophilic motif present,,,,0,0,0,,,443.7,5.09,2,4,72.5,0,[H]O[C@]1(/C([H])=C(\[H])[C@]([H])(C([H])([H])[H])C([H])(C([H])([H])[H])C([H])([H])[H])C(=O)O[C@@]2([H])C([H])([H])[C@@]3([H])[C@]4([H])C([H])([H])C([H])([H])[C@@]5([H])C([H])([H])[C@@]([H])(N([H])[H])C([H])([H])C([H])([H])[C@]5(C([H])([H])[H])[C@@]4([H])C([H])([H])C([H])([H])[C@]3(C([H])([H])[H])[C@]21[H]
187,SANC00288,SANC00288_minRM1.pdb,,no_queried_motif,no queried electrophilic motif present,,,,0,0,0,,,431.7,5.07,2,4,72.5,0,[H]O[C@]1(C([H])([H])C([H])([H])C([H])([H])C([H])(C([H])([H])[H])C([H])([H])[H])C(=O)O[C@@]2([H])C([H])([H])[C@@]3([H])[C@]4([H])C([H])([H])C([H])([H])[C@@]5([H])C([H])([H])[C@@]([H])(N([H])[H])C([H])([H])C([H])([H])[C@]5(C([H])([H])[H])[C@@]4([H])C([H])([H])C([H])([H])[C@]3(C([H])([H])[H])[C@]21[H]
188,SANC00289,SANC00289_minRM1.pdb,,no_queried_motif,no queried electrophilic motif present,,,,0,0,0,,,443.7,5.23,2,4,72.5,0,[H]O[C@]1(C([H])([H])C([H])([H])[C@]([H])(C(=C([H])[H])C([H])([H])[H])C([H])([H])[H])C(=O)O[C@@]2([H])C([H])([H])[C@@]3([H])[C@]4([H])C([H])([H])C([H])([H])[C@@]5([H])C([H])([H])[C@@]([H])(N([H])[H])C([H])([H])C([H])([H])[C@]5(C([H])([H])[H])[C@@]4([H])C([H])([H])C([H])([H])[C@]3(C([H])([H])[H])[C@]21[H]
189,SANC00290,SANC00290_minRM1.pdb,,no_queried_motif,no queried electrophilic motif present,,,,0,0,0,,,401.5,3.58,1,5,78.6,0,[H]N([H])[C@@]1([H])C([H])([H])C([H])([H])[C@@]2(C([H])([H])[H])[C@@]([H])(C([H])([H])C([H])([H])[C@]3([H])[C@]2([H])C([H])([H])C([H])([H])[C@@]2(C([H])([H])[H])[C@@]3([H])C([H])([H])[C@]3([H])OC(=O)[C@@]4(OC(=O)C([H])([H])C4([H])[H])[C@]23[H])C1([H])[H]
190,SANC00291,SANC00291_minRM1.pdb,,no_queried_motif,no queried electrophilic motif present,,,,0,0,0,,,332.4,3.72,1,4,59.7,1,[H]O[C@]1(C([H])([H])C([H])([H])c2c([H])oc([H])c2[H])[C@]([H])(C([H])([H])[H])C([H])([H])[C@@]2([H])OC(=O)[C@@]3(C([H])([H])[H])C([H])([H])C([H])([H])C([H])([H])[C@@]1(C([H])([H])[H])[C@]32[H]
191,SANC00292,SANC00292_minRM1.pdb,BJSSJVCQCFTQDJ-OTSRJQTQSA-N,retained,at least one site passes the beta-hydrogen or retained-ring rule,,ab_unsat_carbonyl:1,"ab_unsat_carbonyl[3,4,5,6]",1,1,1,1,,624.8,2.34,4,11,153.4,0,[H]OC([H])([H])[C@]1([H])OC(=O)/C([H])=C(\[H])C([H])([H])[C@]2([H])O[C@@]([H])(C([H])([H])[C@]([H])(O[C@]3([H])O[C@@]([H])(C([H])([H])[H])[C@]([H])(O[H])[C@@]([H])(O[H])[C@@]3([H])OC([H])([H])[H])C2([H])[H])C([H])([H])[C@@]([H])(C([H])([H])[H])/C([H])=C([H])/C([H])=C(/[H])C([H])([H])[C@@]2([H])O[C@]([H])(C([H])([H])[C@@]2([H])C([H])([H])[H])[C@]([H])(O[H])C1([H])[H]
192,SANC00293,SANC00293_minRM1.pdb,,no_queried_motif,no queried electrophilic motif present,,,,0,0,0,,,710.9,2.64,4,13,179.7,0,[H]O[C@@]1([H])[C@@]([H])(OC([H])([H])[H])[C@]([H])(O[C@@]2([H])C([H])([H])[C@]3([H])O[C@]([H])(C2([H])[H])C([H])([H])[C@@]([H])(OC(=O)C([H])([H])C([H])([H])C([H])([H])[H])[C@@]2(O[H])C(=O)O[C@@]([H])(C2([H])[H])C([H])([H])[C@@]([H])(O[H])[C@]2([H])O[C@]([H])(C([H])([H])/C([H])=C([H])/C([H])=C(\[H])[C@]([H])(C([H])([H])[H])C3([H])[H])[C@]([H])(C([H])([H])[H])C2([H])[H])O[C@@]([H])(C([H])([H])[H])[C@@]1([H])O[H]
193,SANC00294,SANC00294_minRM1.pdb,,no_queried_motif,no queried electrophilic motif present,,,,0,0,0,,,566.7,2.1,4,10,152.0,0,[H]O[C@@]1([H])C([H])([H])[C@]2([H])O[C@]([H])(C1([H])[H])C([H])([H])[C@@]([H])(OC(=O)C([H])([H])C([H])([H])C([H])([H])[H])[C@@]1(O[H])C(=O)O[C@]([H])(C([H])([H])[C@@]([H])(O[H])[C@]3([H])O[C@]([H])(C([H])([H])/C([H])=C([H])/C([H])=C(\[H])[C@]([H])(C([H])([H])[H])C2([H])[H])[C@]([H])(C([H])([H])[H])C3([H])[H])[C@]1([H])O[H]
194,SANC00295,SANC00295_minRM1.pdb,,no_queried_motif,no queried electrophilic motif present,,,,0,0,0,,,636.8,3.45,3,11,158.0,0,[H]O[C@@]1([H])C([H])([H])[C@]2([H])O[C@]([H])(C1([H])[H])C([H])([H])[C@@]([H])(OC(=O)C([H])([H])C([H])([H])C([H])([H])[H])[C@@]1(O[H])C(=O)O[C@]([H])(C([H])([H])[C@@]([H])(O[H])[C@]3([H])O[C@]([H])(C([H])([H])/C([H])=C([H])/C([H])=C(\[H])[C@]([H])(C([H])([H])[H])C2([H])[H])[C@]([H])(C([H])([H])[H])C3([H])[H])[C@]1([H])OC(=O)C([H])([H])C([H])([H])C([H])([H])[H]
195,SANC00296,SANC00296_minRM1.pdb,,no_queried_motif,no queried electrophilic motif present,,,,0,0,0,,,853.9,3.74,4,14,221.3,3,[H]O[C@]12C(C([H])([H])[H])(C([H])([H])[H])C(=C(C([H])([H])[H])[C@@]([H])(OC(=O)[C@]([H])(O[H])[C@]([H])(c3c([H])c([H])c([H])c([H])c3[H])N([H])C(=O)c3c([H])c([H])c([H])c([H])c3[H])C1([H])[H])[C@@]([H])(OC(=O)C([H])([H])[H])C(=O)[C@@]1(C([H])([H])[H])[C@]([H])([C@]2([H])OC(=O)c2c([H])c([H])c([H])c([H])c2[H])[C@]2(OC(=O)C([H])([H])[H])C([H])([H])O[C@]2([H])C([H])([H])[C@]1([H])O[H]
196,SANC00297,SANC00297_minRM1.pdb,LDAIOVKPAKFZHM-FBUXBERBSA-N,retained,at least one site passes the beta-hydrogen or retained-ring rule,,ab_unsat_carbonyl:1,"ab_unsat_carbonyl[3,4,5,6]",1,1,1,1,,248.3,2.05,1,3,54.4,0,[H]O[C@]1(C([H])=O)C(C([H])=O)=C([H])C([H])([H])[C@@]2([H])C(=C([H])[H])[C@@]([H])(C([H])([H])[H])C([H])([H])C([H])([H])[C@]12C([H])([H])[H]
197,SANC00298,SANC00298_minRM1.pdb,FJHYOVJXDRUWEY-UMGCXCHVSA-N,retained,at least one site passes the beta-hydrogen or retained-ring rule,,ab_unsat_carbonyl:1;exo_methylene_carbonyl:1,"ab_unsat_carbonyl[17,16,14,15];exo_methylene_carbonyl[17,16,14,15]",2,1,1,1,,364.4,1.25,1,7,94.6,0,[H]O[C@@]1([H])OC([H])([H])/C2=C(/[H])[C@@]3([H])OC(=O)[C@@]([H])(C([H])([H])[H])[C@]3([H])[C@@]([H])(OC(=O)C(=C([H])[H])C([H])([H])[H])C([H])([H])[C@]13O[C@]3([H])C([H])([H])C2([H])[H]
198,SANC00299,SANC00299_minRM1.pdb,ZSXNBLOPYIJLQV-WSVVRNJXSA-N,retained,at least one site passes the beta-hydrogen or retained-ring rule,,ab_unsat_carbonyl:3;exo_methylene_carbonyl:3,"ab_unsat_carbonyl[3,2,4,5];ab_unsat_carbonyl[12,11,13,14];ab_unsat_carbonyl[27,26,24,25];exo_methylene_carbonyl[3,2,4,5];exo_methylene_carbonyl[12,11,13,14];exo_methylene_carbonyl[27,26,24,25]",6,3,3,1,,360.4,0.85,1,7,99.1,0,[H]OC([H])([H])C(C(=O)O[C@@]1([H])C([H])([H])[C@]2(C([H])=C([H])[H])C([H])([H])OC(=O)C(=C([H])[H])[C@]2([H])[C@@]2([H])OC(=O)C(=C([H])[H])[C@@]21[H])=C([H])[H]
199,SANC00300,SANC00300_minRM1.pdb,ZGXVZQZFVYSUDU-PBFHVCIPSA-N,retained,at least one site passes the beta-hydrogen or retained-ring rule,,ab_unsat_carbonyl:2;exo_methylene_carbonyl:2,"ab_unsat_carbonyl[17,16,14,15];ab_unsat_carbonyl[22,21,23,24];exo_methylene_carbonyl[17,16,14,15];exo_methylene_carbonyl[22,21,23,24]",4,2,2,1,,362.4,1.17,1,7,94.6,0,[H]O[C@@]1([H])OC([H])([H])/C2=C(/[H])[C@@]3([H])OC(=O)C(=C([H])[H])[C@]3([H])[C@@]([H])(OC(=O)C(=C([H])[H])C([H])([H])[H])C([H])([H])[C@]13O[C@]3([H])C([H])([H])C2([H])[H]
200,SANC00302,SANC00302_minRM1.pdb,,no_queried_motif,no queried electrophilic motif present,,,,0,0,0,,,274.9,3.69,1,0,15.8,2,[H]c1c(Br)c([H])c2c(c1[H])c(Br)c([H])n2[H]
201,SANC00303,SANC00303_minRM1.pdb,,no_queried_motif,no queried electrophilic motif present,,,,0,0,0,,,230.5,3.58,1,0,15.8,2,[H]c1c(Br)c([H])c2c(c1[H])c(Cl)c([H])n2[H]
202,SANC00304,SANC00304_minRM1.pdb,,no_queried_motif,no queried electrophilic motif present,,,,0,0,0,,,212.0,1.94,1,1,29.1,1,[H]c1c([H])c2c(c([H])c1Br)N([H])C(=O)C2([H])[H]
203,SANC00305,SANC00305_minRM1.pdb,,no_queried_motif,no queried electrophilic motif present,,,,0,0,0,,,302.4,2.91,1,3,54.4,0,[H]O[C@]1([H])C(=O)C([H])([H])[C@@]2(C([H])([H])[H])[C@]3([H])C([H])([H])C(=O)[C@]4(C([H])([H])[H])C([H])=C([H])[C@@]3(C([H])([H])C([H])([H])[C@]2([H])[C@@]1([H])C([H])([H])[H])C4([H])[H]
204,SANC00306,SANC00306_minRM1.pdb,SBQQSAMGOOULLE-MFOYZWKCSA-N,failed_selection_rule,every matched site has a fully substituted beta-carbon and no retained ring motif,,ab_unsat_carbonyl:1,"ab_unsat_carbonyl[10,11,12,13]",1,1,0,1,,373.2,4.14,1,4,55.8,2,[H]Oc1c([H])c([H])c(C2=C([H])C(=O)O/C2=C(/[H])c2c([H])c([H])c(OC([H])([H])[H])c(Br)c2[H])c([H])c1[H]
205,SANC00307,SANC00307_minRM1.pdb,IXURNKCVCIQLGL-APSNUPSMSA-N,failed_selection_rule,every matched site has a fully substituted beta-carbon and no retained ring motif,,ab_unsat_carbonyl:1,"ab_unsat_carbonyl[3,2,1,0]",1,1,0,1,,359.2,3.84,2,4,66.8,2,[H]Oc1c([H])c([H])c(/C([H])=C2\OC(=O)C([H])=C2c2c([H])c([H])c(O[H])c(Br)c2[H])c([H])c1[H]
206,SANC00308,SANC00308_minRM1.pdb,XKHKWWYWWNXZDZ-NOBMYEPTSA-N,retained,at least one site passes the beta-hydrogen or retained-ring rule,,ab_unsat_carbonyl:1,"ab_unsat_carbonyl[12,13,14,15]",1,1,1,1,,330.4,2.29,1,4,63.6,0,[H]O[C@]1([H])[C@]2([H])[C@@]34C(=O)[C@]([H])(C([H])([H])[H])C([H])([H])[C@@]5([H])C(C([H])([H])[H])(C([H])([H])[H])[C@]52O[C@]1(C([H])([H])[H])C([H])=C3C(=O)[C@@]([H])(C([H])([H])[H])C4([H])[H]
207,SANC00309,SANC00309_minRM1.pdb,RMWGZBOMTPESNY-IUXPMGMMSA-N,failed_selection_rule,every matched site has a fully substituted beta-carbon and no retained ring motif,,ab_unsat_carbonyl:1,"ab_unsat_carbonyl[12,11,9,10]",1,1,0,1,,373.2,4.14,1,4,55.8,2,[H]Oc1c([H])c([H])c(C2=C([H])C(=O)O/C2=C(/[H])c2c([H])c([H])c(OC([H])([H])[H])c([H])c2[H])c([H])c1Br
208,SANC00310,SANC00310_minRM1.pdb,,no_queried_motif,no queried electrophilic motif present,,,,0,0,0,,,331.4,1.16,1,6,60.4,1,[H]O[C@]12OC([H])([H])c3c([H])c4c(c([H])c3[C@]13C([H])=C([H])[C@@]([H])(OC([H])([H])[H])C([H])([H])[C@]3([H])N(C([H])([H])[H])C2([H])[H])OC([H])([H])O4
209,SANC00311,SANC00311_minRM1.pdb,,no_queried_motif,no queried electrophilic motif present,,,,0,0,0,,,271.3,1.56,1,4,41.9,1,[H]O[C@@]1([H])C([H])=C([H])[C@]23c4c([H])c5c(c([H])c4C([H])([H])N(C([H])([H])C2([H])[H])[C@]3([H])C1([H])[H])OC([H])([H])O5
210,SANC00312,SANC00312_minRM1.pdb,CCHUHFRCENGAOV-SOFYXZRVSA-N,failed_selection_rule,every matched site has a fully substituted beta-carbon and no retained ring motif,,ab_unsat_carbonyl:1,"ab_unsat_carbonyl[3,2,1,0]",1,1,0,1,,438.1,4.6,2,4,66.8,2,[H]Oc1c([H])c([H])c(C2=C([H])C(=O)O/C2=C(/[H])c2c([H])c([H])c(O[H])c(Br)c2[H])c([H])c1Br
211,SANC00313,SANC00313_minRM1.pdb,XWHVMFUBZGOZKD-SXGWCWSVSA-N,failed_selection_rule,every matched site has a fully substituted beta-carbon and no retained ring motif,,ab_unsat_carbonyl:1,"ab_unsat_carbonyl[3,2,1,0]",1,1,0,1,,280.3,3.08,2,4,66.8,2,[H]Oc1c([H])c([H])c(C2=C([H])C(=O)O/C2=C(/[H])c2c([H])c([H])c(O[H])c([H])c2[H])c([H])c1[H]
212,SANC00314,SANC00314_minRM1.pdb,PMQKRUBIKDXSCN-NOBMYEPTSA-N,retained,at least one site passes the beta-hydrogen or retained-ring rule,,ab_unsat_carbonyl:1,"ab_unsat_carbonyl[7,8,9,10]",1,1,1,1,,380.4,0.9,3,7,113.3,0,[H]OC(C([H])([H])[H])(C([H])([H])[H])[C@]1([H])C([H])([H])[C@@]([H])(C([H])([H])[H])C(=O)[C@@]23C(=C([H])[C@@]4(C([H])([H])[H])OO[C@]1(O[H])[C@]2([H])[C@@]4([H])O[H])C(=O)[C@@]([H])(C([H])([H])[H])C3([H])[H]
213,SANC00315,SANC00315_minRM1.pdb,CNUDKAZLLHGKCY-YVLHZVERSA-N,failed_selection_rule,every matched site has a fully substituted beta-carbon and no retained ring motif,,ab_unsat_carbonyl:1,"ab_unsat_carbonyl[12,11,9,10]",1,1,0,1,,294.3,3.38,1,4,55.8,2,[H]Oc1c([H])c([H])c(C2=C([H])C(=O)O/C2=C(/[H])c2c([H])c([H])c(OC([H])([H])[H])c([H])c2[H])c([H])c1[H]
214,SANC00316,SANC00316_minRM1.pdb,,no_queried_motif,no queried electrophilic motif present,,,,0,0,0,,,317.3,0.68,2,6,71.4,1,[H]O[C@@]1([H])c2c([H])c3c(c([H])c2[C@@]24C([H])=C([H])[C@]([H])(OC([H])([H])[H])C([H])([H])[C@]2([H])N1C([H])([H])[C@]4([H])O[H])OC([H])([H])O3
215,SANC00317,SANC00317_minRM1.pdb,,no_queried_motif,no queried electrophilic motif present,,,,0,0,0,,catechol_A(92),302.2,1.99,5,7,131.4,3,[H]Oc1c([H])c([H])c(-c2oc3c([H])c(O[H])c([H])c(O[H])c3c(=O)c2O[H])c([H])c1O[H]
216,SANC00318,SANC00318_minRM1.pdb,,no_queried_motif,no queried electrophilic motif present,,,,0,0,0,,,301.3,1.19,1,5,51.2,1,[H]O[C@@]1([H])C([H])([H])N2C([H])([H])c3c([H])c4c(c([H])c3[C@]13C([H])=C([H])[C@]([H])(OC([H])([H])[H])C([H])([H])[C@]23[H])OC([H])([H])O4
217,SANC00319,SANC00319_minRM1.pdb,,no_queried_motif,no queried electrophilic motif present,,,,0,0,0,,,271.3,1.56,1,4,41.9,1,[H]O[C@@]1([H])C([H])=C([H])[C@@]23c4c([H])c5c(c([H])c4C([H])([H])N(C([H])([H])C2([H])[H])[C@@]3([H])C1([H])[H])OC([H])([H])O5
218,SANC00320,SANC00320_minRM1.pdb,,no_queried_motif,no queried electrophilic motif present,,,,0,0,0,,catechol_A(92),288.3,2.22,4,6,107.2,2,[H]Oc1c([H])c(O[H])c2c(c1[H])O[C@]([H])(c1c([H])c([H])c(O[H])c(O[H])c1[H])C([H])([H])C2=O
219,SANC00321,SANC00321_minRM1.pdb,,no_queried_motif,no queried electrophilic motif present,,,,0,0,0,,,329.4,1.1,1,6,68.2,1,[H]O[C@@]1([H])C([H])([H])N2C([H])([H])c3c([H])c4c(c([H])c3[C@]13C([H])=C([H])[C@]([H])(OC(=O)C([H])([H])[H])C([H])([H])[C@]23[H])OC([H])([H])O4
220,SANC00322,SANC00322_minRM1.pdb,,no_queried_motif,no queried electrophilic motif present,,,,0,0,0,,,287.3,0.53,2,5,62.2,1,[H]O[C@@]1([H])C([H])=C([H])[C@@]23c4c([H])c5c(c([H])c4C([H])([H])N(C([H])([H])[C@]2([H])O[H])[C@@]3([H])C1([H])[H])OC([H])([H])O5
221,SANC00323,SANC00323_minRM1.pdb,,no_queried_motif,no queried electrophilic motif present,,,,0,0,0,,,330.3,1.96,2,6,85.2,2,[H]Oc1c([H])c(OC([H])([H])[H])c([H])c2c1C(=O)[C@](O[H])(C([H])([H])c1c([H])c([H])c(OC([H])([H])[H])c([H])c1[H])C([H])([H])O2
222,SANC00324,SANC00324_minRM1.pdb,,no_queried_motif,no queried electrophilic motif present,,,,0,0,0,,,317.3,0.78,1,6,63.7,1,[H]O[C@]1([H])C([H])([H])[C@@]2([H])N3C([H])([H])c4c(OC([H])([H])[H])c5c(c([H])c4[C@]2(C([H])([H])C3([H])[H])[C@@]2([H])O[C@]21[H])OC([H])([H])O5
223,SANC00325,SANC00325_minRM1.pdb,,no_queried_motif,no queried electrophilic motif present,,,,0,0,0,,,285.3,2.22,0,4,30.9,1,[H]C1=C([H])[C@]23c4c([H])c5c(c([H])c4C([H])([H])N(C([H])([H])C2([H])[H])[C@@]3([H])C([H])([H])[C@@]1([H])OC([H])([H])[H])OC([H])([H])O5
224,SANC00326,SANC00326_minRM1.pdb,,no_queried_motif,no queried electrophilic motif present,,,,0,0,0,,,359.4,2.73,0,6,49.4,1,[H]C1=C(OC([H])([H])[H])C([H])([H])[C@]2([H])N(C([H])([H])[H])C([H])([H])[C@]3([H])O[C@]([H])(OC([H])([H])C([H])([H])[H])c4c([H])c5c(c([H])c4[C@]32C1([H])[H])OC([H])([H])O5
225,SANC00327,SANC00327_minRM1.pdb,,no_queried_motif,no queried electrophilic motif present,,,,0,0,0,,,345.4,2.03,1,6,58.2,1,[H]C1=C([H])[C@]([H])(OC([H])([H])[H])C([H])([H])[C@@]2([H])N([H])C([H])([H])[C@@]3([H])O[C@@]([H])(OC([H])([H])C([H])([H])[H])c4c([H])c5c(c([H])c4[C@@]132)OC([H])([H])O5
226,SANC00328,SANC00328_minRM1.pdb,,no_queried_motif,no queried electrophilic motif present,,,,0,0,0,,,345.4,2.03,1,6,58.2,1,[H]C1=C([H])[C@]([H])(OC([H])([H])C([H])([H])[H])C([H])([H])[C@@]2([H])N([H])C([H])([H])[C@@]3([H])O[C@@]([H])(OC([H])([H])[H])c4c([H])c5c(c([H])c4[C@@]132)OC([H])([H])O5
227,SANC00329,SANC00329_minRM1.pdb,,no_queried_motif,no queried electrophilic motif present,,,,0,0,0,,,287.3,0.75,2,5,62.2,1,[H]O[C@@]1([H])[C@@]2([H])c3c([H])c4c(c([H])c3C([H])([H])N3C([H])([H])C([H])([H])C(=C([H])[C@]1([H])O[H])[C@@]32[H])OC([H])([H])O4
228,SANC00330,SANC00330_minRM1.pdb,,no_queried_motif,no queried electrophilic motif present,,,,0,0,0,,,301.3,1.57,1,5,51.2,1,[H]O[C@@]1([H])C([H])=C([H])[C@]23c4c([H])c5c(c(OC([H])([H])[H])c4C([H])([H])N(C([H])([H])C2([H])[H])[C@]3([H])C1([H])[H])OC([H])([H])O5
229,SANC00331,SANC00331_minRM1.pdb,,no_queried_motif,no queried electrophilic motif present,,,,0,0,0,,,331.4,1.44,0,6,52.7,1,[H]c1c2c(c(OC([H])([H])[H])c3c1[C@@]14C([H])([H])C([H])([H])N(C3([H])[H])[C@]1([H])C([H])([H])[C@@]([H])(OC([H])([H])[H])[C@]1([H])O[C@@]14[H])OC([H])([H])O2
230,SANC00332,SANC00332_minRM1.pdb,,no_queried_motif,no queried electrophilic motif present,,,,0,0,0,,,204.2,2.07,1,3,54.4,1,[H]OC(=O)c1c([H])c(C([H])([H])[H])c([H])c2c1C([H])([H])[C@@]([H])(C([H])([H])[H])C2=O
231,SANC00333,SANC00333_minRM1.pdb,,no_queried_motif,no queried electrophilic motif present,,,,0,0,0,,,317.4,2.0,1,5,51.2,1,[H]O[C@@]1([H])c2c([H])c(OC([H])([H])[H])c(OC([H])([H])[H])c([H])c2[C@@]23C([H])=C([H])[C@@]([H])(OC([H])([H])[H])C([H])([H])[C@]2([H])N1C([H])([H])C3([H])[H]
232,SANC00334,SANC00334_minRM1.pdb,,no_queried_motif,no queried electrophilic motif present,,,,0,0,0,,,285.3,2.68,2,4,52.9,2,[H]Oc1c([H])c([H])c([C@@]2([H])c3c([H])c(OC([H])([H])[H])c(O[H])c([H])c3C([H])([H])N(C([H])([H])[H])C2([H])[H])c([H])c1[H]
233,SANC00335,SANC00335_minRM1.pdb,,no_queried_motif,no queried electrophilic motif present,,,,0,0,0,,,316.3,2.29,4,7,120.4,3,[H]Oc1c([H])c(-c2oc3c([H])c(O[H])c([H])c(O[H])c3c(=O)c2O[H])c([H])c([H])c1OC([H])([H])[H]
234,SANC00336,SANC00336_minRM1.pdb,,no_queried_motif,no queried electrophilic motif present,,,,0,0,0,,,300.3,2.54,2,5,76.0,2,[H]Oc1c([H])c([H])c(C([H])([H])[C@@]2([H])C(=O)c3c(OC([H])([H])[H])c([H])c(O[H])c([H])c3OC2([H])[H])c([H])c1[H]
235,SANC00337,SANC00337_minRM1.pdb,,no_queried_motif,no queried electrophilic motif present,,,,0,0,0,,,320.3,1.79,4,8,129.6,3,[H]Oc1c(OC([H])([H])[H])c(O[H])c2c(=O)c3c(O[H])c([H])c(O[H])c(OC([H])([H])[H])c3oc2c1[H]
236,SANC00338,SANC00338_minRM1.pdb,,no_queried_motif,no queried electrophilic motif present,,,,0,0,0,,,301.3,1.57,1,5,51.2,1,[H]O[C@]1([H])C([H])=C([H])C([H])([H])[C@@]2([H])N3C([H])([H])c4c(OC([H])([H])[H])c5c(c([H])c4[C@]12C([H])([H])C3([H])[H])OC([H])([H])O5
237,SANC00339,SANC00339_minRM1.pdb,,no_queried_motif,no queried electrophilic motif present,,,,0,0,0,,,315.4,2.57,0,5,40.2,1,[H]C1=C(OC([H])([H])[H])C([H])([H])[C@@]2([H])N3C([H])([H])c4c(OC([H])([H])[H])c5c(c([H])c4[C@@]2(C1([H])[H])C([H])([H])C3([H])[H])OC([H])([H])O5
238,SANC00340,SANC00340_minRM1.pdb,,no_queried_motif,no queried electrophilic motif present,,,,0,0,0,,,364.3,2.1,3,9,127.8,3,[H]Oc1c(OC([H])([H])[H])c(O[H])c2c(=O)c3c(O[H])c(OC([H])([H])[H])c(OC([H])([H])[H])c(OC([H])([H])[H])c3oc2c1[H]
239,SANC00341,SANC00341_minRM1.pdb,FZALQGCQQJLGKE-BBNZOYGDSA-N,retained,at least one site passes the beta-hydrogen or retained-ring rule,,ab_unsat_carbonyl:3;exo_methylene_carbonyl:3,"ab_unsat_carbonyl[3,2,4,5];ab_unsat_carbonyl[18,17,15,16];ab_unsat_carbonyl[24,23,25,26];exo_methylene_carbonyl[3,2,4,5];exo_methylene_carbonyl[18,17,15,16];exo_methylene_carbonyl[24,23,25,26]",6,3,3,1,,392.4,0.46,2,8,119.4,0,[H]OC([H])([H])C(C(=O)O[C@@]1([H])C([H])([H])[C@]2(C([H])=C([H])[H])C([H])([H])OC(=O)C(=C([H])[H])[C@]2([H])[C@@]([H])(O[H])[C@]1([H])C(C(=O)OC([H])([H])[H])=C([H])[H])=C([H])[H]
240,SANC00342,SANC00342_minRM1.pdb,,no_queried_motif,no queried electrophilic motif present,,,,0,0,0,,,418.4,5.24,2,6,89.1,3,[H]Oc1c([H])c2c(c([H])c1-c1c([H])oc3c([H])c4c(c(O[H])c3c1=O)C([H])=C([H])C(C([H])([H])[H])(C([H])([H])[H])O4)C([H])=C([H])C(C([H])([H])[H])(C([H])([H])[H])O2
241,SANC00343,SANC00343_minRM1.pdb,,no_queried_motif,no queried electrophilic motif present,,,,0,0,0,,,318.5,3.26,2,3,57.5,0,[H]O[C@@]1([H])C(=O)[C@]2([H])[C@@]3(C([H])([H])[H])C([H])([H])C([H])([H])[C@]([H])(O[H])C(C([H])([H])[H])(C([H])([H])[H])[C@]3([H])C([H])([H])C([H])([H])[C@@]2([H])C(C([H])([H])[H])=C1C([H])=C([H])[H]
242,SANC00344,SANC00344_minRM1.pdb,,no_queried_motif,no queried electrophilic motif present,,,,0,0,0,,,420.5,5.27,3,6,100.1,3,[H]Oc1c([H])c2c(c([H])c1-c1c([H])oc3c([H])c(O[H])c(C([H])([H])C([H])=C(C([H])([H])[H])C([H])([H])[H])c(O[H])c3c1=O)C([H])=C([H])C(C([H])([H])[H])(C([H])([H])[H])O2
243,SANC00345,SANC00345_minRM1.pdb,FNYADSSSNOZMIA-KDOFPFPSSA-N,failed_selection_rule,every matched site has a fully substituted beta-carbon and no retained ring motif,,ab_unsat_carbonyl:1,"ab_unsat_carbonyl[3,6,7,8]",1,1,0,1,,329.4,1.75,0,6,57.2,1,[H]C1=C(OC([H])([H])[H])C([H])([H])[C@@]2([H])N3C([H])([H])c4c(OC([H])([H])[H])c5c(c([H])c4[C@@]2(C1=O)C([H])([H])C3([H])[H])OC([H])([H])O5
244,SANC00346,SANC00346_minRM1.pdb,,no_queried_motif,no queried electrophilic motif present,,,,0,0,0,,,438.5,4.46,4,7,120.4,3,[H]Oc1c([H])c2c(c([H])c1-c1c([H])oc3c([H])c(O[H])c(C([H])([H])C([H])([H])C(O[H])(C([H])([H])[H])C([H])([H])[H])c(O[H])c3c1=O)C([H])=C([H])C(C([H])([H])[H])(C([H])([H])[H])O2
245,SANC00347,SANC00347_minRM1.pdb,,no_queried_motif,no queried electrophilic motif present,,,,0,0,0,,,434.4,3.94,2,7,94.5,2,[H]Oc1c2c(c([H])c3c1C([H])=C([H])C(C([H])([H])[H])(C([H])([H])[H])O3)O[C@@]1([H])Oc3c([H])c4c(c([H])c3[C@]1(O[H])C2=O)C([H])=C([H])C(C([H])([H])[H])(C([H])([H])[H])O4
246,SANC00348,SANC00348_minRM1.pdb,,no_queried_motif,no queried electrophilic motif present,,,,0,0,0,,,436.5,3.97,3,7,105.5,2,[H]Oc1c([H])c2c(c(O[H])c1C([H])([H])C([H])=C(C([H])([H])[H])C([H])([H])[H])C(=O)[C@@]1(O[H])c3c([H])c4c(c([H])c3O[C@]1([H])O2)OC(C([H])([H])[H])(C([H])([H])[H])C([H])=C4[H]
247,SANC00349,SANC00349_minRM1.pdb,JHBATSSGORALFQ-FZQKWOKYSA-N,retained,at least one site passes the beta-hydrogen or retained-ring rule,,ab_unsat_carbonyl:2,"ab_unsat_carbonyl[3,4,5,6];ab_unsat_carbonyl[17,15,13,14]",2,2,1,1,,248.3,1.49,1,4,63.6,0,[H]O[C@@]12OC(=O)C(C([H])([H])[H])=C1C([H])([H])[C@@]1([H])C([H])([H])C([H])=C([H])C(=O)[C@]1(C([H])([H])[H])C2([H])[H]
248,SANC00350,SANC00350_minRM1.pdb,MNFFPBYXUIMSFC-WDZFZDKYSA-N,retained,at least one site passes the beta-hydrogen or retained-ring rule,,ab_unsat_carbonyl:1,"ab_unsat_carbonyl[6,7,18,19]",1,1,1,1,,298.3,2.77,2,5,76.0,2,[H]Oc1c([H])c(O[H])c2c(c1[H])OC([H])([H])/C(=C(\[H])c1c([H])c([H])c(OC([H])([H])[H])c([H])c1[H])C2=O
249,SANC00351,SANC00351_minRM1.pdb,,no_queried_motif,no queried electrophilic motif present,,,,0,0,0,,,316.3,2.25,3,6,96.2,2,[H]Oc1c([H])c(O[H])c2c(c1[H])OC([H])([H])[C@@]([H])(C([H])([H])c1c([H])c([H])c(OC([H])([H])[H])c(O[H])c1[H])C2=O
250,SANC00352,SANC00352_minRM1.pdb,,no_queried_motif,no queried electrophilic motif present,,,,0,0,0,,,436.5,4.13,3,7,109.4,3,[H]Oc1c([H])c2c(c([H])c1-c1c([H])oc3c([H])c4c(c(O[H])c3c1=O)C([H])([H])[C@]([H])(O[H])C(C([H])([H])[H])(C([H])([H])[H])O4)C([H])=C([H])C(C([H])([H])[H])(C([H])([H])[H])O2
251,SANC00353,SANC00353_minRM1.pdb,IPLQXJVVFIYNPN-OLUVUFQESA-N,retained,at least one site passes the beta-hydrogen or retained-ring rule,,ab_unsat_carbonyl:2,"ab_unsat_carbonyl[3,4,5,6];ab_unsat_carbonyl[17,15,13,14]",2,2,1,1,,232.3,2.17,0,3,43.4,0,[H]C1=C([H])C([H])([H])[C@]2([H])C([H])([H])C3=C(C([H])([H])[H])C(=O)O[C@@]3([H])C([H])([H])[C@@]2(C([H])([H])[H])C1=O
252,SANC00354,SANC00354_minRM1.pdb,ADPQFYVGJRTXKK-YMTOWFKASA-N,retained,at least one site passes the beta-hydrogen or retained-ring rule,,ab_unsat_carbonyl:2,"ab_unsat_carbonyl[3,4,5,6];ab_unsat_carbonyl[16,14,12,13]",2,2,1,1,,230.3,2.3,0,3,43.4,0,[H]C1=C([H])C([H])([H])[C@]2([H])C([H])([H])C3=C(C([H])([H])[H])C(=O)OC3=C([H])[C@@]2(C([H])([H])[H])C1=O
253,SANC00355,SANC00355_minRM1.pdb,,no_queried_motif,no queried electrophilic motif present,,,,0,0,0,,,436.5,4.24,4,7,120.4,3,[H]Oc1c([H])c2c(c([H])c1-c1c([H])oc3c([H])c(O[H])c(C([H])([H])[C@]([H])(O[H])C(=C([H])[H])C([H])([H])[H])c(O[H])c3c1=O)C([H])=C([H])C(C([H])([H])[H])(C([H])([H])[H])O2
254,SANC00356,SANC00356_minRM1.pdb,,no_queried_motif,no queried electrophilic motif present,,,,0,0,0,,,330.3,2.55,2,6,85.2,2,[H]Oc1c([H])c([H])c(C([H])([H])[C@@]2([H])C(=O)c3c(O[H])c([H])c(OC([H])([H])[H])c(OC([H])([H])[H])c3OC2([H])[H])c([H])c1[H]
255,SANC00357,SANC00357_minRM1.pdb,,no_queried_motif,no queried electrophilic motif present,,,,0,0,0,,,286.3,2.24,3,5,87.0,2,[H]Oc1c([H])c([H])c(C([H])([H])[C@@]2([H])C(=O)c3c(O[H])c([H])c(O[H])c([H])c3OC2([H])[H])c([H])c1[H]
256,SANC00358,SANC00358_minRM1.pdb,,no_queried_motif,no queried electrophilic motif present,,,,0,0,0,,,300.3,2.54,2,5,76.0,2,[H]Oc1c([H])c(O[H])c2c(c1[H])OC([H])([H])[C@@]([H])(C([H])([H])c1c([H])c([H])c(OC([H])([H])[H])c([H])c1[H])C2=O
257,SANC00359,SANC00359_minRM1.pdb,,no_queried_motif,no queried electrophilic motif present,,,,0,0,0,,,330.3,2.55,2,6,85.2,2,[H]Oc1c([H])c([H])c(C([H])([H])[C@@]2([H])C(=O)c3c(c([H])c(O[H])c(OC([H])([H])[H])c3OC([H])([H])[H])OC2([H])[H])c([H])c1[H]
258,SANC00360,SANC00360_minRM1.pdb,,no_queried_motif,no queried electrophilic motif present,,,,0,0,0,,,316.3,2.25,3,6,96.2,2,[H]Oc1c([H])c([H])c(C([H])([H])[C@@]2([H])C(=O)c3c(O[H])c([H])c(OC([H])([H])[H])c(O[H])c3OC2([H])[H])c([H])c1[H]
259,SANC00361,SANC00361_minRM1.pdb,,no_queried_motif,no queried electrophilic motif present,,,,0,0,0,,,302.3,1.35,4,6,107.2,2,[H]Oc1c([H])c([H])c(C([H])([H])[C@@]2(O[H])C(=O)c3c(O[H])c([H])c(O[H])c([H])c3OC2([H])[H])c([H])c1[H]
260,SANC00362,SANC00362_minRM1.pdb,,no_queried_motif,no queried electrophilic motif present,,,,0,0,0,,,314.3,2.84,1,5,65.0,2,[H]Oc1c([H])c(OC([H])([H])[H])c([H])c2c1C(=O)[C@@]([H])(C([H])([H])c1c([H])c([H])c(OC([H])([H])[H])c([H])c1[H])C([H])([H])O2
261,SANC00363,SANC00363_minRM1.pdb,,no_queried_motif,no queried electrophilic motif present,,,,0,0,0,,,302.5,4.13,1,2,37.3,0,[H]O[C@]1([H])C(=O)C([H])([H])[C@]2(C([H])([H])[H])[C@]([H])(C([H])([H])C([H])([H])[C@@]34C([H])=C([H])[C@@](C([H])([H])[H])(C([H])([H])C([H])([H])[C@]32[H])C4([H])[H])C1(C([H])([H])[H])C([H])([H])[H]
262,SANC00364,SANC00364_minRM1.pdb,PEMYQKCCIHCGME-FCIYXJNOSA-N,retained,at least one site passes the beta-hydrogen or retained-ring rule,,ab_unsat_carbonyl:4;para_quinone:1,"ab_unsat_carbonyl[17,18,21,8];ab_unsat_carbonyl[18,17,22,9];ab_unsat_carbonyl[19,20,22,9];ab_unsat_carbonyl[20,19,21,8];para_quinone[8,21,18,17,22,9,20,19]",5,2,2,2,quinone_A(370),390.5,3.04,2,6,100.9,0,[H]OC1=C(C([H])(C([H])([H])[H])C([H])([H])[H])C(=O)C2=C(C1=O)[C@@]1(C([H])([H])[H])C([H])([H])C([H])([H])C([H])([H])C(C([H])([H])[H])(C([H])([H])[H])[C@]1([H])[C@]([H])(O[H])[C@@]2([H])OC(=O)C([H])([H])[H]
263,SANC00365,SANC00365_minRM1.pdb,YWAFSTAPSPQVPP-XODKDNOYSA-N,retained,at least one site passes the beta-hydrogen or retained-ring rule,,ab_unsat_carbonyl:4;para_quinone:1,"ab_unsat_carbonyl[16,17,21,8];ab_unsat_carbonyl[17,16,20,7];ab_unsat_carbonyl[18,19,20,7];ab_unsat_carbonyl[19,18,21,8];para_quinone[7,20,16,17,21,8,18,19]",5,2,2,2,quinone_A(370),376.4,2.65,2,6,100.9,0,[H]OC1=C(C([H])(C([H])([H])[H])C([H])([H])[H])C(=O)C2=C(C1=O)[C@@]1(C([H])([H])[H])C([H])([H])C([H])([H])C([H])([H])C(C([H])([H])[H])(C([H])([H])[H])[C@]1([H])[C@]([H])(O[H])[C@@]2([H])OC([H])=O
264,SANC00366,SANC00366_minRM1.pdb,,no_queried_motif,no queried electrophilic motif present,,,,0,0,0,,,285.3,2.22,0,4,30.9,1,[H]C1=C([H])[C@]23c4c([H])c5c(c([H])c4C([H])([H])N(C([H])([H])C2([H])[H])[C@]3([H])C([H])([H])[C@@]1([H])OC([H])([H])[H])OC([H])([H])O5
265,SANC00367,SANC00367_minRM1.pdb,SYLIIAGUDJOQLG-PPHZAIPVSA-N,retained,at least one site passes the beta-hydrogen or retained-ring rule,,ab_unsat_carbonyl:2,"ab_unsat_carbonyl[4,3,31,32];ab_unsat_carbonyl[28,29,31,32]",2,2,1,1,,434.5,5.59,2,5,83.8,1,[H]OC1=C2C(=C([H])C([H])=C3C(C([H])([H])[H])(C([H])([H])[H])C([H])([H])[C@]([H])(OC(=O)c4c([H])c([H])c(O[H])c([H])c4[H])C([H])([H])[C@]23C([H])([H])[H])C([H])=C(C([H])(C([H])([H])[H])C([H])([H])[H])C1=O
266,SANC00368,SANC00368_minRM1.pdb,,no_queried_motif,no queried electrophilic motif present,,,,0,0,0,,,288.3,2.51,2,5,76.0,2,[H]Oc1c([H])c([H])c(C([H])([H])C([H])([H])OC(=O)c2c([H])c([H])c(O[H])c(OC([H])([H])[H])c2[H])c([H])c1[H]
267,SANC00369,SANC00369_minRM1.pdb,ODFVSDJLTCHLCV-SOKVYYICSA-N,retained,at least one site passes the beta-hydrogen or retained-ring rule,,ab_unsat_carbonyl:2,"ab_unsat_carbonyl[4,3,32,33];ab_unsat_carbonyl[29,30,32,33]",2,2,1,1,catechol_A(92),450.5,5.29,3,6,104.1,1,[H]OC1=C2C(=C([H])C([H])=C3C(C([H])([H])[H])(C([H])([H])[H])C([H])([H])[C@]([H])(OC(=O)c4c([H])c([H])c(O[H])c(O[H])c4[H])C([H])([H])[C@]23C([H])([H])[H])C([H])=C(C([H])(C([H])([H])[H])C([H])([H])[H])C1=O
268,SANC00370,SANC00370_minRM1.pdb,FBSKJMQYURKNSU-ZLSOWSIRSA-N,retained,at least one site passes the beta-hydrogen or retained-ring rule,,ab_unsat_carbonyl:1,"ab_unsat_carbonyl[32,31,29,30]",1,1,1,1,catechol_A(92),624.6,-1.02,9,15,245.3,2,[H]Oc1c([H])c([H])c(/C([H])=C(\[H])C(=O)O[C@@]2([H])[C@]([H])(O[C@]3([H])O[C@@]([H])(C([H])([H])[H])[C@]([H])(O[H])[C@@]([H])(O[H])[C@@]3([H])O[H])[C@@]([H])(O[H])[C@]([H])(OC([H])([H])C([H])([H])c3c([H])c([H])c(O[H])c(O[H])c3[H])O[C@]2([H])C([H])([H])O[H])c([H])c1O[H]
269,SANC00371,SANC00371_minRM1.pdb,UZURPRBJKYMPJJ-RPBOFIJWSA-N,retained,at least one site passes the beta-hydrogen or retained-ring rule,,ab_unsat_carbonyl:3,"ab_unsat_carbonyl[1,3,4,5];ab_unsat_carbonyl[19,20,24,25];ab_unsat_carbonyl[28,26,24,25]",3,3,1,1,,396.5,5.54,1,4,63.6,0,[H]OC1=C2C(=C([H])C([H])=C3[C@]2(C([H])([H])[H])C([H])([H])C([H])([H])C([H])([H])[C@]3(C([H])([H])[H])C([H])([H])OC(=O)C([H])=C(C([H])([H])[H])C([H])([H])[H])C([H])=C(C([H])(C([H])([H])[H])C([H])([H])[H])C1=O
270,SANC00372,SANC00372_minRM1.pdb,HPEFOINJABTGSR-SXOMAYOGSA-N,retained,at least one site passes the beta-hydrogen or retained-ring rule,,ab_unsat_carbonyl:2,"ab_unsat_carbonyl[4,3,30,31];ab_unsat_carbonyl[27,28,30,31]",2,2,1,1,,434.5,5.59,2,5,83.8,1,[H]OC1=C2C(=C([H])C([H])=C3[C@]2(C([H])([H])[H])C([H])([H])C([H])([H])C([H])([H])[C@]3(C([H])([H])[H])C([H])([H])OC(=O)c2c([H])c([H])c(O[H])c([H])c2[H])C([H])=C(C([H])(C([H])([H])[H])C([H])([H])[H])C1=O
271,SANC00373,SANC00373_minRM1.pdb,UNVAVUJKWGNUOH-SXOMAYOGSA-N,retained,at least one site passes the beta-hydrogen or retained-ring rule,,ab_unsat_carbonyl:2,"ab_unsat_carbonyl[4,3,31,32];ab_unsat_carbonyl[28,29,31,32]",2,2,1,1,catechol_A(92),450.5,5.29,3,6,104.1,1,[H]OC1=C2C(=C([H])C([H])=C3[C@]2(C([H])([H])[H])C([H])([H])C([H])([H])C([H])([H])[C@]3(C([H])([H])[H])C([H])([H])OC(=O)c2c([H])c([H])c(O[H])c(O[H])c2[H])C([H])=C(C([H])(C([H])([H])[H])C([H])([H])[H])C1=O
272,SANC00374,SANC00374_minRM1.pdb,,no_queried_motif,no queried electrophilic motif present,,,,0,0,0,,,325.4,2.88,1,5,51.2,2,[H]Oc1c(OC([H])([H])[H])c([H])c([H])c2c1-c1c3c(c([H])c4c1[C@@]([H])(N(C([H])([H])[H])C([H])([H])C4([H])[H])C2([H])[H])OC([H])([H])O3
273,SANC00375,SANC00375_minRM1.pdb,,no_queried_motif,no queried electrophilic motif present,,,,0,0,0,,,339.4,3.18,0,5,40.2,2,[H]c1c(OC([H])([H])[H])c(OC([H])([H])[H])c([H])c2c1-c1c3c(c([H])c4c1[C@@]([H])(N(C([H])([H])[H])C([H])([H])C4([H])[H])C2([H])[H])OC([H])([H])O3
274,SANC00376,SANC00376_minRM1.pdb,,no_queried_motif,no queried electrophilic motif present,,,,0,0,0,,,341.4,3.17,1,5,51.2,2,[H]Oc1c([H])c2c(c([H])c1OC([H])([H])[H])-c1c(OC([H])([H])[H])c(OC([H])([H])[H])c([H])c3c1[C@@]([H])(N(C([H])([H])[H])C([H])([H])C3([H])[H])C2([H])[H]
275,SANC00377,SANC00377_minRM1.pdb,PNJUPRNTSWJWAX-ZDUSSCGKSA-N,retained,at least one site passes the beta-hydrogen or retained-ring rule,,ab_unsat_carbonyl:2,"ab_unsat_carbonyl[4,5,6,7];ab_unsat_carbonyl[9,8,6,7]",2,2,2,1,,297.4,2.27,1,4,49.8,1,[H]Oc1c(OC([H])([H])[H])c([H])c2c3c1C1(C([H])=C([H])C(=O)C([H])=C1[H])C([H])([H])[C@]3([H])N(C([H])([H])[H])C([H])([H])C2([H])[H]
276,SANC00378,SANC00378_minRM1.pdb,WUYQEGNOQLRQAQ-CQSZACIVSA-N,retained,at least one site passes the beta-hydrogen or retained-ring rule,,ab_unsat_carbonyl:2,"ab_unsat_carbonyl[4,5,6,7];ab_unsat_carbonyl[9,8,6,7]",2,2,2,1,,311.4,2.57,0,4,38.8,1,[H]C1=C([H])C2(C([H])=C([H])C1=O)c1c(OC([H])([H])[H])c(OC([H])([H])[H])c([H])c3c1[C@]([H])(N(C([H])([H])[H])C([H])([H])C3([H])[H])C2([H])[H]
277,SANC00379,SANC00379_minRM1.pdb,GVTRUVGBZQJVTF-YJYMSZOUSA-N,retained,at least one site passes the beta-hydrogen or retained-ring rule,,ab_unsat_carbonyl:2,"ab_unsat_carbonyl[3,2,23,24];ab_unsat_carbonyl[21,22,23,24]",2,2,1,1,,327.4,1.94,1,5,59.0,1,[H]Oc1c(OC([H])([H])[H])c([H])c([H])c2c1[C@@]13C([H])=C(OC([H])([H])[H])C(=O)C([H])=C1[C@]([H])(N(C([H])([H])[H])C([H])([H])C3([H])[H])C2([H])[H]
278,SANC00380,SANC00380_minRM1.pdb,,no_queried_motif,no queried electrophilic motif present,,,,0,0,0,,,622.8,7.16,0,8,61.9,4,[H]c1c([H])c2c([H])c([H])c1Oc1c(OC([H])([H])[H])c(OC([H])([H])[H])c([H])c3c1[C@]([H])(N(C([H])([H])[H])C([H])([H])C3([H])[H])C([H])([H])c1c([H])c([H])c(c([H])c1[H])Oc1c(OC([H])([H])[H])c(OC([H])([H])[H])c([H])c3c1[C@]([H])(N(C([H])([H])[H])C([H])([H])C3([H])[H])C2([H])[H]
279,SANC00381,SANC00381_minRM1.pdb,,no_queried_motif,no queried electrophilic motif present,,,,0,0,0,,,618.7,6.93,0,8,61.9,4,[H]c1c([H])c2c([H])c3c1Oc1c(c(OC([H])([H])[H])c([H])c4c1[C@]([H])(N(C([H])([H])[H])C([H])([H])C4([H])[H])C([H])([H])c1c([H])c([H])c4c(c1[H])C([H])([H])Oc1c(OC([H])([H])[H])c([H])c5c(c1O4)[C@]([H])(N(C([H])([H])[H])C([H])([H])C5([H])[H])C2([H])[H])OC3([H])[H]
280,SANC00382,SANC00382_minRM1.pdb,LCAZZISCNMBVKG-LBPRGKRZSA-N,retained,at least one site passes the beta-hydrogen or retained-ring rule,,ab_unsat_carbonyl:2,"ab_unsat_carbonyl[4,5,6,7];ab_unsat_carbonyl[9,8,6,7]",2,2,2,1,,283.3,1.92,2,4,58.6,1,[H]Oc1c(OC([H])([H])[H])c([H])c2c3c1C1(C([H])=C([H])C(=O)C([H])=C1[H])C([H])([H])[C@]3([H])N([H])C([H])([H])C2([H])[H]
281,SANC00383,SANC00383_minRM1.pdb,,no_queried_motif,no queried electrophilic motif present,,,,0,0,0,,,620.7,7.05,0,8,61.9,4,[H]c1c([H])c2c([H])c([H])c1Oc1c(OC([H])([H])[H])c(OC([H])([H])[H])c([H])c3c1[C@]([H])(N(C([H])([H])[H])C([H])([H])C3([H])[H])C([H])([H])c1c([H])c([H])c3c(c1[H])C([H])([H])Oc1c(OC([H])([H])[H])c([H])c4c(c1O3)[C@]([H])(N(C([H])([H])[H])C([H])([H])C4([H])[H])C2([H])[H]
282,SANC00384,SANC00384_minRM1.pdb,,no_queried_motif,no queried electrophilic motif present,,,,0,0,0,,,608.7,6.86,1,8,72.9,4,[H]Oc1c(OC([H])([H])[H])c([H])c2c3c1Oc1c([H])c([H])c(c([H])c1[H])C([H])([H])[C@]1([H])c4c([H])c(c(OC([H])([H])[H])c([H])c4C([H])([H])C([H])([H])N1C([H])([H])[H])Oc1c([H])c(c([H])c([H])c1OC([H])([H])[H])C([H])([H])[C@@]3([H])N(C([H])([H])[H])C([H])([H])C2([H])[H]
283,SANC00385,SANC00385_minRM1.pdb,,no_queried_motif,no queried electrophilic motif present,,,,0,0,0,,,329.4,2.89,2,5,62.2,2,[H]Oc1c([H])c(C([H])([H])[C@@]2([H])c3c([H])c(O[H])c(OC([H])([H])[H])c([H])c3C([H])([H])C([H])([H])N2C([H])([H])[H])c([H])c([H])c1OC([H])([H])[H]
284,SANC00386,SANC00386_minRM1.pdb,,no_queried_motif,no queried electrophilic motif present,,,,0,0,0,,,606.7,6.74,1,8,72.9,4,[H]Oc1c(OC([H])([H])[H])c([H])c2c3c1Oc1c([H])c([H])c(c([H])c1[H])C([H])([H])[C@]1([H])c4c5c(c(OC([H])([H])[H])c([H])c4C([H])([H])C([H])([H])N1C([H])([H])[H])OC([H])([H])c1c([H])c(c([H])c([H])c1O5)C([H])([H])[C@@]3([H])N(C([H])([H])[H])C([H])([H])C2([H])[H]
285,SANC00387,SANC00387_minRM1.pdb,,no_queried_motif,no queried electrophilic motif present,,,,0,0,0,,,318.5,4.38,1,3,50.4,1,[H]O[C@@]1(C([H])([H])C([H])([H])c2c([H])oc([H])c2[H])[C@@]2(C([H])([H])[H])C([H])([H])C([H])([H])C([H])([H])C(C([H])([H])[H])(C([H])([H])[H])[C@]2([H])C([H])([H])C(=O)[C@@]1([H])C([H])([H])[H]
286,SANC00388,SANC00388_minRM1.pdb,,no_queried_motif,no queried electrophilic motif present,,,,0,0,0,,,857.0,2.9,7,15,231.1,1,[H]Oc1c([H])c([H])c(C(=O)O[C@]2([H])[C@@]([H])(O[H])[C@@]([H])(O[H])[C@]([H])(O[C@@]3([H])[C@]([H])(O[C@]4([H])C([H])([H])C5=C([H])C([H])([H])[C@@]6([H])[C@]7([H])C([H])([H])[C@]8([H])O[C@@]([H])(O[H])[C@@]([H])(C([H])=C(C([H])([H])[H])C([H])([H])[H])[C@@]([H])(C([H])([H])[H])[C@]8([H])[C@@]7(C([H])=O)C([H])([H])C([H])([H])[C@]6([H])[C@@]5(C([H])([H])[H])C([H])([H])C4([H])[H])O[C@]([H])(C([H])([H])O[H])[C@@]([H])(O[H])[C@]3([H])O[H])O[C@@]2([H])C([H])([H])[H])c([H])c1[H]
287,SANC00389,SANC00389_minRM1.pdb,,no_queried_motif,no queried electrophilic motif present,,,,0,0,0,,,738.9,2.15,6,13,201.7,0,[H]O[C@]1([H])C([H])([H])C2=C([H])C([H])([H])[C@@]3([H])[C@]4([H])C([H])([H])[C@]([H])(O[C@]5([H])OC([H])([H])[C@]([H])(O[H])[C@]([H])(O[C@]6([H])OC([H])([H])[C@@]([H])(O[H])[C@]([H])(O[H])[C@@]6([H])O[H])[C@@]5([H])OC(=O)C([H])([H])[H])[C@](O[H])([C@@]([H])(C(=O)C([H])([H])C([H])([H])C([H])(C([H])([H])[H])C([H])([H])[H])C([H])([H])[H])[C@@]4(C([H])([H])[H])C([H])([H])C([H])([H])[C@]3([H])[C@@]2(C([H])([H])[H])C([H])([H])C1([H])[H]
288,SANC00390,SANC00390_minRM1.pdb,,no_queried_motif,no queried electrophilic motif present,,,,0,0,0,,,873.0,4.02,5,15,217.0,1,[H]O[C@]1([H])C([H])([H])C2=C([H])C([H])([H])[C@@]3([H])[C@]4([H])C([H])([H])[C@]([H])(O[C@]5([H])OC([H])([H])[C@]([H])(O[H])[C@]([H])(O[C@]6([H])OC([H])([H])[C@@]([H])(O[H])[C@]([H])(O[H])[C@@]6([H])OC(=O)c6c([H])c([H])c(OC([H])([H])[H])c([H])c6[H])[C@@]5([H])OC(=O)C([H])([H])[H])[C@](O[H])([C@@]([H])(C(=O)C([H])([H])C([H])([H])C([H])(C([H])([H])[H])C([H])([H])[H])C([H])([H])[H])[C@@]4(C([H])([H])[H])C([H])([H])C([H])([H])[C@]3([H])[C@@]2(C([H])([H])[H])C([H])([H])C1([H])[H]
289,SANC00391,SANC00391_minRM1.pdb,,no_queried_motif,no queried electrophilic motif present,,,,0,0,0,,,903.1,4.03,5,16,226.2,1,[H]O[C@]1([H])C([H])([H])C2=C([H])C([H])([H])[C@@]3([H])[C@]4([H])C([H])([H])[C@]([H])(O[C@]5([H])OC([H])([H])[C@]([H])(O[H])[C@]([H])(O[C@]6([H])OC([H])([H])[C@@]([H])(O[H])[C@]([H])(O[H])[C@@]6([H])OC(=O)c6c([H])c([H])c(OC([H])([H])[H])c(OC([H])([H])[H])c6[H])[C@@]5([H])OC(=O)C([H])([H])[H])[C@](O[H])([C@@]([H])(C(=O)C([H])([H])C([H])([H])C([H])(C([H])([H])[H])C([H])([H])[H])C([H])([H])[H])[C@@]4(C([H])([H])[H])C([H])([H])C([H])([H])[C@]3([H])[C@@]2(C([H])([H])[H])C([H])([H])C1([H])[H]
290,SANC00392,SANC00392_minRM1.pdb,,no_queried_motif,no queried electrophilic motif present,,,,0,0,0,,,769.0,2.58,7,13,204.8,0,[H]OC([H])([H])[C@@]1([H])O[C@@]([H])(O[C@]2([H])C([H])([H])C3=C([H])C([H])([H])[C@@]4([H])[C@]5([H])C([H])([H])[C@]([H])(O[C@]6([H])O[C@@]([H])(C([H])([H])[H])[C@]([H])(O[H])[C@@]([H])(OC(=O)C([H])([H])[H])[C@@]6([H])O[H])[C@]([H])([C@]([H])(C([H])([H])[H])[C@@]([H])(O[H])C([H])([H])C([H])([H])C([H])(C([H])([H])[H])C([H])([H])[H])[C@@]5(C([H])([H])[H])C([H])([H])C([H])([H])[C@]4([H])[C@@]3(C([H])([H])[H])C([H])([H])C2([H])[H])[C@]([H])(O[H])[C@@]([H])(O[H])[C@]1([H])O[H]
291,SANC00393,SANC00393_minRM1.pdb,,no_queried_motif,no queried electrophilic motif present,,,,0,0,0,,,767.0,2.5,7,13,204.8,0,[H]OC([H])([H])[C@@]1([H])O[C@@]([H])(O[C@]2([H])C([H])([H])C3=C([H])C([H])([H])[C@@]4([H])[C@]5([H])C([H])([H])[C@]([H])(O[C@]6([H])O[C@@]([H])(C([H])([H])[H])[C@]([H])(O[H])[C@@]([H])(OC(=O)C([H])([H])[H])[C@@]6([H])O[H])[C@]([H])([C@]([H])(C([H])([H])[H])[C@@]([H])(O[H])C([H])([H])C([H])=C(C([H])([H])[H])C([H])([H])[H])[C@@]5(C([H])([H])[H])C([H])([H])C([H])([H])[C@]4([H])[C@@]3(C([H])([H])[H])C([H])([H])C2([H])[H])[C@]([H])(O[H])[C@@]([H])(O[H])[C@]1([H])O[H]
292,SANC00394,SANC00394_minRM1.pdb,,no_queried_motif,no queried electrophilic motif present,,,,0,0,0,,,756.9,-0.13,10,14,239.2,0,[H]OC([H])([H])[C@@]1([H])O[C@@]([H])(O[C@]2([H])C([H])([H])[C@]([H])(O[H])C([H])([H])C3=C([H])C([H])([H])[C@]4([H])[C@]([H])(C([H])([H])C([H])([H])[C@@]5(C([H])([H])[H])[C@@]4([H])C([H])([H])[C@]([H])(O[C@]4([H])O[C@]([H])(C([H])([H])O[H])[C@@]([H])(O[H])[C@]([H])(O[H])[C@@]4([H])O[H])[C@]5([H])[C@]([H])(C([H])([H])[H])[C@@]([H])(O[H])C([H])([H])C([H])=C(C([H])([H])[H])C([H])([H])[H])[C@]32C([H])([H])[H])[C@]([H])(O[H])[C@@]([H])(O[H])[C@]1([H])O[H]
293,SANC00395,SANC00395_minRM1.pdb,,no_queried_motif,no queried electrophilic motif present,,,,0,0,0,,,919.1,-2.31,13,19,318.4,0,[H]OC([H])([H])[C@@]1([H])O[C@@]([H])(O[C@@]2([H])C([H])([H])[C@@]3([H])[C@]4([H])C([H])([H])C([H])=C5C([H])([H])[C@@]([H])(O[H])C([H])([H])[C@@]([H])(O[C@]6([H])O[C@]([H])(C([H])([H])O[C@]7([H])O[C@]([H])(C([H])([H])O[H])[C@]([H])(O[H])[C@]([H])(O[H])[C@@]7([H])O[H])[C@@]([H])(O[H])[C@]([H])(O[H])[C@@]6([H])O[H])[C@]5(C([H])([H])[H])[C@@]4([H])C([H])([H])C([H])([H])[C@]3(C([H])([H])[H])[C@@]2([H])[C@]([H])(C([H])([H])[H])[C@@]([H])(O[H])C([H])([H])C([H])=C(C([H])([H])[H])C([H])([H])[H])[C@]([H])(O[H])[C@@]([H])(O[H])[C@]1([H])O[H]
294,SANC00396,SANC00396_minRM1.pdb,,no_queried_motif,no queried electrophilic motif present,,,,0,0,0,,,921.1,-2.23,13,19,318.4,0,[H]OC([H])([H])[C@@]1([H])O[C@@]([H])(O[C@@]2([H])C([H])([H])[C@@]3([H])[C@]4([H])C([H])([H])C([H])=C5C([H])([H])[C@@]([H])(O[H])C([H])([H])[C@@]([H])(O[C@]6([H])O[C@]([H])(C([H])([H])O[C@]7([H])O[C@]([H])(C([H])([H])O[H])[C@]([H])(O[H])[C@]([H])(O[H])[C@@]7([H])O[H])[C@@]([H])(O[H])[C@]([H])(O[H])[C@@]6([H])O[H])[C@]5(C([H])([H])[H])[C@@]4([H])C([H])([H])C([H])([H])[C@]3(C([H])([H])[H])[C@@]2([H])[C@]([H])(C([H])([H])[H])[C@@]([H])(O[H])C([H])([H])C([H])([H])C([H])(C([H])([H])[H])C([H])([H])[H])[C@]([H])(O[H])[C@@]([H])(O[H])[C@]1([H])O[H]
295,SANC00397,SANC00397_minRM1.pdb,,no_queried_motif,no queried electrophilic motif present,,,,0,0,0,,,899.0,-0.85,10,18,284.0,0,[H]OC([H])([H])[C@@]1([H])O[C@@]([H])(O[C@@]2([H])[C@]([H])(O[C@]3([H])C([H])([H])C4=C([H])C([H])([H])[C@@]5([H])[C@]6([H])C([H])([H])[C@]7([H])O[C@@]([H])(O[H])[C@]([H])(C([H])=C(C([H])([H])[H])C([H])([H])[H])[C@@]([H])(C([H])([H])[H])[C@]7([H])[C@@]6(C([H])=O)C([H])([H])C([H])([H])[C@]5([H])[C@@]4(C([H])([H])[H])C([H])([H])C3([H])[H])O[C@]([H])(C([H])([H])O[H])[C@@]([H])(O[H])[C@]2([H])O[H])[C@]([H])(O[C@]2([H])O[C@@]([H])(C([H])([H])[H])[C@]([H])(O[H])[C@@]([H])(O[H])[C@@]2([H])O[H])[C@@]([H])(O[H])[C@]1([H])O[H]
296,SANC00398,SANC00398_minRM1.pdb,,no_queried_motif,no queried electrophilic motif present,,,,0,0,0,,,736.9,1.33,7,13,204.8,0,[H]OC([H])([H])[C@@]1([H])O[C@@]([H])(O[C@]2([H])C([H])([H])C3=C([H])C([H])([H])[C@@]4([H])[C@]5([H])C([H])([H])[C@]6([H])O[C@@]([H])(O[H])[C@]([H])(C([H])=C(C([H])([H])[H])C([H])([H])[H])[C@@]([H])(C([H])([H])[H])[C@]6([H])[C@@]5(C([H])=O)C([H])([H])C([H])([H])[C@]4([H])[C@@]3(C([H])([H])[H])C([H])([H])C2([H])[H])[C@]([H])(O[C@]2([H])O[C@@]([H])(C([H])([H])[H])[C@]([H])(O[H])[C@@]([H])(O[H])[C@@]2([H])O[H])[C@@]([H])(O[H])[C@]1([H])O[H]
297,SANC00399,SANC00399_minRM1.pdb,,no_queried_motif,no queried electrophilic motif present,,,,0,0,0,,,901.1,3.13,6,16,221.5,1,[H]OC([H])([H])[C@@]1([H])O[C@@]([H])(O[C@@]2([H])C([H])([H])C3=C([H])C([H])([H])[C@@]4([H])[C@]5([H])C([H])([H])[C@]6([H])O[C@@]([H])(O[H])[C@]([H])(C([H])=C(C([H])([H])[H])C([H])([H])[H])[C@]7(C([H])([H])[H])O[C@]([H])(OC([H])([H])[H])[C@@]5(C([H])([H])C([H])([H])[C@]4([H])[C@@]3(C([H])([H])[H])C([H])([H])C2([H])[H])[C@@]76[H])[C@]([H])(O[C@]2([H])O[C@@]([H])(C([H])([H])[H])[C@]([H])(OC(=O)c3c([H])c([H])c(OC([H])([H])[H])c([H])c3[H])[C@@]([H])(O[H])[C@@]2([H])O[H])[C@@]([H])(O[H])[C@]1([H])O[H]
298,SANC00400,SANC00400_minRM1.pdb,,no_queried_motif,no queried electrophilic motif present,,,,0,0,0,,,841.0,0.46,8,16,235.7,0,[H]O[C@]1([H])C([H])([H])C2=C([H])C([H])([H])[C@]3([H])[C@]([H])(C([H])([H])C([H])([H])[C@@]4(C([H])([H])[H])[C@@]3([H])C([H])([H])[C@]3([H])O[C@@]5(OC([H])([H])[C@]([H])(C([H])([H])[H])C([H])([H])C5([H])[H])[C@@]([H])(C([H])([H])[H])[C@]43[H])[C@@]2(C([H])([H])[H])[C@]([H])(O[C@]2([H])OC([H])([H])[C@]([H])(O[H])[C@]([H])(O[C@]3([H])OC([H])([H])[C@@]([H])(O[H])[C@]([H])(O[H])[C@@]3([H])O[H])[C@@]2([H])O[C@]2([H])O[C@@]([H])(C([H])([H])[H])[C@]([H])(O[H])[C@@]([H])(O[H])[C@@]2([H])O[H])C1([H])[H]
299,SANC00401,SANC00401_minRM1.pdb,,no_queried_motif,no queried electrophilic motif present,,,,0,0,0,,,857.0,-0.57,9,17,255.9,0,[H]O[C@]1([H])C([H])([H])C2=C([H])C([H])([H])[C@]3([H])[C@]([H])(C([H])([H])C([H])([H])[C@@]4(C([H])([H])[H])[C@@]3([H])C([H])([H])[C@]3([H])O[C@@]5(OC([H])([H])[C@]([H])(C([H])([H])[H])[C@@]([H])(O[H])C5([H])[H])[C@@]([H])(C([H])([H])[H])[C@]43[H])[C@@]2(C([H])([H])[H])[C@]([H])(O[C@]2([H])OC([H])([H])[C@]([H])(O[H])[C@]([H])(O[C@]3([H])OC([H])([H])[C@@]([H])(O[H])[C@]([H])(O[H])[C@@]3([H])O[H])[C@@]2([H])O[C@]2([H])O[C@@]([H])(C([H])([H])[H])[C@]([H])(O[H])[C@@]([H])(O[H])[C@@]2([H])O[H])C1([H])[H]
300,SANC00402,SANC00402_minRM1.pdb,,no_queried_motif,no queried electrophilic motif present,,,,0,0,0,,,919.1,0.09,10,18,284.0,0,[H]OC([H])([H])[C@@]1(O[H])C([H])([H])O[C@@]([H])(O[C@@]2([H])[C@]([H])(O[H])[C@@]([H])(O[H])[C@]([H])(O[C@@]3([H])C([H])([H])[C@@]4([H])[C@]5([H])C([H])([H])C([H])([H])[C@@]6([H])C([H])([H])[C@@]([H])(O[H])C([H])([H])[C@@]([H])(O[C@]7([H])O[C@@]([H])(C([H])([H])[H])[C@]([H])(O[H])[C@@]([H])(O[H])[C@@]7([H])O[H])[C@]6(C([H])([H])[H])[C@@]5([H])C([H])([H])C([H])([H])[C@]4(C([H])([H])[H])[C@@]3([H])[C@]([H])(C([H])([H])[H])[C@@]([H])(O[H])C([H])([H])C([H])([H])C([H])(C([H])([H])[H])C([H])([H])[H])O[C@]2([H])C([H])([H])OC(=O)C([H])([H])[H])[C@]1([H])O[H]
301,SANC00403,SANC00403_minRM1.pdb,,no_queried_motif,no queried electrophilic motif present,,,,0,0,0,,,761.0,0.03,10,14,239.2,0,[H]OC([H])([H])[C@@]1([H])O[C@@]([H])(O[C@]2([H])C([H])([H])[C@]([H])(O[H])C([H])([H])[C@]3([H])C([H])([H])C([H])([H])[C@@]4([H])[C@]5([H])C([H])([H])[C@]([H])(O[C@]6([H])O[C@]([H])(C([H])([H])O[H])[C@@]([H])(O[H])[C@]([H])(O[H])[C@@]6([H])O[H])[C@]([H])([C@]([H])(C([H])([H])[H])[C@@]([H])(O[H])C([H])([H])C([H])([H])C([H])(C([H])([H])[H])C([H])([H])[H])[C@@]5(C([H])([H])[H])C([H])([H])C([H])([H])[C@]4([H])[C@]32C([H])([H])[H])[C@]([H])(O[H])[C@@]([H])(O[H])[C@]1([H])O[H]
302,SANC00404,SANC00404_minRM1.pdb,,no_queried_motif,no queried electrophilic motif present,,,,0,0,0,,,955.1,1.92,9,18,273.0,1,[H]OC([H])([H])[C@@]1([H])O[C@@]([H])(O[C@@]2([H])C([H])([H])[C@@]3([H])[C@]4([H])C([H])([H])C([H])([H])[C@@]5([H])C([H])([H])[C@@]([H])(O[H])C([H])([H])[C@@]([H])(O[C@]6([H])O[C@]([H])(C([H])([H])OC(=O)c7c([H])c(OC([H])([H])[H])c(OC([H])([H])[H])c(OC([H])([H])[H])c7[H])[C@@]([H])(O[H])[C@]([H])(O[H])[C@@]6([H])O[H])[C@]5(C([H])([H])[H])[C@@]4([H])C([H])([H])C([H])([H])[C@]3(C([H])([H])[H])[C@@]2([H])[C@]([H])(C([H])([H])[H])[C@@]([H])(O[H])C([H])([H])C([H])([H])C([H])(C([H])([H])[H])C([H])([H])[H])[C@]([H])(O[H])[C@@]([H])(O[H])[C@]1([H])O[H]
303,SANC00405,SANC00405_minRM1.pdb,,no_queried_motif,no queried electrophilic motif present,,,,0,0,0,,,953.1,1.84,9,18,273.0,1,[H]OC([H])([H])[C@@]1([H])O[C@@]([H])(O[C@@]2([H])C([H])([H])[C@@]3([H])[C@]4([H])C([H])([H])C([H])([H])[C@@]5([H])C([H])([H])[C@@]([H])(O[H])C([H])([H])[C@@]([H])(O[C@]6([H])O[C@]([H])(C([H])([H])OC(=O)c7c([H])c(OC([H])([H])[H])c(OC([H])([H])[H])c(OC([H])([H])[H])c7[H])[C@@]([H])(O[H])[C@]([H])(O[H])[C@@]6([H])O[H])[C@]5(C([H])([H])[H])[C@@]4([H])C([H])([H])C([H])([H])[C@]3(C([H])([H])[H])[C@@]2([H])[C@]([H])(C([H])([H])[H])[C@@]([H])(O[H])C([H])([H])C([H])=C(C([H])([H])[H])C([H])([H])[H])[C@]([H])(O[H])[C@@]([H])(O[H])[C@]1([H])O[H]
304,SANC00406,SANC00406_minRM1.pdb,,no_queried_motif,no queried electrophilic motif present,,,,0,0,0,,,726.9,2.0,8,12,198.8,0,[H]O[C@]1([H])C([H])([H])C2=C([H])C([H])([H])[C@]3([H])[C@]([H])(C([H])([H])C([H])([H])[C@@]4(C([H])([H])[H])[C@@]3([H])C([H])([H])[C@]([H])(O[C@]3([H])O[C@@]([H])(C([H])([H])[H])[C@]([H])(O[H])[C@@]([H])(O[H])[C@@]3([H])O[H])[C@]4([H])[C@]([H])(C([H])([H])[H])[C@@]([H])(O[H])C([H])([H])C([H])([H])C([H])(C([H])([H])[H])C([H])([H])[H])[C@@]2(C([H])([H])[H])[C@]([H])(O[C@]2([H])O[C@@]([H])(C([H])([H])[H])[C@]([H])(O[H])[C@@]([H])(O[H])[C@@]2([H])O[H])C1([H])[H]
305,SANC00407,SANC00407_minRM1.pdb,,no_queried_motif,no queried electrophilic motif present,,,,0,0,0,,,594.8,2.59,5,9,138.1,0,[H]OC([H])([H])[C@@]1([H])O[C@@]([H])(O[C@]2([H])C([H])([H])[C@]([H])(O[H])C([H])([H])[C@]3([H])C([H])([H])C([H])([H])[C@@]4([H])[C@]5([H])C([H])([H])[C@]6([H])O[C@@]7(OC([H])([H])[C@]([H])(C([H])([H])[H])C([H])([H])C7([H])[H])[C@@]([H])(C([H])([H])[H])[C@]6([H])[C@@]5(C([H])([H])[H])C([H])([H])C([H])([H])[C@]4([H])[C@]32C([H])([H])[H])[C@]([H])(O[H])[C@@]([H])(O[H])[C@]1([H])O[H]
306,SANC00408,SANC00408_minRM1.pdb,,no_queried_motif,no queried electrophilic motif present,,,,0,0,0,,,724.9,0.97,7,13,197.0,0,[H]O[C@]1([H])C([H])([H])C2=C([H])C([H])([H])[C@]3([H])[C@]([H])(C([H])([H])C([H])([H])[C@@]4(C([H])([H])[H])[C@@]3([H])C([H])([H])[C@]3([H])O[C@@]5(OC([H])([H])[C@]([H])(C([H])([H])[H])[C@@]([H])(O[H])C5([H])[H])[C@@]([H])(C([H])([H])[H])[C@]43[H])[C@@]2(C([H])([H])[H])[C@]([H])(O[C@]2([H])OC([H])([H])[C@]([H])(O[H])[C@]([H])(O[H])[C@@]2([H])O[C@]2([H])O[C@@]([H])(C([H])([H])[H])[C@]([H])(O[H])[C@@]([H])(O[H])[C@@]2([H])O[H])C1([H])[H]
307,SANC00409,SANC00409_minRM1.pdb,,no_queried_motif,no queried electrophilic motif present,,,,0,0,0,,,418.4,-0.89,7,9,167.9,2,[H]Oc1c([H])c([H])c([H])c2c1C(=O)c1c(O[H])c([H])c(C([H])([H])O[H])c([H])c1[C@@]2([H])[C@]1([H])O[C@]([H])(C([H])([H])O[H])[C@@]([H])(O[H])[C@]([H])(O[H])[C@@]1([H])O[H]
308,SANC00410,SANC00410_minRM1.pdb,,no_queried_motif,no queried electrophilic motif present,,,,0,0,0,,,418.4,-0.89,7,9,167.9,2,[H]Oc1c([H])c([H])c([H])c2c1C(=O)c1c(O[H])c([H])c(C([H])([H])O[H])c([H])c1[C@]2([H])[C@]1([H])O[C@]([H])(C([H])([H])O[H])[C@@]([H])(O[H])[C@]([H])(O[H])[C@@]1([H])O[H]
309,SANC00411,SANC00411_minRM1.pdb,,no_queried_motif,no queried electrophilic motif present,,,,0,0,0,,,394.4,-0.55,5,9,157.7,2,[H]Oc1c([H])c(C([H])([H])[H])c2c(=O)c([H])c(C([H])([H])C(=O)C([H])([H])[H])oc2c1[C@]1([H])O[C@@]([H])(C([H])([H])O[H])[C@@]([H])(O[H])[C@]([H])(O[H])[C@@]1([H])O[H]
310,SANC00412,SANC00412_minRM1.pdb,NUYUUMDHHLBRHZ-BYTCCQPXSA-N,retained,at least one site passes the beta-hydrogen or retained-ring rule,,ab_unsat_carbonyl:1,"ab_unsat_carbonyl[24,23,21,22]",1,1,1,1,,540.5,1.42,5,11,184.0,3,[H]Oc1c([H])c([H])c(/C([H])=C(\[H])C(=O)OC([H])([H])[C@]2([H])O[C@@]([H])(c3c(O[H])c([H])c(C([H])([H])[H])c4c(=O)c([H])c(C([H])([H])C(=O)C([H])([H])[H])oc34)[C@]([H])(O[H])[C@@]([H])(O[H])[C@]2([H])O[H])c([H])c1[H]
311,SANC00413,SANC00413_minRM1.pdb,,no_queried_motif,no queried electrophilic motif present,,,,0,0,0,,,421.3,4.74,4,3,97.6,5,[H]Oc1c([H])c([H])c2c(C(=O)c3nc(-c4c([H])n([H])c5c([H])c(Br)c([H])c([H])c45)c([H])n3[H])c([H])n([H])c2c1[H]
312,SANC00414,SANC00414_minRM1.pdb,,no_queried_motif,no queried electrophilic motif present,,,,0,0,0,,,407.3,4.34,3,3,73.0,4,[H]c1c([H])c([H])c2c(c1[H])c(C(=O)C1=N[C@@]([H])(c3c([H])n([H])c4c([H])c(Br)c([H])c([H])c34)C([H])([H])N1[H])c([H])n2[H]
313,SANC00415,SANC00415_minRM1.pdb,,no_queried_motif,no queried electrophilic motif present,,,,0,0,0,,,405.3,5.03,3,2,77.3,5,[H]c1nc(C(=O)c2c([H])n([H])c3c([H])c([H])c([H])c([H])c23)n([H])c1-c1c([H])n([H])c2c([H])c(Br)c([H])c([H])c12
314,SANC00416,SANC00416_minRM1.pdb,,no_queried_motif,no queried electrophilic motif present,,,,0,0,0,,,488.2,4.68,4,2,72.7,4,[H]c1c(Br)c([H])c2c(c1[H])c([C@@]1([H])N([H])[C@@]([H])(c3c([H])n([H])c4c([H])c(Br)c([H])c([H])c34)C(=O)N([H])C1([H])[H])c([H])n2[H]
315,SANC00417,SANC00417_minRM1.pdb,,no_queried_motif,no queried electrophilic motif present,,,,0,0,0,,catechol_A(92),580.7,7.42,4,7,114.9,5,[H]Oc1c([H])c(-c2c(-c3c([H])c(O[H])c(O[H])c4nc([H])c([H])c([H])c34)c([H])n(C([H])([H])C([H])([H])C([H])([H])N3C([H])([H])C([H])([H])C([H])([H])C([H])([H])C([H])([H])C([H])([H])C([H])([H])[C@]([H])(C([H])([H])[H])C3([H])[H])c2[H])c2c([H])c([H])c([H])nc2c1O[H]
316,SANC00418,SANC00418_minRM1.pdb,,no_queried_motif,no queried electrophilic motif present,,,,0,0,0,,,508.7,5.15,3,6,96.2,0,[H]OC(C([H])([H])[H])(C([H])([H])[H])[C@@]([H])(O[H])C([H])([H])C([H])([H])[C@]1(C([H])([H])[H])C(=O)C([H])([H])C([H])([H])[C@]([H])(C([H])([H])[H])[C@]1([H])C([H])([H])C([H])([H])[C@]1(C([H])([H])[H])[C@@]([H])(C([H])([H])[H])C([H])([H])C([H])([H])[C@]2([H])O[C@]3(O[H])C([H])([H])C([H])([H])[C@]12OC3(C([H])([H])[H])C([H])([H])[H]
317,SANC00419,SANC00419_minRM1.pdb,,no_queried_motif,no queried electrophilic motif present,,,,0,0,0,,,488.7,6.26,1,5,65.0,0,[H]O[C@]12O[C@@]3([H])C([H])([H])C([H])([H])[C@]([H])(C([H])([H])[H])[C@@](C([H])([H])[H])(C([H])([H])C([H])([H])C4=C(C([H])([H])[H])C([H])([H])C([H])([H])[C@]5([H])OC(C([H])([H])[H])(C([H])([H])[H])C(=O)C([H])([H])C([H])([H])[C@@]45C([H])([H])[H])[C@@]3(OC1(C([H])([H])[H])C([H])([H])[H])C([H])([H])C2([H])[H]
318,SANC00420,SANC00420_minRM1.pdb,,no_queried_motif,no queried electrophilic motif present,,,,0,0,0,,,490.7,6.35,1,5,57.2,0,[H]O[C@]12O[C@@]3([H])C([H])([H])C([H])([H])[C@]([H])(C([H])([H])[H])[C@@](C([H])([H])[H])(C([H])([H])C([H])([H])[C@@]4(C([H])([H])[H])[C@@]([H])(C([H])([H])[H])C([H])([H])C([H])([H])[C@@]56OC(C([H])([H])[H])(C([H])([H])[H])[C@@]([H])(O5)C([H])([H])C([H])([H])[C@]64[H])[C@@]3(OC1(C([H])([H])[H])C([H])([H])[H])C([H])([H])C2([H])[H]
319,SANC00421,SANC00421_minRM1.pdb,ACDNMVZAKAACAL-QAIIJLHWSA-N,failed_selection_rule,every matched site has a fully substituted beta-carbon and no retained ring motif,,ab_unsat_carbonyl:1,"ab_unsat_carbonyl[16,14,12,13]",1,1,0,1,,470.7,6.65,0,4,60.4,0,[H]C([H])([H])C1=C(C([H])([H])C([H])([H])[C@]2([H])[C@]([H])(C([H])([H])[H])C([H])([H])C([H])([H])[C@]3([H])OC(C([H])([H])[H])(C([H])([H])[H])C(=O)C([H])([H])C([H])([H])[C@@]23C([H])([H])[H])[C@@]2(C([H])([H])[H])C([H])([H])C([H])([H])C(=O)C(C([H])([H])[H])(C([H])([H])[H])[C@]2([H])C([H])([H])C1=O
320,SANC00422,SANC00422_minRM1.pdb,,no_queried_motif,no queried electrophilic motif present,,,,0,0,0,,,456.7,7.04,1,3,46.5,0,[H]O[C@@]1([H])C([H])([H])C([H])([H])[C@]2(C([H])([H])[H])C(C([H])([H])C([H])([H])[C@]3([H])[C@]([H])(C([H])([H])[H])C([H])([H])C([H])([H])[C@]4([H])OC(C([H])([H])[H])(C([H])([H])[H])C(=O)C([H])([H])C([H])([H])[C@@]34C([H])([H])[H])=C(C([H])([H])[H])C([H])=C([H])[C@@]2([H])C1(C([H])([H])[H])C([H])([H])[H]
321,SANC00423,SANC00423_minRM1.pdb,,no_queried_motif,no queried electrophilic motif present,,,,0,0,0,,,584.8,3.3,5,8,154.4,0,[H]O[C@]([H])([C@@]([H])(O[H])[C@]([H])(O[H])/C([H])=C(\[H])C([H])(C([H])([H])[H])C([H])([H])[H])[C@@]([H])(OC([H])([H])[H])C(=O)N([H])[C@]1([H])C(=O)N([H])C([H])([H])[C@@]([H])(OC(=O)C([H])([H])C([H])([H])C([H])([H])C([H])([H])C([H])([H])C([H])([H])C([H])([H])C([H])([H])C([H])([H])C([H])([H])C([H])([H])C([H])([H])C([H])([H])[H])C([H])([H])C1([H])[H]
322,SANC00424,SANC00424_minRM1.pdb,,no_queried_motif,no queried electrophilic motif present,,,,0,0,0,,,598.8,3.65,4,8,145.6,0,[H]O[C@]([H])([C@@]([H])(O[H])[C@]([H])(O[H])/C([H])=C(\[H])C([H])(C([H])([H])[H])C([H])([H])[H])[C@@]([H])(OC([H])([H])[H])C(=O)N([H])[C@]1([H])C(=O)N(C([H])([H])[H])C([H])([H])[C@@]([H])(OC(=O)C([H])([H])C([H])([H])C([H])([H])C([H])([H])C([H])([H])C([H])([H])C([H])([H])C([H])([H])C([H])([H])C([H])([H])C([H])([H])C([H])([H])C([H])([H])[H])C([H])([H])C1([H])[H]
323,SANC00425,SANC00425_minRM1.pdb,,no_queried_motif,no queried electrophilic motif present,,,,0,0,0,,,260.3,-0.31,2,3,69.6,1,[H]O[C@@]1([H])C([H])([H])N2C(=O)[C@]([H])(C([H])([H])c3c([H])c([H])c([H])c([H])c3[H])N([H])C(=O)[C@]2([H])C1([H])[H]
324,SANC00426,SANC00426_minRM1.pdb,,no_queried_motif,no queried electrophilic motif present,,,,0,0,0,,,230.3,-0.14,2,5,76.0,0,[H]O[C@]1([H])[C@]([H])([C@]([H])(O[H])/C([H])=C(\[H])C([H])(C([H])([H])[H])C([H])([H])[H])OC(=O)[C@]1([H])OC([H])([H])[H]
325,SANC00427,SANC00427_minRM1.pdb,,no_queried_motif,no queried electrophilic motif present,,,,0,0,0,,,606.8,7.76,3,9,139.1,2,[H]O[C@]([H])([C@@]([H])(O[H])C([H])([H])[H])[C@@]([H])(O[H])C([H])([H])[C@@]([H])(OC(=O)C([H])([H])C([H])([H])C([H])([H])C([H])([H])C([H])([H])C([H])([H])C([H])([H])C([H])([H])C([H])([H])C([H])([H])C([H])([H])C([H])([H])C([H])([H])C([H])([H])C([H])([H])C([H])([H])C([H])([H])C([H])([H])C([H])([H])C([H])([H])[H])c1nc(C([H])([H])c2oc([H])nc2[H])oc1[H]
326,SANC00428,SANC00428_minRM1.pdb,,no_queried_motif,no queried electrophilic motif present,,,,0,0,0,,,260.3,0.42,2,3,69.6,1,[H]Oc1c([H])c([H])c(C([H])([H])[C@@]2([H])C(=O)N3C([H])([H])C([H])([H])C([H])([H])[C@@]3([H])C(=O)N2[H])c([H])c1[H]
327,SANC00429,SANC00429_minRM1.pdb,,no_queried_motif,no queried electrophilic motif present,,,,0,0,0,,,884.1,-0.21,10,17,258.7,0,[H]OC([H])([H])[C@@]1([H])O[C@@]([H])(O[C@]2([H])[C@@]([H])(O[C@]3([H])O[C@@]([H])(C([H])([H])[H])[C@]([H])(O[H])[C@@]([H])(O[H])[C@@]3([H])O[H])[C@]([H])(O[C@]3([H])C([H])([H])C4=C([H])C([H])([H])[C@@]5([H])[C@]6([H])C([H])([H])[C@]7([H])O[C@@]8(N([H])C([H])([H])[C@@]([H])(C([H])([H])[H])C([H])([H])C8([H])[H])[C@@]([H])(C([H])([H])[H])[C@]7([H])[C@@]6(C([H])([H])[H])C([H])([H])C([H])([H])[C@]5([H])[C@@]4(C([H])([H])[H])C([H])([H])C3([H])[H])O[C@]([H])(C([H])([H])O[H])[C@]2([H])O[H])[C@]([H])(O[H])[C@@]([H])(O[H])[C@]1([H])O[H]
328,SANC00430,SANC00430_minRM1.pdb,XYPJAWWDSQFSQA-NYBGPIHMSA-N,retained,at least one site passes the beta-hydrogen or retained-ring rule,,ab_unsat_carbonyl:2;exo_methylene_carbonyl:1,"ab_unsat_carbonyl[22,21,19,20];ab_unsat_carbonyl[30,29,31,32];exo_methylene_carbonyl[30,29,31,32]",3,2,2,1,,420.5,1.53,2,8,119.4,0,[H]OC([H])([H])/C([H])=C(/C(=O)O[C@]1([H])C([H])([H])/C(C([H])([H])[H])=C(/[H])C([H])([H])[C@]([H])(OC(=O)C([H])([H])[H])/C(C([H])([H])[H])=C(/[H])[C@@]2([H])OC(=O)C(=C([H])[H])[C@@]21[H])C([H])([H])O[H]
329,SANC00431,SANC00431_minRM1.pdb,YMNZWKHEJQGPIA-HVCCRNAXSA-N,retained,at least one site passes the beta-hydrogen or retained-ring rule,,ab_unsat_carbonyl:1;exo_methylene_carbonyl:1,"ab_unsat_carbonyl[19,18,20,21];exo_methylene_carbonyl[19,18,20,21]",2,1,1,1,,264.3,1.49,2,4,66.8,0,[H]O[C@]1([H])/C(C([H])([H])[H])=C(/[H])[C@]2([H])OC(=O)C(=C([H])[H])[C@@]2([H])[C@]([H])(O[H])/C([H])=C(\C([H])([H])[H])C([H])([H])C1([H])[H]
330,SANC00432,SANC00432_minRM1.pdb,XUTVRCGEUDNRBV-JSXSYOHWSA-N,retained,at least one site passes the beta-hydrogen or retained-ring rule,,ab_unsat_carbonyl:1;exo_methylene_carbonyl:1,"ab_unsat_carbonyl[20,19,21,22];exo_methylene_carbonyl[20,19,21,22]",2,1,1,1,,264.3,1.18,2,4,66.8,0,[H]O[C@@]1([H])[C@]2([H])C(=C([H])[H])C(=O)O[C@@]2([H])C([H])([H])[C@@]2(C([H])([H])[H])[C@]1([H])C(=C([H])[H])C([H])([H])C([H])([H])[C@]2([H])O[H]
331,SANC00433,SANC00433_minRM1.pdb,UCXBBKCPRLOQQA-HQHFYQKISA-N,retained,at least one site passes the beta-hydrogen or retained-ring rule,,ab_unsat_carbonyl:1;exo_methylene_carbonyl:1,"ab_unsat_carbonyl[17,16,18,19];exo_methylene_carbonyl[17,16,18,19]",2,1,1,1,,344.5,3.58,0,4,52.6,0,[H]C([H])=C1C(=O)[C@@]23C([H])([H])C([H])([H])[C@]4([H])[C@]5(C([H])([H])[H])C(=O)O[C@]4(C([H])([H])C([H])([H])C5([H])[H])[C@@]2(C([H])([H])[H])C([H])([H])C([H])([H])[C@]1(OC([H])([H])[H])C3([H])[H]
332,SANC00434,SANC00434_minRM1.pdb,WRFTYMHHWSAKSK-UHFFFAOYSA-N,retained,at least one site passes the beta-hydrogen or retained-ring rule,,ab_unsat_carbonyl:4,"ab_unsat_carbonyl[10,11,12,13];ab_unsat_carbonyl[11,10,8,9];ab_unsat_carbonyl[23,24,25,26];ab_unsat_carbonyl[24,23,21,22]",4,2,2,1,quinone_A(370),374.3,3.11,2,6,108.7,2,[H]Oc1c([H])c(C([H])([H])[H])c([H])c2c1C(=O)C([H])=C(c1c(O[H])c3c(c([H])c1C([H])([H])[H])C(=O)C([H])=C([H])C3=O)C2=O
333,SANC00435,SANC00435_minRM1.pdb,OEEOHKZVBKYMBA-UHFFFAOYSA-N,retained,at least one site passes the beta-hydrogen or retained-ring rule,,ab_unsat_carbonyl:4,"ab_unsat_carbonyl[7,8,9,10];ab_unsat_carbonyl[8,7,5,6];ab_unsat_carbonyl[17,18,19,20];ab_unsat_carbonyl[18,17,15,16]",4,2,2,1,quinone_A(370),374.3,3.25,2,6,108.7,2,[H]Oc1c([H])c(C([H])([H])[H])c(-c2c(O[H])c3c(c([H])c2C([H])([H])[H])C(=O)C([H])=C([H])C3=O)c2c1C(=O)C([H])=C([H])C2=O
334,SANC00436,SANC00436_minRM1.pdb,FMQQGWMGTKBWHR-UHFFFAOYSA-N,retained,at least one site passes the beta-hydrogen or retained-ring rule,,ab_unsat_carbonyl:4,"ab_unsat_carbonyl[2,3,18,19];ab_unsat_carbonyl[3,2,1,0];ab_unsat_carbonyl[4,5,6,7];ab_unsat_carbonyl[5,4,16,17]",4,2,2,1,quinone_A(370),374.3,3.03,2,6,108.7,2,[H]Oc1c([H])c(C([H])([H])[H])c([H])c2c1C(=O)C(C1=C([H])C(=O)c3c([H])c(C([H])([H])[H])c([H])c(O[H])c3C1=O)=C([H])C2=O
335,SANC00437,SANC00437_minRM1.pdb,OZUSCVSONBBWOR-UHFFFAOYSA-N,retained,at least one site passes the beta-hydrogen or retained-ring rule,,ab_unsat_carbonyl:2,"ab_unsat_carbonyl[7,8,9,10];ab_unsat_carbonyl[8,7,5,6]",2,1,1,1,quinone_A(370),188.2,1.64,1,3,54.4,1,[H]Oc1c([H])c(C([H])([H])[H])c([H])c2c1C(=O)C([H])=C([H])C2=O
336,SANC00438,SANC00438_minRM1.pdb,LZAXNDGRDVWTFX-UHFFFAOYSA-N,retained,at least one site passes the beta-hydrogen or retained-ring rule,,ab_unsat_carbonyl:4,"ab_unsat_carbonyl[8,9,21,3];ab_unsat_carbonyl[9,8,20,2];ab_unsat_carbonyl[12,18,23,5];ab_unsat_carbonyl[18,12,22,4]",4,2,2,1,quinone_A(370),374.3,3.11,2,6,108.7,2,[H]Oc1c([H])c(C([H])([H])[H])c([H])c2c1C(=O)C(c1c3c(c(O[H])c([H])c1C([H])([H])[H])C(=O)C([H])=C([H])C3=O)=C([H])C2=O
337,SANC00439,SANC00439_minRM1.pdb,,no_queried_motif,no queried electrophilic motif present,,,,0,0,0,,,192.2,1.71,2,3,57.5,1,[H]Oc1c([H])c(C([H])([H])[H])c([H])c2c1C(=O)C([H])([H])C([H])([H])[C@@]2([H])O[H]
338,SANC00440,SANC00440_minRM1.pdb,,no_queried_motif,no queried electrophilic motif present,,,,0,0,0,,,302.5,5.37,1,2,37.3,0,[H]OC(=O)[C@]1(C([H])([H])[H])C([H])([H])C([H])([H])C([H])([H])[C@@]2(C([H])([H])[H])[C@@]1([H])C([H])([H])C([H])([H])C(=C([H])[H])[C@]2([H])C([H])([H])/C([H])=C(/C([H])=C([H])[H])C([H])([H])[H]
339,SANC00441,SANC00441_minRM1.pdb,,no_queried_motif,no queried electrophilic motif present,,,,0,0,0,,,304.5,4.25,2,2,40.5,0,[H]OC([H])([H])[C@]1(C([H])([H])[H])C([H])([H])[C@]([H])(O[H])C([H])([H])[C@@]2(C([H])([H])[H])[C@@]1([H])C([H])([H])C([H])([H])C(=C([H])[H])[C@]2([H])C([H])([H])/C([H])=C(/C([H])=C([H])[H])C([H])([H])[H]
340,SANC00442,SANC00442_minRM1.pdb,,no_queried_motif,no queried electrophilic motif present,,,,0,0,0,,,318.5,4.34,2,3,57.5,0,[H]OC(=O)[C@]1(C([H])([H])[H])C([H])([H])[C@]([H])(O[H])C([H])([H])[C@@]2(C([H])([H])[H])[C@@]1([H])C([H])([H])C([H])([H])C(=C([H])[H])[C@]2([H])C([H])([H])/C([H])=C(/C([H])=C([H])[H])C([H])([H])[H]
341,SANC00443,SANC00443_minRM1.pdb,,no_queried_motif,no queried electrophilic motif present,,,,0,0,0,,catechol_A(92),330.4,4.29,2,4,66.8,1,[H]Oc1c(O[H])c2c(c([H])c1C([H])(C([H])([H])[H])C([H])([H])[H])[C@@]1([H])OC(=O)[C@@]23C([H])([H])C([H])([H])C([H])([H])C(C([H])([H])[H])(C([H])([H])[H])[C@]3([H])C1([H])[H]
342,SANC00444,SANC00444_minRM1.pdb,,no_queried_motif,no queried electrophilic motif present,,,,0,0,0,,,344.4,3.51,1,5,80.7,1,[H]Oc1c2c(c(C([H])=O)c([H])c1C([H])(C([H])([H])[H])C([H])([H])[H])[C@@]1(C(=O)O2)C([H])([H])C([H])([H])C([H])([H])C(C([H])([H])[H])(C([H])([H])[H])[C@]1([H])C([H])=O
343,SANC00445,SANC00445_minRM1.pdb,,no_queried_motif,no queried electrophilic motif present,,,,0,0,0,,catechol_A(92),332.4,4.32,3,4,77.8,1,[H]OC(=O)[C@@]12c3c(O[H])c(O[H])c(C([H])(C([H])([H])[H])C([H])([H])[H])c([H])c3C([H])([H])C([H])([H])[C@@]1([H])C(C([H])([H])[H])(C([H])([H])[H])C([H])([H])C([H])([H])C2([H])[H]
344,SANC00446,SANC00446_minRM1.pdb,,no_queried_motif,no queried electrophilic motif present,,,,0,0,0,,,941.2,5.65,5,13,190.2,1,[H]OC([H])([H])[C@@]1(C([H])([H])[H])O[C@]2(O[C@@]3([H])C([H])=C4[C@@](C([H])([H])[H])([C@@]3(O[H])[C@]2([H])C([H])([H])[H])[C@]([H])(O[H])C([H])([H])[C@]2([H])[C@]3(C([H])([H])[H])[C@]([H])(C([H])([H])c5nc6c(nc5[C@]3([H])OC([H])([H])[H])C([H])([H])[C@]3([H])C([H])([H])C([H])([H])[C@@]5([H])C7=C([H])C([H])([H])[C@@]8([H])[C@]7(C(=O)C([H])([H])[C@]5([H])[C@@]3(C([H])([H])[H])C6([H])[H])C([H])([H])O[C@@]3(OC(C([H])([H])[H])(C([H])([H])[H])C([H])([H])[C@@]3([H])O[H])[C@@]8([H])C([H])([H])[H])C([H])([H])C([H])([H])[C@@]42[H])[C@]([H])(O[H])C1([H])[H]
345,SANC00447,SANC00447_minRM1.pdb,,no_queried_motif,no queried electrophilic motif present,,,,0,0,0,,,941.2,5.65,5,13,190.2,1,[H]OC([H])([H])[C@@]1(C([H])([H])[H])O[C@]2(O[C@@]3([H])C([H])=C4[C@@](C([H])([H])[H])([C@@]3(O[H])[C@]2([H])C([H])([H])[H])[C@]([H])(O[H])C([H])([H])[C@]2([H])[C@@]3(C([H])([H])[H])C([H])([H])c5nc6c(nc5C([H])([H])[C@]3([H])C([H])([H])C([H])([H])[C@@]42[H])[C@]([H])(OC([H])([H])[H])[C@@]2(C([H])([H])[H])[C@]([H])(C6([H])[H])C([H])([H])C([H])([H])[C@@]3([H])C4=C([H])C([H])([H])[C@@]5([H])[C@]4(C(=O)C([H])([H])[C@]23[H])C([H])([H])O[C@@]2(OC(C([H])([H])[H])(C([H])([H])[H])C([H])([H])[C@@]2([H])O[H])[C@@]5([H])C([H])([H])[H])[C@]([H])(O[H])C1([H])[H]
346,SANC00448,SANC00448_minRM1.pdb,,no_queried_motif,no queried electrophilic motif present,,,,0,0,0,,,909.2,5.6,6,12,184.1,2,[H]OC([H])([H])[C@@]1(C([H])([H])[H])O[C@]2(O[C@@]3([H])C([H])=C4[C@@](C([H])([H])[H])([C@@]3(O[H])[C@]2([H])C([H])([H])[H])[C@]([H])(O[H])C([H])([H])[C@]2([H])[C@@]3(C([H])([H])[H])C([H])([H])c5nc6c(nc5C([H])([H])[C@]3([H])C([H])([H])C([H])([H])[C@@]42[H])C([H])([H])[C@]2(C([H])([H])[H])c3c([H])c4c5c(c3C([H])([H])C([H])([H])[C@@]2([H])C6([H])[H])[C@]([H])(O[H])C([H])([H])[C@]5([H])[C@]([H])(C([H])([H])[H])[C@]2(O4)OC(C([H])([H])[H])(C([H])([H])[H])[C@@]([H])(C([H])([H])[H])[C@@]2([H])O[H])[C@]([H])(O[H])C1([H])[H]
347,SANC00449,SANC00449_minRM1.pdb,,no_queried_motif,no queried electrophilic motif present,,,,0,0,0,,,895.1,5.35,6,12,184.1,2,[H]OC([H])([H])[C@]1(C([H])([H])[H])O[C@]2(O[C@@]3([H])C([H])=C4[C@](C([H])([H])[H])([C@@]3(O[H])[C@]2([H])C([H])([H])[H])[C@@]([H])(O[H])C([H])([H])[C@@]2([H])[C@@]3(C([H])([H])[H])C([H])([H])c5nc6c(nc5C([H])([H])[C@]3([H])C([H])([H])C([H])([H])[C@]42[H])C([H])([H])[C@]2(C([H])([H])[H])c3c([H])c4c5c(c3C([H])([H])C([H])([H])[C@@]2([H])C6([H])[H])[C@]([H])(O[H])C([H])([H])[C@]5([H])[C@]([H])(C([H])([H])[H])[C@@]2(O4)OC(C([H])([H])[H])(C([H])([H])[H])C([H])([H])[C@@]2([H])O[H])[C@]([H])(O[H])C1([H])[H]
348,SANC00450,SANC00450_minRM1.pdb,,no_queried_motif,no queried electrophilic motif present,,,,0,0,0,,,602.9,4.02,0,10,89.5,2,[H]C([H])([H])Oc1c(SC([H])([H])[H])c(C([H])([H])C([H])([H])N(C([H])([H])[H])C([H])([H])[H])c2c(c1OC([H])([H])[H])[S@+]([O-])c1c(OC([H])([H])[H])c(OC([H])([H])[H])c(SC([H])([H])[H])c(C([H])([H])C([H])([H])N(C([H])([H])[H])C([H])([H])[H])c1[S@+]2[O-]
349,SANC00451,SANC00451_minRM1.pdb,,no_queried_motif,no queried electrophilic motif present,,,,0,0,0,,,339.6,4.26,1,8,44.5,1,[H]c1c(OC([H])([H])[H])c(OC([H])([H])[H])c2c(c1C([H])([H])C([H])([H])N([H])[H])SSSSS2
350,SANC00452,SANC00452_minRM1.pdb,,no_queried_motif,no queried electrophilic motif present,,,,0,0,0,,,413.7,5.59,0,9,21.7,1,[H]C([H])([H])Oc1c(OC([H])([H])[H])c(SC([H])([H])[H])c(C([H])([H])C([H])([H])N(C([H])([H])[H])C([H])([H])[H])c2c1SSSSS2
351,SANC00453,SANC00453_minRM1.pdb,,no_queried_motif,no queried electrophilic motif present,,,,0,0,0,,,349.6,4.29,0,7,21.7,1,[H]C([H])([H])Oc1c(OC([H])([H])[H])c(SC([H])([H])[H])c(C([H])([H])C([H])([H])N(C([H])([H])[H])C([H])([H])[H])c2c1SSS2
352,SANC00454,SANC00454_minRM1.pdb,CBMQKMMZBOSHHP-VXXSQTRDSA-N,retained,at least one site passes the beta-hydrogen or retained-ring rule,,ab_unsat_carbonyl:1,"ab_unsat_carbonyl[24,22,20,21]",1,1,1,1,,879.1,4.69,3,15,187.1,0,[H]O[C@@]1([H])[C@]([H])(O[C@@]2([H])[C@@]([H])(OC([H])([H])[H])C([H])([H])[C@]([H])(O[C@@]3([H])[C@@]([H])(OC([H])([H])[H])C([H])([H])[C@]([H])(O[C@]4([H])C([H])([H])C5=C([H])C([H])([H])[C@]6([H])[C@]([H])(C([H])([H])[C@@]([H])(OC(=O)/C(=C(\[H])C([H])([H])[H])C([H])([H])[H])[C@@]7(C([H])([H])[H])[C@]6(O[H])C([H])([H])C([H])([H])[C@]7([H])C(=O)C([H])([H])[H])[C@@]5(C([H])([H])[H])C([H])([H])C4([H])[H])O[C@]3([H])C([H])([H])[H])O[C@]2([H])C([H])([H])[H])O[C@]([H])(C([H])([H])[H])[C@@]([H])(O[H])[C@]1([H])OC([H])([H])[H]
353,SANC00455,SANC00455_minRM1.pdb,RMTXVGWFXARMSZ-CMAYKZTPSA-N,retained,at least one site passes the beta-hydrogen or retained-ring rule,,ab_unsat_carbonyl:1,"ab_unsat_carbonyl[24,22,20,21]",1,1,1,1,,1023.3,5.23,3,18,214.8,0,[H]O[C@@]1([H])[C@]([H])(O[C@@]2([H])[C@@]([H])(OC([H])([H])[H])C([H])([H])[C@]([H])(O[C@@]3([H])[C@@]([H])(OC([H])([H])[H])C([H])([H])[C@]([H])(O[C@]4([H])C([H])([H])C5=C([H])C([H])([H])[C@]6([H])[C@]([H])(C([H])([H])[C@@]([H])(OC(=O)/C(=C(\[H])C([H])([H])[H])C([H])([H])[H])[C@@]7(C([H])([H])[H])[C@]6(O[H])C([H])([H])C([H])([H])[C@]7([H])C(=O)C([H])([H])[H])[C@@]5(C([H])([H])[H])C([H])([H])C4([H])[H])O[C@]3([H])C([H])([H])[H])O[C@]2([H])C([H])([H])[H])O[C@]([H])(C([H])([H])[H])[C@@]([H])(O[C@]2([H])O[C@]([H])(C([H])([H])[H])[C@@]([H])(O[H])[C@@]([H])(OC([H])([H])[H])C2([H])[H])[C@]1([H])OC([H])([H])[H]
354,SANC00456,SANC00456_minRM1.pdb,DWJXGFVABHFVJH-XEQNMYALSA-N,retained,at least one site passes the beta-hydrogen or retained-ring rule,,ab_unsat_carbonyl:1,"ab_unsat_carbonyl[10,8,6,7]",1,1,1,1,,430.6,4.12,2,5,83.8,0,[H]O[C@]1([H])C([H])([H])C2=C([H])C([H])([H])[C@]3(C([H])([H])[H])[C@]([H])(C([H])([H])[C@@]([H])(OC(=O)/C(=C(\[H])C([H])([H])[H])C([H])([H])[H])[C@@]4(C([H])([H])[H])[C@]3(O[H])C([H])([H])C([H])([H])[C@]4([H])C(=O)C([H])([H])[H])[C@]2([H])C([H])([H])C1([H])[H]
355,SANC00457,SANC00457_minRM1.pdb,,no_queried_motif,no queried electrophilic motif present,,,,0,0,0,,,348.5,2.6,3,4,77.8,0,[H]O[C@]1([H])C([H])([H])C2=C([H])C([H])([H])[C@]3(C([H])([H])[H])[C@]([H])(C([H])([H])[C@@]([H])(O[H])[C@@]4(C([H])([H])[H])[C@]3(O[H])C([H])([H])C([H])([H])[C@]4([H])C(=O)C([H])([H])[H])[C@]2([H])C([H])([H])C1([H])[H]
356,SANC00458,SANC00458_minRM1.pdb,,no_queried_motif,no queried electrophilic motif present,,,,0,0,0,,,162.2,-0.51,2,4,58.9,0,[H]O[C@]1([H])O[C@]([H])(C([H])([H])[H])[C@@]([H])(O[H])[C@@]([H])(OC([H])([H])[H])C1([H])[H]
357,SANC00459,SANC00459_minRM1.pdb,QNIUHQWQUIZGCV-RKMFXWKNSA-N,retained,at least one site passes the beta-hydrogen or retained-ring rule,,ab_unsat_carbonyl:1,"ab_unsat_carbonyl[24,22,20,21]",1,1,1,1,,574.8,4.65,2,8,111.5,0,[H]O[C@@]1([H])[C@@]([H])(OC([H])([H])[H])C([H])([H])[C@]([H])(O[C@]2([H])C([H])([H])C3=C([H])C([H])([H])[C@]4([H])[C@]([H])(C([H])([H])[C@@]([H])(OC(=O)/C(=C(\[H])C([H])([H])[H])C([H])([H])[H])[C@@]5(C([H])([H])[H])[C@]4(O[H])C([H])([H])C([H])([H])[C@]5([H])C(=O)C([H])([H])[H])[C@@]3(C([H])([H])[H])C([H])([H])C2([H])[H])O[C@]1([H])C([H])([H])[H]
358,SANC00460,SANC00460_minRM1.pdb,,no_queried_motif,no queried electrophilic motif present,,,,0,0,0,,,348.5,2.6,3,4,77.8,0,[H]O[C@]1([H])C([H])([H])C2=C([H])C([H])([H])[C@]3([H])[C@]([H])(C([H])([H])[C@@]([H])(O[H])[C@@]4(C([H])([H])[H])[C@]3(O[H])C([H])([H])C([H])([H])[C@@]4([H])C(=O)C([H])([H])[H])[C@@]2(C([H])([H])[H])C([H])([H])C1([H])[H]
359,SANC00461,SANC00461_minRM1.pdb,,no_queried_motif,no queried electrophilic motif present,,,,0,0,0,,,322.4,-1.16,3,8,114.7,0,[H]O[C@@]1([H])[C@]([H])(O[C@@]([H])([C@@]([H])(OC([H])([H])[H])C([H])([H])C([H])=O)[C@]([H])(O[H])C([H])([H])[H])O[C@]([H])(C([H])([H])[H])[C@@]([H])(O[H])[C@]1([H])OC([H])([H])[H]
360,SANC00462,SANC00462_minRM1.pdb,,no_queried_motif,no queried electrophilic motif present,,,,0,0,0,,,176.2,0.14,1,4,47.9,0,[H]O[C@@]1([H])[C@@]([H])(OC([H])([H])[H])C([H])([H])[C@]([H])(OC([H])([H])[H])O[C@]1([H])C([H])([H])[H]
361,SANC00463,SANC00463_minRM1.pdb,,no_queried_motif,no queried electrophilic motif present,,,,0,0,0,,,336.4,-0.35,2,8,95.8,0,[H]O[C@@]1([H])[C@]([H])(O[C@@]2([H])[C@@]([H])(OC([H])([H])[H])C([H])([H])[C@]([H])(OC([H])([H])[H])O[C@]2([H])C([H])([H])[H])O[C@]([H])(C([H])([H])[H])[C@@]([H])(O[H])[C@]1([H])OC([H])([H])[H]
362,SANC00464,SANC00464_minRM1.pdb,,no_queried_motif,no queried electrophilic motif present,,,,0,0,0,,,330.3,2.59,3,7,109.4,3,[H]Oc1c([H])c([H])c(-c2oc3c([H])c(O[H])c(OC([H])([H])[H])c(O[H])c3c(=O)c2OC([H])([H])[H])c([H])c1[H]
363,SANC00465,SANC00465_minRM1.pdb,,no_queried_motif,no queried electrophilic motif present,,,,0,0,0,,,474.5,1.79,4,8,137.4,1,[H]O[C@@]12C([H])([H])[C@@]([H])(OC(=O)C([H])([H])[H])C3=C([H])[C@@]([H])(O[H])C([H])([H])C([H])([H])[C@]3(C([H])([H])[H])[C@@]1([H])C([H])([H])[C@@]([H])(O[H])[C@@]1(C([H])([H])[H])[C@]2(O[H])C([H])([H])C([H])([H])[C@]1([H])c1c([H])oc(=O)c([H])c1[H]
364,SANC00466,SANC00466_minRM1.pdb,,no_queried_motif,no queried electrophilic motif present,,,,0,0,0,,,472.5,2.0,3,8,134.3,1,[H]O[C@@]12C([H])([H])[C@@]([H])(OC(=O)C([H])([H])[H])C3=C([H])[C@@]([H])(O[H])C([H])([H])C([H])([H])[C@]3(C([H])([H])[H])[C@@]1([H])C([H])([H])C(=O)[C@@]1(C([H])([H])[H])[C@]2(O[H])C([H])([H])C([H])([H])[C@]1([H])c1c([H])oc(=O)c([H])c1[H]
365,SANC00467,SANC00467_minRM1.pdb,,no_queried_motif,no queried electrophilic motif present,,,,0,0,0,,catechol_A(92),154.1,0.8,3,4,77.8,1,[H]OC(=O)c1c([H])c([H])c(O[H])c(O[H])c1[H]
366,SANC00468,SANC00468_minRM1.pdb,,no_queried_motif,no queried electrophilic motif present,,,,0,0,0,,,168.1,1.1,2,4,66.8,1,[H]OC(=O)c1c([H])c([H])c(O[H])c(OC([H])([H])[H])c1[H]
367,SANC00469,SANC00469_minRM1.pdb,NGSWKAQJJWESNS-ZZXKWVIFSA-N,retained,at least one site passes the beta-hydrogen or retained-ring rule,,ab_unsat_carbonyl:1,"ab_unsat_carbonyl[4,3,1,0]",1,1,1,1,,164.2,1.49,2,3,57.5,1,[H]OC(=O)/C([H])=C(\[H])c1c([H])c([H])c(O[H])c([H])c1[H]
368,SANC00470,SANC00470_minRM1.pdb,,no_queried_motif,no queried electrophilic motif present,,,,0,0,0,,,288.3,2.38,3,6,100.1,3,[H]Oc1c([H])c(C([H])([H])[H])c2c(=O)c3c(O[H])c([H])c(OC([H])([H])[H])c(O[H])c3oc2c1[H]
369,SANC00471,SANC00471_minRM1.pdb,,no_queried_motif,no queried electrophilic motif present,,,,0,0,0,,,318.3,2.39,3,7,109.4,3,[H]Oc1c([H])c(C([H])([H])[H])c2c(=O)c3c(O[H])c(OC([H])([H])[H])c(O[H])c(OC([H])([H])[H])c3oc2c1[H]
370,SANC00472,SANC00472_minRM1.pdb,,no_queried_motif,no queried electrophilic motif present,,,,0,0,0,,,332.3,2.69,2,7,98.4,3,[H]Oc1c([H])c(C([H])([H])[H])c2c(=O)c3c(O[H])c(OC([H])([H])[H])c(OC([H])([H])[H])c(OC([H])([H])[H])c3oc2c1[H]
371,SANC00473,SANC00473_minRM1.pdb,,no_queried_motif,no queried electrophilic motif present,,,,0,0,0,,,288.3,2.38,3,6,100.1,3,[H]Oc1c(OC([H])([H])[H])c(O[H])c2c(=O)c3c(C([H])([H])[H])c([H])c(O[H])c([H])c3oc2c1[H]
372,SANC00474,SANC00474_minRM1.pdb,,no_queried_motif,no queried electrophilic motif present,,,,0,0,0,,,318.3,2.39,3,7,109.4,3,[H]Oc1c([H])c(O[H])c2c(=O)c3c(C([H])([H])[H])c([H])c(O[H])c(OC([H])([H])[H])c3oc2c1OC([H])([H])[H]
373,SANC00475,SANC00475_minRM1.pdb,,no_queried_motif,no queried electrophilic motif present,,,,0,0,0,,,302.3,2.68,2,6,89.1,3,[H]Oc1c(OC([H])([H])[H])c(O[H])c2c(=O)c3c(C([H])([H])[H])c([H])c(OC([H])([H])[H])c([H])c3oc2c1[H]
374,SANC00476,SANC00476_minRM1.pdb,,no_queried_motif,no queried electrophilic motif present,,,,0,0,0,,,238.4,2.75,2,2,40.5,0,[H]O[C@@]1([H])[C@]([H])(C([H])(C([H])([H])[H])C([H])([H])[H])C([H])([H])C([H])([H])[C@]2(C([H])([H])[H])[C@]1([H])C(=C([H])[H])C([H])([H])C([H])([H])[C@@]2([H])O[H]
375,SANC00477,SANC00477_minRM1.pdb,,no_queried_motif,no queried electrophilic motif present,,,,0,0,0,,,346.3,1.66,3,7,105.5,2,[H]Oc1c([H])c([H])c(C([H])([H])[C@]2(O[H])C(=O)c3c(O[H])c([H])c(OC([H])([H])[H])c([H])c3OC2([H])[H])c([H])c1OC([H])([H])[H]
376,SANC00478,SANC00478_minRM1.pdb,,no_queried_motif,no queried electrophilic motif present,,,,0,0,0,,,927.2,4.62,6,13,201.1,1,[H]OC([H])([H])[C@@]1(C([H])([H])[H])O[C@]2(O[C@@]3([H])C([H])=C4[C@@](C([H])([H])[H])([C@@]3(O[H])[C@]2([H])C([H])([H])[H])[C@]([H])(O[H])C([H])([H])[C@]2([H])[C@@]3(C([H])([H])[H])C([H])([H])c5nc6c(nc5C([H])([H])[C@]3([H])C([H])([H])C([H])([H])[C@@]42[H])C([H])([H])[C@@]2(C([H])([H])[H])[C@]([H])(C6([H])[H])C([H])([H])C([H])([H])[C@@]3([H])C4=C([H])C([H])([H])[C@@]5([H])[C@]4(C(=O)C([H])([H])[C@]23O[H])C([H])([H])O[C@]2(OC(C([H])([H])[H])(C([H])([H])[H])C([H])([H])[C@@]2([H])O[H])[C@@]5([H])C([H])([H])[H])[C@]([H])(O[H])C1([H])[H]
377,SANC00479,SANC00479_minRM1.pdb,,no_queried_motif,no queried electrophilic motif present,,,,0,0,0,,,941.2,4.87,6,13,201.2,1,[H]OC([H])([H])[C@@]1(C([H])([H])[H])O[C@]2(O[C@@]3([H])C([H])=C4[C@@](C([H])([H])[H])([C@@]3(O[H])[C@]2([H])C([H])([H])[H])[C@]([H])(O[H])C([H])([H])[C@]2([H])[C@@]3(C([H])([H])[H])C([H])([H])c5nc6c(nc5C([H])([H])[C@]3([H])C([H])([H])C([H])([H])[C@@]42[H])C([H])([H])[C@@]2(C([H])([H])[H])[C@]([H])(C6([H])[H])C([H])([H])C([H])([H])[C@@]3([H])C4=C([H])C([H])([H])[C@@]5([H])[C@]4(C(=O)C([H])([H])[C@]23O[H])C([H])([H])O[C@@]2(OC(C([H])([H])[H])(C([H])([H])[H])[C@@]([H])(C([H])([H])[H])[C@@]2([H])O[H])[C@@]5([H])C([H])([H])[H])[C@]([H])(O[H])C1([H])[H]
378,SANC00480,SANC00480_minRM1.pdb,,no_queried_motif,no queried electrophilic motif present,,,,0,0,0,,,943.2,3.83,6,14,213.7,1,[H]OC([H])([H])[C@@]1(C([H])([H])[H])O[C@]2(O[C@@]3([H])C([H])=C4[C@@](C([H])([H])[H])([C@@]3(O[H])[C@]2([H])C([H])([H])[H])[C@]([H])(O[H])C([H])([H])[C@]2([H])[C@@]3(C([H])([H])[H])C([H])([H])c5nc6c(nc5C([H])([H])[C@]3([H])C([H])([H])C([H])([H])[C@@]42[H])C([H])([H])[C@@]2(C([H])([H])[H])[C@]([H])(C6([H])[H])C([H])([H])C([H])([H])[C@]3([H])[C@]2(O[H])C([H])([H])C(=O)[C@]24C([H])([H])O[C@@]5(OC(C([H])([H])[H])(C([H])([H])[H])C([H])([H])[C@@]5([H])O[H])[C@@]([H])(C([H])([H])[H])[C@@]2([H])C([H])([H])[C@@]2([H])O[C@@]342)[C@]([H])(O[H])C1([H])[H]
379,SANC00481,SANC00481_minRM1.pdb,,no_queried_motif,no queried electrophilic motif present,,,,0,0,0,,,929.2,4.41,7,13,204.3,1,[H]OC([H])([H])[C@@]1(C([H])([H])[H])O[C@]2(O[C@@]3([H])C([H])=C4[C@@](C([H])([H])[H])([C@@]3(O[H])[C@]2([H])C([H])([H])[H])[C@]([H])(O[H])C([H])([H])[C@]2([H])[C@@]3(C([H])([H])[H])C([H])([H])c5nc6c(nc5C([H])([H])[C@]3([H])C([H])([H])C([H])([H])[C@@]42[H])C([H])([H])[C@@]2(C([H])([H])[H])[C@]([H])(C6([H])[H])C([H])([H])C([H])([H])[C@@]3([H])C4=C([H])[C@]5([H])O[C@@]6(OC([H])([H])[C@](O[H])(C([H])([H])[H])C([H])([H])C6([H])[H])[C@@]([H])(C([H])([H])[H])[C@]5(O[H])[C@@]4(C([H])([H])[H])[C@]([H])(O[H])C([H])([H])[C@]23[H])[C@]([H])(O[H])C1([H])[H]
380,SANC00482,SANC00482_minRM1.pdb,,no_queried_motif,no queried electrophilic motif present,,,,0,0,0,,,927.2,5.54,6,12,184.1,1,[H]OC([H])([H])[C@@]1(C([H])([H])[H])O[C@]2(O[C@@]3([H])C([H])=C4[C@@](C([H])([H])[H])([C@@]3(O[H])[C@]2([H])C([H])([H])[H])[C@]([H])(O[H])C([H])([H])[C@]2([H])[C@@]3(C([H])([H])[H])C([H])([H])c5nc6c(nc5C([H])([H])[C@]3([H])C([H])([H])C([H])([H])[C@@]42[H])C([H])([H])[C@@]2(C([H])([H])[H])[C@]([H])(C6([H])[H])C([H])([H])C([H])([H])[C@@]3([H])C4=C([H])[C@]5([H])O[C@@]6(OC(C([H])([H])[H])(C([H])([H])[H])[C@]([H])(C([H])([H])[H])C6([H])[H])[C@@]([H])(C([H])([H])[H])[C@]5([H])[C@@]4(C([H])([H])O[H])[C@]([H])(O[H])C([H])([H])[C@]23[H])[C@]([H])(O[H])C1([H])[H]
381,SANC00483,SANC00483_minRM1.pdb,,no_queried_motif,no queried electrophilic motif present,,,,0,0,0,,,929.2,4.46,7,13,212.1,1,[H]OC(C([H])([H])[H])(C([H])([H])[H])C([H])([H])[C@@]([H])(O[H])[C@@]1(O[H])OC([H])([H])[C@]23C(=O)C([H])([H])[C@]4([H])[C@@]5(C([H])([H])[H])C([H])([H])c6nc7c(nc6C([H])([H])[C@]5([H])C([H])([H])C([H])([H])[C@@]4([H])C2=C([H])C([H])([H])[C@]3([H])[C@@]1([H])C([H])([H])[H])C([H])([H])[C@@]1(C([H])([H])[H])[C@]([H])(C7([H])[H])C([H])([H])C([H])([H])[C@@]2([H])C3=C([H])[C@]4([H])O[C@]5(O[C@](C([H])([H])[H])(C([H])([H])O[H])C([H])([H])[C@@]5([H])O[H])[C@@]([H])(C([H])([H])[H])[C@]4(O[H])[C@@]3(C([H])([H])[H])[C@]([H])(O[H])C([H])([H])[C@]12[H]
382,SANC00484,SANC00484_minRM1.pdb,,no_queried_motif,no queried electrophilic motif present,,,,0,0,0,,,957.2,4.76,6,14,210.4,1,[H]OC([H])([H])[C@@]1(C([H])([H])[H])O[C@]2(O[C@@]3([H])C([H])=C4[C@@](C([H])([H])[H])([C@@]3(O[H])[C@]2([H])C([H])([H])[H])[C@]([H])(O[H])C([H])([H])[C@]2([H])[C@]3(C([H])([H])[H])[C@]([H])(C([H])([H])c5nc6c(nc5[C@]3([H])OC([H])([H])[H])C([H])([H])[C@]3([H])C([H])([H])C([H])([H])[C@@]5([H])C7=C([H])C([H])([H])[C@@]8([H])[C@]7(C(=O)C([H])([H])[C@]5(O[H])[C@@]3(C([H])([H])[H])C6([H])[H])C([H])([H])O[C@@]3(OC(C([H])([H])[H])(C([H])([H])[H])C([H])([H])[C@@]3([H])O[H])[C@@]8([H])C([H])([H])[H])C([H])([H])C([H])([H])[C@@]42[H])[C@]([H])(O[H])C1([H])[H]
383,SANC00485,SANC00485_minRM1.pdb,,no_queried_motif,no queried electrophilic motif present,,,,0,0,0,,,957.2,4.76,6,14,210.4,1,[H]OC([H])([H])[C@@]1(C([H])([H])[H])O[C@]2(O[C@@]3([H])C([H])=C4[C@@](C([H])([H])[H])([C@@]3(O[H])[C@]2([H])C([H])([H])[H])[C@]([H])(O[H])C([H])([H])[C@]2([H])[C@@]3(C([H])([H])[H])C([H])([H])c5nc6c(nc5C([H])([H])[C@]3([H])C([H])([H])C([H])([H])[C@@]42[H])[C@]([H])(OC([H])([H])[H])[C@@]2(C([H])([H])[H])[C@]([H])(C6([H])[H])C([H])([H])C([H])([H])[C@@]3([H])C4=C([H])C([H])([H])[C@@]5([H])[C@]4(C(=O)C([H])([H])[C@]23O[H])C([H])([H])O[C@@]2(OC(C([H])([H])[H])(C([H])([H])[H])C([H])([H])[C@@]2([H])O[H])[C@@]5([H])C([H])([H])[H])[C@]([H])(O[H])C1([H])[H]
384,SANC00486,SANC00486_minRM1.pdb,,no_queried_motif,no queried electrophilic motif present,,,,0,0,0,,,945.2,3.38,8,14,224.5,1,[H]OC([H])([H])[C@@]1(C([H])([H])[H])O[C@]2(O[C@@]3([H])C([H])=C4[C@@](C([H])([H])[H])([C@@]3(O[H])[C@]2([H])C([H])([H])[H])[C@]([H])(O[H])C([H])([H])[C@]2([H])[C@@]3(C([H])([H])[H])C([H])([H])c5nc6c(nc5C([H])([H])[C@]3([H])C([H])([H])C([H])([H])[C@@]42[H])C([H])([H])[C@@]2(C([H])([H])[H])[C@]([H])(C6([H])[H])C([H])([H])C([H])([H])[C@@]3([H])C4=C([H])[C@]5([H])O[C@]6(O[C@](C([H])([H])[H])(C([H])([H])O[H])C([H])([H])[C@@]6([H])O[H])[C@@]([H])(C([H])([H])[H])[C@]5(O[H])[C@@]4(C([H])([H])[H])[C@]([H])(O[H])C([H])([H])[C@]23[H])[C@]([H])(O[H])C1([H])[H]
385,SANC00487,SANC00487_minRM1.pdb,,no_queried_motif,no queried electrophilic motif present,,,,0,0,0,,,961.2,2.87,9,15,244.8,1,[H]OC([H])([H])[C@@]1(C([H])([H])[H])O[C@]2(O[C@@]3([H])C([H])=C4[C@@](C([H])([H])[H])([C@@]3(O[H])[C@]2([H])C([H])([H])[H])[C@]([H])(O[H])C([H])([H])[C@]2([H])[C@@]3(C([H])([H])[H])C([H])([H])c5nc6c(nc5C([H])([H])[C@]3([H])C([H])([H])C([H])([H])[C@@]42[H])[C@]([H])(O[H])[C@@]2(C([H])([H])[H])[C@]([H])(C6([H])[H])C([H])([H])C([H])([H])[C@@]3([H])C4=C([H])[C@]5([H])O[C@]6(O[C@](C([H])([H])[H])(C([H])([H])O[H])C([H])([H])[C@@]6([H])O[H])[C@@]([H])(C([H])([H])[H])[C@]5(O[H])[C@@]4(C([H])([H])[H])[C@]([H])(O[H])C([H])([H])[C@]23[H])[C@]([H])(O[H])C1([H])[H]
386,SANC00488,SANC00488_minRM1.pdb,HDXIKQGPMMNJIT-RRSHKRSOSA-N,failed_selection_rule,every matched site has a fully substituted beta-carbon and no retained ring motif,,ab_unsat_carbonyl:1,"ab_unsat_carbonyl[53,54,55,56]",1,1,0,1,,941.2,3.75,6,14,213.7,1,[H]OC([H])([H])[C@]1(C([H])([H])[H])O[C@]2(O[C@@]3([H])C([H])=C4[C@](C([H])([H])[H])([C@@]3(O[H])[C@]2([H])C([H])([H])[H])[C@@]([H])(O[H])C([H])([H])[C@@]2([H])[C@@]3(C([H])([H])[H])C([H])([H])c5nc6c(nc5C([H])([H])[C@]3([H])C([H])([H])C([H])([H])[C@]42[H])C([H])([H])[C@]2(C([H])([H])[H])C3=C([H])C(=O)[C@@]45C([H])([H])O[C@@]7(OC(C([H])([H])[H])(C([H])([H])[H])C([H])([H])[C@@]7([H])O[H])[C@@]([H])(C([H])([H])[H])[C@]4([H])C([H])([H])[C@]4([H])O[C@]54[C@]3(O[H])C([H])([H])C([H])([H])[C@@]2([H])C6([H])[H])[C@]([H])(O[H])C1([H])[H]
387,SANC00489,SANC00489_minRM1.pdb,QJKIJCMBSFDTKP-LNKVJEDPSA-N,failed_selection_rule,every matched site has a fully substituted beta-carbon and no retained ring motif,,ab_unsat_carbonyl:1,"ab_unsat_carbonyl[40,16,38,9]",1,1,0,1,,955.2,4.0,6,14,213.7,1,[H]OC([H])([H])[C@@]1(C([H])([H])[H])O[C@]2(O[C@]3([H])C([H])=C4[C@@](C([H])([H])[H])([C@]3(O[H])[C@]2([H])C([H])([H])[H])[C@@]([H])(O[H])C([H])([H])[C@]2([H])[C@@]3(C([H])([H])[H])C([H])([H])c5nc6c(nc5C([H])([H])[C@]3([H])C([H])([H])C([H])([H])[C@@]42[H])C([H])([H])[C@]2(C([H])([H])[H])C3=C([H])C(=O)[C@]45C([H])([H])O[C@@]7(OC(C([H])([H])[H])(C([H])([H])[H])[C@@]([H])(C([H])([H])[H])[C@]7([H])O[H])[C@@]([H])(C([H])([H])[H])[C@@]4([H])C([H])([H])[C@@]4([H])O[C@@]54[C@@]3(O[H])C([H])([H])C([H])([H])[C@@]2([H])C6([H])[H])[C@@]([H])(O[H])C1([H])[H]
388,SANC00490,SANC00490_minRM1.pdb,,no_queried_motif,no queried electrophilic motif present,,,,0,0,0,,,911.2,5.65,5,12,180.9,1,[H]O[C@@]1(C([H])([H])[H])C([H])([H])O[C@@]2(O[C@]3([H])C([H])=C4[C@@](C([H])([H])[H])([C@]3(O[H])[C@@]2([H])C([H])([H])[H])[C@@]([H])(O[H])C([H])([H])[C@]2([H])[C@@]3(C([H])([H])[H])C([H])([H])c5nc6c(nc5C([H])([H])[C@]3([H])C([H])([H])C([H])([H])[C@@]42[H])C([H])([H])[C@@]2(C([H])([H])[H])[C@]([H])(C6([H])[H])C([H])([H])C([H])([H])[C@]3([H])C4=C([H])C([H])([H])[C@]5([H])[C@@]4(C(=O)C([H])([H])[C@@]23O[H])C([H])([H])O[C@]2(OC(C([H])([H])[H])(C([H])([H])[H])C([H])([H])[C@]2([H])O[H])[C@@]5([H])C([H])([H])[H])C([H])([H])C1([H])[H]
389,SANC00491,SANC00491_minRM1.pdb,,no_queried_motif,no queried electrophilic motif present,,,,0,0,0,,,911.2,5.65,5,12,180.9,1,[H]O[C@@]12C([H])([H])C(=O)[C@]34C(=C([H])C([H])([H])[C@@]3([H])[C@]([H])(C([H])([H])[H])[C@@]3(OC(C([H])([H])[H])(C([H])([H])[H])C([H])([H])[C@]3([H])O[H])OC4([H])[H])[C@@]1([H])C([H])([H])C([H])([H])[C@@]1([H])C([H])([H])c3nc4c(nc3C([H])([H])[C@@]12C([H])([H])[H])C([H])([H])[C@]1([H])C([H])([H])C([H])([H])[C@@]2([H])C3=C([H])[C@@]5([H])O[C@]6(OC(C([H])([H])[H])(C([H])([H])[H])C([H])([H])[C@]6([H])O[H])[C@@]([H])(C([H])([H])[H])[C@@]5(O[H])[C@@]3(C([H])([H])[H])[C@@]([H])(O[H])C([H])([H])[C@]2([H])[C@@]1(C([H])([H])[H])C4([H])[H]
390,SANC00492,SANC00492_minRM1.pdb,,no_queried_motif,no queried electrophilic motif present,,,,0,0,0,,,298.3,3.54,3,4,77.8,2,[H]Oc1c([H])c(O[H])c(C([H])([H])C([H])=C(C([H])([H])[H])C([H])([H])[H])c(O[H])c1C(=O)c1c([H])c([H])c([H])c([H])c1[H]
391,SANC00493,SANC00493_minRM1.pdb,,no_queried_motif,no queried electrophilic motif present,,,,0,0,0,,,929.1,-0.92,10,19,285.4,0,[H]OC([H])([H])[C@]1([H])O[C@]([H])(O[C@@]2([H])[C@]([H])(O[C@]3([H])C([H])([H])C4=C([H])C([H])([H])[C@@]5([H])[C@]6([H])C([H])([H])[C@]7([H])O[C@]([H])(O[H])[C@]([H])(C([H])=C(C([H])([H])[H])C([H])([H])[H])[C@]8(C([H])([H])[H])O[C@@]([H])(OC([H])([H])[H])[C@@]6(C([H])([H])C([H])([H])[C@]5([H])[C@@]4(C([H])([H])[H])C([H])([H])C3([H])[H])[C@@]87[H])O[C@]([H])(C([H])([H])O[H])[C@@]([H])(O[H])[C@]2([H])O[H])[C@]([H])(O[C@@]2([H])O[C@@]([H])(C([H])([H])[H])[C@]([H])(O[H])[C@@]([H])(O[H])[C@@]2([H])O[H])[C@]([H])(O[H])[C@]1([H])O[H]
392,SANC00494,SANC00494_minRM1.pdb,,no_queried_motif,no queried electrophilic motif present,,,,0,0,0,,,887.1,-0.15,10,17,266.9,0,[H]OC([H])([H])[C@@]1([H])O[C@@]([H])(O[C@@]2([H])[C@]([H])(O[C@@]3([H])C([H])([H])C([H])([H])[C@@]4(C([H])([H])[H])[C@]([H])(C([H])([H])C([H])([H])[C@]5([H])[C@]4([H])C([H])([H])C([H])([H])[C@@]4(C([H])([H])[H])[C@@]5([H])C([H])([H])[C@]5([H])O[C@@]([H])(C([H])=C(C([H])([H])[H])C([H])([H])[H])[C@]([H])(O[H])[C@@]([H])(C([H])([H])[H])[C@]45[H])C3([H])[H])O[C@]([H])(C([H])([H])O[H])[C@@]([H])(O[H])[C@]2([H])O[H])[C@]([H])(O[C@]2([H])O[C@@]([H])(C([H])([H])[H])[C@]([H])(O[H])[C@@]([H])(O[H])[C@@]2([H])O[H])[C@@]([H])(O[H])[C@]1([H])O[H]
393,SANC00495,SANC00495_minRM1.pdb,,no_queried_motif,no queried electrophilic motif present,,,,0,0,0,,,740.9,0.9,9,13,219.0,0,[H]OC([H])([H])[C@@]1([H])O[C@@]([H])(O[C@@]2([H])C([H])([H])[C@@]3([H])[C@]4([H])C([H])([H])C([H])=C5C([H])([H])[C@@]([H])(O[H])C([H])([H])[C@@]([H])(O[C@]6([H])O[C@@]([H])(C([H])([H])[H])[C@]([H])(O[H])[C@@]([H])(O[H])[C@@]6([H])O[H])[C@]5(C([H])([H])[H])[C@@]4([H])C([H])([H])C([H])([H])[C@]3(C([H])([H])[H])[C@@]2([H])[C@]([H])(C([H])([H])[H])[C@@]([H])(O[H])C([H])([H])C([H])=C(C([H])([H])[H])C([H])([H])[H])[C@]([H])(O[H])[C@@]([H])(O[H])[C@]1([H])O[H]
394,SANC00496,SANC00496_minRM1.pdb,,no_queried_motif,no queried electrophilic motif present,,,,0,0,0,,,1065.2,1.86,8,21,305.3,1,[H]OC([H])([H])[C@@]1([H])O[C@@]([H])(O[C@]2([H])C([H])([H])C3=C([H])C([H])([H])[C@@]4([H])[C@]5([H])C([H])([H])[C@]([H])(O[C@]6([H])OC([H])([H])[C@]([H])(O[H])[C@]([H])(O[C@]7([H])OC([H])([H])[C@@]([H])(O[H])[C@]([H])(O[H])[C@@]7([H])OC(=O)c7c([H])c([H])c(OC([H])([H])[H])c(OC([H])([H])[H])c7[H])[C@@]6([H])OC(=O)C([H])([H])[H])[C@](O[H])([C@@]([H])(C(=O)C([H])([H])C([H])([H])C([H])(C([H])([H])[H])C([H])([H])[H])C([H])([H])[H])[C@@]5(C([H])([H])[H])C([H])([H])C([H])([H])[C@]4([H])[C@@]3(C([H])([H])[H])C([H])([H])C2([H])[H])[C@]([H])(O[H])[C@@]([H])(O[H])[C@]1([H])O[H]
395,SANC00497,SANC00497_minRM1.pdb,,no_queried_motif,no queried electrophilic motif present,,,,0,0,0,,,901.1,-0.02,9,18,280.8,0,[H]OC([H])([H])[C@@]1([H])O[C@@]([H])(O[C@]2([H])C([H])([H])C3=C([H])C([H])([H])[C@@]4([H])[C@]5([H])C([H])([H])[C@]([H])(O[C@]6([H])OC([H])([H])[C@]([H])(O[H])[C@]([H])(O[C@]7([H])OC([H])([H])[C@@]([H])(O[H])[C@]([H])(O[H])[C@@]7([H])O[H])[C@@]6([H])OC(=O)C([H])([H])[H])[C@](O[H])([C@@]([H])(C(=O)C([H])([H])C([H])([H])C([H])(C([H])([H])[H])C([H])([H])[H])C([H])([H])[H])[C@@]5(C([H])([H])[H])C([H])([H])C([H])([H])[C@]4([H])[C@@]3(C([H])([H])[H])C([H])([H])C2([H])[H])[C@]([H])(O[H])[C@@]([H])(O[H])[C@]1([H])O[H]
396,SANC00498,SANC00498_minRM1.pdb,,no_queried_motif,no queried electrophilic motif present,,,,0,0,0,,,738.9,1.12,8,13,208.0,0,[H]OC([H])([H])[C@]12C([H])([H])C([H])([H])[C@]3([H])[C@]4(C([H])([H])[H])C(=C([H])C([H])([H])[C@@]3([H])[C@]1([H])C([H])([H])[C@]1([H])O[C@@]([H])(O[H])[C@]([H])(C([H])=C(C([H])([H])[H])C([H])([H])[H])[C@@]([H])(C([H])([H])[H])[C@]21[H])C([H])([H])[C@@]([H])(O[C@]1([H])O[C@]([H])(C([H])([H])O[H])[C@@]([H])(O[H])[C@]([H])(O[H])[C@@]1([H])O[C@]1([H])O[C@@]([H])(C([H])([H])[H])[C@]([H])(O[H])[C@@]([H])(O[H])[C@@]1([H])O[H])C([H])([H])C4([H])[H]
397,SANC00499,SANC00499_minRM1.pdb,,no_queried_motif,no queried electrophilic motif present,,,,0,0,0,,,726.9,0.94,8,13,215.8,0,[H]OC([H])([H])[C@@]1([H])O[C@@]([H])(O[C@]2([H])C([H])([H])C3=C([H])C([H])([H])[C@@]4([H])[C@]5([H])C([H])([H])[C@]([H])(O[C@]6([H])OC([H])([H])[C@]([H])(O[H])[C@]([H])(O[H])[C@@]6([H])O[H])[C@](O[H])([C@@]([H])(C(=O)C([H])([H])C([H])([H])C([H])(C([H])([H])[H])C([H])([H])[H])C([H])([H])[H])[C@@]5(C([H])([H])[H])C([H])([H])C([H])([H])[C@]4([H])[C@@]3(C([H])([H])[H])C([H])([H])C2([H])[H])[C@]([H])(O[H])[C@@]([H])(O[H])[C@]1([H])O[H]
398,SANC00500,SANC00500_minRM1.pdb,,no_queried_motif,no queried electrophilic motif present,,,,0,0,0,,,1065.2,1.86,8,21,305.4,1,[H]OC([H])([H])[C@]1([H])O[C@]([H])(O[C@]2([H])C([H])([H])O[C@@]([H])(O[C@]3([H])[C@@]([H])(OC(=O)C([H])([H])[H])[C@]([H])(O[C@@]4([H])C([H])([H])[C@@]5([H])[C@]6([H])C([H])([H])C([H])=C7C([H])([H])[C@@]([H])(O[H])C([H])([H])C([H])([H])[C@]7(C([H])([H])[H])[C@@]6([H])C([H])([H])C([H])([H])[C@]5(C([H])([H])[H])[C@@]4(O[H])[C@@]([H])(C(=O)C([H])([H])C([H])([H])C([H])(C([H])([H])[H])C([H])([H])[H])C([H])([H])[H])OC([H])([H])[C@]3([H])O[H])[C@]([H])(OC(=O)c3c([H])c([H])c(OC([H])([H])[H])c(OC([H])([H])[H])c3[H])[C@@]2([H])O[H])[C@]([H])(O[H])[C@]([H])(O[H])[C@]1([H])O[H]
399,SANC00501,SANC00501_minRM1.pdb,,no_queried_motif,no queried electrophilic motif present,,,,0,0,0,,,1095.2,1.87,8,22,314.6,1,[H]OC([H])([H])[C@@]1([H])O[C@@]([H])(O[C@]2([H])C([H])([H])O[C@@]([H])(O[C@]3([H])[C@@]([H])(OC(=O)C([H])([H])[H])[C@]([H])(O[C@@]4([H])C([H])([H])[C@@]5([H])[C@]6([H])C([H])([H])C([H])=C7C([H])([H])[C@@]([H])(O[H])C([H])([H])C([H])([H])[C@]7(C([H])([H])[H])[C@@]6([H])C([H])([H])C([H])([H])[C@]5(C([H])([H])[H])[C@@]4(O[H])[C@@]([H])(C(=O)C([H])([H])C([H])([H])C([H])(C([H])([H])[H])C([H])([H])[H])C([H])([H])[H])OC([H])([H])[C@]3([H])O[H])[C@]([H])(OC(=O)c3c([H])c(OC([H])([H])[H])c(OC([H])([H])[H])c(OC([H])([H])[H])c3[H])[C@@]2([H])O[H])[C@]([H])(O[H])[C@@]([H])(O[H])[C@]1([H])O[H]
400,SANC00502,SANC00502_minRM1.pdb,,no_queried_motif,no queried electrophilic motif present,,,,0,0,0,,,1095.2,1.87,8,22,314.6,1,[H]OC([H])([H])[C@@]1([H])O[C@@]([H])(O[C@]2([H])C([H])([H])C3=C([H])C([H])([H])[C@@]4([H])[C@]5([H])C([H])([H])[C@]([H])(O[C@]6([H])OC([H])([H])[C@]([H])(O[H])[C@]([H])(O[C@]7([H])OC([H])([H])[C@@]([H])(O[H])[C@]([H])(O[H])[C@@]7([H])OC(=O)c7c([H])c(OC([H])([H])[H])c(OC([H])([H])[H])c(OC([H])([H])[H])c7[H])[C@@]6([H])OC(=O)C([H])([H])[H])[C@](O[H])([C@@]([H])(C(=O)C([H])([H])C([H])([H])C([H])(C([H])([H])[H])C([H])([H])[H])C([H])([H])[H])[C@@]5(C([H])([H])[H])C([H])([H])C([H])([H])[C@]4([H])[C@@]3(C([H])([H])[H])C([H])([H])C2([H])[H])[C@]([H])(O[H])[C@@]([H])(O[H])[C@]1([H])O[H]
401,SANC00503,SANC00503_minRM1.pdb,,no_queried_motif,no queried electrophilic motif present,,,,0,0,0,,,1227.4,-0.32,11,26,384.5,1,[H]OC([H])([H])[C@@]1([H])O[C@@]([H])(OC([H])([H])[C@@]2([H])O[C@@]([H])(O[C@]3([H])C([H])([H])C4=C([H])C([H])([H])[C@@]5([H])[C@]6([H])C([H])([H])[C@]([H])(O[C@]7([H])OC([H])([H])[C@]([H])(O[H])[C@]([H])(O[C@]8([H])OC([H])([H])[C@@]([H])(O[H])[C@]([H])(O[H])[C@@]8([H])OC(=O)c8c([H])c([H])c(OC([H])([H])[H])c(OC([H])([H])[H])c8[H])[C@@]7([H])OC(=O)C([H])([H])[H])[C@](O[H])([C@@]([H])(C(=O)C([H])([H])C([H])([H])C([H])(C([H])([H])[H])C([H])([H])[H])C([H])([H])[H])[C@@]6(C([H])([H])[H])C([H])([H])C([H])([H])[C@]5([H])[C@@]4(C([H])([H])[H])C([H])([H])C3([H])[H])[C@]([H])(O[H])[C@@]([H])(O[H])[C@]2([H])O[H])[C@]([H])(O[H])[C@@]([H])(O[H])[C@]1([H])O[H]
402,SANC00504,SANC00504_minRM1.pdb,,no_queried_motif,no queried electrophilic motif present,,,,0,0,0,,,1257.4,-0.31,11,27,393.7,1,[H]OC([H])([H])[C@@]1([H])O[C@@]([H])(OC([H])([H])[C@@]2([H])O[C@@]([H])(O[C@]3([H])C([H])([H])C4=C([H])C([H])([H])[C@@]5([H])[C@]6([H])C([H])([H])[C@]([H])(O[C@]7([H])OC([H])([H])[C@]([H])(O[H])[C@]([H])(O[C@]8([H])OC([H])([H])[C@@]([H])(O[H])[C@]([H])(O[H])[C@@]8([H])OC(=O)c8c([H])c(OC([H])([H])[H])c(OC([H])([H])[H])c(OC([H])([H])[H])c8[H])[C@@]7([H])OC(=O)C([H])([H])[H])[C@](O[H])([C@@]([H])(C(=O)C([H])([H])C([H])([H])C([H])(C([H])([H])[H])C([H])([H])[H])C([H])([H])[H])[C@@]6(C([H])([H])[H])C([H])([H])C([H])([H])[C@]5([H])[C@@]4(C([H])([H])[H])C([H])([H])C3([H])[H])[C@]([H])(O[H])[C@@]([H])(O[H])[C@]2([H])O[H])[C@]([H])(O[H])[C@@]([H])(O[H])[C@]1([H])O[H]
403,SANC00505,SANC00505_minRM1.pdb,,no_queried_motif,no queried electrophilic motif present,,,,0,0,0,,,1419.5,-2.49,14,32,472.9,1,[H]OC([H])([H])[C@@]1([H])O[C@@]([H])(O[C@@]2([H])[C@]([H])(O[H])[C@@]([H])(O[H])[C@]([H])(OC([H])([H])[C@@]3([H])O[C@@]([H])(O[C@]4([H])C([H])([H])C5=C([H])C([H])([H])[C@@]6([H])[C@]7([H])C([H])([H])[C@]([H])(O[C@]8([H])OC([H])([H])[C@]([H])(O[H])[C@]([H])(O[C@]9([H])OC([H])([H])[C@@]([H])(O[H])[C@]([H])(O[H])[C@@]9([H])OC(=O)c9c([H])c(OC([H])([H])[H])c(OC([H])([H])[H])c(OC([H])([H])[H])c9[H])[C@@]8([H])OC(=O)C([H])([H])[H])[C@](O[H])([C@@]([H])(C(=O)C([H])([H])C([H])([H])C([H])(C([H])([H])[H])C([H])([H])[H])C([H])([H])[H])[C@@]7(C([H])([H])[H])C([H])([H])C([H])([H])[C@]6([H])[C@@]5(C([H])([H])[H])C([H])([H])C4([H])[H])[C@]([H])(O[H])[C@@]([H])(O[H])[C@]3([H])O[H])O[C@]2([H])C([H])([H])O[H])[C@]([H])(O[H])[C@@]([H])(O[H])[C@]1([H])O[H]
404,SANC00506,SANC00506_minRM1.pdb,,no_queried_motif,no queried electrophilic motif present,,,,0,0,0,,,1375.5,-2.8,15,31,474.7,1,[H]Oc1c([H])c([H])c(C(=O)O[C@@]2([H])[C@]([H])(O[C@]3([H])[C@@]([H])(OC(=O)C([H])([H])[H])[C@]([H])(O[C@@]4([H])C([H])([H])[C@@]5([H])[C@]6([H])C([H])([H])C([H])=C7C([H])([H])[C@@]([H])(O[C@]8([H])O[C@]([H])(C([H])([H])O[C@]9([H])O[C@]([H])(C([H])([H])O[H])[C@@]([H])(O[C@]%10([H])O[C@]([H])(C([H])([H])O[H])[C@@]([H])(O[H])[C@]([H])(O[H])[C@@]%10([H])O[H])[C@]([H])(O[H])[C@@]9([H])O[H])[C@@]([H])(O[H])[C@]([H])(O[H])[C@@]8([H])O[H])C([H])([H])C([H])([H])[C@]7(C([H])([H])[H])[C@@]6([H])C([H])([H])C([H])([H])[C@]5(C([H])([H])[H])[C@@]4(O[H])[C@@]([H])(C(=O)C([H])([H])C([H])([H])C([H])(C([H])([H])[H])C([H])([H])[H])C([H])([H])[H])OC([H])([H])[C@]3([H])O[H])OC([H])([H])[C@@]([H])(O[H])[C@]2([H])O[H])c([H])c1OC([H])([H])[H]
405,SANC00507,SANC00507_minRM1.pdb,,no_queried_motif,no queried electrophilic motif present,,,,0,0,0,,,1389.5,-2.49,14,31,463.7,1,[H]OC([H])([H])[C@@]1([H])O[C@@]([H])(O[C@@]2([H])[C@]([H])(O[H])[C@@]([H])(O[H])[C@]([H])(OC([H])([H])[C@@]3([H])O[C@@]([H])(O[C@]4([H])C([H])([H])C5=C([H])C([H])([H])[C@@]6([H])[C@]7([H])C([H])([H])[C@]([H])(O[C@]8([H])OC([H])([H])[C@]([H])(O[H])[C@]([H])(O[C@]9([H])OC([H])([H])[C@@]([H])(O[H])[C@]([H])(OC(=O)c%10c([H])c([H])c(OC([H])([H])[H])c(OC([H])([H])[H])c%10[H])[C@@]9([H])O[H])[C@@]8([H])OC(=O)C([H])([H])[H])[C@](O[H])([C@@]([H])(C(=O)C([H])([H])C([H])([H])C([H])(C([H])([H])[H])C([H])([H])[H])C([H])([H])[H])[C@@]7(C([H])([H])[H])C([H])([H])C([H])([H])[C@]6([H])[C@@]5(C([H])([H])[H])C([H])([H])C4([H])[H])[C@]([H])(O[H])[C@@]([H])(O[H])[C@]3([H])O[H])O[C@]2([H])C([H])([H])O[H])[C@]([H])(O[H])[C@@]([H])(O[H])[C@]1([H])O[H]
406,SANC00508,SANC00508_minRM1.pdb,,no_queried_motif,no queried electrophilic motif present,,,,0,0,0,,,1225.3,-4.38,15,28,439.1,0,[H]OC([H])([H])[C@@]1([H])O[C@@]([H])(O[C@@]2([H])[C@]([H])(O[H])[C@@]([H])(O[H])[C@]([H])(OC([H])([H])[C@@]3([H])O[C@@]([H])(O[C@]4([H])C([H])([H])C5=C([H])C([H])([H])[C@@]6([H])[C@]7([H])C([H])([H])[C@]([H])(O[C@]8([H])OC([H])([H])[C@]([H])(O[H])[C@]([H])(O[C@]9([H])OC([H])([H])[C@@]([H])(O[H])[C@]([H])(O[H])[C@@]9([H])O[H])[C@@]8([H])OC(=O)C([H])([H])[H])[C@](O[H])([C@@]([H])(C(=O)C([H])([H])C([H])([H])C([H])(C([H])([H])[H])C([H])([H])[H])C([H])([H])[H])[C@@]7(C([H])([H])[H])C([H])([H])C([H])([H])[C@]6([H])[C@@]5(C([H])([H])[H])C([H])([H])C4([H])[H])[C@]([H])(O[H])[C@@]([H])(O[H])[C@]3([H])O[H])O[C@]2([H])C([H])([H])O[H])[C@]([H])(O[H])[C@@]([H])(O[H])[C@]1([H])O[H]
407,SANC00509,SANC00509_minRM1.pdb,,no_queried_motif,no queried electrophilic motif present,,,,0,0,0,,,664.9,4.29,4,10,152.0,0,[H]O[C@]1([H])C([H])([H])C2=C([H])C([H])([H])[C@@]3([H])[C@]4([H])C([H])([H])[C@]([H])(O[C@]5([H])O[C@@]([H])(C([H])([H])[H])[C@]([H])(O[H])[C@@]([H])(OC(=O)C([H])([H])[H])[C@@]5([H])OC(=O)C([H])([H])[H])[C@]([H])([C@]([H])(C([H])([H])[H])[C@@]([H])(O[H])C([H])([H])C([H])([H])C([H])(C([H])([H])[H])C([H])([H])[H])[C@@]4(C([H])([H])[H])C([H])([H])[C@@]([H])(O[H])[C@]3([H])[C@@]2(C([H])([H])[H])C([H])([H])C1([H])[H]
408,SANC00510,SANC00510_minRM1.pdb,,no_queried_motif,no queried electrophilic motif present,,,,0,0,0,,,817.0,5.61,4,13,179.7,1,[H]O[C@]1([H])C([H])([H])C2=C([H])C([H])([H])[C@@]3([H])[C@]4([H])C([H])([H])[C@]([H])(O[C@]5([H])O[C@@]([H])(C([H])([H])[H])[C@]([H])(O[H])[C@@]([H])(OC(=O)c6c([H])c(OC([H])([H])[H])c(OC([H])([H])[H])c(OC([H])([H])[H])c6[H])[C@@]5([H])OC(=O)C([H])([H])[H])[C@]([H])([C@]([H])(C([H])([H])[H])[C@@]([H])(O[H])C([H])([H])C([H])([H])C([H])(C([H])([H])[H])C([H])([H])[H])[C@@]4(C([H])([H])[H])C([H])([H])[C@@]([H])(O[H])[C@]3([H])[C@@]2(C([H])([H])[H])C([H])([H])C1([H])[H]
409,SANC00511,SANC00511_minRM1.pdb,,no_queried_motif,no queried electrophilic motif present,,,,0,0,0,,,757.0,5.6,4,11,161.2,1,[H]O[C@]1([H])C([H])([H])C2=C([H])C([H])([H])[C@@]3([H])[C@]4([H])C([H])([H])[C@]([H])(O[C@]5([H])O[C@@]([H])(C([H])([H])[H])[C@]([H])(O[H])[C@@]([H])(OC(=O)c6c([H])c([H])c(OC([H])([H])[H])c([H])c6[H])[C@@]5([H])OC(=O)C([H])([H])[H])[C@]([H])([C@]([H])(C([H])([H])[H])[C@@]([H])(O[H])C([H])([H])C([H])([H])C([H])(C([H])([H])[H])C([H])([H])[H])[C@@]4(C([H])([H])[H])C([H])([H])[C@@]([H])(O[H])[C@]3([H])[C@@]2(C([H])([H])[H])C([H])([H])C1([H])[H]
410,SANC00512,SANC00512_minRM1.pdb,,no_queried_motif,no queried electrophilic motif present,,,,0,0,0,,,662.9,4.21,4,10,152.0,0,[H]O[C@]1([H])C([H])([H])C2=C([H])C([H])([H])[C@@]3([H])[C@]4([H])C([H])([H])[C@]([H])(O[C@]5([H])O[C@@]([H])(C([H])([H])[H])[C@]([H])(O[H])[C@@]([H])(OC(=O)C([H])([H])[H])[C@@]5([H])OC(=O)C([H])([H])[H])[C@]([H])([C@]([H])(C([H])([H])[H])[C@@]([H])(O[H])C([H])([H])C([H])=C(C([H])([H])[H])C([H])([H])[H])[C@@]4(C([H])([H])[H])C([H])([H])[C@@]([H])(O[H])[C@]3([H])[C@@]2(C([H])([H])[H])C([H])([H])C1([H])[H]
411,SANC00513,SANC00513_minRM1.pdb,,no_queried_motif,no queried electrophilic motif present,,,,0,0,0,,,316.3,2.25,3,6,96.2,2,[H]Oc1c([H])c(O[H])c2c(c1[H])OC([H])([H])[C@@]([H])(C([H])([H])c1c([H])c([H])c(O[H])c(OC([H])([H])[H])c1[H])C2=O
412,SANC00515,SANC00515_minRM1.pdb,,no_queried_motif,no queried electrophilic motif present,,,,0,0,0,,,361.4,1.34,1,7,77.5,1,[H]O[C@]1([H])[C@]23c4c([H])c5c(c(OC([H])([H])[H])c4C([H])([H])N(C([H])([H])C2([H])[H])[C@]3([H])C([H])([H])C([H])([H])[C@]1([H])OC(=O)C([H])([H])[H])OC([H])([H])O5
413,SANC00516,SANC00516_minRM1.pdb,,no_queried_motif,no queried electrophilic motif present,,,,0,0,0,,,442.7,7.0,2,2,40.5,0,[H]OC([H])([H])[C@@]12C([H])([H])C([H])([H])[C@]3(C([H])([H])[H])[C@]([H])(C([H])([H])C([H])([H])[C@]4([H])[C@@]5(C([H])([H])[H])C([H])([H])C([H])([H])[C@]([H])(O[H])C(C([H])([H])[H])(C([H])([H])[H])[C@]5([H])C([H])([H])C([H])([H])[C@]43C([H])([H])[H])[C@@]1([H])[C@]([H])(C(=C([H])[H])C([H])([H])[H])C([H])([H])C2([H])[H]
414,SANC00517,SANC00517_minRM1.pdb,,no_queried_motif,no queried electrophilic motif present,,,,0,0,0,,,382.4,3.13,4,6,115.1,2,[H]Oc1c2c(c([H])c(C([H])([H])[H])c1[C@@]1([H])C([H])([H])C(=O)c3c([H])c(C([H])([H])[H])c([H])c(O[H])c3[C@@]1([H])O[H])[C@]([H])(O[H])C([H])([H])C([H])([H])C2=O
415,SANC00518,SANC00518_minRM1.pdb,FKPQGZKVKUXBGD-BRSCOLEYSA-N,retained,at least one site passes the beta-hydrogen or retained-ring rule,,ab_unsat_carbonyl:1,"ab_unsat_carbonyl[36,35,33,34]",1,1,1,1,,602.9,10.0,1,4,55.8,1,[H]Oc1c([H])c(/C([H])=C(\[H])C(=O)O[C@@]2([H])C([H])([H])C([H])([H])[C@@]3(C([H])([H])[H])[C@@]([H])(C([H])([H])C([H])([H])[C@]4(C([H])([H])[H])[C@]3([H])C([H])([H])C([H])([H])[C@@]3([H])[C@@]4(C([H])([H])[H])C([H])([H])C([H])([H])[C@@]4(C([H])([H])[H])C([H])([H])C([H])([H])[C@]([H])(C(=C([H])[H])C([H])([H])[H])[C@@]43[H])C2(C([H])([H])[H])C([H])([H])[H])c([H])c([H])c1OC([H])([H])[H]
416,SANC00519,SANC00519_minRM1.pdb,VGYDKEGRECNTNL-FNORWQNLSA-N,retained,at least one site passes the beta-hydrogen or retained-ring rule,,ab_unsat_carbonyl:1,"ab_unsat_carbonyl[11,10,8,9]",1,1,1,1,,286.3,2.71,3,5,87.0,2,[H]Oc1c([H])c([H])c([H])c(/C([H])=C(\[H])C(=O)c2c([H])c([H])c(O[H])c(OC([H])([H])[H])c2O[H])c1[H]
417,SANC00520,SANC00520_minRM1.pdb,,no_queried_motif,no queried electrophilic motif present,,,,0,0,0,,,272.3,2.51,3,5,87.0,2,[H]Oc1c([H])c(O[H])c2c(c1[H])O[C@]([H])(c1c([H])c([H])c([H])c([H])c1O[H])C([H])([H])C2=O
418,SANC00521,SANC00521_minRM1.pdb,WKMQGQZPDSFACZ-QPJJXVBHSA-N,retained,at least one site passes the beta-hydrogen or retained-ring rule,,ab_unsat_carbonyl:1,"ab_unsat_carbonyl[3,2,1,0]",1,1,1,1,,256.3,2.7,3,4,77.8,2,[H]Oc1c([H])c([H])c(C(=O)/C([H])=C(\[H])c2c([H])c([H])c([H])c(O[H])c2[H])c(O[H])c1[H]
419,SANC00522,SANC00522_minRM1.pdb,JUMSUVHHUVPSOY-RMKNXTFCSA-N,retained,at least one site passes the beta-hydrogen or retained-ring rule,,ab_unsat_carbonyl:1,"ab_unsat_carbonyl[3,2,1,0]",1,1,1,1,,240.3,2.99,2,3,57.5,2,[H]Oc1c([H])c([H])c(C(=O)/C([H])=C(\[H])c2c([H])c([H])c([H])c([H])c2[H])c(O[H])c1[H]
420,SANC00523,SANC00523_minRM1.pdb,XUSPHMFWFNGRPP-UXBLZVDNSA-N,retained,at least one site passes the beta-hydrogen or retained-ring rule,,ab_unsat_carbonyl:1,"ab_unsat_carbonyl[12,11,9,10]",1,1,1,1,,314.3,2.47,3,6,96.2,2,[H]Oc1c([H])c([H])c(/C([H])=C2/C(=O)c3c(O[H])c([H])c(O[H])c(OC([H])([H])[H])c3OC2([H])[H])c([H])c1[H]
421,SANC00524,SANC00524_minRM1.pdb,UGJBPWSJFIYASW-WGBJIGDQSA-N,failed_selection_rule,every matched site has a fully substituted beta-carbon and no retained ring motif,,ab_unsat_carbonyl:1,"ab_unsat_carbonyl[2,1,71,72]",1,1,0,1,,848.8,-3.41,13,21,344.7,3,[H]Oc1c([H])c([H])c(O[C@]2([H])O[C@]([H])(C([H])([H])O[H])[C@@]([H])(O[H])[C@]([H])(O[H])[C@@]2([H])O[H])c2c1C(=O)C(C([H])([H])[H])=C1c3c(C([H])([H])[H])c([H])c(O[H])c4c(O[C@]5([H])O[C@]([H])(C([H])([H])O[C@]6([H])OC([H])([H])[C@@]([H])(O[H])[C@]([H])(O[H])[C@@]6([H])O[H])[C@@]([H])(O[H])[C@]([H])(O[H])[C@@]5([H])O[H])c([H])c([H])c(c34)O[C@@]12O[H]
422,SANC00525,SANC00525_minRM1.pdb,,no_queried_motif,no queried electrophilic motif present,,,,0,0,0,,,472.7,4.77,2,5,83.8,0,[H]OC([H])([H])[C@]1(C([H])([H])[H])[C@]2([H])C([H])([H])C([H])([H])C3=C(C([H])([H])C([H])([H])[C@@]4(C([H])([H])[H])[C@@]3(C([H])([H])[H])C(=O)C([H])([H])[C@@]43O[C@]([H])(C(=O)C([H])([H])C([H])([H])[H])C([H])([H])[C@@]3([H])C([H])([H])[H])[C@@]2(C([H])([H])[H])C([H])([H])C([H])([H])[C@]1([H])O[H]
423,SANC00526,SANC00526_minRM1.pdb,GZPHCGBBVQCZIH-MOQULRFYSA-N,failed_selection_rule,every matched site has a fully substituted beta-carbon and no retained ring motif,,ab_unsat_carbonyl:1,"ab_unsat_carbonyl[2,1,83,84]",1,1,0,1,,980.9,-4.95,15,25,403.6,3,[H]Oc1c([H])c([H])c(O[C@]2([H])O[C@]([H])(C([H])([H])O[C@@]3([H])OC([H])([H])[C@@]([H])(O[H])[C@]([H])(O[H])[C@@]3([H])O[H])[C@@]([H])(O[H])[C@]([H])(O[H])[C@@]2([H])O[H])c2c1C(=O)C(C([H])([H])[H])=C1c3c(C([H])([H])[H])c([H])c(O[H])c4c(O[C@]5([H])O[C@]([H])(C([H])([H])O[C@]6([H])OC([H])([H])[C@@]([H])(O[H])[C@]([H])(O[H])[C@@]6([H])O[H])[C@@]([H])(O[H])[C@]([H])(O[H])[C@@]5([H])O[H])c([H])c([H])c(c34)O[C@@]12O[H]
424,SANC00527,SANC00527_minRM1.pdb,MNFFPBYXUIMSFC-WDZFZDKYSA-N,duplicate_motif_hit,identical InChIKey to an earlier motif-bearing record,SANC00350,ab_unsat_carbonyl:1,"ab_unsat_carbonyl[6,7,18,19]",1,1,0,1,,298.3,2.77,2,5,76.0,2,[H]Oc1c([H])c(O[H])c2c(c1[H])OC([H])([H])/C(=C(\[H])c1c([H])c([H])c(OC([H])([H])[H])c([H])c1[H])C2=O
425,SANC00528,SANC00528_minRM1.pdb,,no_queried_motif,no queried electrophilic motif present,,,,0,0,0,,,474.7,4.57,3,5,87.0,0,[H]OC([H])([H])C1(C([H])([H])O[H])[C@@]([H])(O[H])C([H])([H])C([H])([H])[C@]2(C([H])([H])[H])C3=C(C([H])([H])C([H])([H])[C@@]12[H])[C@]1(C([H])([H])[H])C([H])([H])C([H])([H])[C@@]2(O[C@]([H])(C(=O)C([H])([H])C([H])([H])[H])C([H])([H])[C@@]2([H])C([H])([H])[H])[C@@]1(C([H])([H])[H])C([H])([H])C3([H])[H]
426,SANC00529,SANC00529_minRM1.pdb,VBEHRZIHLNLYBT-TWGQIWQCSA-N,retained,at least one site passes the beta-hydrogen or retained-ring rule,,ab_unsat_carbonyl:1,"ab_unsat_carbonyl[13,12,10,11]",1,1,1,1,catechol_A(92),330.3,2.18,4,7,116.5,2,[H]Oc1c([H])c([H])c(/C([H])=C2\C(=O)c3c(O[H])c(O[H])c(O[H])c(OC([H])([H])[H])c3OC2([H])[H])c([H])c1[H]
427,SANC00530,SANC00530_minRM1.pdb,YUMQTFFNTQBOGJ-GZCDYTBJSA-N,retained,at least one site passes the beta-hydrogen or retained-ring rule,,ab_unsat_carbonyl:2,"ab_unsat_carbonyl[15,14,12,13];ab_unsat_carbonyl[30,24,22,23]",2,2,1,1,,438.5,4.06,2,6,100.9,1,[H]OC1=C(C([H])([H])C([H])=C(C([H])([H])[H])C([H])([H])[H])C(=O)[C@](O[H])(C(=O)/C([H])=C(\[H])c2c([H])c([H])c([H])c([H])c2[H])C(=O)[C@]1(OC([H])([H])[H])C([H])([H])C([H])=C(C([H])([H])[H])C([H])([H])[H]
428,SANC00531,SANC00531_minRM1.pdb,,no_queried_motif,no queried electrophilic motif present,,,,0,0,0,,,354.4,4.32,2,5,76.0,2,[H]Oc1c(OC([H])([H])[H])c2c(c(O[H])c1C([H])([H])C([H])=C(C([H])([H])[H])C([H])([H])[H])C(=O)C([H])([H])[C@]([H])(c1c([H])c([H])c([H])c([H])c1[H])O2
429,SANC00532,SANC00532_minRM1.pdb,,no_queried_motif,no queried electrophilic motif present,,,,0,0,0,,,274.3,3.32,0,4,48.7,2,[H]C(=C(C([H])([H])[H])C([H])([H])[H])C([H])([H])c1c(OC([H])([H])[H])c(OC([H])([H])[H])c([H])c2oc(=O)c([H])c([H])c12
430,SANC00533,SANC00533_minRM1.pdb,,no_queried_motif,no queried electrophilic motif present,,,,0,0,0,,,362.5,4.49,1,4,59.1,0,[H]O[C@]1([H])[C@]2(C([H])([H])[H])O[C@@]2([H])C([H])([H])C([H])([H])/C(C([H])([H])[H])=C(/[H])C([H])([H])C([H])([H])/C(C([H])([H])[H])=C([H])/C([H])=C(/C([H])(C([H])([H])[H])C([H])([H])[H])[C@@]1([H])OC(=O)C([H])([H])[H]
431,SANC00534,SANC00534_minRM1.pdb,,no_queried_motif,no queried electrophilic motif present,,,,0,0,0,,,304.5,4.94,1,2,32.8,0,[H]O[C@]1([H])/C(C([H])(C([H])([H])[H])C([H])([H])[H])=C([H])\C([H])=C(\C([H])([H])[H])C([H])([H])C([H])([H])/C([H])=C(\C([H])([H])[H])C([H])([H])C([H])([H])[C@]2([H])O[C@@]2(C([H])([H])[H])C1([H])[H]
432,SANC00535,SANC00535_minRM1.pdb,,no_queried_motif,no queried electrophilic motif present,,,,0,0,0,,,404.5,5.06,0,5,65.1,0,[H]C1=C(\C([H])(C([H])([H])[H])C([H])([H])[H])[C@@]([H])(OC(=O)C([H])([H])[H])[C@]([H])(OC(=O)C([H])([H])[H])[C@]2(C([H])([H])[H])O[C@@]2([H])C([H])([H])C([H])([H])/C(C([H])([H])[H])=C(/[H])C([H])([H])C([H])([H])\C(C([H])([H])[H])=C\1[H]
433,SANC00536,SANC00536_minRM1.pdb,ZRACFAVCRYEYFL-IZARXFQOSA-N,retained,at least one site passes the beta-hydrogen or retained-ring rule,,ab_unsat_carbonyl:1,"ab_unsat_carbonyl[14,13,24,25]",1,1,1,1,,332.5,4.98,0,3,35.5,0,[H]C1=C2C(=O)O[C@@]1([H])C([H])([H])/C(C([H])([H])[H])=C(\[H])C([H])([H])C([H])([H])[C@](OC([H])([H])[H])(C([H])([H])[H])/C([H])=C(\[H])[C@@]([H])(C([H])(C([H])([H])[H])C([H])([H])[H])C([H])([H])C2([H])[H]
434,SANC00537,SANC00537_minRM1.pdb,SNVXMOVBQLWNPN-ZNMKDYMZSA-N,retained,at least one site passes the beta-hydrogen or retained-ring rule,,ab_unsat_carbonyl:1,"ab_unsat_carbonyl[14,13,24,25]",1,1,1,1,,348.5,4.1,1,4,55.8,0,[H]O[C@@]1(C([H])(C([H])([H])[H])C([H])([H])[H])/C([H])=C(\[H])[C@@](OC([H])([H])[H])(C([H])([H])[H])C([H])([H])C([H])([H])/C([H])=C(\C([H])([H])[H])C([H])([H])[C@]2([H])OC(=O)C(=C2[H])C([H])([H])C1([H])[H]
435,SANC00538,SANC00538_minRM1.pdb,BPBFBKOCADVWMK-PINCUNOESA-N,retained,at least one site passes the beta-hydrogen or retained-ring rule,,ab_unsat_carbonyl:1,"ab_unsat_carbonyl[18,17,23,24]",1,1,1,1,,334.5,3.44,2,4,66.8,0,[H]O[C@@]1(C([H])([H])[H])/C([H])=C(\[H])[C@@](O[H])(C([H])(C([H])([H])[H])C([H])([H])[H])C([H])([H])C([H])([H])C2=C([H])[C@@]([H])(OC2=O)C([H])([H])/C(C([H])([H])[H])=C(\[H])C([H])([H])C1([H])[H]
436,SANC00539,SANC00539_minRM1.pdb,KGUUUDYKWYRRMZ-NAGJAEQSSA-N,retained,at least one site passes the beta-hydrogen or retained-ring rule,,ab_unsat_carbonyl:1,"ab_unsat_carbonyl[15,16,19,20]",1,1,1,1,,298.4,5.2,0,2,26.3,0,[H]C([H])=C(/C1=C([H])\C([H])=C(\C([H])([H])[H])C([H])([H])C([H])([H])/C([H])=C(\C([H])([H])[H])C([H])([H])[C@]2([H])OC(=O)C(=C2[H])C([H])([H])C1([H])[H])C([H])([H])[H]
437,SANC00540,SANC00540_minRM1.pdb,KGUUUDYKWYRRMZ-NAGJAEQSSA-N,duplicate_motif_hit,identical InChIKey to an earlier motif-bearing record,SANC00539,ab_unsat_carbonyl:1,"ab_unsat_carbonyl[15,16,19,20]",1,1,0,1,,298.4,5.2,0,2,26.3,0,[H]C([H])=C(/C1=C([H])\C([H])=C(\C([H])([H])[H])C([H])([H])C([H])([H])/C([H])=C(\C([H])([H])[H])C([H])([H])[C@]2([H])OC(=O)C(=C2[H])C([H])([H])C1([H])[H])C([H])([H])[H]
438,SANC00541,SANC00541_minRM1.pdb,NDOJFBJQGLEMIG-RUVYNBMISA-N,retained,at least one site passes the beta-hydrogen or retained-ring rule,,ab_unsat_carbonyl:1,"ab_unsat_carbonyl[11,12,23,24]",1,1,1,1,,330.5,4.9,0,3,35.5,0,[H]C1=C2C(=O)O[C@@]1([H])C([H])([H])/C(C([H])([H])[H])=C(\[H])C([H])([H])[C@@]([H])(OC([H])([H])[H])/C(C([H])([H])[H])=C([H])\C([H])=C(/C([H])(C([H])([H])[H])C([H])([H])[H])C([H])([H])C2([H])[H]
439,SANC00542,SANC00542_minRM1.pdb,LOIIZBXZZSSECJ-OFZRDIROSA-N,retained,at least one site passes the beta-hydrogen or retained-ring rule,,ab_unsat_carbonyl:1,"ab_unsat_carbonyl[5,6,24,25]",1,1,1,1,,350.5,2.41,3,5,87.0,0,[H]O[C@]1(C([H])([H])[H])/C([H])=C(\[H])[C@@](O[H])(C([H])(C([H])([H])[H])C([H])([H])[H])C([H])([H])C([H])([H])C2=C([H])[C@@]([H])(OC2=O)C([H])([H])C(=C([H])[H])[C@@]([H])(O[H])C([H])([H])C1([H])[H]
440,SANC00543,SANC00543_minRM1.pdb,,no_queried_motif,no queried electrophilic motif present,,,,0,0,0,,,318.5,4.78,1,2,15.3,0,[H]C([H])=C([H])C([H])([H])C([H])([H])/C([H])=C(/[H])C#CC([H])([H])C([H])([H])C([H])([H])C([H])([H])C([H])([H])C([H])([H])C([H])([H])C([H])([H])C([H])([H])N(C([H])([H])[H])C([H])([H])C([H])([H])N([H])C([H])([H])[H]
441,SANC00544,SANC00544_minRM1.pdb,,no_queried_motif,no queried electrophilic motif present,,,,0,0,0,,,320.6,5.01,1,2,15.3,0,[H]/C(C#CC([H])([H])C([H])([H])C([H])([H])C([H])([H])C([H])([H])C([H])([H])C([H])([H])C([H])([H])C([H])([H])N(C([H])([H])[H])C([H])([H])C([H])([H])N([H])C([H])([H])[H])=C(\[H])C([H])([H])C([H])([H])C([H])([H])C([H])([H])[H]
442,SANC00545,SANC00545_minRM1.pdb,,no_queried_motif,no queried electrophilic motif present,,,,0,0,0,,,652.9,2.43,7,10,169.3,0,[H]OC([H])([H])[C@@]1([H])O[C@@]([H])(OC(C([H])([H])[H])(C([H])([H])[H])[C@@]([H])(O[H])C([H])([H])C([H])([H])[C@@]([H])(C([H])([H])[H])[C@@]2([H])C([H])([H])C([H])([H])[C@@]3(C([H])([H])[H])[C@@]4([H])C(=C([H])C([H])([H])[C@]23C([H])([H])[H])C([H])([H])[C@]23O[C@@]4([H])C([H])([H])[C@@]2([H])C(C([H])([H])[H])(C([H])([H])[H])[C@]([H])(O[H])C([H])([H])[C@]3([H])O[H])[C@]([H])(O[H])[C@@]([H])(O[H])[C@]1([H])O[H]
443,SANC00546,SANC00546_minRM1.pdb,,no_queried_motif,no queried electrophilic motif present,,,,0,0,0,,,652.9,2.31,7,10,177.1,0,[H]OC([H])([H])[C@@]1([H])O[C@@]([H])(OC(C([H])([H])[H])(C([H])([H])[H])[C@@]([H])(O[H])C([H])([H])C([H])([H])[C@@]([H])(C([H])([H])[H])[C@@]2([H])C([H])([H])C([H])([H])[C@]3(C([H])([H])[H])[C@]2(C([H])([H])[H])C([H])([H])C([H])([H])[C@@]24C([H])([H])[C@@]25C(=O)C([H])([H])[C@@]([H])(O[H])C(C([H])([H])[H])(C([H])([H])[H])[C@]5([H])C([H])([H])[C@]([H])(O[H])[C@]43[H])[C@]([H])(O[H])[C@@]([H])(O[H])[C@]1([H])O[H]
444,SANC00547,SANC00547_minRM1.pdb,,no_queried_motif,no queried electrophilic motif present,,,,0,0,0,,,650.9,2.52,6,10,174.0,0,[H]OC([H])([H])[C@@]1([H])O[C@@]([H])(OC(C([H])([H])[H])(C([H])([H])[H])[C@@]([H])(O[H])C([H])([H])C([H])([H])[C@@]([H])(C([H])([H])[H])[C@@]2([H])C([H])([H])C([H])([H])[C@@]3(C([H])([H])[H])[C@]4([H])C([H])([H])C([H])([H])[C@@]5([H])C(C([H])([H])[H])(C([H])([H])[H])[C@]([H])(O[H])C([H])([H])C(=O)[C@@]56C([H])([H])[C@@]46C(=O)C([H])([H])[C@]23C([H])([H])[H])[C@]([H])(O[H])[C@@]([H])(O[H])[C@]1([H])O[H]
445,SANC00548,SANC00548_minRM1.pdb,SWNUBPWWSLUXMU-MVNMJQGYSA-N,retained,at least one site passes the beta-hydrogen or retained-ring rule,,ab_unsat_carbonyl:1,"ab_unsat_carbonyl[44,43,41,42]",1,1,1,1,,634.9,3.11,6,9,156.9,0,[H]OC([H])([H])[C@@]1([H])O[C@@]([H])(OC(C([H])([H])[H])(C([H])([H])[H])[C@@]([H])(O[H])C([H])([H])C([H])([H])[C@@]([H])(C([H])([H])[H])[C@@]2([H])C([H])([H])C([H])([H])[C@]3(C([H])([H])[H])[C@]2(C([H])([H])[H])C([H])([H])C([H])([H])[C@@]24C([H])([H])[C@@]25C(=O)C([H])=C([H])C(C([H])([H])[H])(C([H])([H])[H])[C@]5([H])C([H])([H])[C@]([H])(O[H])[C@]43[H])[C@]([H])(O[H])[C@@]([H])(O[H])[C@]1([H])O[H]
446,SANC00550,SANC00550_minRM1.pdb,,no_queried_motif,no queried electrophilic motif present,,,,0,0,0,,,456.5,4.2,0,8,105.2,2,[H]c1oc([H])c(C(=O)O[C@@]2([H])C(=O)C([H])([H])[C@@]([H])(C([H])([H])[H])[C@@]34OC(C([H])([H])[H])(C([H])([H])[H])[C@@]([H])(C3([H])[H])C([H])([H])[C@]([H])(OC(=O)c3c([H])oc([H])c3[H])[C@@]42C([H])([H])[H])c1[H]
447,SANC00551,SANC00551_minRM1.pdb,CZRPXWCWVJAUKP-OFHXDSJMSA-N,failed_selection_rule,every matched site has a fully substituted beta-carbon and no retained ring motif,,ab_unsat_carbonyl:1,"ab_unsat_carbonyl[21,7,22,4]",1,1,0,1,,454.5,4.12,0,8,105.2,2,[H]C1=C(C([H])([H])[H])[C@]23OC(C([H])([H])[H])(C([H])([H])[H])[C@]([H])(C([H])([H])[C@]([H])(OC(=O)c4c([H])oc([H])c4[H])[C@]2(C([H])([H])[H])[C@@]([H])(OC(=O)c2c([H])oc([H])c2[H])C1=O)C3([H])[H]
448,SANC00552,SANC00552_minRM1.pdb,,no_queried_motif,no queried electrophilic motif present,,,,0,0,0,,,442.5,5.02,0,7,88.1,2,[H]c1oc([H])c(C(=O)O[C@@]2([H])C([H])([H])C([H])([H])[C@@]([H])(C([H])([H])[H])[C@@]34OC(C([H])([H])[H])(C([H])([H])[H])[C@@]([H])(C3([H])[H])C([H])([H])[C@]([H])(OC(=O)c3c([H])oc([H])c3[H])[C@@]42C([H])([H])[H])c1[H]
449,SANC00553,SANC00553_minRM1.pdb,,no_queried_motif,no queried electrophilic motif present,,,,0,0,0,,,456.7,7.52,1,3,54.4,0,[H]OC(=O)[C@@]1(C([H])([H])[H])C([H])([H])C([H])([H])[C@]2(C([H])([H])[H])C([H])([H])C([H])([H])[C@]3(C([H])([H])[H])[C@@]4([H])C([H])([H])C([H])([H])[C@@]5(C([H])([H])[H])[C@@]([H])(C([H])([H])C([H])([H])C(=O)[C@]5([H])C([H])([H])[H])[C@]4(C([H])([H])[H])C([H])([H])C([H])([H])[C@@]3(C([H])([H])[H])[C@]2([H])C1([H])[H]
450,SANC00554,SANC00554_minRM1.pdb,,no_queried_motif,no queried electrophilic motif present,,,,0,0,0,,,470.7,7.49,2,4,74.6,0,[H]OC(=O)C([H])([H])C([H])([H])[C@]1(C([H])([H])[H])[C@@]2([H])C([H])([H])C([H])=C3[C@@](C([H])([H])[H])(C([H])([H])C([H])([H])[C@@]4(C([H])([H])[H])C([H])([H])C([H])([H])[C@](C(=O)O[H])(C([H])([H])[H])C([H])([H])[C@@]34[H])[C@]2(C([H])([H])[H])C([H])([H])C([H])([H])[C@@]1([H])C(=C([H])[H])C([H])([H])[H]
451,SANC00555,SANC00555_minRM1.pdb,,no_queried_motif,no queried electrophilic motif present,,,,0,0,0,,catechol_A(92),316.4,4.89,2,3,57.5,1,[H]Oc1c([H])c2c(c(C([H])(C([H])([H])[H])C([H])([H])[H])c1O[H])[C@@]1(C([H])([H])[H])C([H])([H])C([H])([H])C([H])([H])C(C([H])([H])[H])(C([H])([H])[H])[C@]1([H])C([H])([H])C2=O
452,SANC00556,SANC00556_minRM1.pdb,GEOPBHZOKAYUQE-HXUWFJFHSA-N,failed_selection_rule,every matched site has a fully substituted beta-carbon and no retained ring motif,,ab_unsat_carbonyl:1,"ab_unsat_carbonyl[14,12,10,11]",1,1,0,1,catechol_A(92),330.4,4.7,3,4,77.8,1,[H]OC1=C2C(C([H])([H])[H])(C([H])([H])[H])C([H])([H])C([H])([H])C([H])([H])[C@]2(C([H])([H])[H])c2c(c([H])c(O[H])c(O[H])c2C([H])(C([H])([H])[H])C([H])([H])[H])C1=O
453,SANC00557,SANC00557_minRM1.pdb,,no_queried_motif,no queried electrophilic motif present,,,,0,0,0,,,212.4,2.55,2,2,24.1,0,[H]N1C([H])([H])C([H])([H])C([H])([H])N([H])C([H])([H])[C@@]([H])(C([H])([H])[H])C([H])([H])C([H])([H])C([H])([H])C([H])([H])C([H])([H])C([H])([H])C1([H])[H]
454,SANC00558,SANC00558_minRM1.pdb,,no_queried_motif,no queried electrophilic motif present,,,,0,0,0,,catechol_A(92),590.5,3.44,10,13,241.7,5,[H]Oc1c([H])c([H])c(-c2oc3c(O[H])c(O[H])c([H])c([C@]4([H])c5c([H])c([H])c(O[H])c(O[H])c5O[C@]([H])(c5c([H])c([H])c(O[H])c(O[H])c5[H])[C@@]4([H])O[H])c3c(=O)c2O[H])c([H])c1O[H]
455,SANC00559,SANC00559_minRM1.pdb,,no_queried_motif,no queried electrophilic motif present,,,,0,0,0,,catechol_A(92),590.5,3.44,10,13,241.7,5,[H]Oc1c([H])c([H])c(-c2oc3c(O[H])c(O[H])c([H])c([C@@]4([H])c5c([H])c([H])c(O[H])c(O[H])c5O[C@]([H])(c5c([H])c([H])c(O[H])c(O[H])c5[H])[C@]4([H])O[H])c3c(=O)c2O[H])c([H])c1O[H]
456,SANC00560,SANC00560_minRM1.pdb,AZKVWQKMDGGDSV-BCMRRPTOSA-N,retained,at least one site passes the beta-hydrogen or retained-ring rule,,ab_unsat_carbonyl:1,"ab_unsat_carbonyl[13,14,15,16]",1,1,1,1,,226.2,-0.05,2,5,76.0,0,[H]OC([H])([H])C1=C([H])C([H])([H])[C@]2([H])C(C(=O)OC([H])([H])[H])=C([H])O[C@@]([H])(O[H])[C@]12[H]
457,SANC00561,SANC00561_minRM1.pdb,WPMOWKGFSAAGQM-IRUJWGPZSA-N,retained,at least one site passes the beta-hydrogen or retained-ring rule,,ab_unsat_carbonyl:1,"ab_unsat_carbonyl[16,17,18,19]",1,1,1,1,,268.3,0.52,1,6,82.1,0,[H]O[C@]1([H])OC([H])=C(C(=O)OC([H])([H])[H])[C@@]2([H])C([H])([H])C([H])=C(C([H])([H])OC(=O)C([H])([H])[H])[C@@]12[H]
458,SANC00562,SANC00562_minRM1.pdb,,no_queried_motif,no queried electrophilic motif present,,,,0,0,0,,,390.4,0.45,6,8,139.8,2,[H]Oc1c([H])c([H])c(/C([H])=C(\[H])c2c([H])c(O[H])c([H])c(O[C@]3([H])O[C@]([H])(C([H])([H])O[H])[C@@]([H])(O[H])[C@]([H])(O[H])[C@@]3([H])O[H])c2[H])c([H])c1[H]
459,SANC00563,SANC00563_minRM1.pdb,,no_queried_motif,no queried electrophilic motif present,,,,0,0,0,,,252.3,4.08,2,2,40.5,2,[H]Oc1c([H])c([H])c(/C([H])=C(/[H])[C@@]([H])(C([H])=C([H])[H])c2c([H])c([H])c(O[H])c([H])c2[H])c([H])c1[H]
460,SANC00564,SANC00564_minRM1.pdb,,no_queried_motif,no queried electrophilic motif present,,,,0,0,0,,,252.3,4.08,2,2,40.5,2,[H]Oc1c([H])c([H])c(/C([H])=C(\[H])[C@]([H])(C([H])=C([H])[H])c2c([H])c([H])c(O[H])c([H])c2[H])c([H])c1[H]
461,SANC00565,SANC00565_minRM1.pdb,,no_queried_motif,no queried electrophilic motif present,,,,0,0,0,,,314.3,2.84,1,5,65.0,2,[H]Oc1c([H])c([H])c(C([H])([H])[C@@]2([H])C(=O)c3c(OC([H])([H])[H])c([H])c(OC([H])([H])[H])c([H])c3OC2([H])[H])c([H])c1[H]
462,SANC00566,SANC00566_minRM1.pdb,,no_queried_motif,no queried electrophilic motif present,,,,0,0,0,,,390.4,1.98,2,8,103.7,2,[H]Oc1c([H])c(OC([H])([H])[H])c(OC([H])([H])[H])c2c1C(=O)[C@@](O[H])(C([H])([H])c1c([H])c([H])c(OC([H])([H])[H])c(OC([H])([H])[H])c1[H])C([H])([H])O2
463,SANC00567,SANC00567_minRM1.pdb,,no_queried_motif,no queried electrophilic motif present,,,,0,0,0,,,360.4,1.97,2,7,94.5,2,[H]Oc1c([H])c(OC([H])([H])[H])c([H])c2c1C(=O)[C@@](O[H])(C([H])([H])c1c([H])c([H])c(OC([H])([H])[H])c(OC([H])([H])[H])c1[H])C([H])([H])O2
464,SANC00568,SANC00568_minRM1.pdb,,no_queried_motif,no queried electrophilic motif present,,,,0,0,0,,,376.4,1.67,3,8,114.7,2,[H]Oc1c([H])c(C([H])([H])[C@]2(O[H])C(=O)c3c(O[H])c([H])c(OC([H])([H])[H])c(OC([H])([H])[H])c3OC2([H])[H])c([H])c([H])c1OC([H])([H])[H]
465,SANC00569,SANC00569_minRM1.pdb,,no_queried_motif,no queried electrophilic motif present,,,,0,0,0,,catechol_A(92),362.3,1.37,4,8,125.7,2,[H]Oc1c([H])c(C([H])([H])[C@]2(O[H])C(=O)c3c(c([H])c(OC([H])([H])[H])c(O[H])c3O[H])OC2([H])[H])c([H])c([H])c1OC([H])([H])[H]
466,SANC00570,SANC00570_minRM1.pdb,,no_queried_motif,no queried electrophilic motif present,,,,0,0,0,,,332.3,1.36,4,7,116.5,2,[H]Oc1c([H])c(O[H])c2c(c1[H])OC([H])([H])[C@](O[H])(C([H])([H])c1c([H])c([H])c(OC([H])([H])[H])c(O[H])c1[H])C2=O
467,SANC00571,SANC00571_minRM1.pdb,,no_queried_motif,no queried electrophilic motif present,,,,0,0,0,,,458.7,5.6,2,4,66.8,0,[H]OC([H])([H])[C@]1(C([H])([H])[H])[C@]2([H])C([H])([H])C([H])([H])C3=C(C([H])([H])C([H])([H])[C@@]4(C([H])([H])[H])[C@@]3(C([H])([H])[H])C([H])([H])C([H])([H])[C@@]43O[C@]([H])(C(=O)C([H])([H])C([H])([H])[H])C([H])([H])[C@@]3([H])C([H])([H])[H])[C@@]2(C([H])([H])[H])C([H])([H])C([H])([H])[C@]1([H])O[H]
468,SANC00572,SANC00572_minRM1.pdb,,no_queried_motif,no queried electrophilic motif present,,,,0,0,0,,,346.3,2.25,3,7,105.5,2,[H]Oc1c([H])c(C([H])([H])[C@@]2([H])C(=O)c3c(c([H])c(O[H])c(OC([H])([H])[H])c3O[H])OC2([H])[H])c([H])c([H])c1OC([H])([H])[H]
469,SANC00573,SANC00573_minRM1.pdb,,no_queried_motif,no queried electrophilic motif present,,,,0,0,0,,,252.3,4.08,2,2,40.5,2,[H]Oc1c([H])c([H])c(/C([H])=C(/[H])[C@]([H])(C([H])=C([H])[H])c2c([H])c([H])c(O[H])c([H])c2[H])c([H])c1[H]
470,SANC00574,SANC00574_minRM1.pdb,,no_queried_motif,no queried electrophilic motif present,,,,0,0,0,,catechol_A(92),346.3,2.25,3,7,105.5,2,[H]Oc1c([H])c([H])c(C([H])([H])[C@@]2([H])C(=O)c3c(c([H])c(OC([H])([H])[H])c(O[H])c3O[H])OC2([H])[H])c([H])c1OC([H])([H])[H]
471,SANC00575,SANC00575_minRM1.pdb,,no_queried_motif,no queried electrophilic motif present,,,,0,0,0,,,360.4,2.56,2,7,94.5,2,[H]Oc1c([H])c([H])c(C([H])([H])[C@@]2([H])C(=O)c3c(c([H])c(OC([H])([H])[H])c(O[H])c3OC([H])([H])[H])OC2([H])[H])c([H])c1OC([H])([H])[H]
472,SANC00576,SANC00576_minRM1.pdb,,no_queried_motif,no queried electrophilic motif present,,,,0,0,0,,,312.4,4.1,2,4,58.9,2,[H]Oc1c([H])c([H])c(/C([H])=C(/[H])[C@]([H])(C([H])=C([H])[H])c2c([H])c(O[H])c(OC([H])([H])[H])c(OC([H])([H])[H])c2[H])c([H])c1[H]
473,SANC00577,SANC00577_minRM1.pdb,,no_queried_motif,no queried electrophilic motif present,,,,0,0,0,,,338.5,3.3,2,4,74.6,0,[H]OC([H])([H])[C@@]1([H])C(=O)C([H])([H])C([H])([H])[C@@]([H])(C([H])([H])[H])[C@]([H])(O[H])C(=O)C(C([H])(C([H])([H])[H])C([H])([H])[H])C([H])/C([H])=C(\C([H])([H])[H])C([H])([H])C([H])([H])C1([H])[H]
474,SANC00578,SANC00578_minRM1.pdb,UOCSSAQKXPCRQA-DWGTWPKISA-N,retained,at least one site passes the beta-hydrogen or retained-ring rule,,ab_unsat_carbonyl:1,"ab_unsat_carbonyl[4,3,27,28]",1,1,1,1,,352.5,2.43,2,5,87.1,0,[H]OC([H])([H])[C@@]1([H])C(=O)C([H])([H])C([H])([H])[C@@]([H])(C([H])([H])[H])[C@]([H])(O[H])C(=O)/C(C([H])(C([H])([H])[H])C([H])([H])[H])=C(\[H])[C@]2([H])O[C@]2(C([H])([H])[H])C([H])([H])C([H])([H])C1([H])[H]
475,SANC00579,SANC00579_minRM1.pdb,,no_queried_motif,no queried electrophilic motif present,,,,0,0,0,,,398.6,6.06,0,0,0.0,0,[H]C([H])=C1C([H])([H])C([H])([H])[C@@]([H])(Br)C(C([H])([H])[H])(C([H])([H])[H])[C@@]12C([H])([H])C([H])([H])[C@](Cl)(C([H])([H])[H])[C@@]([H])(Br)C2([H])[H]
476,SANC00580,SANC00580_minRM1.pdb,,no_queried_motif,no queried electrophilic motif present,,,,0,0,0,,,444.6,3.58,1,3,45.3,0,[H]O[C@@]1([H])C([H])([H])[C@@](Cl)(C([H])([H])[H])[C@@]([H])(Br)C([H])([H])[C@@]12C(C([H])([H])[H])(C([H])([H])[H])[C@]1(Br)O[C@]1([H])[C@@]1([H])O[C@]12C([H])([H])[H]
477,SANC00581,SANC00581_minRM1.pdb,JJSZVBGQBLAMNL-CLDZINAXSA-N,retained,at least one site passes the beta-hydrogen or retained-ring rule,,ab_unsat_carbonyl:1,"ab_unsat_carbonyl[22,21,19,20]",1,1,1,1,,686.8,3.24,2,12,164.9,1,[H]O[C@]12O[C@](C([H])([H])[H])(C([H])=C1[H])[C@]([H])(OC(=O)/C([H])=C(\[H])c1nc([H])n(C([H])([H])[H])c1[H])C([H])([H])[C@]1([H])C(C([H])([H])[H])=C([H])C([H])([H])[C@@]([H])(C([H])(C([H])([H])[H])C([H])([H])[H])[C@@]1([H])C([H])[C@@H]2C([H])([H])O[C@]1([H])OC([H])([H])[C@]([H])(O[H])[C@]([H])(OC(=O)C([H])([H])[H])[C@]1([H])OC(=O)C([H])([H])[H]
478,SANC00582,SANC00582_minRM1.pdb,JFNWNVUKAJIEAJ-IHRRCBLHSA-N,retained,at least one site passes the beta-hydrogen or retained-ring rule,,ab_unsat_carbonyl:1,"ab_unsat_carbonyl[20,19,17,18]",1,1,1,1,,686.8,3.24,2,12,164.9,1,[H]O[C@]12O[C@](C([H])([H])[H])(C([H])=C1[H])[C@]([H])(OC(=O)/C([H])=C(\[H])c1nc([H])n(C([H])([H])[H])c1[H])C([H])([H])[C@]1([H])C(C([H])([H])[H])=C([H])C([H])([H])[C@]([H])(C([H])(C([H])([H])[H])C([H])([H])[H])[C@@]1([H])C([H])[C@@H]2C([H])([H])O[C@]1([H])OC([H])([H])[C@]([H])(OC(=O)C([H])([H])[H])[C@]([H])(O[H])[C@]1([H])OC(=O)C([H])([H])[H]
479,SANC00583,SANC00583_minRM1.pdb,HWXLTRXWNMULDC-GKBUVBQCSA-N,retained,at least one site passes the beta-hydrogen or retained-ring rule,,ab_unsat_carbonyl:1,"ab_unsat_carbonyl[21,20,18,19]",1,1,1,1,,498.6,3.82,1,7,99.9,1,[H]O[C@@]12O[C@@](C([H])([H])[H])(C([H])=C1[H])[C@@]([H])(OC(=O)/C([H])=C(\[H])c1nc([H])n(C([H])([H])[H])c1[H])C([H])([H])[C@@]1([H])C(C([H])([H])[H])=C([H])C([H])([H])[C@]([H])(C([H])(C([H])([H])[H])C([H])([H])[H])[C@@]1([H])C([H])[C@H]2C(=O)OC([H])([H])[H]
480,SANC00584,SANC00584_minRM1.pdb,,no_queried_motif,no queried electrophilic motif present,,,,0,0,0,,,510.6,5.97,2,6,93.1,5,[H]Oc1c(C([H])([H])[H])c([H])c2c3c([H])c(C([H])([H])[H])c(O[H])c4c(=O)c5c(c(c6c7c(c(=O)c1c26)[C@@]([H])(C([H])([H])[H])O[C@@]([H])(C([H])([H])[H])C7([H])[H])c43)C([H])([H])[C@]([H])(C([H])([H])[H])O[C@]5([H])C([H])([H])[H]
481,SANC00585,SANC00585_minRM1.pdb,,no_queried_motif,no queried electrophilic motif present,,,,0,0,0,,,510.6,5.97,2,6,93.1,5,[H]Oc1c2c(c3c4c([H])c(C([H])([H])[H])c(O[H])c5c(=O)c6c(c(c7c([H])c(C([H])([H])[H])c(=O)c1c73)c54)C([H])([H])[C@]([H])(C([H])([H])[H])O[C@]6([H])C([H])([H])[H])C([H])([H])[C@]([H])(C([H])([H])[H])O[C@]2([H])C([H])([H])[H]
482,SANC00586,SANC00586_minRM1.pdb,,no_queried_motif,no queried electrophilic motif present,,,,0,0,0,,,490.7,5.75,2,5,76.0,0,[H]O[C@]1([H])C([H])([H])C([H])([H])[C@]2(C([H])([H])[H])[C@@]([H])(OC1(C([H])([H])[H])C([H])([H])[H])C([H])([H])C([H])([H])C(=C([H])[H])[C@@]2([H])C([H])([H])C([H])([H])[C@]1(O[H])[C@@]([H])(C([H])([H])[H])C([H])([H])C([H])([H])[C@]2([H])OC(C([H])([H])[H])(C([H])([H])[H])C(=O)C([H])([H])C([H])([H])[C@@]12C([H])([H])[H]
483,SANC00587,SANC00587_minRM1.pdb,,no_queried_motif,no queried electrophilic motif present,,,,0,0,0,,,532.8,6.32,1,6,82.1,0,[H]O[C@@]1(C([H])([H])C([H])([H])[C@]2([H])C(=C([H])[H])C([H])([H])C([H])([H])[C@]3([H])OC(C([H])([H])[H])(C([H])([H])[H])[C@]([H])(OC(=O)C([H])([H])[H])C([H])([H])C([H])([H])[C@]32C([H])([H])[H])[C@@]([H])(C([H])([H])[H])C([H])([H])C([H])([H])[C@]2([H])OC(C([H])([H])[H])(C([H])([H])[H])C(=O)C([H])([H])C([H])([H])[C@@]12C([H])([H])[H]
484,SANC00588,SANC00588_minRM1.pdb,VKIJOVXDKUKSCD-KEPSJGTLSA-N,failed_selection_rule,every matched site has a fully substituted beta-carbon and no retained ring motif,,ab_unsat_carbonyl:2,"ab_unsat_carbonyl[9,10,12,13];ab_unsat_carbonyl[16,14,12,13]",2,2,0,1,,482.7,6.52,1,5,80.7,0,[H]OC1=C2C(C([H])([H])[H])(C([H])([H])[H])C(=O)C([H])([H])C([H])([H])[C@]2(C([H])([H])[H])C(C([H])([H])C([H])([H])C2=C(C([H])([H])[H])C([H])([H])C([H])([H])[C@]3([H])OC(C([H])([H])[H])(C([H])([H])[H])C(=O)C([H])([H])C([H])([H])[C@@]23C([H])([H])[H])=C(C([H])([H])[H])C1=O
485,SANC00589,SANC00589_minRM1.pdb,,no_queried_motif,no queried electrophilic motif present,,,,0,0,0,,,504.7,5.17,1,6,82.1,0,[H]O[C@]1([H])C([H])([H])[C@@]([H])([C@@]2(C([H])([H])[H])C([H])([H])C([H])([H])[C@]3([H])OC(C([H])([H])[H])(C([H])([H])[H])C(=O)C([H])([H])C([H])([H])[C@@]23C([H])([H])[H])O[C@]12[C@@]([H])(C([H])([H])[H])C([H])([H])C([H])([H])[C@]1([H])OC(C([H])([H])[H])(C([H])([H])[H])C(=O)C([H])([H])C([H])([H])[C@@]21C([H])([H])[H]
486,SANC00590,SANC00590_minRM1.pdb,,no_queried_motif,no queried electrophilic motif present,,,,0,0,0,,,472.7,6.85,1,4,55.8,0,[H]O[C@]1([H])C([H])([H])C([H])([H])[C@@]2(C([H])([H])[H])C(C([H])([H])C([H])([H])C3=C(C([H])([H])[H])C([H])([H])C([H])([H])[C@]4([H])OC(C([H])([H])[H])(C([H])([H])[H])C(=O)C([H])([H])C([H])([H])[C@@]34C([H])([H])[H])=C(C([H])([H])[H])C([H])([H])C([H])([H])[C@]2([H])OC1(C([H])([H])[H])C([H])([H])[H]
487,SANC00591,SANC00591_minRM1.pdb,YXSQKWSQGDLZRY-HDXYBINASA-N,failed_selection_rule,every matched site has a fully substituted beta-carbon and no retained ring motif,,ab_unsat_carbonyl:2,"ab_unsat_carbonyl[17,18,20,21];ab_unsat_carbonyl[24,22,20,21]",2,2,0,1,,482.7,6.52,1,5,80.7,0,[H]OC1=C2C(C([H])([H])[H])(C([H])([H])[H])C(=O)C([H])([H])C([H])([H])[C@@]2(C([H])([H])C([H])([H])C2=C(C([H])([H])[H])C([H])([H])C([H])([H])[C@]3([H])OC(C([H])([H])[H])(C([H])([H])[H])C(=O)C([H])([H])C([H])([H])[C@@]23C([H])([H])[H])C(C([H])([H])[H])=C(C([H])([H])[H])C1=O
488,SANC00592,SANC00592_minRM1.pdb,,no_queried_motif,no queried electrophilic motif present,,,,0,0,0,,,490.7,5.91,2,5,68.2,0,[H]O[C@@]1([H])C([H])([H])C([H])=C2[C@@](C([H])([H])[H])(C([H])([H])C([H])([H])[C@]3(C([H])([H])[H])[C@@]([H])(C([H])([H])[H])C([H])([H])C([H])([H])[C@]4([H])OC(C([H])([H])[H])(C([H])([H])[H])[C@]5(O[H])O[C@]34C([H])([H])C5([H])[H])[C@@]([H])(C([H])([H])[H])C([H])([H])C([H])([H])[C@]2([H])OC1(C([H])([H])[H])C([H])([H])[H]
489,SANC00593,SANC00593_minRM1.pdb,,no_queried_motif,no queried electrophilic motif present,,,,0,0,0,,,474.7,6.64,1,4,55.8,0,[H]O[C@]1([H])C([H])([H])C([H])=C2[C@](C([H])([H])[H])(C([H])([H])C([H])([H])[C@@]34O[C@@]([H])(C([H])([H])C([H])([H])[C@]3([H])C([H])([H])[H])[C@]4(C([H])([H])[H])C([H])([H])C([H])([H])C(=O)C([H])(C([H])([H])[H])C([H])([H])[H])[C@]([H])(C([H])([H])[H])C([H])([H])C([H])([H])[C@@]2([H])OC1(C([H])([H])[H])C([H])([H])[H]
490,SANC00594,SANC00594_minRM1.pdb,VTXYSDPCTJDOCW-BKLVDNNTSA-N,failed_selection_rule,every matched site has a fully substituted beta-carbon and no retained ring motif,,ab_unsat_carbonyl:2,"ab_unsat_carbonyl[11,12,14,15];ab_unsat_carbonyl[18,16,14,15]",2,2,0,1,,484.7,6.45,1,5,80.7,0,[H]OC1=C2C(C([H])([H])[H])(C([H])([H])[H])C(=O)C([H])([H])C([H])([H])[C@@]2(C([H])([H])[H])C(C([H])([H])C([H])([H])[C@@]2([H])[C@@]([H])(C([H])([H])[H])C([H])([H])C([H])([H])[C@@]3([H])OC(C([H])([H])[H])(C([H])([H])[H])C(=O)C([H])([H])C([H])([H])[C@]23C([H])([H])[H])=C(C([H])([H])[H])C1=O
491,SANC00595,SANC00595_minRM1.pdb,,no_queried_motif,no queried electrophilic motif present,,,,0,0,0,,,488.7,6.2,0,5,61.8,0,[H]C([H])([H])C1(C([H])([H])[H])O[C@@]2([H])C([H])([H])C([H])([H])[C@]([H])(C([H])([H])[H])[C@]3(O[C@]([H])([C@@]4(C([H])([H])[H])C([H])([H])C([H])([H])[C@]5([H])OC(C([H])([H])[H])(C([H])([H])[H])C(=O)C([H])([H])C([H])([H])[C@@]45C([H])([H])[H])C([H])([H])C3([H])[H])[C@]2(C([H])([H])[H])C([H])([H])C([H])([H])C1=O
492,SANC00596,SANC00596_minRM1.pdb,,no_queried_motif,no queried electrophilic motif present,,,,0,0,0,,,592.8,3.97,2,7,100.6,1,[H]O[C@]1([H])C([H])([H])[C@]2(C([H])([H])[H])[C@](C([H])([H])[H])(C([H])([H])C([H])=C3C([H])([H])[C@@]45O[C@]4([H])[C@@]4([H])OC([H])([H])[C@](C([H])([H])[H])([C@@]4([H])N([H])C(=O)c4c([H])c([H])c([H])c([H])c4[H])[C@]5([H])[C@@]([H])(OC(=O)C([H])([H])[H])C([H])([H])[C@]32[H])[C@@]1([H])[C@@]([H])(N(C([H])([H])[H])C([H])([H])[H])C([H])([H])[H]
493,SANC00597,SANC00597_minRM1.pdb,,no_queried_motif,no queried electrophilic motif present,,,,0,0,0,,,534.7,4.19,3,5,82.0,1,[H]O[C@@]1([H])C([H])([H])[C@]2([H])C(=C([H])C([H])([H])[C@@]3(C([H])([H])[H])[C@@]2(C([H])([H])[H])C([H])([H])[C@@]([H])(O[H])[C@]3([H])[C@@]([H])(N(C([H])([H])[H])C([H])([H])[H])C([H])([H])[H])C([H])([H])[C@@]23OC([H])([H])[C@@](C([H])([H])[H])([C@]12[H])[C@@]([H])(N([H])C(=O)c1c([H])c([H])c([H])c([H])c1[H])C([H])=C3[H]
494,SANC00598,SANC00598_minRM1.pdb,,no_queried_motif,no queried electrophilic motif present,,,,0,0,0,,,444.7,4.02,2,4,46.9,0,[H]O[C@]1([H])C([H])([H])[C@@]2(C([H])([H])[H])[C@]3([H])C([H])=C([H])[C@@]4([H])C(C([H])([H])[H])(C([H])([H])[H])[C@@]([H])(N(C([H])([H])[H])C([H])([H])[H])[C@]([H])(O[H])C([H])([H])[C@@]45C([H])([H])[C@@]35C([H])([H])C([H])([H])[C@]2(C([H])([H])[H])[C@@]1([H])[C@@]([H])(N(C([H])([H])[H])C([H])([H])[H])C([H])([H])[H]
495,SANC00599,SANC00599_minRM1.pdb,,no_queried_motif,no queried electrophilic motif present,,,,0,0,0,,,428.7,5.36,1,3,26.7,0,[H]O[C@]1([H])C([H])([H])[C@]2(C([H])([H])[H])[C@](C([H])([H])[H])(C([H])([H])C([H])=C3C([H])=C4C([H])([H])C([H])([H])[C@]([H])(N(C([H])([H])[H])C([H])([H])[H])C(C([H])([H])[H])(C([H])([H])[H])[C@]4([H])C([H])([H])C([H])([H])[C@]32[H])[C@@]1([H])[C@@]([H])(N(C([H])([H])[H])C([H])([H])[H])C([H])([H])[H]
496,SANC00600,SANC00600_minRM1.pdb,,no_queried_motif,no queried electrophilic motif present,,,,0,0,0,,,576.8,4.76,2,6,88.1,1,[H]O[C@]12C([H])=C([H])[C@]([H])(N([H])C(=O)c3c([H])c([H])c([H])c([H])c3[H])[C@]3(C([H])([H])[H])C([H])([H])O[C@]([H])(C([H])([H])[C@]4([H])C(=C([H])C([H])([H])[C@@]5(C([H])([H])[H])[C@@]4(C([H])([H])[H])C([H])([H])[C@@]([H])(OC(=O)C([H])([H])[H])[C@]5([H])[C@@]([H])(N(C([H])([H])[H])C([H])([H])[H])C([H])([H])[H])C1([H])[H])[C@@]32[H]
497,SANC00601,SANC00601_minRM1.pdb,,no_queried_motif,no queried electrophilic motif present,,,,0,0,0,,,578.8,4.75,3,6,99.1,1,[H]OC([H])([H])[C@@]1(C([H])([H])[H])[C@]2([H])C([H])([H])C([H])([H])[C@]3([H])C(=C([H])C([H])([H])[C@@]4(C([H])([H])[H])[C@@]3(C([H])([H])[H])C([H])([H])[C@@]([H])(OC(=O)C([H])([H])[H])[C@]4([H])[C@@]([H])(N(C([H])([H])[H])C([H])([H])[H])C([H])([H])[H])C([H])([H])[C@@]2(O[H])C([H])=C([H])[C@]1([H])N([H])C(=O)c1c([H])c([H])c([H])c([H])c1[H]
498,SANC00602,SANC00602_minRM1.pdb,,no_queried_motif,no queried electrophilic motif present,,,,0,0,0,,,412.7,6.39,0,2,6.5,0,[H]C1=C2C([H])([H])C([H])([H])[C@]([H])(N(C([H])([H])[H])C([H])([H])[H])C(C([H])([H])[H])(C([H])([H])[H])[C@]2([H])C([H])([H])C([H])([H])[C@]2([H])C1=C([H])C([H])([H])[C@]1(C([H])([H])[H])[C@@]([H])([C@@]([H])(N(C([H])([H])[H])C([H])([H])[H])C([H])([H])[H])C([H])([H])C([H])([H])[C@]12C([H])([H])[H]
499,SANC00603,SANC00603_minRM1.pdb,HHRXHLXZXPRKOE-WSYJSIOHSA-N,retained,at least one site passes the beta-hydrogen or retained-ring rule,,ab_unsat_carbonyl:1,"ab_unsat_carbonyl[12,11,9,10]",1,1,1,1,,383.6,5.86,0,2,20.3,0,[H]/C(=C1\C(=O)C([H])([H])[C@]2(C([H])([H])[H])[C@]1(C([H])([H])[H])C([H])([H])C([H])([H])[C@@]13C([H])([H])[C@@]14C([H])([H])C([H])([H])[C@]([H])(N(C([H])([H])[H])C([H])([H])[H])C(C([H])([H])[H])(C([H])([H])[H])[C@]4([H])C([H])([H])C([H])([H])[C@@]23[H])C([H])([H])[H]
500,SANC00604,SANC00604_minRM1.pdb,,no_queried_motif,no queried electrophilic motif present,,,,0,0,0,,,414.7,5.02,2,3,35.5,0,[H]O[C@]1([H])C([H])([H])[C@]2(C([H])([H])[H])[C@](C([H])([H])[H])(C([H])([H])C([H])=C3C([H])=C4C([H])([H])C([H])([H])[C@]([H])(N([H])C([H])([H])[H])C(C([H])([H])[H])(C([H])([H])[H])[C@]4([H])C([H])([H])C([H])([H])[C@]32[H])[C@@]1([H])[C@@]([H])(N(C([H])([H])[H])C([H])([H])[H])C([H])([H])[H]
501,SANC00605,SANC00605_minRM1.pdb,,no_queried_motif,no queried electrophilic motif present,,,,0,0,0,,,212.2,1.2,1,5,65.0,1,[H]Oc1c(OC([H])([H])[H])c([H])c(C(=O)OC([H])([H])[H])c([H])c1OC([H])([H])[H]
502,SANC00606,SANC00606_minRM1.pdb,CJHDBEPXEKGBDW-VMPITWQZSA-N,retained,at least one site passes the beta-hydrogen or retained-ring rule,,ab_unsat_carbonyl:1,"ab_unsat_carbonyl[9,8,6,7]",1,1,1,1,,234.3,1.26,3,3,75.3,1,[H]Oc1c([H])c([H])c(/C([H])=C(\[H])C(=O)N([H])C([H])([H])C([H])([H])C([H])([H])C([H])([H])N([H])[H])c([H])c1[H]
503,SANC00607,SANC00607_minRM1.pdb,,no_queried_motif,no queried electrophilic motif present,,,,0,0,0,,,414.7,4.97,1,3,26.7,0,[H]O[C@]1([H])C([H])([H])[C@]2(C([H])([H])[H])[C@](C([H])([H])[H])(C([H])([H])C([H])=C3C([H])=C4C([H])([H])C([H])([H])[C@]([H])(N(C([H])([H])[H])C([H])([H])[H])[C@]([H])(C([H])([H])[H])[C@]4([H])C([H])([H])C([H])([H])[C@]32[H])[C@@]1([H])[C@@]([H])(N(C([H])([H])[H])C([H])([H])[H])C([H])([H])[H]
504,SANC00608,SANC00608_minRM1.pdb,,no_queried_motif,no queried electrophilic motif present,,,,0,0,0,,,255.3,2.41,1,3,51.5,3,[H]Oc1c([H])c(OC([H])([H])[H])c2c(=O)c3c([H])c([H])c([H])c([H])c3n(C([H])([H])[H])c2c1[H]
505,SANC00609,SANC00609_minRM1.pdb,,no_queried_motif,no queried electrophilic motif present,,,,0,0,0,,,309.4,3.74,1,3,51.5,3,[H]Oc1c([H])c(OC([H])([H])C([H])=C(C([H])([H])[H])C([H])([H])[H])c2c(=O)c3c([H])c([H])c([H])c([H])c3n(C([H])([H])[H])c2c1[H]
506,SANC00610,SANC00610_minRM1.pdb,,no_queried_motif,no queried electrophilic motif present,,,,0,0,0,,,258.3,2.98,3,4,69.9,2,[H]Oc1c([H])c(O[H])c([H])c(/C([H])=C(\[H])c2c([H])c([H])c(OC([H])([H])[H])c(O[H])c2[H])c1[H]
507,SANC00611,SANC00611_minRM1.pdb,,no_queried_motif,no queried electrophilic motif present,,,,0,0,0,,,228.2,2.97,3,3,60.7,2,[H]Oc1c([H])c([H])c(/C([H])=C(\[H])c2c([H])c(O[H])c([H])c(O[H])c2[H])c([H])c1[H]
508,SANC00612,SANC00612_minRM1.pdb,PKCWSPYCHMNVKB-BJMVGYQFSA-N,retained,at least one site passes the beta-hydrogen or retained-ring rule,,ab_unsat_carbonyl:1,"ab_unsat_carbonyl[3,2,1,0]",1,1,1,1,,284.3,2.46,3,5,87.0,2,[H]Oc1c([H])c([H])c(/C([H])=C2/C(=O)c3c(O[H])c([H])c(O[H])c([H])c3OC2([H])[H])c([H])c1[H]
509,SANC00613,SANC00613_minRM1.pdb,,no_queried_motif,no queried electrophilic motif present,,,,0,0,0,,,314.3,2.84,1,5,65.0,2,[H]Oc1c([H])c(OC([H])([H])[H])c([H])c2c1C(=O)[C@@]([H])(C([H])([H])c1c([H])c([H])c(OC([H])([H])[H])c([H])c1[H])C([H])([H])O2
510,SANC00614,SANC00614_minRM1.pdb,,no_queried_motif,no queried electrophilic motif present,,,,0,0,0,,,328.4,3.15,0,5,54.0,2,[H]c1c([H])c(C([H])([H])[C@@]2([H])C(=O)c3c(OC([H])([H])[H])c([H])c(OC([H])([H])[H])c([H])c3OC2([H])[H])c([H])c([H])c1OC([H])([H])[H]
511,SANC00615,SANC00615_minRM1.pdb,,no_queried_motif,no queried electrophilic motif present,,,,0,0,0,,,330.3,2.55,2,6,85.2,2,[H]Oc1c([H])c(C([H])([H])[C@]2([H])C(=O)c3c(O[H])c([H])c(OC([H])([H])[H])c([H])c3OC2([H])[H])c([H])c([H])c1OC([H])([H])[H]
512,SANC00616,SANC00616_minRM1.pdb,QWBUTRPXIJIBDK-GARMIUHUSA-N,retained,at least one site passes the beta-hydrogen or retained-ring rule,,ab_unsat_carbonyl:1,"ab_unsat_carbonyl[63,62,60,61]",1,1,1,1,,869.1,4.42,5,14,207.7,1,[H]O[C@]1([H])C([H])([H])C2=C([H])C([H])([H])[C@@]3([H])[C@]4([H])C([H])([H])[C@]([H])(O[C@]5([H])OC([H])([H])[C@]([H])(O[H])[C@]([H])(O[C@]6([H])OC([H])([H])[C@@]([H])(O[H])[C@]([H])(O[H])[C@@]6([H])OC(=O)/C([H])=C(\[H])c6c([H])c([H])c([H])c([H])c6[H])[C@@]5([H])OC(=O)C([H])([H])[H])[C@](O[H])([C@@]([H])(C(=O)C([H])([H])C([H])([H])C([H])(C([H])([H])[H])C([H])([H])[H])C([H])([H])[H])[C@@]4(C([H])([H])[H])C([H])([H])C([H])([H])[C@]3([H])[C@@]2(C([H])([H])[H])C([H])([H])C1([H])[H]
513,SANC00617,SANC00617_minRM1.pdb,,no_queried_motif,no queried electrophilic motif present,,,,0,0,0,,,1035.2,1.85,8,20,296.1,1,[H]OC([H])([H])[C@@]1([H])O[C@@]([H])(O[C@]2([H])C([H])([H])C3=C([H])C([H])([H])[C@@]4([H])[C@]5([H])C([H])([H])[C@]([H])(O[C@]6([H])OC([H])([H])[C@]([H])(O[H])[C@]([H])(O[C@]7([H])OC([H])([H])[C@@]([H])(O[H])[C@]([H])(O[H])[C@@]7([H])OC(=O)c7c([H])c([H])c(OC([H])([H])[H])c([H])c7[H])[C@@]6([H])OC(=O)C([H])([H])[H])[C@](O[H])([C@@]([H])(C(=O)C([H])([H])C([H])([H])C([H])(C([H])([H])[H])C([H])([H])[H])C([H])([H])[H])[C@@]5(C([H])([H])[H])C([H])([H])C([H])([H])[C@]4([H])[C@@]3(C([H])([H])[H])C([H])([H])C2([H])[H])[C@]([H])(O[H])[C@@]([H])(O[H])[C@]1([H])O[H]
514,SANC00618,SANC00618_minRM1.pdb,XPJVFNVOMZCPBQ-OISHEVBHSA-N,retained,at least one site passes the beta-hydrogen or retained-ring rule,,ab_unsat_carbonyl:1,"ab_unsat_carbonyl[79,78,76,77]",1,1,1,1,,1031.2,2.24,8,19,286.9,1,[H]OC([H])([H])[C@@]1([H])O[C@@]([H])(O[C@]2([H])C([H])([H])C3=C([H])C([H])([H])[C@@]4([H])[C@]5([H])C([H])([H])[C@]([H])(O[C@]6([H])OC([H])([H])[C@]([H])(O[H])[C@]([H])(O[C@]7([H])OC([H])([H])[C@@]([H])(O[H])[C@]([H])(O[H])[C@@]7([H])OC(=O)/C([H])=C(\[H])c7c([H])c([H])c([H])c([H])c7[H])[C@@]6([H])OC(=O)C([H])([H])[H])[C@](O[H])([C@@]([H])(C(=O)C([H])([H])C([H])([H])C([H])(C([H])([H])[H])C([H])([H])[H])C([H])([H])[H])[C@@]5(C([H])([H])[H])C([H])([H])C([H])([H])[C@]4([H])[C@@]3(C([H])([H])[H])C([H])([H])C2([H])[H])[C@]([H])(O[H])[C@@]([H])(O[H])[C@]1([H])O[H]
515,SANC00619,SANC00619_minRM1.pdb,,no_queried_motif,no queried electrophilic motif present,,,,0,0,0,,,552.8,8.3,6,8,139.8,0,[H]OS(O)(O)O[C@@]1([H])C([H])([H])[C@]2([H])C([H])([H])C([H])([H])[C@]3([H])[C@]([H])(C([H])([H])C([H])([H])[C@@]4(C([H])([H])[H])[C@@]3([H])C([H])([H])C([H])([H])[C@]4([H])[C@]([H])(C([H])([H])[H])C([H])([H])C([H])([H])C([H])([H])C([H])=C([H])[H])[C@@]2(C([H])([H])[H])C([H])([H])[C@]1([H])OS(O)(O)O[H]
516,SANC00620,SANC00620_minRM1.pdb,,no_queried_motif,no queried electrophilic motif present,,,,0,0,0,,,476.4,-1.22,7,11,194.2,2,[H]Oc1c([H])c([H])c([H])c2c1C(=O)c1c(O[H])c([H])c(C([H])([H])O[H])c([H])c1[C@]2(O[H])[C@]1([H])O[C@]([H])(C([H])([H])OC(=O)C([H])([H])[H])[C@@]([H])(O[H])[C@]([H])(O[H])[C@@]1([H])O[H]
517,SANC00621,SANC00621_minRM1.pdb,HKODIGSRFALUTA-JTLQZVBZSA-N,retained,at least one site passes the beta-hydrogen or retained-ring rule,,ab_unsat_carbonyl:1,"ab_unsat_carbonyl[1,2,22,23]",1,1,1,1,,335.4,1.19,1,6,76.1,0,[H]O[C@@]1(C([H])([H])[H])C(=O)OC([H])([H])C2=C([H])C([H])([H])N3C([H])([H])C([H])([H])[C@@]([H])(OC(=O)/C(=C(/[H])C([H])([H])[H])C([H])([H])[C@@]1([H])C([H])([H])[H])[C@@]23[H]
518,SANC00622,SANC00622_minRM1.pdb,FCEVNJIUIMLVML-QPSVUOIXSA-N,retained,at least one site passes the beta-hydrogen or retained-ring rule,,ab_unsat_carbonyl:1,"ab_unsat_carbonyl[1,2,22,23]",1,1,1,1,,333.4,1.11,1,6,76.1,0,[H]O[C@@]1(C([H])([H])[H])C(=O)OC([H])([H])C2=C([H])C([H])([H])N3C([H])([H])C([H])([H])[C@@]([H])(OC(=O)/C(=C(/[H])C([H])([H])[H])C([H])([H])C1=C([H])[H])[C@@]23[H]
519,SANC00623,SANC00623_minRM1.pdb,FCEVNJIUIMLVML-DVZMFYIRSA-N,retained,at least one site passes the beta-hydrogen or retained-ring rule,,ab_unsat_carbonyl:1,"ab_unsat_carbonyl[1,2,22,23]",1,1,1,1,,333.4,1.11,1,6,76.1,0,[H]O[C@]1(C([H])([H])[H])C(=O)OC([H])([H])C2=C([H])C([H])([H])N3C([H])([H])C([H])([H])[C@@]([H])(OC(=O)/C(=C(\[H])C([H])([H])[H])C([H])([H])C1=C([H])[H])[C@@]23[H]
520,SANC00624,SANC00624_minRM1.pdb,YEXVXKIMPBHRQR-LTHOSRBUSA-N,retained,at least one site passes the beta-hydrogen or retained-ring rule,,ab_unsat_carbonyl:1,"ab_unsat_carbonyl[1,2,24,25]",1,1,1,1,,353.4,0.24,2,7,96.3,0,[H]O[C@@]1(C([H])([H])[H])C(=O)OC([H])([H])[C@]2([H])[C@@]3([H])N(C([H])([H])C([H])([H])[C@@]3([H])OC(=O)/C(=C(\[H])C([H])([H])[H])C([H])([H])[C@@]1([H])C([H])([H])[H])C([H])([H])[C@@]2([H])O[H]
521,SANC00625,SANC00625_minRM1.pdb,CTCKXBIRQMSUIU-BYVYPXNKSA-N,retained,at least one site passes the beta-hydrogen or retained-ring rule,,ab_unsat_carbonyl:1,"ab_unsat_carbonyl[1,2,22,23]",1,1,1,1,,375.4,1.68,0,7,82.1,0,[H]C([H])=C1C([H])([H])/C(=C(\[H])C([H])([H])[H])C(=O)O[C@]2([H])C([H])([H])C([H])([H])N3C([H])([H])C([H])=C(C([H])([H])OC(=O)[C@@]1(OC(=O)C([H])([H])[H])C([H])([H])[H])[C@@]32[H]
522,SANC00626,SANC00626_minRM1.pdb,,no_queried_motif,no queried electrophilic motif present,,,,0,0,0,,,329.4,3.55,0,6,66.3,3,[H]c1oc2nc3c([H])c(OC([H])([H])[H])c(OC([H])([H])[C@@]4([H])OC4(C([H])([H])[H])C([H])([H])[H])c([H])c3c(OC([H])([H])[H])c2c1[H]
523,SANC00627,SANC00627_minRM1.pdb,,no_queried_motif,no queried electrophilic motif present,,,,0,0,0,,,313.4,4.34,0,5,53.7,3,[H]C(=C(C([H])([H])[H])C([H])([H])[H])C([H])([H])Oc1c(OC([H])([H])[H])c([H])c2nc3oc([H])c([H])c3c(OC([H])([H])[H])c2c1[H]
524,SANC00628,SANC00628_minRM1.pdb,,no_queried_motif,no queried electrophilic motif present,,,,0,0,0,,,199.2,2.99,0,3,35.3,3,[H]c1oc2nc3c([H])c([H])c([H])c([H])c3c(OC([H])([H])[H])c2c1[H]
525,SANC00629,SANC00629_minRM1.pdb,,no_queried_motif,no queried electrophilic motif present,,,,0,0,0,,,273.2,2.73,0,6,63.0,3,[H]c1oc2nc3c(OC([H])([H])[H])c4c(c([H])c3c(OC([H])([H])[H])c2c1[H])OC([H])([H])O4
526,SANC00630,SANC00630_minRM1.pdb,,no_queried_motif,no queried electrophilic motif present,,,,0,0,0,,,136.2,1.59,1,2,37.3,1,[H]Oc1c([H])c([H])c(C(=O)C([H])([H])[H])c([H])c1[H]
527,SANC00631,SANC00631_minRM1.pdb,,no_queried_motif,no queried electrophilic motif present,,,,0,0,0,,,162.2,1.21,0,0,0.0,0,[H]C([H])=C([H])C#CC#CC#CC#CC#CC([H])([H])[H]
528,SANC00632,SANC00632_minRM1.pdb,,no_queried_motif,no queried electrophilic motif present,,,,0,0,0,,,204.4,4.89,0,0,0.0,0,[H]C([H])=C1/C([H])=C(/[H])[C@]([H])(C([H])(C([H])([H])[H])C([H])([H])[H])C([H])([H])C([H])([H])/C(C([H])([H])[H])=C(/[H])C([H])([H])C1([H])[H]
529,SANC00633,SANC00633_minRM1.pdb,,no_queried_motif,no queried electrophilic motif present,,,,0,0,0,,,206.4,4.81,0,0,0.0,0,[H]/C1=C(/C([H])([H])[H])C([H])([H])C([H])([H])C([H])C(C([H])([H])[H])C([H])([H])C([H])([H])[C@@]2([H])C(C([H])([H])[H])(C([H])([H])[H])[C@@]12[H]
530,SANC00634,SANC00634_minRM1.pdb,,no_queried_motif,no queried electrophilic motif present,,,,0,0,0,,,239.3,3.03,0,3,21.7,2,[H]c1c([H])c([H])c2c(c1[H])-c1c([H])c3c(c([H])c1C([H])([H])N2C([H])([H])[H])OC([H])([H])O3
531,SANC00635,SANC00635_minRM1.pdb,,no_queried_motif,no queried electrophilic motif present,,,,0,0,0,,,301.3,1.43,0,5,43.5,1,[H]c1c2c(c([H])c3c1C([H])([H])N1C([H])([H])C([H])([H])[C@]34[C@@]3([H])O[C@@]3([H])[C@]([H])(OC([H])([H])[H])C([H])([H])[C@@]14[H])OC([H])([H])O2
532,SANC00636,SANC00636_minRM1.pdb,,no_queried_motif,no queried electrophilic motif present,,,,0,0,0,,,301.3,1.4,1,5,51.2,1,[H]O[C@]1([H])C([H])=C2[C@@]3([H])c4c([H])c5c(c([H])c4C([H])([H])N(C3([H])[H])[C@@]2([H])C([H])([H])[C@]1([H])OC([H])([H])[H])OC([H])([H])O5
533,SANC00637,SANC00637_minRM1.pdb,,no_queried_motif,no queried electrophilic motif present,,,,0,0,0,,,287.4,1.85,1,4,41.9,1,[H]O[C@@]1([H])C([H])=C([H])[C@]23c4c(c(OC([H])([H])[H])c([H])c([H])c4C([H])([H])N(C([H])([H])[H])C([H])([H])C2([H])[H])O[C@@]3([H])C1([H])[H]
534,SANC00638,SANC00638_minRM1.pdb,,no_queried_motif,no queried electrophilic motif present,,,,0,0,0,,,289.3,0.83,2,5,62.2,1,[H]O[C@@]1([H])[C@@]2([H])c3c([H])c4c(c([H])c3C([H])([H])N3C([H])([H])C([H])([H])[C@]([H])(C([H])([H])[C@@]1([H])O[H])[C@@]32[H])OC([H])([H])O4
535,SANC00639,SANC00639_minRM1.pdb,,no_queried_motif,no queried electrophilic motif present,,,,0,0,0,,,317.3,0.68,2,6,71.4,1,[H]O[C@@]1([H])c2c([H])c3c(c([H])c2[C@@]24C([H])=C([H])[C@@]([H])(OC([H])([H])[H])C([H])([H])[C@]2([H])N1C([H])([H])[C@]4([H])O[H])OC([H])([H])O3
536,SANC00640,SANC00640_minRM1.pdb,,no_queried_motif,no queried electrophilic motif present,,,,0,0,0,,,301.3,1.19,1,5,51.2,1,[H]O[C@@]1([H])C([H])([H])N2C([H])([H])c3c([H])c4c(c([H])c3[C@]13C([H])=C([H])[C@@]([H])(OC([H])([H])[H])C([H])([H])[C@]23[H])OC([H])([H])O4
537,SANC00641,SANC00641_minRM1.pdb,,no_queried_motif,no queried electrophilic motif present,,,,0,0,0,,,240.3,2.85,1,3,46.5,2,[H]Oc1c([H])c([H])c([H])c2c1C(=O)O[C@@]2([H])C([H])([H])c1c([H])c([H])c([H])c([H])c1[H]
538,SANC00642,SANC00642_minRM1.pdb,,no_queried_motif,no queried electrophilic motif present,,,,0,0,0,,,266.3,3.19,1,3,46.5,2,[H]Oc1c([H])c([H])c([H])c2c1C(=O)O[C@@]([H])(/C([H])=C(\[H])c1c([H])c([H])c([H])c([H])c1[H])C2([H])[H]
539,SANC00643,SANC00643_minRM1.pdb,,no_queried_motif,no queried electrophilic motif present,,,,0,0,0,,,274.3,1.84,4,5,90.2,2,[H]Oc1c([H])c([H])c([C@@]2([H])Oc3c([H])c(O[H])c([H])c(O[H])c3C([H])([H])[C@@]2([H])O[H])c([H])c1[H]
540,SANC00644,SANC00644_minRM1.pdb,,no_queried_motif,no queried electrophilic motif present,,,,0,0,0,,,448.5,2.6,1,6,71.5,2,[H]Oc1c([H])c([H])c(C([H])([H])C([H])([H])N2C([H])([H])c3c([H])c4c(c([H])c3[C@@]35C([H])=C([H])[C@@]([H])(OC([H])([H])[H])C([H])([H])[C@]3([H])N(C([H])([H])[H])C(=O)[C@@]25[H])OC([H])([H])O4)c([H])c1[H]
541,SANC00645,SANC00645_minRM1.pdb,,no_queried_motif,no queried electrophilic motif present,,,,0,0,0,,,223.2,3.12,0,3,31.4,3,[H]c1c([H])c([H])c2c(nc([H])c3c([H])c4c(c([H])c32)OC([H])([H])O4)c1[H]
542,SANC00646,SANC00646_minRM1.pdb,,no_queried_motif,no queried electrophilic motif present,,,,0,0,0,,,329.4,1.48,0,6,57.2,1,[H]C1=C([H])[C@@]([H])(OC([H])([H])[H])C([H])([H])[C@]2([H])N(C([H])([H])[H])C([H])([H])[C@]3([H])OC(=O)c4c([H])c5c(c([H])c4[C@]132)OC([H])([H])O5
543,SANC00647,SANC00647_minRM1.pdb,,no_queried_motif,no queried electrophilic motif present,,,,0,0,0,,,333.4,0.66,2,6,71.4,1,[H]O[C@]1([H])[C@@]([H])(OC([H])([H])[H])[C@]([H])(O[H])C2=C([H])C([H])([H])N3C([H])([H])c4c([H])c(OC([H])([H])[H])c(OC([H])([H])[H])c([H])c4[C@@]1([H])[C@@]23[H]
544,SANC00648,SANC00648_minRM1.pdb,OUBGLUCJLDERNN-LHAJWOIZSA-N,retained,at least one site passes the beta-hydrogen or retained-ring rule,,ab_unsat_carbonyl:1,"ab_unsat_carbonyl[11,12,16,17]",1,1,1,1,,248.3,2.21,1,3,46.5,0,[H]O[C@]12C(=C([H])C([H])([H])[C@@]3([H])C(=C([H])[H])[C@@]([H])(C([H])([H])[H])C([H])([H])C([H])([H])[C@@]31C([H])([H])[H])C(=O)OC2([H])[H]
545,SANC00649,SANC00649_minRM1.pdb,AJDMJBJWEHIWMK-HIFRSBDPSA-N,failed_selection_rule,every matched site has a fully substituted beta-carbon and no retained ring motif,,ab_unsat_carbonyl:2,"ab_unsat_carbonyl[9,10,11,12];ab_unsat_carbonyl[10,9,13,14]",2,1,0,1,,234.3,3.31,0,2,34.1,0,[H]C(=O)C1=C(C([H])=O)[C@]2(C([H])([H])[H])C([H])([H])C([H])([H])C([H])([H])C(C([H])([H])[H])(C([H])([H])[H])[C@@]2([H])C([H])([H])C1([H])[H]
546,SANC00650,SANC00650_minRM1.pdb,AZJUJOFIHHNCSV-KCQAQPDRSA-N,retained,at least one site passes the beta-hydrogen or retained-ring rule,,ab_unsat_carbonyl:1,"ab_unsat_carbonyl[9,10,15,16]",1,1,1,1,,234.3,3.16,0,2,34.1,0,[H]C(=O)C1=C([H])C([H])([H])[C@@]2([H])C(C([H])([H])[H])(C([H])([H])[H])C([H])([H])C([H])([H])C([H])([H])[C@]2(C([H])([H])[H])[C@@]1([H])C([H])=O
547,SANC00651,SANC00651_minRM1.pdb,QGMWDUUHVVLHNP-AEGPPILISA-N,retained,at least one site passes the beta-hydrogen or retained-ring rule,,ab_unsat_carbonyl:1,"ab_unsat_carbonyl[9,10,15,16]",1,1,1,1,,250.3,2.28,1,3,54.4,0,[H]O[C@]1(C([H])=O)C(C([H])=O)=C([H])C([H])([H])[C@@]2([H])C(C([H])([H])[H])(C([H])([H])[H])C([H])([H])C([H])([H])C([H])([H])[C@]12C([H])([H])[H]
548,SANC00652,SANC00652_minRM1.pdb,AMHCJQBKGMEAAJ-NZBPQXDJSA-N,retained,at least one site passes the beta-hydrogen or retained-ring rule,,ab_unsat_carbonyl:1,"ab_unsat_carbonyl[10,11,16,17]",1,1,1,1,,266.3,1.25,2,4,74.6,0,[H]O[C@]1(C([H])=O)C(C([H])=O)=C([H])[C@]([H])(O[H])[C@@]2([H])C(C([H])([H])[H])(C([H])([H])[H])C([H])([H])C([H])([H])C([H])([H])[C@]12C([H])([H])[H]
549,SANC00653,SANC00653_minRM1.pdb,,no_queried_motif,no queried electrophilic motif present,,,,0,0,0,,,331.4,1.2,1,6,60.4,1,[H]O[C@]1([H])C([H])([H])N2C([H])([H])c3c(OC([H])([H])[H])c4c(c([H])c3[C@@]13C([H])=C([H])[C@]([H])(OC([H])([H])[H])C([H])([H])[C@@]23[H])OC([H])([H])O4
550,SANC00654,SANC00654_minRM1.pdb,,no_queried_motif,no queried electrophilic motif present,,,,0,0,0,,,331.4,1.3,2,6,79.2,1,[H]Oc1c([H])c2c(c([H])c1OC([H])([H])[H])[C@]1([H])[C@]([H])(OC(=O)C([H])([H])[H])[C@@]([H])(O[H])C([H])=C3C([H])([H])C([H])([H])N(C2([H])[H])[C@]31[H]
551,SANC00655,SANC00655_minRM1.pdb,,no_queried_motif,no queried electrophilic motif present,,,,0,0,0,,,263.3,2.77,0,3,39.9,4,[H]c1c([H])c2c([H])c([H])n3c(=O)c4c([H])c5c(c([H])c4c(c1[H])c23)OC([H])([H])O5
552,SANC00656,SANC00656_minRM1.pdb,,no_queried_motif,no queried electrophilic motif present,,,,0,0,0,,,301.4,3.04,1,4,39.7,2,[H]c1c([H])c(C([H])([H])C([H])([H])N([H])C([H])([H])c2c([H])c([H])c(OC([H])([H])[H])c(OC([H])([H])[H])c2[H])c([H])c([H])c1OC([H])([H])[H]
553,SANC00657,SANC00657_minRM1.pdb,CVISOHZWXIVDFN-OZIOUFPUSA-N,retained,at least one site passes the beta-hydrogen or retained-ring rule,,ab_unsat_carbonyl:2;exo_methylene_carbonyl:1,"ab_unsat_carbonyl[2,17,16,4];ab_unsat_carbonyl[8,15,7,3];exo_methylene_carbonyl[2,17,16,4]",3,2,2,1,,278.3,0.67,2,5,83.8,0,[H]OC([H])([H])/C1=C(\[H])[C@@]2([H])OC(=O)C(=C([H])[H])[C@]2([H])[C@@]([H])(O[H])C([H])([H])/C(C([H])=O)=C(/[H])C([H])([H])C1([H])[H]
554,SANC00658,SANC00658_minRM1.pdb,HOSMFPQDFZLVEZ-GJUAHTKHSA-N,retained,at least one site passes the beta-hydrogen or retained-ring rule,,ab_unsat_carbonyl:1,"ab_unsat_carbonyl[13,14,15,16]",1,1,1,1,,280.3,0.75,2,5,83.8,0,[H]OC([H])([H])/C1=C(/[H])[C@@]2([H])OC(=O)[C@@]([H])(C([H])([H])[H])[C@]2([H])[C@@]([H])(O[H])C([H])([H])/C(C([H])=O)=C(/[H])C([H])([H])C1([H])[H]
555,SANC00659,SANC00659_minRM1.pdb,LDHBLZLTTZFVDZ-AKJCQSBJSA-N,retained,at least one site passes the beta-hydrogen or retained-ring rule,,ab_unsat_carbonyl:1;exo_methylene_carbonyl:1,"ab_unsat_carbonyl[23,22,24,25];exo_methylene_carbonyl[23,22,24,25]",2,1,1,1,,348.4,2.64,0,6,78.9,0,[H]C([H])=C1C(=O)O[C@]2([H])/C([H])=C(/C([H])([H])OC(=O)C([H])([H])[H])C([H])([H])C([H])([H])/C([H])=C(/C([H])([H])OC(=O)C([H])([H])[H])C([H])([H])C([H])([H])[C@@]12[H]
556,SANC00660,SANC00660_minRM1.pdb,VJOSPOVYCPNUQT-CFLWMBFJSA-N,retained,at least one site passes the beta-hydrogen or retained-ring rule,,ab_unsat_carbonyl:1;exo_methylene_carbonyl:1,"ab_unsat_carbonyl[20,19,21,22];exo_methylene_carbonyl[20,19,21,22]",2,1,1,1,,306.4,2.07,1,5,72.8,0,[H]OC([H])([H])/C1=C(\[H])[C@@]2([H])OC(=O)C(=C([H])[H])[C@]2([H])C([H])([H])C([H])([H])/C(C([H])([H])OC(=O)C([H])([H])[H])=C(/[H])C([H])([H])C1([H])[H]
557,SANC00661,SANC00661_minRM1.pdb,PJAUFUQXFIQLKB-CFLWMBFJSA-N,retained,at least one site passes the beta-hydrogen or retained-ring rule,,ab_unsat_carbonyl:2;exo_methylene_carbonyl:1,"ab_unsat_carbonyl[11,12,13,14];ab_unsat_carbonyl[20,19,21,22];exo_methylene_carbonyl[20,19,21,22]",3,2,2,1,,304.3,2.27,0,5,69.7,0,[H]C(=O)/C1=C(\[H])C([H])([H])C([H])([H])/C(C([H])([H])OC(=O)C([H])([H])[H])=C(/[H])[C@@]2([H])OC(=O)C(=C([H])[H])[C@]2([H])C([H])([H])C1([H])[H]
558,SANC00662,SANC00662_minRM1.pdb,FVYOWWPJTPISGH-VYJZXLQCSA-N,retained,at least one site passes the beta-hydrogen or retained-ring rule,,ab_unsat_carbonyl:2;exo_methylene_carbonyl:1,"ab_unsat_carbonyl[8,9,10,11];ab_unsat_carbonyl[17,16,18,19];exo_methylene_carbonyl[17,16,18,19]",3,2,2,1,,262.3,1.7,1,4,63.6,0,[H]OC([H])([H])/C1=C(\[H])[C@@]2([H])OC(=O)C(=C([H])[H])[C@]2([H])C([H])([H])C([H])([H])/C(C([H])=O)=C(/[H])C([H])([H])C1([H])[H]
559,SANC00663,SANC00663_minRM1.pdb,,no_queried_motif,no queried electrophilic motif present,,,,0,0,0,,,318.5,3.1,2,3,57.5,0,[H]OC([H])([H])[C@]1(C([H])([H])[H])[C@@]2([H])C([H])([H])C([H])([H])[C@@]34C([H])=C([H])[C@@](C([H])([H])[H])(C([H])([H])C([H])([H])[C@@]3([H])[C@]2(C([H])([H])[H])C([H])([H])C(=O)[C@@]1([H])O[H])C4([H])[H]
560,SANC00664,SANC00664_minRM1.pdb,,no_queried_motif,no queried electrophilic motif present,,,,0,0,0,,,758.9,-0.05,10,14,239.2,0,[H]OC([H])([H])[C@@]1([H])O[C@@]([H])(O[C@]2([H])C([H])([H])[C@]([H])(O[H])C([H])([H])C3=C([H])C([H])([H])[C@]4([H])[C@]([H])(C([H])([H])C([H])([H])[C@@]5(C([H])([H])[H])[C@@]4([H])C([H])([H])[C@]([H])(O[C@]4([H])O[C@]([H])(C([H])([H])O[H])[C@@]([H])(O[H])[C@]([H])(O[H])[C@@]4([H])O[H])[C@]5([H])[C@]([H])(C([H])([H])[H])[C@@]([H])(O[H])C([H])([H])C([H])([H])C([H])(C([H])([H])[H])C([H])([H])[H])[C@]32C([H])([H])[H])[C@]([H])(O[H])[C@@]([H])(O[H])[C@]1([H])O[H]
561,SANC00665,SANC00665_minRM1.pdb,,no_queried_motif,no queried electrophilic motif present,,,,0,0,0,,,708.9,2.0,6,12,176.8,0,[H]O[C@]1([H])C([H])([H])C2=C([H])C([H])([H])[C@]3([H])[C@]([H])(C([H])([H])C([H])([H])[C@@]4(C([H])([H])[H])[C@@]3([H])C([H])([H])[C@]3([H])O[C@@]5(OC([H])([H])[C@]([H])(C([H])([H])[H])C([H])([H])C5([H])[H])[C@@]([H])(C([H])([H])[H])[C@]43[H])[C@@]2(C([H])([H])[H])[C@]([H])(O[C@]2([H])OC([H])([H])[C@]([H])(O[H])[C@]([H])(O[H])[C@@]2([H])O[C@]2([H])O[C@@]([H])(C([H])([H])[H])[C@]([H])(O[H])[C@@]([H])(O[H])[C@@]2([H])O[H])C1([H])[H]
562,SANC00666,SANC00666_minRM1.pdb,,no_queried_motif,no queried electrophilic motif present,,,,0,0,0,,,745.0,1.06,9,13,219.0,0,[H]OC([H])([H])[C@@]1([H])O[C@@]([H])(O[C@@]2([H])C([H])([H])[C@@]3([H])[C@]4([H])C([H])([H])C([H])([H])[C@@]5([H])C([H])([H])[C@@]([H])(O[H])C([H])([H])[C@@]([H])(O[C@]6([H])O[C@@]([H])(C([H])([H])[H])[C@]([H])(O[H])[C@@]([H])(O[H])[C@@]6([H])O[H])[C@]5(C([H])([H])[H])[C@@]4([H])C([H])([H])C([H])([H])[C@]3(C([H])([H])[H])[C@@]2([H])[C@]([H])(C([H])([H])[H])[C@@]([H])(O[H])C([H])([H])C([H])([H])C([H])(C([H])([H])[H])C([H])([H])[H])[C@]([H])(O[H])[C@@]([H])(O[H])[C@]1([H])O[H]
563,SANC00667,SANC00667_minRM1.pdb,,no_queried_motif,no queried electrophilic motif present,,,,0,0,0,,,787.0,1.63,8,14,225.1,0,[H]O[C@]1([H])C([H])([H])[C@]2([H])C([H])([H])C([H])([H])[C@@]3([H])[C@]4([H])C([H])([H])[C@]([H])(O[C@]5([H])O[C@]([H])(C([H])([H])OC(=O)C([H])([H])[H])[C@@]([H])(O[H])[C@]([H])(O[H])[C@@]5([H])O[H])[C@]([H])([C@]([H])(C([H])([H])[H])[C@@]([H])(O[H])C([H])([H])C([H])([H])C([H])(C([H])([H])[H])C([H])([H])[H])[C@@]4(C([H])([H])[H])C([H])([H])C([H])([H])[C@]3([H])[C@@]2(C([H])([H])[H])[C@]([H])(O[C@]2([H])O[C@@]([H])(C([H])([H])[H])[C@]([H])(O[H])[C@@]([H])(O[H])[C@@]2([H])O[H])C1([H])[H]
564,SANC00668,SANC00668_minRM1.pdb,,no_queried_motif,no queried electrophilic motif present,,,,0,0,0,,,726.9,2.0,8,12,198.8,0,[H]O[C@]1([H])C([H])([H])[C@]2([H])C([H])([H])C([H])([H])[C@@]3([H])[C@]4([H])C([H])([H])[C@]([H])(O[C@]5([H])O[C@@]([H])(C([H])([H])[H])[C@]([H])(O[H])[C@@]([H])(O[H])[C@@]5([H])O[H])[C@]([H])([C@]([H])(C([H])([H])[H])[C@@]([H])(O[H])C([H])([H])C([H])=C(C([H])([H])[H])C([H])([H])[H])[C@@]4(C([H])([H])[H])C([H])([H])C([H])([H])[C@]3([H])[C@@]2(C([H])([H])[H])[C@]([H])(O[C@]2([H])O[C@@]([H])(C([H])([H])[H])[C@]([H])(O[H])[C@@]([H])(O[H])[C@@]2([H])O[H])C1([H])[H]
565,SANC00669,SANC00669_minRM1.pdb,,no_queried_motif,no queried electrophilic motif present,,,,0,0,0,,,724.9,1.92,8,12,198.8,0,[H]O[C@]1([H])C([H])([H])C2=C([H])C([H])([H])[C@]3([H])[C@]([H])(C([H])([H])C([H])([H])[C@@]4(C([H])([H])[H])[C@@]3([H])C([H])([H])[C@]([H])(O[C@]3([H])O[C@@]([H])(C([H])([H])[H])[C@]([H])(O[H])[C@@]([H])(O[H])[C@@]3([H])O[H])[C@]4([H])[C@]([H])(C([H])([H])[H])[C@@]([H])(O[H])C([H])([H])C([H])=C(C([H])([H])[H])C([H])([H])[H])[C@@]2(C([H])([H])[H])[C@]([H])(O[C@]2([H])O[C@@]([H])(C([H])([H])[H])[C@]([H])(O[H])[C@@]([H])(O[H])[C@@]2([H])O[H])C1([H])[H]
566,SANC00670,SANC00670_minRM1.pdb,,no_queried_motif,no queried electrophilic motif present,,,,0,0,0,,,871.0,3.2,6,15,220.1,1,[H]OC([H])([H])[C@@]1([H])O[C@@]([H])(O[C@]2([H])C([H])([H])C3=C([H])C([H])([H])[C@@]4([H])[C@]5([H])C([H])([H])[C@]6([H])O[C@@]([H])(O[H])[C@]([H])(C([H])=C(C([H])([H])[H])C([H])([H])[H])[C@@]([H])(C([H])([H])[H])[C@]6([H])[C@@]5(C([H])=O)C([H])([H])C([H])([H])[C@]4([H])[C@@]3(C([H])([H])[H])C([H])([H])C2([H])[H])[C@]([H])(O[C@]2([H])O[C@@]([H])(C([H])([H])[H])[C@]([H])(OC(=O)c3c([H])c([H])c(OC([H])([H])[H])c([H])c3[H])[C@@]([H])(O[H])[C@@]2([H])O[H])[C@@]([H])(O[H])[C@]1([H])O[H]
567,SANC00671,SANC00671_minRM1.pdb,,no_queried_motif,no queried electrophilic motif present,,,,0,0,0,,,859.0,2.69,8,15,234.3,1,[H]Oc1c([H])c([H])c(C(=O)O[C@]2([H])[C@@]([H])(O[H])[C@@]([H])(O[H])[C@]([H])(O[C@@]3([H])[C@]([H])(O[C@]4([H])C([H])([H])C5=C([H])C([H])([H])[C@@]6([H])[C@]7([H])C([H])([H])[C@]8([H])O[C@@]([H])(O[H])[C@]([H])(C([H])=C(C([H])([H])[H])C([H])([H])[H])[C@@]([H])(C([H])([H])[H])[C@]8([H])[C@@]7(C([H])([H])O[H])C([H])([H])C([H])([H])[C@]6([H])[C@@]5(C([H])([H])[H])C([H])([H])C4([H])[H])O[C@]([H])(C([H])([H])O[H])[C@@]([H])(O[H])[C@]3([H])O[H])O[C@@]2([H])C([H])([H])[H])c([H])c1[H]
568,SANC00672,SANC00672_minRM1.pdb,,no_queried_motif,no queried electrophilic motif present,,,,0,0,0,,,873.0,2.99,7,15,223.3,1,[H]OC([H])([H])[C@]12C([H])([H])C([H])([H])[C@]3([H])[C@]4(C([H])([H])[H])C(=C([H])C([H])([H])[C@@]3([H])[C@]1([H])C([H])([H])[C@]1([H])O[C@@]([H])(O[H])[C@]([H])(C([H])=C(C([H])([H])[H])C([H])([H])[H])[C@@]([H])(C([H])([H])[H])[C@]21[H])C([H])([H])[C@@]([H])(O[C@]1([H])O[C@]([H])(C([H])([H])O[H])[C@@]([H])(O[H])[C@]([H])(O[H])[C@@]1([H])O[C@]1([H])O[C@@]([H])(C([H])([H])[H])[C@]([H])(OC(=O)c2c([H])c([H])c(OC([H])([H])[H])c([H])c2[H])[C@@]([H])(O[H])[C@@]1([H])O[H])C([H])([H])C4([H])[H]
569,SANC00673,SANC00673_minRM1.pdb,,no_queried_motif,no queried electrophilic motif present,,,,0,0,0,,,334.4,2.7,2,6,77.4,2,[H]Oc1c([H])c(C([H])([H])[C@@]([H])(O[H])c2c([H])c(OC([H])([H])[H])c(OC([H])([H])[H])c(OC([H])([H])[H])c2[H])c([H])c([H])c1OC([H])([H])[H]
570,SANC00674,SANC00674_minRM1.pdb,,no_queried_motif,no queried electrophilic motif present,,,,0,0,0,,,302.3,3.29,2,5,68.2,2,[H]Oc1c([H])c(/C([H])=C(/[H])c2c([H])c(O[H])c(OC([H])([H])[H])c(OC([H])([H])[H])c2[H])c([H])c([H])c1OC([H])([H])[H]
571,SANC00675,SANC00675_minRM1.pdb,,no_queried_motif,no queried electrophilic motif present,,,,0,0,0,,,304.3,2.91,2,5,68.2,2,[H]Oc1c([H])c(C([H])([H])C([H])([H])c2c([H])c(O[H])c(OC([H])([H])[H])c(OC([H])([H])[H])c2[H])c([H])c([H])c1OC([H])([H])[H]
572,SANC00676,SANC00676_minRM1.pdb,,no_queried_motif,no queried electrophilic motif present,,,,0,0,0,,,300.3,3.31,1,5,57.2,2,[H]Oc1c([H])c(/C([H])=C(/[H])c2c([H])c(OC([H])([H])[H])c3c(c2[H])OC([H])([H])O3)c([H])c([H])c1OC([H])([H])[H]
573,SANC00677,SANC00677_minRM1.pdb,,no_queried_motif,no queried electrophilic motif present,,,,0,0,0,,,288.3,3.2,1,4,47.9,2,[H]Oc1c([H])c([H])c(C([H])([H])C([H])([H])c2c([H])c(OC([H])([H])[H])c(OC([H])([H])[H])c(OC([H])([H])[H])c2[H])c([H])c1[H]
574,SANC00678,SANC00678_minRM1.pdb,,no_queried_motif,no queried electrophilic motif present,,,,0,0,0,,,288.3,3.2,1,4,47.9,2,[H]Oc1c([H])c(C([H])([H])C([H])([H])c2c([H])c(OC([H])([H])[H])c([H])c(OC([H])([H])[H])c2[H])c([H])c([H])c1OC([H])([H])[H]
575,SANC00679,SANC00679_minRM1.pdb,,no_queried_motif,no queried electrophilic motif present,,,,0,0,0,,catechol_A(92),274.3,2.9,2,4,58.9,2,[H]Oc1c([H])c([H])c(C([H])([H])C([H])([H])c2c([H])c(OC([H])([H])[H])c([H])c(OC([H])([H])[H])c2[H])c([H])c1O[H]
576,SANC00680,SANC00680_minRM1.pdb,,no_queried_motif,no queried electrophilic motif present,,,,0,0,0,,catechol_A(92),304.3,2.91,2,5,68.2,2,[H]Oc1c([H])c([H])c(C([H])([H])C([H])([H])c2c([H])c(OC([H])([H])[H])c(OC([H])([H])[H])c(OC([H])([H])[H])c2[H])c([H])c1O[H]
577,SANC00681,SANC00681_minRM1.pdb,,no_queried_motif,no queried electrophilic motif present,,,,0,0,0,,,316.4,3.6,1,5,57.2,2,[H]Oc1c([H])c(/C([H])=C(/[H])c2c([H])c(OC([H])([H])[H])c(OC([H])([H])[H])c(OC([H])([H])[H])c2[H])c([H])c([H])c1OC([H])([H])[H]
578,SANC00682,SANC00682_minRM1.pdb,,no_queried_motif,no queried electrophilic motif present,,,,0,0,0,,,316.4,3.6,1,5,57.2,2,[H]Oc1c([H])c(/C([H])=C(/[H])c2c([H])c([H])c(OC([H])([H])[H])c(OC([H])([H])[H])c2[H])c([H])c(OC([H])([H])[H])c1OC([H])([H])[H]
579,SANC00683,SANC00683_minRM1.pdb,,no_queried_motif,no queried electrophilic motif present,,,,0,0,0,,,316.4,3.6,1,5,57.2,2,[H]Oc1c([H])c(/C([H])=C(\[H])c2c([H])c([H])c(OC([H])([H])[H])c(OC([H])([H])[H])c2[H])c([H])c(OC([H])([H])[H])c1OC([H])([H])[H]
580,SANC00684,SANC00684_minRM1.pdb,,no_queried_motif,no queried electrophilic motif present,,,,0,0,0,,,754.9,-0.88,8,15,234.3,0,[H]O[C@]1([H])C([H])([H])C2=C([H])C([H])([H])[C@@]3([H])[C@]4([H])C(=O)[C@]5([H])O[C@@]6(OC([H])([H])[C@]([H])(C([H])([H])[H])[C@]([H])(O[H])[C@]6([H])O[H])[C@@]([H])(C([H])([H])[H])[C@]5([H])[C@@]4(C([H])([H])[H])C([H])([H])C([H])([H])[C@]3([H])[C@@]2(C([H])([H])[H])[C@]([H])(O[C@]2([H])OC([H])([H])[C@]([H])(O[H])[C@]([H])(O[H])[C@@]2([H])O[C@]2([H])O[C@@]([H])(C([H])([H])[H])[C@]([H])(O[H])[C@@]([H])(O[H])[C@@]2([H])O[H])C1([H])[H]
581,SANC00685,SANC00685_minRM1.pdb,,no_queried_motif,no queried electrophilic motif present,,,,0,0,0,,,901.0,-2.03,10,19,293.2,0,[H]O[C@]1([H])C([H])([H])C2=C([H])C([H])([H])[C@@]3([H])[C@]4([H])C(=O)[C@]5([H])O[C@@]6(OC([H])([H])[C@]([H])(C([H])([H])[H])[C@]([H])(O[C@]7([H])O[C@]([H])(C([H])([H])[H])[C@]([H])(O[H])[C@@]([H])(O[H])[C@@]7([H])O[H])[C@]6([H])O[H])[C@@]([H])(C([H])([H])[H])[C@]5([H])[C@@]4(C([H])([H])[H])C([H])([H])C([H])([H])[C@]3([H])[C@@]2(C([H])([H])[H])[C@]([H])(O[C@]2([H])OC([H])([H])[C@]([H])(O[H])[C@]([H])(O[H])[C@@]2([H])O[C@]2([H])O[C@@]([H])(C([H])([H])[H])[C@]([H])(O[H])[C@@]([H])(O[H])[C@@]2([H])O[H])C1([H])[H]
582,SANC00686,SANC00686_minRM1.pdb,,no_queried_motif,no queried electrophilic motif present,,,,0,0,0,,,1033.1,-3.56,12,23,352.1,0,[H]O[C@]1([H])C([H])([H])C2=C([H])C([H])([H])[C@@]3([H])[C@]4([H])C(=O)[C@]5([H])O[C@@]6(OC([H])([H])[C@]([H])(C([H])([H])[H])[C@]([H])(O[C@]7([H])O[C@]([H])(C([H])([H])[H])[C@]([H])(O[H])[C@@]([H])(O[H])[C@@]7([H])O[H])[C@]6([H])O[H])[C@@]([H])(C([H])([H])[H])[C@]5([H])[C@@]4(C([H])([H])[H])C([H])([H])C([H])([H])[C@]3([H])[C@@]2(C([H])([H])[H])[C@]([H])(O[C@]2([H])OC([H])([H])[C@]([H])(O[C@]3([H])OC([H])([H])[C@@]([H])(O[H])[C@]([H])(O[H])[C@@]3([H])O[H])[C@]([H])(O[H])[C@@]2([H])O[C@]2([H])O[C@@]([H])(C([H])([H])[H])[C@]([H])(O[H])[C@@]([H])(O[H])[C@@]2([H])O[H])C1([H])[H]
583,SANC00687,SANC00687_minRM1.pdb,,no_queried_motif,no queried electrophilic motif present,,,,0,0,0,,,1159.2,-1.85,9,26,370.3,0,[H]O[C@]1([H])C([H])([H])C2=C([H])C([H])([H])[C@@]3([H])[C@]4([H])C(=O)[C@]5([H])O[C@@]6(OC([H])([H])[C@]([H])(C([H])([H])[H])[C@]([H])(O[C@]7([H])O[C@]([H])(C([H])([H])[H])[C@]([H])(O[H])[C@@]([H])(O[H])[C@@]7([H])O[H])[C@]6([H])O[H])[C@@]([H])(C([H])([H])[H])[C@]5([H])[C@@]4(C([H])([H])[H])C([H])([H])C([H])([H])[C@]3([H])[C@@]2(C([H])([H])[H])[C@]([H])(O[C@]2([H])OC([H])([H])[C@]([H])(O[C@]3([H])OC([H])([H])[C@@]([H])(O[H])[C@]([H])(O[H])[C@@]3([H])O[H])[C@]([H])(O[H])[C@@]2([H])O[C@]2([H])O[C@@]([H])(C([H])([H])[H])[C@]([H])(OC(=O)C([H])([H])[H])[C@@]([H])(OC(=O)C([H])([H])[H])[C@@]2([H])OC(=O)C([H])([H])[H])C1([H])[H]
584,SANC00688,SANC00688_minRM1.pdb,,no_queried_motif,no queried electrophilic motif present,,,,0,0,0,,,300.3,2.54,2,5,76.0,2,[H]Oc1c([H])c([H])c(C([H])([H])[C@@]2([H])C(=O)c3c(O[H])c([H])c(OC([H])([H])[H])c([H])c3OC2([H])[H])c([H])c1[H]
585,SANC00689,SANC00689_minRM1.pdb,,no_queried_motif,no queried electrophilic motif present,,,,0,0,0,,,298.3,2.8,2,5,79.9,3,[H]Oc1c([H])c([H])c(C([H])([H])c2c([H])oc3c([H])c(OC([H])([H])[H])c([H])c(O[H])c3c2=O)c([H])c1[H]
586,SANC00690,SANC00690_minRM1.pdb,,no_queried_motif,no queried electrophilic motif present,,,,0,0,0,,,288.5,4.95,1,1,20.2,0,[H]O[C@]1([H])C([H])([H])C([H])([H])[C@]2(C([H])([H])[H])[C@]([H])(C([H])([H])C([H])([H])[C@@]34C([H])=C([H])[C@@](C([H])([H])[H])(C([H])([H])C([H])([H])[C@]32[H])C4([H])[H])C1(C([H])([H])[H])C([H])([H])[H]
587,SANC00691,SANC00691_minRM1.pdb,SUALLALKHVDKAE-AITUJVMLSA-N,retained,at least one site passes the beta-hydrogen or retained-ring rule,,ab_unsat_carbonyl:2,"ab_unsat_carbonyl[11,12,14,15];ab_unsat_carbonyl[18,16,14,15]",2,2,1,1,,284.4,4.49,1,2,37.3,0,[H]OC1=C([H])[C@]2(C([H])([H])[H])C(=C(C([H])([H])[H])C1=O)C([H])([H])C([H])([H])[C@@]13C([H])=C([H])[C@@](C([H])([H])[H])(C([H])([H])C([H])([H])[C@@]21[H])C3([H])[H]
588,SANC00692,SANC00692_minRM1.pdb,,no_queried_motif,no queried electrophilic motif present,,,,0,0,0,,,1063.2,-2.2,12,23,360.0,0,[H]OC([H])([H])[C@@]1([H])O[C@@]([H])(OC([H])([H])[C@@]2([H])O[C@@]([H])(O[C@]3([H])C([H])([H])C4=C([H])C([H])([H])[C@@]5([H])[C@]6([H])C([H])([H])[C@]([H])(O[C@]7([H])OC([H])([H])[C@]([H])(O[H])[C@]([H])(O[C@]8([H])OC([H])([H])[C@@]([H])(O[H])[C@]([H])(O[H])[C@@]8([H])O[H])[C@@]7([H])OC(=O)C([H])([H])[H])[C@](O[H])([C@@]([H])(C(=O)C([H])([H])C([H])([H])C([H])(C([H])([H])[H])C([H])([H])[H])C([H])([H])[H])[C@@]6(C([H])([H])[H])C([H])([H])C([H])([H])[C@]5([H])[C@@]4(C([H])([H])[H])C([H])([H])C3([H])[H])[C@]([H])(O[H])[C@@]([H])(O[H])[C@]2([H])O[H])[C@]([H])(O[H])[C@@]([H])(O[H])[C@]1([H])O[H]
589,SANC00693,SANC00693_minRM1.pdb,,no_queried_motif,no queried electrophilic motif present,,,,0,0,0,,,1389.5,-2.49,14,31,463.7,1,[H]OC([H])([H])[C@@]1([H])O[C@@]([H])(O[C@@]2([H])[C@]([H])(O[H])[C@@]([H])(O[H])[C@]([H])(OC([H])([H])[C@@]3([H])O[C@@]([H])(O[C@]4([H])C([H])([H])C5=C([H])C([H])([H])[C@@]6([H])[C@]7([H])C([H])([H])[C@]([H])(O[C@]8([H])OC([H])([H])[C@]([H])(O[H])[C@]([H])(O[C@]9([H])OC([H])([H])[C@@]([H])(O[H])[C@]([H])(O[H])[C@@]9([H])OC(=O)c9c([H])c([H])c(OC([H])([H])[H])c(OC([H])([H])[H])c9[H])[C@@]8([H])OC(=O)C([H])([H])[H])[C@](O[H])([C@@]([H])(C(=O)C([H])([H])C([H])([H])C([H])(C([H])([H])[H])C([H])([H])[H])C([H])([H])[H])[C@@]7(C([H])([H])[H])C([H])([H])C([H])([H])[C@]6([H])[C@@]5(C([H])([H])[H])C([H])([H])C4([H])[H])[C@]([H])(O[H])[C@@]([H])(O[H])[C@]3([H])O[H])O[C@]2([H])C([H])([H])O[H])[C@]([H])(O[H])[C@@]([H])(O[H])[C@]1([H])O[H]
590,SANC00694,SANC00694_minRM1.pdb,,no_queried_motif,no queried electrophilic motif present,,,,0,0,0,,,580.8,3.15,6,8,139.8,0,[H]O[C@]1([H])C([H])([H])C2=C([H])C([H])([H])[C@@]3([H])[C@]4([H])C([H])([H])[C@]([H])(O[C@]5([H])O[C@@]([H])(C([H])([H])[H])[C@]([H])(O[H])[C@@]([H])(O[H])[C@@]5([H])O[H])[C@]([H])([C@]([H])(C([H])([H])[H])[C@@]([H])(O[H])C([H])([H])C([H])([H])C([H])(C([H])([H])[H])C([H])([H])[H])[C@@]4(C([H])([H])[H])C([H])([H])[C@@]([H])(O[H])[C@]3([H])[C@@]2(C([H])([H])[H])C([H])([H])C1([H])[H]
591,SANC00695,SANC00695_minRM1.pdb,,no_queried_motif,no queried electrophilic motif present,,,,0,0,0,,,578.8,3.07,6,8,139.8,0,[H]O[C@]1([H])C([H])([H])C2=C([H])C([H])([H])[C@@]3([H])[C@]4([H])C([H])([H])[C@]([H])(O[C@]5([H])O[C@@]([H])(C([H])([H])[H])[C@]([H])(O[H])[C@@]([H])(O[H])[C@@]5([H])O[H])[C@]([H])([C@]([H])(C([H])([H])[H])[C@@]([H])(O[H])C([H])([H])C([H])=C(C([H])([H])[H])C([H])([H])[H])[C@@]4(C([H])([H])[H])C([H])([H])[C@@]([H])(O[H])[C@]3([H])[C@@]2(C([H])([H])[H])C([H])([H])C1([H])[H]
592,SANC00696,SANC00696_minRM1.pdb,,no_queried_motif,no queried electrophilic motif present,,,,0,0,0,,,354.4,4.32,2,5,76.0,2,[H]Oc1c(OC([H])([H])[H])c(O[H])c(C([H])([H])C([H])=C(C([H])([H])[H])C([H])([H])[H])c2c1C(=O)C([H])([H])[C@@]([H])(c1c([H])c([H])c([H])c([H])c1[H])O2
593,SANC00697,SANC00697_minRM1.pdb,BPBFBKOCADVWMK-JFEDICDNSA-N,retained,at least one site passes the beta-hydrogen or retained-ring rule,,ab_unsat_carbonyl:1,"ab_unsat_carbonyl[18,17,23,24]",1,1,1,1,,334.5,3.44,2,4,66.8,0,[H]O[C@]1(C([H])([H])[H])/C([H])=C(\[H])[C@@](O[H])(C([H])(C([H])([H])[H])C([H])([H])[H])C([H])([H])C([H])([H])C2=C([H])[C@@]([H])(OC2=O)C([H])([H])/C(C([H])([H])[H])=C(\[H])C([H])([H])C1([H])[H]
594,SANC00698,SANC00698_minRM1.pdb,LOIIZBXZZSSECJ-CRRGIDTRSA-N,retained,at least one site passes the beta-hydrogen or retained-ring rule,,ab_unsat_carbonyl:1,"ab_unsat_carbonyl[5,6,24,25]",1,1,1,1,,350.5,2.41,3,5,87.0,0,[H]O[C@]1(C([H])([H])[H])/C([H])=C(\[H])[C@@](O[H])(C([H])(C([H])([H])[H])C([H])([H])[H])C([H])([H])C([H])([H])C2=C([H])[C@@]([H])(OC2=O)C([H])([H])C(=C([H])[H])[C@]([H])(O[H])C([H])([H])C1([H])[H]
595,SANC00699,SANC00699_minRM1.pdb,PZFBVODTZGEVTO-DOJXUBCDSA-N,retained,at least one site passes the beta-hydrogen or retained-ring rule,,ab_unsat_carbonyl:1,"ab_unsat_carbonyl[19,18,24,25]",1,1,1,1,,350.5,2.41,3,5,87.0,0,[H]O[C@@]1(C([H])([H])[H])/C([H])=C(\[H])[C@@](O[H])(C([H])(C([H])([H])[H])C([H])([H])[H])C([H])([H])C([H])([H])C2=C([H])[C@@]([H])(OC2=O)C([H])([H])[C@](O[H])(C([H])([H])[H])/C([H])=C(\[H])C1([H])[H]
596,SANC00700,SANC00700_minRM1.pdb,,no_queried_motif,no queried electrophilic motif present,,,,0,0,0,,,426.7,8.17,1,1,20.2,0,[H]O[C@@]1([H])C([H])([H])C([H])([H])[C@]2([H])C(=C([H])C([H])([H])[C@]3([H])[C@@]4(C([H])([H])[H])C([H])([H])C([H])([H])[C@@]5(C([H])([H])[H])C([H])([H])C([H])([H])C(C([H])([H])[H])(C([H])([H])[H])C([H])([H])[C@@]5([H])[C@]4(C([H])([H])[H])C([H])([H])C([H])([H])[C@]32C([H])([H])[H])C1(C([H])([H])[H])C([H])([H])[H]
597,SANC00701,SANC00701_minRM1.pdb,GFSIRKGSRCAQRP-WJGFPOFISA-N,retained,at least one site passes the beta-hydrogen or retained-ring rule,,ab_unsat_carbonyl:1,"ab_unsat_carbonyl[10,11,21,22]",1,1,1,1,,300.4,5.13,0,2,26.3,0,[H]C1=C2C(=O)O[C@@]1([H])C([H])([H])/C(C([H])([H])[H])=C(\[H])C([H])([H])/C([H])=C(C([H])([H])[H])\C([H])=C(\[H])[C@@]([H])(C([H])(C([H])([H])[H])C([H])([H])[H])C([H])([H])C2([H])[H]
598,SANC00702,SANC00702_minRM1.pdb,KLOZYZWTTNSEEN-FRLCOVFRSA-N,retained,at least one site passes the beta-hydrogen or retained-ring rule,,ab_unsat_carbonyl:1,"ab_unsat_carbonyl[18,17,23,24]",1,1,1,1,,318.5,4.33,1,3,46.5,0,[H]O[C@]1(C([H])([H])[H])/C([H])=C(\[H])[C@@]([H])(C([H])(C([H])([H])[H])C([H])([H])[H])C([H])([H])C([H])([H])C2=C([H])[C@@]([H])(OC2=O)C([H])([H])/C(C([H])([H])[H])=C(\[H])C([H])([H])C1([H])[H]
599,SANC00703,SANC00703_minRM1.pdb,MKGZDUKUQPPHFM-LPJPOILFSA-N,failed_selection_rule,every matched site has a fully substituted beta-carbon and no retained ring motif,,ab_unsat_carbonyl:1,"ab_unsat_carbonyl[21,22,23,24]",1,1,0,1,,410.7,8.01,0,1,17.1,0,[H]C1=C2C([H])([H])C([H])([H])[C@@]3([H])[C@]4([H])C([H])([H])C([H])([H])[C@]([H])([C@@]([H])(/C([H])=C(\[H])[C@@]([H])(C([H])([H])C([H])([H])[H])C([H])(C([H])([H])[H])C([H])([H])[H])C([H])([H])[H])[C@@]4(C([H])([H])[H])C([H])([H])C([H])([H])[C@]3([H])[C@@]2(C([H])([H])[H])C([H])([H])C([H])([H])C1=O
600,SANC00704,SANC00704_minRM1.pdb,,no_queried_motif,no queried electrophilic motif present,,,,0,0,0,,,244.2,2.68,1,4,59.7,2,[H]Oc1c2c(c3c([H])c([H])c(=O)oc3c1[H])C([H])=C([H])C(C([H])([H])[H])(C([H])([H])[H])O2
601,SANC00705,SANC00705_minRM1.pdb,,no_queried_motif,no queried electrophilic motif present,,,,0,0,0,,,392.1,3.82,0,2,18.5,0,[H]C#C/C([H])=C(/[H])C([H])([H])[C@]1([H])O[C@@]2([H])C([H])([H])[C@]1([H])O[C@]([H])(C([H])([H])C([H])([H])[H])[C@@]([H])(Br)C([H])([H])[C@]2([H])Br
602,SANC00706,SANC00706_minRM1.pdb,KQODQNJLJQHFQV-MKWZWQCGSA-N,retained,at least one site passes the beta-hydrogen or retained-ring rule,,ab_unsat_carbonyl:1,"ab_unsat_carbonyl[2,1,47,48]",1,1,1,1,,526.7,4.09,3,5,103.7,2,[H]OC(=O)/C(=C(\[H])[C@@]([H])(N(C(=O)[C@@]([H])(N([H])C(=O)[C@@]([H])(N([H])C([H])([H])[H])C(c1c([H])n(C([H])([H])[H])c2c([H])c([H])c([H])c([H])c12)(C([H])([H])[H])C([H])([H])[H])C(C([H])([H])[H])(C([H])([H])[H])C([H])([H])[H])C([H])([H])[H])C([H])(C([H])([H])[H])C([H])([H])[H])C([H])([H])[H]
603,SANC00707,SANC00707_minRM1.pdb,,no_queried_motif,no queried electrophilic motif present,,,,0,0,0,,,669.6,3.96,3,6,125.0,1,[H]Oc1c([H])c([H])c(C([H])([H])[C@]2([H])C(=O)N([H])[C@]([H])(C([H])(C([H])([H])[H])C([H])([H])[H])C(=O)O[C@]([H])(C([H])([H])[H])C([H])([H])[C@]([H])(C([H])([H])[H])/C([H])=C(\C([H])([H])[H])C([H])([H])[C@]([H])(C([H])([H])[H])C(=O)N([H])[C@]([H])(C([H])([H])[H])C(=O)N2C([H])([H])[H])c([H])c1I
604,SANC00708,SANC00708_minRM1.pdb,,no_queried_motif,no queried electrophilic motif present,,,,0,0,0,,catechol_A(92),332.4,3.3,2,6,77.4,2,[H]Oc1c(OC([H])([H])[H])c([H])c([H])c(/C([H])=C(/[H])c2c([H])c(OC([H])([H])[H])c(OC([H])([H])[H])c(OC([H])([H])[H])c2[H])c1O[H]
605,SANC00709,SANC00709_minRM1.pdb,,no_queried_motif,no queried electrophilic motif present,,,,0,0,0,,,312.3,3.11,1,5,68.3,2,[H]Oc1c([H])c([H])c2c([H])c1Oc1c([H])c([H])c(c([H])c1[H])[C@@]1([H])O[C@@]1([H])C([H])([H])OC(=O)C([H])([H])C2([H])[H]
606,SANC00710,SANC00710_minRM1.pdb,,no_queried_motif,no queried electrophilic motif present,,,,0,0,0,,,296.3,3.69,1,4,55.8,2,[H]Oc1c([H])c([H])c2c([H])c1Oc1c([H])c([H])c(c([H])c1[H])/C([H])=C(/[H])C([H])([H])OC(=O)C([H])([H])C2([H])[H]
607,SANC00711,SANC00711_minRM1.pdb,QACRJXSXSVUOFZ-HINKZNOMSA-N,retained,at least one site passes the beta-hydrogen or retained-ring rule,,ab_unsat_carbonyl:1,"ab_unsat_carbonyl[34,33,31,32]",1,1,1,1,,540.5,1.42,5,11,184.0,3,[H]Oc1c([H])c([H])c(/C([H])=C(\[H])C(=O)O[C@]2([H])[C@@]([H])(O[H])[C@]([H])(O[H])[C@@]([H])(C([H])([H])O[H])O[C@@]2([H])c2c(O[H])c([H])c(C([H])([H])[H])c3c(=O)c([H])c(C([H])([H])C(=O)C([H])([H])[H])oc23)c([H])c1[H]
608,SANC00712,SANC00712_minRM1.pdb,,no_queried_motif,no queried electrophilic motif present,,,,0,0,0,,,234.3,3.32,0,2,26.3,0,[H]C1=C2C([H])([H])OC(=O)[C@]2([H])[C@@]2(C([H])([H])[H])C([H])([H])C([H])([H])C([H])([H])C(C([H])([H])[H])(C([H])([H])[H])[C@]2([H])C1([H])[H]
609,SANC00713,SANC00713_minRM1.pdb,,no_queried_motif,no queried electrophilic motif present,,,,0,0,0,,,212.3,3.59,0,1,13.1,2,[H]c1oc2c(c1[H])C([H])([H])C([H])([H])c1c(C([H])([H])[H])c(C([H])([H])[H])c([H])c([H])c1C2([H])[H]
610,SANC00714,SANC00714_minRM1.pdb,LPMXVESGRSUGHW-HBYQJFLCSA-N,failed_selection_rule,every matched site has a fully substituted beta-carbon and no retained ring motif,,ab_unsat_carbonyl:1,"ab_unsat_carbonyl[42,43,44,45]",1,1,0,1,,584.7,-1.51,8,12,206.6,0,[H]OC([H])([H])[C@]12[C@](O[H])(C([H])([H])C([H])([H])[C@@]3([H])[C@@]4(O[H])C([H])([H])C([H])([H])[C@]([H])(C5=C([H])C(=O)OC5([H])[H])[C@@]4(C([H])([H])[H])C([H])([H])[C@@]([H])(O[H])[C@@]31[H])C([H])([H])[C@@]([H])(O[C@]1([H])O[C@@]([H])(C([H])([H])[H])[C@]([H])(O[H])[C@@]([H])(O[H])[C@@]1([H])O[H])C([H])([H])[C@@]2([H])O[H]
611,SANC00715,SANC00715_minRM1.pdb,DKYDBQQIQAPGMH-FMADSCLGSA-N,failed_selection_rule,every matched site has a fully substituted beta-carbon and no retained ring motif,,ab_unsat_carbonyl:1,"ab_unsat_carbonyl[14,15,16,17]",1,1,0,1,,550.7,2.08,4,9,134.9,0,[H]O[C@]1([H])[C@@]([H])(O[C@]2([H])C([H])([H])[C@@]3([H])C([H])([H])C([H])([H])[C@]4([H])[C@]([H])(C([H])([H])C([H])([H])[C@@]5(C([H])([H])[H])[C@]4(O[H])C([H])([H])C([H])([H])[C@]5([H])C4=C([H])C(=O)OC4([H])[H])[C@@]3(C([H])([H])[H])[C@]([H])(O[H])C2([H])[H])O[C@@]([H])(C([H])([H])[H])[C@]([H])(O[H])[C@]1([H])OC([H])([H])[H]
612,SANC00716,SANC00716_minRM1.pdb,QJFVGCOOBWZFDL-AAZCYQLISA-N,retained,at least one site passes the beta-hydrogen or retained-ring rule,,ab_unsat_carbonyl:4;para_quinone:1,"ab_unsat_carbonyl[4,5,6,7];ab_unsat_carbonyl[5,4,11,12];ab_unsat_carbonyl[8,10,11,12];ab_unsat_carbonyl[10,8,6,7];para_quinone[7,6,5,4,11,12,10,8]",5,2,2,2,quinone_A(370),342.5,5.08,0,3,51.2,0,[H]C1=C(C([H])([H])[H])C(=O)C([H])=C(C([H])([H])/C([H])=C(\C([H])([H])[H])C([H])([H])C([H])([H])/C([H])=C(\C([H])([H])[H])C([H])([H])C(=O)C([H])([H])C([H])(C([H])([H])[H])C([H])([H])[H])C1=O
613,SANC00717,SANC00717_minRM1.pdb,,no_queried_motif,no queried electrophilic motif present,,,,0,0,0,,,344.5,5.63,2,3,57.5,1,[H]Oc1c([H])c(C([H])([H])/C([H])=C(\C([H])([H])[H])C([H])([H])C([H])([H])/C([H])=C(\C([H])([H])[H])C([H])([H])C(=O)C([H])([H])C([H])(C([H])([H])[H])C([H])([H])[H])c(O[H])c([H])c1C([H])([H])[H]
614,SANC00718,SANC00718_minRM1.pdb,,no_queried_motif,no queried electrophilic motif present,,,,0,0,0,,,399.4,5.45,0,0,0.0,0,[H]/C(=C(/C([H])([H])[H])[C@@]([H])(Br)/C([H])=C(\[H])[C@](Cl)(C([H])([H])[H])C([H])([H])Br)C([H])(Cl)Cl
615,SANC00719,SANC00719_minRM1.pdb,,no_queried_motif,no queried electrophilic motif present,,,,0,0,0,,,304.4,4.93,2,3,57.5,1,[H]Oc1c(C([H])=O)c(C([H])([H])C([H])([H])C([H])([H])C([H])([H])C([H])([H])C([H])([H])C([H])([H])[H])c(O[H])c([H])c1C([H])([H])C([H])=C(C([H])([H])[H])C([H])([H])[H]
616,SANC00720,SANC00720_minRM1.pdb,MYRPIYZIAHOECW-SAIXKJTDSA-N,retained,at least one site passes the beta-hydrogen or retained-ring rule,,ab_unsat_carbonyl:1,"ab_unsat_carbonyl[15,16,24,25]",1,1,1,1,,323.4,2.61,3,2,74.0,2,[H]C([H])=C([H])C(c1c(/C([H])=C2/C(=O)N([H])[C@@]([H])(C([H])([H])[H])C(=O)N2[H])c2c([H])c([H])c([H])c([H])c2n1[H])(C([H])([H])[H])C([H])([H])[H]
617,SANC00721,SANC00721_minRM1.pdb,,no_queried_motif,no queried electrophilic motif present,,,,0,0,0,,quinone_A(370),284.3,2.19,2,5,83.8,2,[H]Oc1c([H])c(OC([H])([H])[H])c([H])c2c1C(=O)c1c(O[H])c([H])c(C([H])([H])[H])c([H])c1C2=O
618,SANC00722,SANC00722_minRM1.pdb,,no_queried_motif,no queried electrophilic motif present,,,,0,0,0,,,324.4,3.86,0,5,54.0,0,[H]C1=C([H])[C@]([H])(C([H])([H])C(=O)OC([H])([H])[H])OO[C@@]1(OC([H])([H])[H])C([H])([H])C([H])([H])C([H])([H])/C([H])=C([H])/C([H])=C(\[H])C([H])([H])C([H])([H])C([H])([H])[H]
619,SANC00723,SANC00723_minRM1.pdb,,no_queried_motif,no queried electrophilic motif present,,,,0,0,0,,,356.4,3.0,0,7,72.5,0,[H]C1=C([H])[C@@]([H])(C([H])([H])C(=O)OC([H])([H])[H])OO[C@@]1(OC([H])([H])[H])C([H])([H])C([H])([H])C([H])([H])[C@@]1([H])OO[C@@]([H])(C([H])([H])C([H])([H])C([H])([H])[H])C([H])=C1[H]
620,SANC00724,SANC00724_minRM1.pdb,VSBOBRKRXJJIHU-QYAHGZNPSA-N,retained,at least one site passes the beta-hydrogen or retained-ring rule,,ab_unsat_carbonyl:5;para_quinone:1,"ab_unsat_carbonyl[4,5,6,7];ab_unsat_carbonyl[5,4,11,12];ab_unsat_carbonyl[8,10,11,12];ab_unsat_carbonyl[10,8,6,7];ab_unsat_carbonyl[16,18,19,20];para_quinone[7,6,5,4,11,12,10,8]",6,3,2,2,quinone_A(370),342.5,5.08,0,3,51.2,0,[H]C1=C(C([H])([H])[H])C(=O)C([H])=C(C([H])([H])/C([H])=C(\C([H])([H])[H])C([H])([H])C([H])([H])C([H])([H])/C(=C(/[H])C(=O)C([H])([H])C([H])(C([H])([H])[H])C([H])([H])[H])C([H])([H])[H])C1=O
621,SANC00725,SANC00725_minRM1.pdb,DVGKTVSWDFQFIK-QYAHGZNPSA-N,failed_selection_rule,every matched site has a fully substituted beta-carbon and no retained ring motif,,ab_unsat_carbonyl:1,"ab_unsat_carbonyl[16,18,19,20]",1,1,0,1,,344.5,5.63,2,3,57.5,1,[H]Oc1c([H])c(C([H])([H])/C([H])=C(\C([H])([H])[H])C([H])([H])C([H])([H])C([H])([H])/C(=C(/[H])C(=O)C([H])([H])C([H])(C([H])([H])[H])C([H])([H])[H])C([H])([H])[H])c(O[H])c([H])c1C([H])([H])[H]
622,SANC00726,SANC00726_minRM1.pdb,,no_queried_motif,no queried electrophilic motif present,,,,0,0,0,,,342.5,5.6,1,3,46.5,1,[H]Oc1c([H])c2c(c([H])c1C([H])([H])[H])O[C@@](C([H])([H])[H])(C([H])([H])C([H])([H])/C([H])=C(\C([H])([H])[H])C([H])([H])C(=O)C([H])([H])C([H])(C([H])([H])[H])C([H])([H])[H])C([H])=C2[H]
623,SANC00727,SANC00727_minRM1.pdb,ABJRGWIGTXMLIB-BHOLAXHDSA-N,failed_selection_rule,every matched site has a fully substituted beta-carbon and no retained ring motif,,ab_unsat_carbonyl:1,"ab_unsat_carbonyl[19,21,22,23]",1,1,0,1,,386.5,5.85,1,4,63.6,1,[H]Oc1c([H])c(C([H])([H])/C([H])=C(\C([H])([H])[H])C([H])([H])C([H])([H])C([H])([H])/C(=C(/[H])C(=O)C([H])([H])C([H])(C([H])([H])[H])C([H])([H])[H])C([H])([H])[H])c(OC(=O)C([H])([H])[H])c([H])c1C([H])([H])[H]
624,SANC00728,SANC00728_minRM1.pdb,,no_queried_motif,no queried electrophilic motif present,,,,0,0,0,,,346.5,5.42,3,3,60.7,1,[H]Oc1c([H])c(C([H])([H])/C([H])=C(\C([H])([H])[H])C([H])([H])C([H])([H])/C([H])=C(\C([H])([H])[H])C([H])([H])[C@@]([H])(O[H])C([H])([H])C([H])(C([H])([H])[H])C([H])([H])[H])c(O[H])c([H])c1C([H])([H])[H]
625,SANC00729,SANC00729_minRM1.pdb,,no_queried_motif,no queried electrophilic motif present,,,,0,0,0,,,364.9,5.23,0,0,0.0,0,[H]/C(=C(\C([H])([H])[H])[C@@]([H])(Br)C([H])([H])/C([H])=C(/C([H])([H])[H])C([H])([H])Br)C([H])(Cl)Cl
626,SANC00730,SANC00730_minRM1.pdb,,no_queried_motif,no queried electrophilic motif present,,,,0,0,0,,,364.9,5.23,0,0,0.0,0,[H]C([H])=C(C([H])([H])[H])[C@@]([H])(Br)C([H])([H])[C@@]([H])(Br)/C(=C(\[H])C([H])(Cl)Cl)C([H])([H])[H]
627,SANC00731,SANC00731_minRM1.pdb,,no_queried_motif,no queried electrophilic motif present,,,,0,0,0,,,278.0,4.79,0,0,0.0,0,[H]C([H])=C([H])[C@](Cl)(C([H])([H])[H])[C@]([H])(Cl)C([H])([H])[C@@]([H])(Cl)C(Cl)(C([H])([H])[H])C([H])([H])[H]
628,SANC00732,SANC00732_minRM1.pdb,,no_queried_motif,no queried electrophilic motif present,,,,0,0,0,,,399.4,5.28,0,0,0.0,0,[H]/C(Cl)=C(\[H])[C@]1(C([H])([H])[H])C([H])([H])[C@@](Br)(C([H])([H])Br)[C@]([H])(Cl)C([H])([H])[C@]1([H])Cl
629,SANC00733,SANC00733_minRM1.pdb,XGCVFFUGHHOOJA-VEEWAPNTSA-N,failed_selection_rule,every matched site has a fully substituted beta-carbon and no retained ring motif,,ab_unsat_carbonyl:2,"ab_unsat_carbonyl[1,3,4,5];ab_unsat_carbonyl[10,12,13,14]",2,2,0,1,,414.5,4.28,1,5,72.8,0,[H]O[C@@]12O[C@](C([H])([H])[H])(C([H])=C1[H])[C@]([H])(OC(=O)C([H])=C(C([H])([H])[H])C([H])([H])[H])C([H])([H])[C@]1([H])C(C([H])([H])[H])=C([H])C(=O)[C@]([H])(C([H])(C([H])([H])[H])C([H])([H])[H])[C@@]1([H])/C([H])=C\2C([H])([H])[H]
630,SANC00734,SANC00734_minRM1.pdb,WLDJDLOEPXUINW-CFXQLYIESA-N,failed_selection_rule,every matched site has a fully substituted beta-carbon and no retained ring motif,,ab_unsat_carbonyl:1,"ab_unsat_carbonyl[1,2,3,4]",1,1,0,1,,450.6,4.56,1,5,72.8,1,[H]O[C@]12O[C@](C([H])([H])[H])(C([H])=C1[H])[C@]([H])(OC(=O)C([H])([H])c1c([H])c([H])c([H])c([H])c1[H])C([H])([H])[C@]1([H])C(C([H])([H])[H])=C([H])C(=O)[C@@]([H])(C([H])(C([H])([H])[H])C([H])([H])[H])[C@]1([H])/C([H])=C\2C([H])([H])[H]
631,SANC00735,SANC00735_minRM1.pdb,,no_queried_motif,no queried electrophilic motif present,,,,0,0,0,,,216.3,4.45,0,1,13.1,1,[H]c1oc2c(c1[H])C([H])([H])C([H])([H])[C@@]1(C([H])([H])[H])C(C([H])([H])[H])=C(C([H])([H])[H])C([H])([H])[C@]2([H])C1([H])[H]
632,SANC00736,SANC00736_minRM1.pdb,DRFCKNDZZMWUBI-UFNIODAUSA-N,retained,at least one site passes the beta-hydrogen or retained-ring rule,,ab_unsat_carbonyl:1,"ab_unsat_carbonyl[22,23,25,26]",1,1,1,1,,382.5,7.08,0,3,39.4,1,[H]C1=C(C([H])([H])[H])C(=O)O/C1=C(/[H])[C@]([H])(C([H])([H])[H])C([H])([H])C([H])([H])C([H])([H])/C(=C(\[H])C([H])([H])C([H])([H])/C(=C(\[H])C([H])([H])C([H])([H])c1c([H])oc([H])c1[H])C([H])([H])[H])C([H])([H])[H]
633,SANC00737,SANC00737_minRM1.pdb,XKFYCTFMYKERPS-KCUNYIMYSA-N,retained,at least one site passes the beta-hydrogen or retained-ring rule,,ab_unsat_carbonyl:1,"ab_unsat_carbonyl[22,23,26,27]",1,1,1,1,,398.5,6.05,1,4,59.7,1,[H]OC([H])([H])C1=C([H])/C(=C(/[H])[C@]([H])(C([H])([H])[H])C([H])([H])C([H])([H])C([H])([H])/C(=C(/[H])C([H])([H])C([H])([H])/C(=C(\[H])C([H])([H])C([H])([H])c2c([H])oc([H])c2[H])C([H])([H])[H])C([H])([H])[H])OC1=O
634,SANC00738,SANC00738_minRM1.pdb,,no_queried_motif,no queried electrophilic motif present,,,,0,0,0,,,354.6,8.36,0,1,13.1,1,[H]C(=C(C([H])([H])[H])C([H])([H])[H])C([H])([H])C([H])([H])/C(=C(\[H])C([H])([H])C([H])([H])/C(=C(/[H])C([H])([H])C([H])([H])/C(=C(/[H])C([H])([H])C([H])([H])c1c([H])oc([H])c1[H])C([H])([H])[H])C([H])([H])[H])C([H])([H])[H]
635,SANC00739,SANC00739_minRM1.pdb,,no_queried_motif,no queried electrophilic motif present,,,,0,0,0,,,216.3,4.36,0,1,13.1,1,[H]/C1=C(\C([H])([H])[H])C([H])([H])C([H])([H])/C([H])=C(/C([H])([H])[H])C([H])([H])c2oc([H])c(C([H])([H])[H])c2C1([H])[H]
636,SANC00740,SANC00740_minRM1.pdb,,no_queried_motif,no queried electrophilic motif present,,,,0,0,0,,,218.3,4.34,1,1,20.2,1,[H]Oc1c([H])c(C([H])([H])[H])c([H])c2c1[C@@]([H])(C([H])([H])[H])C([H])([H])C([H])([H])[C@]2([H])C([H])(C([H])([H])[H])C([H])([H])[H]
637,SANC00741,SANC00741_minRM1.pdb,,no_queried_motif,no queried electrophilic motif present,,,,0,0,0,,,224.3,2.4,2,4,66.8,1,[H]Oc1c([H])c(OC([H])([H])[H])c(C([H])([H])[H])c(O[H])c1C(=O)C([H])([H])C([H])([H])C([H])([H])[H]
638,SANC00742,SANC00742_minRM1.pdb,,no_queried_motif,no queried electrophilic motif present,,,,0,0,0,,,210.2,2.09,2,4,66.8,1,[H]Oc1c([H])c(OC([H])([H])[H])c([H])c(O[H])c1C(=O)C([H])([H])C([H])([H])C([H])([H])[H]
639,SANC00743,SANC00743_minRM1.pdb,,no_queried_motif,no queried electrophilic motif present,,,,0,0,0,,,456.7,7.09,2,3,57.5,0,[H]OC(=O)[C@@]12C([H])([H])C([H])([H])[C@]3(C([H])([H])[H])[C@]([H])(C([H])([H])C([H])([H])[C@]4([H])[C@@]5(C([H])([H])[H])C([H])([H])C([H])([H])[C@]([H])(O[H])C(C([H])([H])[H])(C([H])([H])[H])[C@]5([H])C([H])([H])C([H])([H])[C@]43C([H])([H])[H])[C@@]1([H])[C@]([H])(C(=C([H])[H])C([H])([H])[H])C([H])([H])C2([H])[H]
640,SANC00744,SANC00744_minRM1.pdb,,no_queried_motif,no queried electrophilic motif present,,,,0,0,0,,,458.7,7.17,2,3,57.5,0,[H]OC(=O)[C@]12C([H])([H])C([H])([H])[C@@]([H])(C([H])([H])[H])[C@]([H])(C([H])([H])[H])[C@@]1([H])[C@@H]1C([H])C([H])([H])[C@]3([H])[C@@]4(C([H])([H])[H])C([H])([H])C([H])([H])[C@]([H])(O[H])C(C([H])([H])[H])(C([H])([H])[H])[C@]4([H])C([H])([H])C([H])([H])[C@@]3(C([H])([H])[H])[C@]1(C([H])([H])[H])C([H])([H])C2([H])[H]
641,SANC00745,SANC00745_minRM1.pdb,,no_queried_motif,no queried electrophilic motif present,,,,0,0,0,,,448.6,3.88,3,5,79.2,0,[H]O[C@@]12C([H])([H])C([H])([H])[C@]3([H])[C@]([H])(C([H])([H])C([H])([H])[C@@]4(C([H])([H])[H])[C@@]3([H])C([H])([H])[C@]3([H])O[C@@]5(OC([H])([H])[C@]([H])(C([H])([H])[H])C([H])([H])C5([H])[H])[C@@]([H])(C([H])([H])[H])[C@]43[H])[C@@]1(C([H])([H])[H])C([H])([H])[C@@]([H])(O[H])[C@]([H])(O[H])C2([H])[H]
642,SANC00746,SANC00746_minRM1.pdb,,no_queried_motif,no queried electrophilic motif present,,,,0,0,0,,,430.6,4.68,2,4,58.9,0,[H]O[C@]1([H])C([H])([H])C2=C([H])C([H])([H])[C@@]3([H])[C@]4([H])C([H])([H])[C@]5([H])O[C@@]6(OC([H])([H])[C@]([H])(C([H])([H])[H])C([H])([H])C6([H])[H])[C@@]([H])(C([H])([H])[H])[C@]5([H])[C@@]4(C([H])([H])[H])C([H])([H])C([H])([H])[C@]3([H])[C@@]2(C([H])([H])[H])C([H])([H])[C@@]1([H])O[H]
643,SANC00747,SANC00747_minRM1.pdb,,no_queried_motif,no queried electrophilic motif present,,,,0,0,0,,,446.6,3.8,3,5,79.2,0,[H]O[C@@]12C([H])([H])C([H])=C3[C@]([H])(C([H])([H])C([H])([H])[C@]4(C([H])([H])[H])[C@@]5([H])[C@]([H])(C([H])([H])[H])[C@]6(OC([H])([H])[C@]([H])(C([H])([H])[H])C([H])([H])C6([H])[H])O[C@@]5([H])C([H])([H])[C@@]34[H])[C@@]1(C([H])([H])[H])C([H])([H])[C@@]([H])(O[H])[C@]([H])(O[H])C2([H])[H]
644,SANC00748,SANC00748_minRM1.pdb,,no_queried_motif,no queried electrophilic motif present,,,,0,0,0,,,446.6,3.94,3,5,79.2,0,[H]O[C@@]12C([H])([H])C([H])([H])C3=C4C([H])([H])[C@]5([H])O[C@@]6(OC([H])([H])[C@]([H])(C([H])([H])[H])C([H])([H])C6([H])[H])[C@@]([H])(C([H])([H])[H])[C@]5([H])[C@@]4(C([H])([H])[H])C([H])([H])C([H])([H])[C@]3([H])[C@@]1(C([H])([H])[H])C([H])([H])[C@@]([H])(O[H])[C@]([H])(O[H])C2([H])[H]
645,SANC00749,SANC00749_minRM1.pdb,,no_queried_motif,no queried electrophilic motif present,,,,0,0,0,,,446.6,3.8,3,5,79.2,0,[H]O[C@@]12C([H])([H])C([H])([H])[C@]3([H])C(=C([H])C([H])([H])[C@@]4(C([H])([H])[H])[C@@]3([H])C([H])([H])[C@]3([H])O[C@@]5(OC([H])([H])[C@]([H])(C([H])([H])[H])C([H])([H])C5([H])[H])[C@@]([H])(C([H])([H])[H])[C@]43[H])[C@@]1(C([H])([H])[H])C([H])([H])[C@@]([H])(O[H])[C@]([H])(O[H])C2([H])[H]
646,SANC00750,SANC00750_minRM1.pdb,,no_queried_motif,no queried electrophilic motif present,,,,0,0,0,,,285.3,2.71,1,4,60.6,3,[H]c1c([H])c([H])c2c(c1[H])c(=O)c1c(OC([H])([H])[H])c(OC([H])([H])[H])c(OC([H])([H])[H])c([H])c1n2[H]
647,SANC00751,SANC00751_minRM1.pdb,RUVUHIUYGJBLGI-XJZKHKOHSA-N,failed_selection_rule,every matched site has a fully substituted beta-carbon and no retained ring motif,,ab_unsat_carbonyl:1,"ab_unsat_carbonyl[17,18,19,20]",1,1,0,1,,412.7,8.23,0,1,17.1,0,[H]C1=C2C([H])([H])C([H])([H])[C@@]3([H])[C@]4([H])C([H])([H])C([H])([H])[C@]([H])([C@]([H])(C([H])([H])[H])C([H])([H])C([H])([H])[C@@]([H])(C([H])([H])C([H])([H])[H])C([H])(C([H])([H])[H])C([H])([H])[H])[C@@]4(C([H])([H])[H])C([H])([H])C([H])([H])[C@]3([H])[C@@]2(C([H])([H])[H])C([H])([H])C([H])([H])C1=O
648,SANC00752,SANC00752_minRM1.pdb,,no_queried_motif,no queried electrophilic motif present,,,,0,0,0,,,357.4,2.7,0,6,76.0,3,[H]c1c([H])c([H])c2c(c1[H])c(=O)c1c(OC([H])([H])[H])c(OC([H])([H])[H])c(OC([H])([H])[H])c([H])c1n2C([H])([H])OC(=O)C([H])([H])[H]
649,SANC00753,SANC00753_minRM1.pdb,,no_queried_motif,no queried electrophilic motif present,,,,0,0,0,,,343.3,2.4,1,6,87.0,3,[H]Oc1c(OC([H])([H])[H])c(OC([H])([H])[H])c([H])c2c1c(=O)c1c([H])c([H])c([H])c([H])c1n2C([H])([H])OC(=O)C([H])([H])[H]
650,SANC00754,SANC00754_minRM1.pdb,,no_queried_motif,no queried electrophilic motif present,,,,0,0,0,,,329.4,2.78,0,5,58.9,3,[H]c1c([H])c([H])c2c(c1[H])c(=O)c1c(OC([H])([H])[H])c(OC([H])([H])[H])c(OC([H])([H])[H])c([H])c1n2C([H])([H])OC([H])([H])[H]
651,SANC00755,SANC00755_minRM1.pdb,,no_queried_motif,no queried electrophilic motif present,,,,0,0,0,,,192.2,1.51,1,4,59.7,2,[H]Oc1c(OC([H])([H])[H])c([H])c2c([H])c([H])c(=O)oc2c1[H]
652,SANC00756,SANC00756_minRM1.pdb,,no_queried_motif,no queried electrophilic motif present,,,,0,0,0,,catechol_A(92),178.1,1.2,2,4,70.7,2,[H]Oc1c(O[H])c([H])c2c([H])c([H])c(=O)oc2c1[H]
653,SANC00757,SANC00757_minRM1.pdb,,no_queried_motif,no queried electrophilic motif present,,,,0,0,0,,,206.2,1.81,0,4,48.7,2,[H]c1c([H])c2c([H])c(OC([H])([H])[H])c(OC([H])([H])[H])c([H])c2oc1=O
654,SANC00758,SANC00758_minRM1.pdb,,no_queried_motif,no queried electrophilic motif present,,,,0,0,0,,,192.2,1.51,1,4,59.7,2,[H]Oc1c(OC([H])([H])[H])c([H])c2oc(=O)c([H])c([H])c2c1[H]
655,SANC00759,SANC00759_minRM1.pdb,,no_queried_motif,no queried electrophilic motif present,,,,0,0,0,,,369.4,-0.64,3,8,116.5,0,[H]OC(C([H])([H])[H])(C([H])([H])[H])[C@]1([H])C(=O)O[C@]2([H])C([H])([H])C([H])([H])N3C([H])([H])C([H])=C(C([H])([H])OC(=O)[C@@](O[H])(C([H])([H])[H])[C@]1(O[H])C([H])([H])[H])[C@]32[H]
656,SANC00760,SANC00760_minRM1.pdb,,no_queried_motif,no queried electrophilic motif present,,,,0,0,0,,,351.4,0.4,1,7,85.3,0,[H]O[C@@]1(C([H])([H])[H])C(=O)OC([H])([H])C2=C([H])C([H])([H])N3C([H])([H])C([H])([H])[C@@]([H])(OC(=O)[C@]4([H])C(C([H])([H])[H])(C([H])([H])[H])O[C@@]14C([H])([H])[H])[C@@]23[H]
657,SANC00761,SANC00761_minRM1.pdb,,no_queried_motif,no queried electrophilic motif present,,,,0,0,0,,,365.4,-0.21,1,8,102.4,0,[H]O[C@@]1(C([H])([H])[H])C(=O)OC([H])([H])C2=C([H])C([H])([H])N3C([H])([H])C([H])([H])[C@@]([H])(OC(=O)[C@@]4([H])[C@]1(C([H])([H])[H])OC(=O)[C@]4([H])C([H])([H])[H])[C@]23[H]
658,SANC00762,SANC00762_minRM1.pdb,,no_queried_motif,no queried electrophilic motif present,,,,0,0,0,,,353.4,0.24,2,7,96.3,0,[H]O[C@@]1(C([H])([H])[H])[C@](O[H])(C([H])([H])[H])C(=O)OC([H])([H])C2=C([H])C([H])([H])N3C([H])([H])C([H])([H])[C@@]([H])(OC(=O)[C@]1([H])C([H])(C([H])([H])[H])C([H])([H])[H])[C@@]23[H]
659,SANC00763,SANC00763_minRM1.pdb,,no_queried_motif,no queried electrophilic motif present,,,,0,0,0,,,239.4,3.43,2,2,32.3,0,[H]O[C@@]([H])(C([H])([H])N([H])C([H])([H])/C([H])=C([H])/C([H])=C(\[H])C([H])([H])C([H])([H])C([H])([H])[H])C([H])([H])C([H])([H])C([H])([H])C([H])([H])C([H])([H])[H]
660,SANC00764,SANC00764_minRM1.pdb,,no_queried_motif,no queried electrophilic motif present,,,,0,0,0,,,209.4,4.2,1,1,26.0,0,[H]C(/C([H])=C(\[H])[C@]([H])(N([H])[H])C([H])([H])[H])=C(/[H])C([H])([H])C([H])([H])C([H])([H])C([H])([H])C([H])([H])C([H])([H])C([H])([H])C([H])([H])[H]
661,SANC00765,SANC00765_minRM1.pdb,,no_queried_motif,no queried electrophilic motif present,,,,0,0,0,,,233.4,4.53,1,1,26.0,0,[H]C(/C([H])=C(\[H])[C@]([H])(N([H])[H])C([H])([H])[H])=C(/[H])C([H])([H])C([H])([H])C([H])([H])/C([H])=C(\[H])C([H])([H])/C([H])=C(\[H])C([H])([H])C([H])([H])[H]
662,SANC00766,SANC00766_minRM1.pdb,,no_queried_motif,no queried electrophilic motif present,,,,0,0,0,,,200.2,1.57,2,3,35.5,0,[H]OC1=C([H])C([H])=C([H])C2=C3C([H])=C([H])N(C([H])([H])[H])C([H])=C3N([H])C12
663,SANC00767,SANC00767_minRM1.pdb,,no_queried_motif,no queried electrophilic motif present,,,,0,0,0,,,387.9,0.6,2,7,96.3,0,[H]O[C@]1(C([H])([H])[H])C(=O)OC([H])([H])C2=C([H])C([H])([H])N3C([H])([H])C([H])([H])[C@]([H])(OC(=O)[C@@](O[H])([C@@]([H])(Cl)C([H])([H])[H])C([H])([H])[C@]1([H])C([H])([H])[H])[C@@]23[H]
664,SANC00768,SANC00768_minRM1.pdb,,no_queried_motif,no queried electrophilic motif present,,,,0,0,0,,,424.5,6.57,2,4,58.9,4,[H]Oc1c([H])c([H])c2c([H])c1Oc1c([H])c([H])c(c([H])c1[H])C([H])([H])C([H])([H])c1c([H])c([H])c([H])c(O[H])c1Oc1c([H])c([H])c([H])c(c1[H])C([H])([H])C2([H])[H]
665,SANC00769,SANC00769_minRM1.pdb,,no_queried_motif,no queried electrophilic motif present,,,,0,0,0,,,369.4,-0.64,3,8,116.5,0,[H]O[C@@]([H])(C([H])([H])[H])[C@]1(O[H])C(=O)O[C@]2([H])C([H])([H])C([H])([H])N3C([H])([H])C([H])=C(C([H])([H])OC(=O)[C@](O[H])(C([H])([H])[H])[C@@]([H])(C([H])([H])[H])C1([H])[H])[C@]32[H]
666,SANC00770,SANC00770_minRM1.pdb,,no_queried_motif,no queried electrophilic motif present,,,,0,0,0,,,424.5,6.15,3,4,69.9,4,[H]Oc1c([H])c([H])c2c(c1[H])C([H])([H])C([H])([H])c1c([H])c([H])c(c([H])c1[H])Oc1c([H])c(c([H])c([H])c1O[H])C([H])([H])C([H])([H])c1c([H])c([H])c-2c(O[H])c1[H]
667,SANC00771,SANC00771_minRM1.pdb,HKODIGSRFALUTA-IKZAEVNJSA-N,retained,at least one site passes the beta-hydrogen or retained-ring rule,,ab_unsat_carbonyl:1,"ab_unsat_carbonyl[1,2,20,21]",1,1,1,1,,335.4,1.19,1,6,76.1,0,[H]O[C@@]1(C([H])([H])[H])C(=O)OC([H])([H])C2=C([H])C([H])([H])N3C([H])([H])C([H])([H])[C@@]([H])(OC(=O)/C(=C(\[H])C([H])([H])[H])C([H])([H])[C@@]1([H])C([H])([H])[H])[C@@]23[H]
668,SANC00772,SANC00772_minRM1.pdb,,no_queried_motif,no queried electrophilic motif present,,,,0,0,0,,catechol_A(92),440.5,6.27,3,5,79.2,4,[H]Oc1c([H])c([H])c2c([H])c1Oc1c([H])c([H])c(c([H])c1[H])C([H])([H])C([H])([H])c1c([H])c([H])c(O[H])c(O[H])c1Oc1c([H])c([H])c([H])c(c1[H])C([H])([H])C2([H])[H]
669,SANC00773,SANC00773_minRM1.pdb,,no_queried_motif,no queried electrophilic motif present,,,,0,0,0,,,202.3,4.46,0,0,0.0,1,[H]c1c([H])c([C@@]2(C([H])([H])[H])C([H])([H])C([H])([H])C([H])([H])C2(C([H])([H])[H])C([H])([H])[H])c([H])c([H])c1C([H])([H])[H]
670,SANC00774,SANC00774_minRM1.pdb,HPDHKHMHQGCNPE-HKZJLVJOSA-N,retained,at least one site passes the beta-hydrogen or retained-ring rule,,ab_unsat_carbonyl:2,"ab_unsat_carbonyl[1,2,21,22];ab_unsat_carbonyl[14,13,23,24]",2,2,2,1,,365.4,1.01,1,7,93.1,0,[H]O[C@@]1(C([H])([H])[H])C(=O)OC([H])([H])/C2=C(\[H])C([H])([H])N(C([H])([H])[H])C([H])([H])C([H])([H])[C@@]([H])(OC(=O)/C(=C(\[H])C([H])([H])[H])C([H])([H])[C@@]1([H])C([H])([H])[H])C2=O
671,SANC00775,SANC00775_minRM1.pdb,,no_queried_motif,no queried electrophilic motif present,,,,0,0,0,,,218.3,4.17,1,1,20.2,1,[H]Oc1c([H])c([C@@]2(C([H])([H])[H])C([H])([H])C([H])([H])C([H])([H])C2(C([H])([H])[H])C([H])([H])[H])c([H])c([H])c1C([H])([H])[H]
672,SANC00776,SANC00776_minRM1.pdb,,no_queried_motif,no queried electrophilic motif present,,,,0,0,0,,,122.1,1.2,1,2,37.3,1,[H]Oc1c([H])c([H])c(C([H])=O)c([H])c1[H]
673,SANC00777,SANC00777_minRM1.pdb,,no_queried_motif,no queried electrophilic motif present,,,,0,0,0,,,351.4,0.4,1,7,88.6,0,[H]O[C@@]1(C([H])([H])[H])C(=O)OC([H])([H])C2=C([H])C([H])([H])N3C([H])([H])C([H])([H])[C@@]([H])(OC(=O)[C@]4(O[C@@]4([H])C([H])([H])[H])C([H])([H])[C@@]1([H])C([H])([H])[H])[C@@]23[H]
674,SANC00778,SANC00778_minRM1.pdb,,parse_failure,"standardisation failed: Explicit valence for atom # 16 N, 4, is greater than permitted",,,,0,0,0,,,,,,,,,
675,SANC00779,SANC00779_minRM1.pdb,,parse_failure,"standardisation failed: Explicit valence for atom # 17 N, 4, is greater than permitted",,,,0,0,0,,,,,,,,,
676,SANC00780,SANC00780_minRM1.pdb,BCJMNZRQJAVDLD-CQRYIUNCSA-N,duplicate_motif_hit,identical InChIKey to an earlier motif-bearing record,SANC00118,ab_unsat_carbonyl:1,"ab_unsat_carbonyl[1,2,21,22]",1,1,0,1,,351.4,0.17,2,7,96.3,0,[H]OC([H])([H])[C@]1(O[H])C(=O)OC([H])([H])C2=C([H])C([H])([H])N3C([H])([H])C([H])([H])[C@@]([H])(OC(=O)/C(=C(/[H])C([H])([H])[H])C([H])([H])[C@@]1([H])C([H])([H])[H])[C@@]23[H]
677,SANC00781,SANC00781_minRM1.pdb,CZQLULNMKQAIQL-GZSSMBGUSA-N,retained,at least one site passes the beta-hydrogen or retained-ring rule,,ab_unsat_carbonyl:1,"ab_unsat_carbonyl[20,19,22,23]",1,1,1,1,,381.4,0.22,1,8,105.7,0,[H]O[C@@]1(C([H])([H])[H])C(=O)OC([H])([H])/C2=C(\[H])C([H])([H])N(C([H])([H])[H])C([H])([H])C([H])([H])[C@@]([H])(OC(=O)[C@]3(O[C@@]3([H])C([H])([H])[H])C([H])([H])[C@@]1([H])C([H])([H])[H])C2=O
678,SANC00782,SANC00782_minRM1.pdb,RNNVXCSFOWGBQP-DIOQTCHZSA-N,retained,at least one site passes the beta-hydrogen or retained-ring rule,,ab_unsat_carbonyl:1,"ab_unsat_carbonyl[20,19,22,23]",1,1,1,1,,423.5,0.79,0,9,111.7,0,[H]/C1=C2/C(=O)[C@]([H])(OC(=O)[C@]3(O[C@@]3([H])C([H])([H])[H])C([H])([H])[C@@]([H])(C([H])([H])[H])[C@](OC(=O)C([H])([H])[H])(C([H])([H])[H])C(=O)OC2([H])[H])C([H])([H])C([H])([H])N(C([H])([H])[H])C1([H])[H]
679,SANC00783,SANC00783_minRM1.pdb,MPJBVZKNLCGQHF-BPTZXRSGSA-N,retained,at least one site passes the beta-hydrogen or retained-ring rule,,ab_unsat_carbonyl:1,"ab_unsat_carbonyl[18,17,20,21]",1,1,1,1,,441.5,-0.25,2,10,139.7,0,[H]O[C@]1([C@]([H])(O[H])C([H])([H])[H])C(=O)O[C@]2([H])C(=O)/C(=C(/[H])C([H])([H])N(C([H])([H])[H])C([H])([H])C2([H])[H])C([H])([H])OC(=O)[C@](OC(=O)C([H])([H])[H])(C([H])([H])[H])[C@]([H])(C([H])([H])[H])C1([H])[H]
680,SANC00784,SANC00784_minRM1.pdb,SVCNNZDUGWLODJ-RAYFHMIRSA-N,retained,at least one site passes the beta-hydrogen or retained-ring rule,,ab_unsat_carbonyl:1,"ab_unsat_carbonyl[1,2,21,22]",1,1,1,1,,349.4,0.09,2,7,96.3,0,[H]OC([H])([H])[C@]1(O[H])C(=O)OC([H])([H])C2=C([H])C([H])([H])N3C([H])([H])C([H])([H])[C@@]([H])(OC(=O)/C(=C(/[H])C([H])([H])[H])C([H])([H])C1=C([H])[H])[C@@]23[H]
681,SANC00785,SANC00785_minRM1.pdb,,parse_failure,"standardisation failed: Explicit valence for atom # 6 N, 4, is greater than permitted",,,,0,0,0,,,,,,,,,
682,SANC00786,SANC00786_minRM1.pdb,,parse_failure,"standardisation failed: Explicit valence for atom # 16 N, 4, is greater than permitted",,,,0,0,0,,,,,,,,,
683,SANC00787,SANC00787_minRM1.pdb,OCDRLZFZBHZTKQ-URNGSKFMSA-N,retained,at least one site passes the beta-hydrogen or retained-ring rule,,ab_unsat_carbonyl:1,"ab_unsat_carbonyl[18,17,20,21]",1,1,1,1,,399.4,-0.82,3,9,133.6,0,[H]O[C@@]([H])(C([H])([H])[H])[C@@]1(O[H])C(=O)O[C@@]2([H])C(=O)/C(=C(/[H])C([H])([H])N(C([H])([H])[H])C([H])([H])C2([H])[H])C([H])([H])OC(=O)[C@](O[H])(C([H])([H])[H])[C@]([H])(C([H])([H])[H])C1([H])[H]
684,SANC00788,SANC00788_minRM1.pdb,VGRSISYREBBIAL-UMLXHXAZSA-N,retained,at least one site passes the beta-hydrogen or retained-ring rule,,ab_unsat_carbonyl:1,"ab_unsat_carbonyl[18,17,20,21]",1,1,1,1,,459.9,0.99,1,9,119.4,0,[H]O[C@]1([C@@]([H])(Cl)C([H])([H])[H])C(=O)O[C@@]2([H])C(=O)/C(=C(/[H])C([H])([H])N(C([H])([H])[H])C([H])([H])C2([H])[H])C([H])([H])OC(=O)[C@](OC(=O)C([H])([H])[H])(C([H])([H])[H])[C@@]([H])(C([H])([H])[H])C1([H])[H]
685,SANC00789,SANC00789_minRM1.pdb,FLUOSFVUPTUYEX-OVGQOOCBSA-N,retained,at least one site passes the beta-hydrogen or retained-ring rule,,ab_unsat_carbonyl:1;exo_methylene_carbonyl:1,"ab_unsat_carbonyl[0,1,2,3];exo_methylene_carbonyl[0,1,2,3]",2,1,1,1,,335.4,1.05,1,6,76.1,0,[H]O[C@]1(C([H])([H])[H])C(=O)OC([H])([H])C2=C([H])C([H])([H])N3C([H])([H])C([H])([H])[C@@]([H])(OC(=O)C(=C([H])[H])[C@]([H])(C([H])([H])[H])[C@]1([H])C([H])([H])[H])[C@@]23[H]
686,SANC00790,SANC00790_minRM1.pdb,,parse_failure,"standardisation failed: Explicit valence for atom # 17 N, 4, is greater than permitted",,,,0,0,0,,,,,,,,,
687,SANC00791,SANC00791_minRM1.pdb,,parse_failure,"standardisation failed: Explicit valence for atom # 16 N, 4, is greater than permitted",,,,0,0,0,,,,,,,,,
688,SANC00792,SANC00792_minRM1.pdb,,parse_failure,"standardisation failed: Explicit valence for atom # 6 N, 4, is greater than permitted",,,,0,0,0,,,,,,,,,
689,SANC00793,SANC00793_minRM1.pdb,OMHSMPLRLNEBIB-BMYANLIPSA-N,retained,at least one site passes the beta-hydrogen or retained-ring rule,,ab_unsat_carbonyl:1,"ab_unsat_carbonyl[18,17,20,21]",1,1,1,1,,417.9,0.42,2,8,113.4,0,[H]O[C@]1([C@]([H])(Cl)C([H])([H])[H])C(=O)O[C@@]2([H])C(=O)/C(=C(/[H])C([H])([H])N(C([H])([H])[H])C([H])([H])C2([H])[H])C([H])([H])OC(=O)[C@](O[H])(C([H])([H])[H])[C@]([H])(C([H])([H])[H])C1([H])[H]
690,SANC00794,SANC00794_minRM1.pdb,,parse_failure,"standardisation failed: Explicit valence for atom # 16 N, 4, is greater than permitted",,,,0,0,0,,,,,,,,,
691,SANC00795,SANC00795_minRM1.pdb,,parse_failure,"standardisation failed: Explicit valence for atom # 19 N, 4, is greater than permitted",,,,0,0,0,,,,,,,,,
692,SANC00796,SANC00796_minRM1.pdb,VIOMLMVGSYEHJN-LDSRXQQNSA-N,retained,at least one site passes the beta-hydrogen or retained-ring rule,,ab_unsat_carbonyl:1,"ab_unsat_carbonyl[1,2,18,19]",1,1,1,1,,367.4,1.09,1,7,93.1,0,[H]O[C@@]1(C([H])([H])[H])C(=O)OC([H])([H])[C@]2([H])C(=O)[C@]([H])(OC(=O)/C(=C(\[H])C([H])([H])[H])C([H])([H])[C@@]1([H])C([H])([H])[H])C([H])([H])C([H])([H])N(C([H])([H])[H])C([H])([H])C2([H])[H]
693,SANC00797,SANC00797_minRM1.pdb,NSKVSAYYBLAAGQ-SANHKKAYSA-N,retained,at least one site passes the beta-hydrogen or retained-ring rule,,ab_unsat_carbonyl:1,"ab_unsat_carbonyl[2,3,21,22]",1,1,1,1,,351.4,0.17,2,7,96.3,0,[H]OC([H])([H])/C([H])=C1/C(=O)O[C@]2([H])C([H])([H])C([H])([H])N3C([H])([H])C([H])=C(C([H])([H])OC(=O)[C@@](O[H])(C([H])([H])[H])[C@]([H])(C([H])([H])[H])C1([H])[H])[C@@]32[H]
694,SANC00798,SANC00798_minRM1.pdb,,parse_failure,"standardisation failed: Explicit valence for atom # 21 N, 4, is greater than permitted",,,,0,0,0,,,,,,,,,
695,SANC00799,SANC00799_minRM1.pdb,CTCKXBIRQMSUIU-TVWMSQKISA-N,retained,at least one site passes the beta-hydrogen or retained-ring rule,,ab_unsat_carbonyl:1,"ab_unsat_carbonyl[1,2,23,24]",1,1,1,1,,375.4,1.68,0,7,82.1,0,[H]C([H])=C1C([H])([H])/C(=C(\[H])C([H])([H])[H])C(=O)O[C@]2([H])C([H])([H])C([H])([H])N3C([H])([H])C([H])=C(C([H])([H])OC(=O)[C@]1(OC(=O)C([H])([H])[H])C([H])([H])[H])[C@@]32[H]
696,SANC00800,SANC00800_minRM1.pdb,,parse_failure,"standardisation failed: Explicit valence for atom # 17 N, 4, is greater than permitted",,,,0,0,0,,,,,,,,,
697,SANC00801,SANC00801_minRM1.pdb,,parse_failure,"standardisation failed: Explicit valence for atom # 17 N, 4, is greater than permitted",,,,0,0,0,,,,,,,,,
698,SANC00802,SANC00802_minRM1.pdb,,no_queried_motif,no queried electrophilic motif present,,,,0,0,0,,,127.2,1.93,1,1,12.0,0,[H]N1C([H])([H])C([H])([H])C([H])([H])C([H])([H])[C@@]1([H])C([H])([H])C([H])([H])C([H])([H])[H]
699,SANC00803,SANC00803_minRM1.pdb,,no_queried_motif,no queried electrophilic motif present,,,,0,0,0,,,143.2,0.9,2,2,32.3,0,[H]O[C@]([H])(C([H])([H])C([H])([H])[H])[C@@]1([H])N([H])C([H])([H])C([H])([H])C([H])([H])C1([H])[H]
700,SANC00804,SANC00804_minRM1.pdb,,no_queried_motif,no queried electrophilic motif present,,,,0,0,0,,,125.2,2.41,0,1,12.4,0,[H]C([H])([H])C([H])([H])C([H])([H])C1=NC([H])([H])C([H])([H])C([H])([H])C1([H])[H]
701,SANC00805,SANC00805_minRM1.pdb,,no_queried_motif,no queried electrophilic motif present,,,,0,0,0,,,141.3,2.27,0,1,3.2,0,[H]C([H])([H])N1C([H])([H])C([H])([H])C([H])([H])C([H])([H])[C@]1([H])C([H])([H])C([H])([H])C([H])([H])[H]
702,SANC00806,SANC00806_minRM1.pdb,,no_queried_motif,no queried electrophilic motif present,,,,0,0,0,,,157.3,1.24,1,2,23.5,0,[H]O[C@@]1([H])C([H])([H])N(C([H])([H])[H])[C@@]([H])(C([H])([H])C([H])([H])C([H])([H])[H])C([H])([H])C1([H])[H]
703,SANC00807,SANC00807_minRM1.pdb,NCVYEYGQXPQYTC-SHOZUGBMSA-N,retained,at least one site passes the beta-hydrogen or retained-ring rule,,ab_unsat_carbonyl:1,"ab_unsat_carbonyl[8,9,10,11]",1,1,1,1,,538.6,5.1,0,8,109.1,1,[H]C([H])=C1C2=C([H])C([H])([H])[C@@]([H])(c3c([H])oc([H])c3[H])[C@]2(C([H])([H])[H])[C@@]([H])(OC(=O)C([H])([H])[H])[C@]([H])(OC(=O)C([H])([H])[H])[C@]1([H])[C@@]1(C([H])([H])[H])C([H])=C([H])C(=O)C(C([H])([H])[H])(C([H])([H])[H])[C@]1([H])C([H])([H])C(=O)OC([H])([H])[H]
704,SANC00808,SANC00808_minRM1.pdb,PAJYNYNKHIEEHT-JRKQZZJZSA-N,retained,at least one site passes the beta-hydrogen or retained-ring rule,,ab_unsat_carbonyl:1,"ab_unsat_carbonyl[8,9,10,11]",1,1,1,1,,496.6,4.53,1,7,103.0,1,[H]O[C@@]1([H])[C@]([H])(OC(=O)C([H])([H])[H])[C@]([H])([C@@]2(C([H])([H])[H])C([H])=C([H])C(=O)C(C([H])([H])[H])(C([H])([H])[H])[C@]2([H])C([H])([H])C(=O)OC([H])([H])[H])C(=C([H])[H])C2=C([H])C([H])([H])[C@@]([H])(c3c([H])oc([H])c3[H])[C@@]21C([H])([H])[H]
705,SANC00809,SANC00809_minRM1.pdb,HEPLAHWLFUWZMI-MYRPODDZSA-N,retained,at least one site passes the beta-hydrogen or retained-ring rule,,ab_unsat_carbonyl:2,"ab_unsat_carbonyl[8,9,10,11];ab_unsat_carbonyl[32,31,35,36]",2,2,2,1,,570.6,3.14,1,10,142.5,0,[H]O[C@]1([H])OC(=O)C([C@@]2([H])C([H])([H])C([H])=C3C(=C([H])[H])[C@@]([H])([C@@]4(C([H])([H])[H])C([H])=C([H])C(=O)C(C([H])([H])[H])(C([H])([H])[H])[C@]4([H])C([H])([H])C(=O)OC([H])([H])[H])[C@@]([H])(OC(=O)C([H])([H])[H])[C@]([H])(OC(=O)C([H])([H])[H])[C@]32C([H])([H])[H])=C1[H]
706,SANC00810,SANC00810_minRM1.pdb,PJXBBLCORXKMKT-QOTDBECKSA-N,retained,at least one site passes the beta-hydrogen or retained-ring rule,,ab_unsat_carbonyl:2,"ab_unsat_carbonyl[8,9,10,11];ab_unsat_carbonyl[31,32,33,34]",2,2,1,1,,570.6,3.14,1,10,142.5,0,[H]O[C@@]1([H])OC(=O)C([H])=C1[C@@]1([H])C([H])([H])C([H])=C2C(=C([H])[H])[C@@]([H])([C@@]3(C([H])([H])[H])C([H])=C([H])C(=O)C(C([H])([H])[H])(C([H])([H])[H])[C@]3([H])C([H])([H])C(=O)OC([H])([H])[H])[C@@]([H])(OC(=O)C([H])([H])[H])[C@]([H])(OC(=O)C([H])([H])[H])[C@]21C([H])([H])[H]
707,SANC00811,SANC00811_minRM1.pdb,STNAPRSONZCDSL-BKUYMGADSA-N,retained,at least one site passes the beta-hydrogen or retained-ring rule,,ab_unsat_carbonyl:2,"ab_unsat_carbonyl[8,9,10,11];ab_unsat_carbonyl[29,28,32,33]",2,2,2,1,,512.6,3.25,1,8,116.2,0,[H]O[C@@]1([H])[C@]([H])(OC(=O)C([H])([H])[H])[C@]([H])([C@@]2(C([H])([H])[H])C([H])=C([H])C(=O)C(C([H])([H])[H])(C([H])([H])[H])[C@]2([H])C([H])([H])C(=O)OC([H])([H])[H])C(=C([H])[H])C2=C([H])C([H])([H])[C@]([H])(C3=C([H])C([H])([H])OC3=O)[C@@]21C([H])([H])[H]
708,SANC00812,SANC00812_minRM1.pdb,,no_queried_motif,no queried electrophilic motif present,,,,0,0,0,,,496.6,4.77,0,7,92.0,1,[H]C([H])=C1C2=C([H])C([H])([H])[C@]([H])(c3c([H])oc([H])c3[H])[C@]2(C([H])([H])[H])[C@@]([H])(OC(=O)C([H])([H])[H])[C@]2([H])O[C@@]3([H])C([H])([H])C(=O)C(C([H])([H])[H])(C([H])([H])[H])[C@]([H])(C([H])([H])C(=O)OC([H])([H])[H])[C@@]3(C([H])([H])[H])[C@]12[H]
709,SANC00813,SANC00813_minRM1.pdb,,no_queried_motif,no queried electrophilic motif present,,,,0,0,0,,,556.7,4.29,1,9,129.3,1,[H]O[C@@]1([H])C([H])([H])C(=O)C(C([H])([H])[H])(C([H])([H])[H])[C@]([H])(C([H])([H])C(=O)OC([H])([H])[H])[C@@]1(C([H])([H])[H])[C@]1([H])C(=C([H])[H])C2=C([H])C([H])([H])[C@]([H])(c3c([H])oc([H])c3[H])[C@]2(C([H])([H])[H])[C@@]([H])(OC(=O)C([H])([H])[H])[C@]1([H])OC(=O)C([H])([H])[H]
710,SANC00814,SANC00814_minRM1.pdb,,no_queried_motif,no queried electrophilic motif present,,,,0,0,0,,,642.7,5.23,0,11,144.6,1,[H]C([H])=C1C2=C([H])C([H])([H])[C@]([H])(c3c([H])oc([H])c3[H])[C@]2(C([H])([H])[H])[C@@]([H])(OC(=O)C([H])([H])[H])[C@]([H])(OC(=O)C([H])([H])[H])[C@]1([H])[C@]1(C([H])([H])[H])[C@@]([H])(C([H])([H])C(=O)OC([H])([H])[H])C(C([H])([H])[H])(C([H])([H])[H])[C@@]([H])(OC(=O)C([H])([H])[H])C([H])([H])[C@]1([H])OC(=O)C([H])([H])[H]
711,SANC00815,SANC00815_minRM1.pdb,,no_queried_motif,no queried electrophilic motif present,,,,0,0,0,,,280.4,-0.19,2,4,64.0,0,[H]O[C@@]1([H])[C@]2([H])N(C([H])([H])C([H])([H])[C@]1([H])O[H])C([H])([H])[C@]1([H])C([H])([H])[C@@]2([H])C([H])([H])N2C(=O)C([H])([H])C([H])([H])C([H])([H])[C@@]21[H]
712,SANC00816,SANC00816_minRM1.pdb,,no_queried_motif,no queried electrophilic motif present,,,,0,0,0,,,373.5,1.01,2,5,85.9,1,[H]O[C@@]1([H])[C@]2([H])N(C([H])([H])C([H])([H])[C@]1([H])OC(=O)c1c([H])c([H])c([H])n1[H])C([H])([H])[C@]1([H])C([H])([H])[C@@]2([H])C([H])([H])N2C(=O)C([H])([H])C([H])([H])C([H])([H])[C@@]21[H]
713,SANC00817,SANC00817_minRM1.pdb,,no_queried_motif,no queried electrophilic motif present,,,,0,0,0,,,280.4,0.45,2,4,64.0,0,[H]O[C@]1([H])C([H])([H])C([H])([H])N2C([H])([H])[C@]34N(C(=O)C([H])([H])C([H])([H])C3([H])[H])[C@@]([H])(O[H])[C@@]2(C([H])([H])C([H])([H])C4([H])[H])C1([H])[H]
714,SANC00818,SANC00818_minRM1.pdb,,no_queried_motif,no queried electrophilic motif present,,,,0,0,0,,,386.5,4.1,2,4,70.7,1,[H]O[C@@]1([H])C([H])([H])C([H])([H])[C@@]2(C([H])([H])[H])[C@]([H])(C([H])([H])C([H])([H])[C@]3([H])[C@]2([H])C([H])([H])C([H])([H])[C@]2(C([H])([H])[H])[C@@]([H])(c4c([H])oc(=O)c([H])c4[H])[C@@]([H])(O[H])C([H])([H])[C@]32[H])C1([H])[H]
715,SANC00819,SANC00819_minRM1.pdb,,no_queried_motif,no queried electrophilic motif present,,,,0,0,0,,,548.7,1.92,5,9,149.8,1,[H]OC([H])([H])[C@@]1([H])O[C@@]([H])(O[C@@]2([H])C([H])([H])C([H])([H])[C@@]3(C([H])([H])[H])[C@]([H])(C([H])([H])C([H])([H])[C@]4([H])[C@]3([H])C([H])([H])C([H])([H])[C@]3(C([H])([H])[H])[C@@]([H])(c5c([H])oc(=O)c([H])c5[H])[C@@]([H])(O[H])C([H])([H])[C@]43[H])C2([H])[H])[C@]([H])(O[H])[C@@]([H])(O[H])[C@@]1([H])O[H]
716,SANC00820,SANC00820_minRM1.pdb,,no_queried_motif,no queried electrophilic motif present,,,,0,0,0,,,692.2,3.53,2,10,156.5,1,[H]O[C@@]12N([H])C(=O)O[C@@]([H])(C1([H])[H])[C@@]([H])(C([H])([H])[H])[C@]1([H])O[C@@]1(C([H])([H])[H])[C@@]([H])(OC(=O)[C@@]([H])(N(C(=O)C([H])([H])[H])C([H])([H])[H])C([H])([H])[H])C([H])([H])C(=O)N(C([H])([H])[H])c1c([H])c(c([H])c(OC([H])([H])[H])c1Cl)C([H])([H])/C(C([H])([H])[H])=C([H])\C([H])=C(\[H])[C@@]2([H])OC([H])([H])[H]
717,SANC00821,SANC00821_minRM1.pdb,,no_queried_motif,no queried electrophilic motif present,,,,0,0,0,,,410.5,1.52,3,7,113.3,0,[H]O[C@]1([H])[C@]([H])(OC(=O)C([H])([H])[H])[C@@]2(C([H])([H])[H])O[C@](C([H])=C([H])[H])(C([H])([H])[H])C([H])([H])C(=O)[C@]2(O[H])[C@]2(C([H])([H])[H])[C@]1([H])C(C([H])([H])[H])(C([H])([H])[H])C([H])([H])C([H])([H])[C@]2([H])O[H]
718,SANC00822,SANC00822_minRM1.pdb,GVKKJJOMQCNPGB-JTQLQIEISA-N,failed_selection_rule,every matched site has a fully substituted beta-carbon and no retained ring motif,,ab_unsat_carbonyl:1,"ab_unsat_carbonyl[4,5,6,7]",1,1,0,1,imine_one_A(321),296.4,3.44,0,3,43.4,1,[H]c1c([H])c2c(c3c1C1=C(C(=O)C3=O)[C@@]([H])(C([H])([H])[H])C([H])([H])O1)C([H])([H])C([H])([H])C([H])([H])C2(C([H])([H])[H])C([H])([H])[H]
719,SANC00823,SANC00823_minRM1.pdb,,no_queried_motif,no queried electrophilic motif present,,,,0,0,0,,,472.7,6.2,3,4,77.8,0,[H]OC(=O)[C@]12C([H])([H])C([H])([H])[C@@]([H])(C([H])([H])[H])[C@](O[H])(C([H])([H])[H])[C@@]1([H])C1=C([H])C([H])([H])[C@]3([H])[C@@]4(C([H])([H])[H])C([H])([H])C([H])([H])[C@]([H])(O[H])C(C([H])([H])[H])(C([H])([H])[H])[C@]4([H])C([H])([H])C([H])([H])[C@@]3(C([H])([H])[H])[C@]1(C([H])([H])[H])C([H])([H])C2([H])[H]
720,SANC00824,SANC00824_minRM1.pdb,,no_queried_motif,no queried electrophilic motif present,,,,0,0,0,,,270.2,2.58,3,5,90.9,3,[H]Oc1c([H])c([H])c(-c2oc3c([H])c(O[H])c([H])c(O[H])c3c(=O)c2[H])c([H])c1[H]
721,SANC00825,SANC00825_minRM1.pdb,,no_queried_motif,no queried electrophilic motif present,,,,0,0,0,,,327.4,2.87,2,5,62.2,2,[H]Oc1c([H])c2c(c([H])c1OC([H])([H])[H])-c1c(OC([H])([H])[H])c(O[H])c([H])c3c1[C@@]([H])(N(C([H])([H])[H])C([H])([H])C3([H])[H])C2([H])[H]
722,SANC00830,SANC00830_minRM1.pdb,RSANIRKFWVPAQS-UHFFFAOYSA-N,failed_selection_rule,every matched site has a fully substituted beta-carbon and no retained ring motif,,ab_unsat_carbonyl:2,"ab_unsat_carbonyl[1,2,3,4];ab_unsat_carbonyl[2,1,7,8]",2,1,0,1,quinone_A(370),304.3,2.08,1,6,89.9,1,[H]Oc1c([H])c(OC([H])([H])[H])c(OC([H])([H])[H])c2c1C(=O)C(C([H])([H])[H])=C(C([H])([H])C(=O)C([H])([H])[H])C2=O
723,SANC00831,SANC00831_minRM1.pdb,,no_queried_motif,no queried electrophilic motif present,,,,0,0,0,,quinone_A(370),285.3,1.59,2,6,96.7,2,[H]Oc1c([H])c(OC([H])([H])[H])c(O[H])c2c1C(=O)c1c([H])nc(C([H])([H])[H])c([H])c1C2=O
724,SANC00832,SANC00832_minRM1.pdb,,no_queried_motif,no queried electrophilic motif present,,,,0,0,0,,,396.7,7.33,1,1,20.2,0,[H]O[C@]1([H])C([H])([H])C2=C([H])C([H])=C3[C@]([H])(C([H])([H])C([H])([H])[C@]4(C([H])([H])[H])[C@@]([H])([C@@]([H])(/C([H])=C(\[H])[C@]([H])(C([H])([H])[H])C([H])(C([H])([H])[H])C([H])([H])[H])C([H])([H])[H])C([H])([H])C([H])([H])[C@@]34[H])[C@@]2(C([H])([H])[H])C([H])([H])C1([H])[H]
725,SANC00834,SANC00834_minRM1.pdb,,no_queried_motif,no queried electrophilic motif present,,,,0,0,0,,,278.4,5.66,1,2,37.3,0,[H]OC(=O)C([H])([H])C([H])([H])C([H])([H])C([H])([H])C([H])([H])C([H])([H])C([H])([H])/C([H])=C(/[H])C([H])([H])/C([H])=C(/[H])C([H])([H])/C([H])=C(/[H])C([H])([H])C([H])([H])[H]
726,SANC00835,SANC00835_minRM1.pdb,,no_queried_motif,no queried electrophilic motif present,,,,0,0,0,,,795.0,2.97,8,14,232.9,0,[H]OC(=O)[C@]12C([H])([H])C([H])([H])C(C([H])([H])[H])(C([H])([H])[H])C([H])([H])[C@@]1([H])C1=C([H])C([H])([H])[C@]3([H])[C@@]4(C([H])([H])[H])C([H])([H])C([H])([H])[C@]([H])(O[C@]5([H])O[C@]([H])(C(=O)O[H])[C@@]([H])(O[H])[C@]([H])(O[C@]6([H])O[C@]([H])(C([H])([H])O[H])[C@@]([H])(O[H])[C@]([H])(O[H])[C@@]6([H])O[H])[C@@]5([H])O[H])C(C([H])([H])[H])(C([H])([H])[H])[C@]4([H])C([H])([H])C([H])([H])[C@@]3(C([H])([H])[H])[C@]1(C([H])([H])[H])C([H])([H])C2([H])[H]
727,SANC00836,SANC00836_minRM1.pdb,,no_queried_motif,no queried electrophilic motif present,,,,0,0,0,,catechol_A(92),464.4,0.19,8,12,210.5,3,[H]Oc1c([H])c(-c2oc3c([H])c(O[H])c([H])c(O[H])c3c(=O)c2O[C@]2([H])O[C@@]([H])(C([H])([H])[H])[C@]([H])(O[H])[C@@]([H])(O[H])[C@@]2([H])O[H])c([H])c(O[H])c1O[H]
728,SANC00837,SANC00837_minRM1.pdb,CMHWMOGWFZWDMR-LTVDHDOVSA-N,failed_selection_rule,every matched site has a fully substituted beta-carbon and no retained ring motif,,ab_unsat_carbonyl:1,"ab_unsat_carbonyl[18,19,20,21]",1,1,0,1,,536.7,1.43,5,9,145.9,0,[H]OC([H])([H])[C@@]1([H])O[C@]([H])(O[C@@]2([H])C([H])([H])C([H])([H])[C@@]3(C([H])([H])[H])[C@]([H])(C([H])([H])C([H])([H])[C@@]4([H])[C@]3([H])C([H])([H])C([H])([H])[C@]3(C([H])([H])[H])[C@]4(O[H])C([H])([H])C([H])([H])[C@@]3([H])C3=C([H])C(=O)OC3([H])[H])C2([H])[H])[C@]([H])(O[H])[C@]([H])(O[H])[C@]1([H])O[H]
729,SANC00838,SANC00838_minRM1.pdb,,no_queried_motif,no queried electrophilic motif present,,,,0,0,0,,catechol_A(92),464.4,-0.54,8,12,210.5,3,[H]Oc1c([H])c([H])c(-c2oc3c([H])c(O[H])c([H])c(O[H])c3c(=O)c2O[C@]2([H])O[C@]([H])(C([H])([H])O[H])[C@@]([H])(O[H])[C@]([H])(O[H])[C@@]2([H])O[H])c([H])c1O[H]
730,SANC00839,SANC00839_minRM1.pdb,,no_queried_motif,no queried electrophilic motif present,,,,0,0,0,,catechol_A(92),938.7,1.67,15,26,444.2,5,[H]Oc1c([H])c(C(=O)O[C@]2([H])O[C@@]3([H])C([H])([H])OC(=O)c4c([H])c(O[H])c(O[H])c(O[H])c4-c4c(O[H])c(O[H])c(O[H])c([H])c4C(=O)O[C@]3([H])[C@]([H])(OC(=O)c3c([H])c(O[H])c(O[H])c(O[H])c3[H])[C@@]2([H])OC(=O)c2c([H])c(O[H])c(O[H])c(O[H])c2[H])c([H])c(O[H])c1O[H]
731,SANC00840,SANC00840_minRM1.pdb,,no_queried_motif,no queried electrophilic motif present,,,,0,0,0,,catechol_A(92),600.5,0.74,9,15,257.0,4,[H]Oc1c([H])c([H])c(-c2oc3c([H])c(O[H])c([H])c(O[H])c3c(=O)c2O[C@]2([H])O[C@]([H])(C([H])([H])OC(=O)c3c([H])c(O[H])c(O[H])c(O[H])c3[H])[C@@]([H])(O[H])[C@]([H])(O[H])[C@@]2([H])O[H])c([H])c1[H]
732,SANC00841,SANC00841_minRM1.pdb,,no_queried_motif,no queried electrophilic motif present,,,,0,0,0,,,448.4,-0.24,7,11,190.3,3,[H]Oc1c([H])c([H])c(-c2oc3c([H])c(O[H])c([H])c(O[H])c3c(=O)c2O[C@]2([H])O[C@]([H])(C([H])([H])O[H])[C@]([H])(O[H])[C@]([H])(O[H])[C@@]2([H])O[H])c([H])c1[H]
733,SANC00842,SANC00842_minRM1.pdb,,no_queried_motif,no queried electrophilic motif present,,,,0,0,0,,catechol_A(92),478.4,-0.45,8,13,227.6,3,[H]OC(=O)[C@@]1([H])O[C@@]([H])(Oc2c(-c3c([H])c([H])c(O[H])c(O[H])c3[H])oc3c([H])c(O[H])c([H])c(O[H])c3c2=O)[C@]([H])(O[H])[C@@]([H])(O[H])[C@]1([H])O[H]
734,SANC00843,SANC00843_minRM1.pdb,,no_queried_motif,no queried electrophilic motif present,,,,0,0,0,,,462.4,-0.15,7,12,207.3,3,[H]OC(=O)[C@@]1([H])O[C@@]([H])(Oc2c(-c3c([H])c([H])c(O[H])c([H])c3[H])oc3c([H])c(O[H])c([H])c(O[H])c3c2=O)[C@]([H])(O[H])[C@@]([H])(O[H])[C@]1([H])O[H]
735,SANC00844,SANC00844_minRM1.pdb,,no_queried_motif,no queried electrophilic motif present,,,,0,0,0,,catechol_A(92),940.7,1.69,15,26,444.2,5,[H]Oc1c([H])c(C(=O)OC([H])([H])[C@@]2([H])O[C@@]([H])(OC(=O)c3c([H])c(O[H])c(O[H])c(O[H])c3[H])[C@]([H])(OC(=O)c3c([H])c(O[H])c(O[H])c(O[H])c3[H])[C@@]([H])(OC(=O)c3c([H])c(O[H])c(O[H])c(O[H])c3[H])[C@]2([H])OC(=O)c2c([H])c(O[H])c(O[H])c(O[H])c2[H])c([H])c(O[H])c1O[H]
736,SANC00845,SANC00845_minRM1.pdb,,no_queried_motif,no queried electrophilic motif present,,,,0,0,0,,,272.3,-1.43,5,7,119.6,1,[H]Oc1c([H])c([H])c(O[C@]2([H])O[C@]([H])(C([H])([H])O[H])[C@@]([H])(O[H])[C@]([H])(O[H])[C@@]2([H])O[H])c([H])c1[H]
737,SANC00846,SANC00846_minRM1.pdb,,no_queried_motif,no queried electrophilic motif present,,,,0,0,0,,,432.4,0.78,6,10,170.0,3,[H]Oc1c([H])c([H])c(-c2oc3c([H])c(O[H])c([H])c(O[H])c3c(=O)c2O[C@]2([H])O[C@@]([H])(C([H])([H])[H])[C@]([H])(O[H])[C@@]([H])(O[H])[C@@]2([H])O[H])c([H])c1[H]
738,SANC00847,SANC00847_minRM1.pdb,,no_queried_motif,no queried electrophilic motif present,,,,0,0,0,,catechol_A(92),464.4,-0.54,8,12,210.5,3,[H]Oc1c([H])c([H])c(-c2oc3c([H])c(O[H])c([H])c(O[H])c3c(=O)c2O[C@]2([H])O[C@]([H])(C([H])([H])O[H])[C@]([H])(O[H])[C@]([H])(O[H])[C@@]2([H])O[H])c([H])c1O[H]
739,SANC00848,SANC00848_minRM1.pdb,,no_queried_motif,no queried electrophilic motif present,,,,0,0,0,,,448.4,-0.24,7,11,190.3,3,[H]Oc1c([H])c([H])c(-c2oc3c([H])c(O[H])c([H])c(O[H])c3c(=O)c2O[C@]2([H])O[C@]([H])(C([H])([H])O[H])[C@@]([H])(O[H])[C@]([H])(O[H])[C@@]2([H])O[H])c([H])c1[H]
740,SANC00849,SANC00849_minRM1.pdb,,no_queried_motif,no queried electrophilic motif present,,,,0,0,0,,catechol_A(92),170.1,0.5,4,5,98.0,1,[H]OC(=O)c1c([H])c(O[H])c(O[H])c(O[H])c1[H]
741,SANC00850,SANC00850_minRM1.pdb,,no_queried_motif,no queried electrophilic motif present,,,,0,0,0,,catechol_A(92),616.5,0.44,10,16,277.3,4,[H]Oc1c([H])c([H])c(-c2oc3c([H])c(O[H])c([H])c(O[H])c3c(=O)c2O[C@]2([H])O[C@]([H])(C([H])([H])OC(=O)c3c([H])c(O[H])c(O[H])c(O[H])c3[H])[C@]([H])(O[H])[C@]([H])(O[H])[C@@]2([H])O[H])c([H])c1O[H]
742,SANC00851,SANC00851_minRM1.pdb,,no_queried_motif,no queried electrophilic motif present,,,,0,0,0,,,568.9,10.4,2,2,40.5,0,[H]O[C@]1([H])C([H])([H])C(C([H])([H])[H])=C(/C([H])=C([H])/C(=C([H])/C([H])=C([H])/C(=C([H])/C([H])=C([H])/C([H])=C(/C([H])=C([H])/C([H])=C(/C([H])=C(\[H])[C@@]2([H])C(C([H])([H])[H])=C([H])[C@]([H])(O[H])C([H])([H])C2(C([H])([H])[H])C([H])([H])[H])C([H])([H])[H])C([H])([H])[H])C([H])([H])[H])C([H])([H])[H])C(C([H])([H])[H])(C([H])([H])[H])C1([H])[H]
743,SANC00852,SANC00852_minRM1.pdb,OCNYGKNIVPVPPX-HWKANZROSA-N,retained,at least one site passes the beta-hydrogen or retained-ring rule,,ab_unsat_carbonyl:1,"ab_unsat_carbonyl[5,4,2,3]",1,1,1,1,catechol_A(92),194.2,1.28,2,4,66.8,1,[H]Oc1c([H])c([H])c(/C([H])=C(\[H])C(=O)OC([H])([H])[H])c([H])c1O[H]
744,SANC00853,SANC00853_minRM1.pdb,DOUMFZQKYFQNTF-WUTVXBCWSA-N,retained,at least one site passes the beta-hydrogen or retained-ring rule,,ab_unsat_carbonyl:1,"ab_unsat_carbonyl[15,14,12,13]",1,1,1,1,catechol_A(92),360.3,1.76,5,8,144.5,2,[H]OC(=O)[C@]([H])(OC(=O)/C([H])=C(\[H])c1c([H])c([H])c(O[H])c(O[H])c1[H])C([H])([H])c1c([H])c([H])c(O[H])c(O[H])c1[H]
745,SANC00855,SANC00855_minRM1.pdb,,no_queried_motif,no queried electrophilic motif present,,,,0,0,0,,,352.3,3.03,3,6,100.1,3,[H]Oc1c([H])c([H])c(-c2c([H])oc3c([H])c4c(c(O[H])c3c2=O)C([H])=C([H])[C@@](C([H])([H])[H])(C([H])([H])O[H])O4)c([H])c1[H]
746,SANC00856,SANC00856_minRM1.pdb,,no_queried_motif,no queried electrophilic motif present,,,,0,0,0,,,354.4,2.95,3,6,100.1,3,[H]Oc1c([H])c([H])c(-c2c([H])oc3c([H])c4c(c(O[H])c3c2=O)C([H])([H])[C@@]([H])(C(O[H])(C([H])([H])[H])C([H])([H])[H])O4)c([H])c1[H]
747,SANC00857,SANC00857_minRM1.pdb,,no_queried_motif,no queried electrophilic motif present,,,,0,0,0,,,416.4,0.34,5,9,149.8,3,[H]Oc1c([H])c([H])c(-c2c([H])oc3c([H])c(O[C@]4([H])O[C@]([H])(C([H])([H])O[H])[C@@]([H])(O[H])[C@]([H])(O[H])[C@@]4([H])O[H])c([H])c([H])c3c2=O)c([H])c1[H]
748,SANC00858,SANC00858_minRM1.pdb,,no_queried_motif,no queried electrophilic motif present,,,,0,0,0,,,432.4,0.05,6,10,170.0,3,[H]Oc1c([H])c([H])c(-c2c([H])oc3c([H])c(O[C@]4([H])O[C@]([H])(C([H])([H])O[H])[C@@]([H])(O[H])[C@]([H])(O[H])[C@@]4([H])O[H])c([H])c(O[H])c3c2=O)c([H])c1[H]
749,SANC00859,SANC00859_minRM1.pdb,,no_queried_motif,no queried electrophilic motif present,,,,0,0,0,,,254.2,2.87,2,4,70.7,3,[H]Oc1c([H])c([H])c(-c2c([H])oc3c([H])c(O[H])c([H])c([H])c3c2=O)c([H])c1[H]
750,SANC00860,SANC00860_minRM1.pdb,,no_queried_motif,no queried electrophilic motif present,,,,0,0,0,,,388.5,4.26,1,6,66.4,2,[H]O[C@]([H])(c1c([H])c(OC([H])([H])[H])c(OC([H])([H])[H])c(OC([H])([H])[H])c1[H])[C@]([H])(Oc1c([H])c([H])c(/C([H])=C(\[H])C([H])([H])[H])c([H])c1OC([H])([H])[H])C([H])([H])[H]
751,SANC00861,SANC00861_minRM1.pdb,,no_queried_motif,no queried electrophilic motif present,,,,0,0,0,,catechol_A(92),358.4,4.67,4,5,98.0,2,[H]Oc1c([H])c([H])c(C([H])([H])C([H])([H])C([H])([H])C([H])([H])C([H])([H])C([H])([H])C([H])([H])C([H])([H])C(=O)c2c(O[H])c([H])c([H])c([H])c2O[H])c([H])c1O[H]
752,SANC00862,SANC00862_minRM1.pdb,,no_queried_motif,no queried electrophilic motif present,,,,0,0,0,,,342.4,4.96,3,4,77.8,2,[H]Oc1c([H])c([H])c(C([H])([H])C([H])([H])C([H])([H])C([H])([H])C([H])([H])C([H])([H])C([H])([H])C([H])([H])C(=O)c2c(O[H])c([H])c([H])c([H])c2O[H])c([H])c1[H]
753,SANC00863,SANC00863_minRM1.pdb,,no_queried_motif,no queried electrophilic motif present,,,,0,0,0,,,324.4,4.69,0,4,36.9,2,[H]/C(=C(/[H])C([H])([H])[H])c1c([H])c(OC([H])([H])[H])c2c(c1[H])[C@@]([H])(C([H])([H])[H])[C@]([H])(c1c([H])c([H])c3c(c1[H])OC([H])([H])O3)O2
754,SANC00864,SANC00864_minRM1.pdb,,no_queried_motif,no queried electrophilic motif present,,,,0,0,0,,,208.3,2.75,0,3,27.7,1,[H]/C(=C(/[H])C([H])([H])[H])c1c([H])c(OC([H])([H])[H])c(OC([H])([H])[H])c(OC([H])([H])[H])c1[H]
755,SANC00865,SANC00865_minRM1.pdb,,no_queried_motif,no queried electrophilic motif present,,,,0,0,0,,,192.2,2.15,0,3,27.7,1,[H]C([H])=C([H])C([H])([H])c1c([H])c(OC([H])([H])[H])c2c(c1[H])OC([H])([H])O2
756,SANC00866,SANC00866_minRM1.pdb,,no_queried_motif,no queried electrophilic motif present,,,,0,0,0,,catechol_A(92),448.4,-0.2,8,11,201.3,3,[H]Oc1c([H])c([H])c(-c2oc3c([H])c(O[H])c([C@]4([H])O[C@]([H])(C([H])([H])O[H])[C@@]([H])(O[H])[C@]([H])(O[H])[C@@]4([H])O[H])c(O[H])c3c(=O)c2[H])c([H])c1O[H]
757,SANC00867,SANC00867_minRM1.pdb,DVGGLGXQSFURLP-VWMSDXGPSA-N,retained,at least one site passes the beta-hydrogen or retained-ring rule,,ab_unsat_carbonyl:1,"ab_unsat_carbonyl[6,7,8,9]",1,1,1,1,,594.5,1.73,7,13,216.6,4,[H]Oc1c([H])c([H])c(/C([H])=C(\[H])C(=O)OC([H])([H])[C@@]2([H])O[C@@]([H])(Oc3c(-c4c([H])c([H])c(O[H])c([H])c4[H])oc4c([H])c(O[H])c([H])c(O[H])c4c3=O)[C@]([H])(O[H])[C@@]([H])(O[H])[C@]2([H])O[H])c([H])c1[H]
758,SANC00869,SANC00869_minRM1.pdb,,no_queried_motif,no queried electrophilic motif present,,,,0,0,0,,,868.1,0.81,9,16,238.5,0,[H]OC([H])([H])[C@@]1([H])O[C@@]([H])(O[C@]2([H])C([H])([H])C3=C([H])C([H])([H])[C@@]4([H])[C@]5([H])C([H])([H])[C@]6([H])O[C@@]7(N([H])C([H])([H])[C@]([H])(C([H])([H])[H])C([H])([H])C7([H])[H])[C@@]([H])(C([H])([H])[H])[C@]6([H])[C@@]5(C([H])([H])[H])C([H])([H])C([H])([H])[C@]4([H])[C@@]3(C([H])([H])[H])C([H])([H])C2([H])[H])[C@]([H])(O[C@]2([H])O[C@@]([H])(C([H])([H])[H])[C@]([H])(O[H])[C@@]([H])(O[H])[C@@]2([H])O[H])[C@@]([H])(O[H])[C@]1([H])O[C@]1([H])O[C@@]([H])(C([H])([H])[H])[C@]([H])(O[H])[C@@]([H])(O[H])[C@@]1([H])O[H]
759,SANC00870,SANC00870_minRM1.pdb,,no_queried_motif,no queried electrophilic motif present,,,,0,0,0,,,426.7,8.17,1,1,20.2,0,[H]O[C@@]1([H])C([H])([H])C([H])([H])[C@]23C([H])([H])[C@]24C([H])([H])C([H])([H])[C@]2(C([H])([H])[H])[C@@]([H])([C@]([H])(C([H])([H])[H])C([H])([H])C([H])([H])C([H])=C(C([H])([H])[H])C([H])([H])[H])C([H])([H])C([H])([H])[C@@]2(C([H])([H])[H])[C@]4([H])C([H])([H])C([H])([H])[C@@]3([H])C1(C([H])([H])[H])C([H])([H])[H]
760,SANC00871,SANC00871_minRM1.pdb,OVIILQQKQPCQTF-JYKNGBAOSA-N,retained,at least one site passes the beta-hydrogen or retained-ring rule,,ab_unsat_carbonyl:1;exo_methylene_carbonyl:1,"ab_unsat_carbonyl[16,15,13,14];exo_methylene_carbonyl[16,15,13,14]",2,1,1,1,,248.3,2.21,1,3,46.5,0,[H]O[C@]1([H])C([H])([H])C(=C([H])[H])[C@@]2([H])C([H])([H])[C@@]3([H])C(=C([H])[H])C(=O)O[C@@]3([H])C([H])([H])[C@]2(C([H])([H])[H])C1([H])[H]
761,SANC00872,SANC00872_minRM1.pdb,BFWXQSLJSDLIAA-GSGOXJSYSA-N,failed_selection_rule,every matched site has a fully substituted beta-carbon and no retained ring motif,,ab_unsat_carbonyl:1,"ab_unsat_carbonyl[11,12,13,14]",1,1,0,1,,264.3,1.47,1,4,63.6,0,[H]O[C@]1([H])C2=C(C([H])([H])[H])C(=O)C([H])([H])[C@]2([H])[C@@]([H])(C([H])([H])[H])C([H])([H])[C@@]2([H])OC(=O)[C@@]([H])(C([H])([H])[H])[C@@]12[H]
762,SANC00873,SANC00873_minRM1.pdb,SOVOCMGDFRGRKF-MCDHERAVSA-N,failed_selection_rule,every matched site has a fully substituted beta-carbon and no retained ring motif,,ab_unsat_carbonyl:1,"ab_unsat_carbonyl[2,1,15,16]",1,1,0,1,,330.4,3.35,0,4,51.4,0,[H]C([H])([H])C1=C2[C@]3(OC1=O)O[C@]3([H])[C@]1([H])[C@@]3(O[C@]23[H])C([H])([H])C([H])([H])[C@]2([H])C(C([H])([H])[H])(C([H])([H])[H])C([H])([H])C([H])([H])C([H])([H])[C@]21C([H])([H])[H]
763,SANC00874,SANC00874_minRM1.pdb,WGENOABUKBFVAA-QMMMGPOBSA-N,failed_selection_rule,every matched site has a fully substituted beta-carbon and no retained ring motif,,ab_unsat_carbonyl:1,"ab_unsat_carbonyl[4,3,14,15]",1,1,0,1,imine_one_A(321),242.3,2.61,0,3,43.4,1,[H]c1c([H])c([H])c2c(c1[H])C(=O)C(=O)C1=C2O[C@@]([H])(C([H])([H])[H])C1(C([H])([H])[H])C([H])([H])[H]
764,SANC00875,SANC00875_minRM1.pdb,,no_queried_motif,no queried electrophilic motif present,,,,0,0,0,,quinone_A(370),238.2,2.48,1,3,54.4,2,[H]Oc1c2c(c([H])c([H])c1C([H])([H])[H])C(=O)c1c([H])c([H])c([H])c([H])c1C2=O
765,SANC00876,SANC00876_minRM1.pdb,,no_queried_motif,no queried electrophilic motif present,,,,0,0,0,,,302.5,5.27,0,2,30.2,1,[H]c1oc([H])c(C([H])([H])C([H])([H])[C@]2(C([H])([H])[H])[C@@]([H])(C([H])([H])[H])C([H])([H])C([H])([H])[C@]3(C([H])([H])[H])[C@@]2([H])C([H])([H])C([H])([H])C(=O)[C@]3([H])C([H])([H])[H])c1[H]
766,SANC00877,SANC00877_minRM1.pdb,,no_queried_motif,no queried electrophilic motif present,,,,0,0,0,,,456.7,7.23,2,3,57.5,0,[H]OC(=O)[C@@]12C([H])([H])C([H])=C3[C@@](C([H])([H])[H])(C([H])([H])C([H])([H])[C@@]4([H])[C@@]3(C([H])([H])[H])C([H])([H])C([H])([H])[C@@]3([H])C(C([H])([H])[H])(C([H])([H])[H])[C@@]([H])(O[H])C([H])([H])C([H])([H])[C@@]34C([H])([H])[H])[C@]1([H])C([H])([H])C(C([H])([H])[H])(C([H])([H])[H])C([H])([H])C2([H])[H]
767,SANC00878,SANC00878_minRM1.pdb,GIGKXOAUYMWORB-ISOBSLSZSA-N,failed_selection_rule,every matched site has a fully substituted beta-carbon and no retained ring motif,,ab_unsat_carbonyl:1,"ab_unsat_carbonyl[6,7,8,9]",1,1,0,1,,218.3,3.74,0,1,17.1,0,[H]C([H])([H])C1=C2C([H])([H])[C@@]3([H])C([H])([H])C([H])([H])[C@]([H])(C([H])([H])[H])[C@]2(C([H])([H])C1=O)C3(C([H])([H])[H])C([H])([H])[H]
768,SANC00879,SANC00879_minRM1.pdb,,no_queried_motif,no queried electrophilic motif present,,,,0,0,0,,,204.4,4.56,0,0,0.0,0,[H]C([H])([H])C1=C2C([H])([H])[C@@]3([H])C([H])([H])C([H])([H])[C@@]([H])(C([H])([H])[H])[C@]2(C([H])([H])C1([H])[H])C3(C([H])([H])[H])C([H])([H])[H]
769,SANC00880,SANC00880_minRM1.pdb,,no_queried_motif,no queried electrophilic motif present,,,,0,0,0,,,198.3,4.58,0,0,0.0,2,[H]c1c(C([H])([H])[H])c([H])c2c(C([H])(C([H])([H])[H])C([H])([H])[H])c([H])c([H])c(C([H])([H])[H])c2c1[H]
770,SANC00881,SANC00881_minRM1.pdb,,no_queried_motif,no queried electrophilic motif present,,,,0,0,0,,,354.4,4.32,2,5,76.0,2,[H]Oc1c([H])c([H])c([C@@]2([H])Oc3c(c(OC([H])([H])[H])c([H])c(O[H])c3C([H])([H])C([H])=C(C([H])([H])[H])C([H])([H])[H])C(=O)C2([H])[H])c([H])c1[H]
771,SANC00882,SANC00882_minRM1.pdb,,no_queried_motif,no queried electrophilic motif present,,,,0,0,0,,,324.4,4.31,2,4,66.8,2,[H]Oc1c([H])c2c(c(O[H])c1C([H])([H])C([H])=C(C([H])([H])[H])C([H])([H])[H])C(=O)C([H])([H])[C@@]([H])(c1c([H])c([H])c([H])c([H])c1[H])O2
772,SANC00883,SANC00883_minRM1.pdb,,no_queried_motif,no queried electrophilic motif present,,,,0,0,0,,,324.4,4.31,2,4,66.8,2,[H]Oc1c([H])c(O[H])c(C([H])([H])C([H])=C(C([H])([H])[H])C([H])([H])[H])c2c1C(=O)C([H])([H])[C@@]([H])(c1c([H])c([H])c([H])c([H])c1[H])O2
773,SANC00884,SANC00884_minRM1.pdb,,no_queried_motif,no queried electrophilic motif present,,,,0,0,0,,,298.3,3.18,1,5,68.9,3,[H]Oc1c(OC([H])([H])[H])c(OC([H])([H])[H])c([H])c2oc(-c3c([H])c([H])c([H])c([H])c3[H])c([H])c(=O)c12
774,SANC00885,SANC00885_minRM1.pdb,,no_queried_motif,no queried electrophilic motif present,,,,0,0,0,,,300.3,2.59,3,6,100.1,3,[H]Oc1c([H])c(O[H])c2c(=O)c(O[H])c(-c3c([H])c([H])c(OC([H])([H])[H])c([H])c3[H])oc2c1[H]
775,SANC00886,SANC00886_minRM1.pdb,,parse_failure,"standardisation failed: Explicit valence for atom # 15 C, 5, is greater than permitted",,,,0,0,0,,,,,,,,,
776,SANC00887,SANC00887_minRM1.pdb,,no_queried_motif,no queried electrophilic motif present,,,,0,0,0,,,278.3,3.54,3,4,77.8,1,[H]Oc1c([H])c(O[H])c(C([H])([H])C([H])=C(C([H])([H])[H])C([H])([H])[H])c(O[H])c1C(=O)[C@@]([H])(C([H])([H])[H])C([H])([H])C([H])([H])[H]
777,SANC00888,SANC00888_minRM1.pdb,,no_queried_motif,no queried electrophilic motif present,,,,0,0,0,,,264.3,3.29,3,4,77.8,1,[H]Oc1c([H])c(O[H])c(C([H])([H])C([H])=C(C([H])([H])[H])C([H])([H])[H])c(O[H])c1C(=O)C([H])([H])C([H])([H])C([H])([H])[H]
778,SANC00889,SANC00889_minRM1.pdb,,no_queried_motif,no queried electrophilic motif present,,,,0,0,0,,,264.3,3.15,3,4,77.8,1,[H]Oc1c([H])c(O[H])c(C([H])([H])C([H])=C(C([H])([H])[H])C([H])([H])[H])c(O[H])c1C(=O)C([H])(C([H])([H])[H])C([H])([H])[H]
779,SANC00891,SANC00891_minRM1.pdb,RFWGABANNQMHMZ-ZCHJGGQASA-N,retained,at least one site passes the beta-hydrogen or retained-ring rule,,ab_unsat_carbonyl:1,"ab_unsat_carbonyl[5,4,20,21]",1,1,1,1,catechol_A(92),540.5,-0.63,6,13,201.7,1,[H]Oc1c([H])c([H])c(C([H])([H])C([H])([H])OC(=O)C([H])([H])[C@]2([H])C(C(=O)OC([H])([H])[H])=C([H])O[C@@]([H])(O[C@]3([H])O[C@]([H])(C([H])([H])O[H])[C@@]([H])(O[H])[C@]([H])(O[H])[C@@]3([H])O[H])/C2=C(\[H])C([H])([H])[H])c([H])c1O[H]
780,SANC00892,SANC00892_minRM1.pdb,,no_queried_motif,no queried electrophilic motif present,,,,0,0,0,,,340.3,-1.32,5,9,149.8,2,[H]Oc1c(O[C@]2([H])O[C@]([H])(C([H])([H])O[H])[C@@]([H])(O[H])[C@]([H])(O[H])[C@@]2([H])O[H])c([H])c2c([H])c([H])c(=O)oc2c1[H]
781,SANC00893,SANC00893_minRM1.pdb,WRLXHKDQSQMWSH-ZTUNSOAWSA-N,retained,at least one site passes the beta-hydrogen or retained-ring rule,,ab_unsat_carbonyl:1,"ab_unsat_carbonyl[30,29,27,28]",1,1,1,1,,554.5,1.73,4,11,173.0,3,[H]Oc1c([H])c([H])c(/C([H])=C(\[H])C(=O)O[C@]2([H])[C@@]([H])(O[H])[C@]([H])(O[H])[C@@]([H])(C([H])([H])O[H])O[C@@]2([H])c2c(OC([H])([H])[H])c([H])c(C([H])([H])[H])c3c(=O)c([H])c(C([H])([H])C(=O)C([H])([H])[H])oc23)c([H])c1[H]
782,SANC00894,SANC00894_minRM1.pdb,,no_queried_motif,no queried electrophilic motif present,,,,0,0,0,,,265.3,2.44,0,3,40.5,3,[H]c1c([H])c2c3c(c1[H])c1c([H])c4c(c([H])c1c(=O)n3C([H])([H])C2([H])[H])OC([H])([H])O4
783,SANC00895,SANC00895_minRM1.pdb,,no_queried_motif,no queried electrophilic motif present,,,,0,0,0,,,158.2,2.82,1,2,37.3,0,[H]OC(=O)C([H])([H])C([H])([H])C([H])([H])C([H])([H])C([H])([H])C([H])([H])C([H])([H])C([H])([H])[H]
784,SANC00896,SANC00896_minRM1.pdb,,no_queried_motif,no queried electrophilic motif present,,,,0,0,0,,,256.4,5.55,1,2,37.3,0,[H]OC(=O)C([H])([H])C([H])([H])C([H])([H])C([H])([H])C([H])([H])C([H])([H])C([H])([H])C([H])([H])C([H])([H])C([H])([H])C([H])([H])C([H])([H])C([H])([H])C([H])([H])C([H])([H])[H]
785,SANC00897,SANC00897_minRM1.pdb,,no_queried_motif,no queried electrophilic motif present,,,,0,0,0,,,268.4,5.72,1,2,37.3,0,[H]OC(=O)C([H])([H])C([H])([H])C([H])([H])C([H])([H])C([H])([H])C([H])([H])/C([H])=C(/[H])C([H])([H])C([H])([H])C([H])([H])C([H])([H])C([H])([H])C([H])([H])C([H])([H])C([H])([H])[H]
786,SANC00898,SANC00898_minRM1.pdb,,no_queried_motif,no queried electrophilic motif present,,,,0,0,0,,,302.5,5.04,1,2,37.3,0,[H]OC(=O)[C@]1(C([H])([H])[H])C([H])([H])C([H])([H])C([H])([H])[C@]2(C([H])([H])[H])[C@]1([H])C([H])([H])C([H])([H])[C@]13C([H])([H])C(=C([H])[H])[C@]([H])(C([H])([H])C([H])([H])[C@]12[H])C3([H])[H]
787,SANC00899,SANC00899_minRM1.pdb,,no_queried_motif,no queried electrophilic motif present,,,,0,0,0,,,235.3,3.44,0,1,3.2,2,[H]c1c([H])c([H])c2c(c1[H])-c1c([H])c([H])c([H])c3c1[C@]([H])(N(C([H])([H])[H])C([H])([H])C3([H])[H])C2([H])[H]
788,SANC00900,SANC00900_minRM1.pdb,,no_queried_motif,no queried electrophilic motif present,,,,0,0,0,,,222.4,3.78,1,1,20.2,0,[H]O[C@]1(C([H])([H])[H])C([H])([H])C([H])([H])[C@]([H])(C(=C([H])[H])C([H])([H])[H])C([H])([H])[C@]2([H])[C@@]([H])(C([H])([H])[H])C([H])([H])C([H])([H])[C@]12[H]
789,SANC00901,SANC00901_minRM1.pdb,,no_queried_motif,no queried electrophilic motif present,,,,0,0,0,,,154.3,2.53,1,1,20.2,0,[H]OC(/C([H])=C(\[H])C(C([H])=C([H])[H])(C([H])([H])[H])C([H])([H])[H])(C([H])([H])[H])C([H])([H])[H]
790,SANC00902,SANC00902_minRM1.pdb,,no_queried_motif,no queried electrophilic motif present,,,,0,0,0,,,154.3,2.74,0,1,9.2,0,[H]C([H])([H])C1(C([H])([H])[H])O[C@]2(C([H])([H])[H])C([H])([H])C([H])([H])[C@@]1([H])C([H])([H])C2([H])[H]
791,SANC00903,SANC00903_minRM1.pdb,YSTPAHQEHQSRJD-SECBINFHSA-N,failed_selection_rule,every matched site has a fully substituted beta-carbon and no retained ring motif,,ab_unsat_carbonyl:1,"ab_unsat_carbonyl[1,2,3,4]",1,1,0,1,,152.2,2.57,0,1,17.1,0,[H]C1=C(C([H])([H])[H])C([H])([H])C([H])([H])[C@]([H])(C([H])(C([H])([H])[H])C([H])([H])[H])C1=O
792,SANC00904,SANC00904_minRM1.pdb,COIUWGNHAYDCDZ-YGVRXRMESA-N,failed_selection_rule,every matched site has a fully substituted beta-carbon and no retained ring motif,,ab_unsat_carbonyl:1,"ab_unsat_carbonyl[18,19,20,21]",1,1,0,1,,698.8,-0.75,8,14,225.1,0,[H]OC([H])([H])[C@]1([H])O[C@@]([H])(OC([H])([H])[C@@]2([H])O[C@]([H])(O[C@]3([H])C([H])([H])C([H])([H])[C@@]4(C([H])([H])[H])[C@]([H])(C([H])([H])C([H])([H])[C@@]5([H])[C@@]4([H])C([H])([H])C([H])([H])[C@@]4(C([H])([H])[H])[C@@]5(O[H])C([H])([H])C([H])([H])[C@@]4([H])C4=C([H])C(=O)OC4([H])[H])C3([H])[H])[C@@]([H])(O[H])[C@]([H])(O[H])[C@@]2([H])O[H])[C@]([H])(O[H])[C@@]([H])(O[H])[C@@]1([H])O[H]
793,SANC00905,SANC00905_minRM1.pdb,BPYRVOCFRMKMIP-VNHOZMEZSA-N,failed_selection_rule,every matched site has a fully substituted beta-carbon and no retained ring motif,,ab_unsat_carbonyl:1,"ab_unsat_carbonyl[18,19,20,21]",1,1,0,1,,696.8,-0.83,8,14,225.1,0,[H]OC([H])([H])[C@@]1([H])O[C@@]([H])(O[C@@]2([H])[C@]([H])(O[C@]3([H])C([H])([H])C4=C([H])C([H])([H])[C@]5([H])[C@]([H])(C([H])([H])C([H])([H])[C@@]6(C([H])([H])[H])[C@]5(O[H])C([H])([H])C([H])([H])[C@]6([H])C5=C([H])C(=O)OC5([H])[H])[C@@]4(C([H])([H])[H])C([H])([H])C3([H])[H])O[C@]([H])(C([H])([H])O[H])[C@@]([H])(O[H])[C@]2([H])O[H])[C@]([H])(O[H])[C@@]([H])(O[H])[C@]1([H])O[H]
794,SANC00906,SANC00906_minRM1.pdb,XZTUSOXSLKTKJQ-CIXPXFMPSA-N,failed_selection_rule,every matched site has a fully substituted beta-carbon and no retained ring motif,,ab_unsat_carbonyl:1,"ab_unsat_carbonyl[18,19,20,21]",1,1,0,1,,374.5,3.6,2,4,66.8,0,[H]O[C@@]1([H])C([H])([H])C([H])([H])[C@@]2(C([H])([H])[H])[C@@]([H])(C([H])([H])C([H])([H])[C@]3([H])[C@]2([H])C([H])([H])C([H])([H])[C@@]2(C([H])([H])[H])[C@]3(O[H])C([H])([H])C([H])([H])[C@]2([H])C2=C([H])C(=O)OC2([H])[H])C1([H])[H]
795,SANC00907,SANC00907_minRM1.pdb,ZICGJBPBLVXOBM-OEFIWSSBSA-N,failed_selection_rule,every matched site has a fully substituted beta-carbon and no retained ring motif,,ab_unsat_carbonyl:1,"ab_unsat_carbonyl[18,19,20,21]",1,1,0,1,,372.5,3.52,2,4,66.8,0,[H]O[C@]1([H])C([H])([H])C2=C([H])C([H])([H])[C@]3([H])[C@@]([H])(C([H])([H])C([H])([H])[C@@]4(C([H])([H])[H])[C@]3(O[H])C([H])([H])C([H])([H])[C@@]4([H])C3=C([H])C(=O)OC3([H])[H])[C@@]2(C([H])([H])[H])C([H])([H])C1([H])[H]
796,SANC00908,SANC00908_minRM1.pdb,,parse_failure,"standardisation failed: Explicit valence for atom # 20 N, 4, is greater than permitted",,,,0,0,0,,,,,,,,,
797,SANC00909,SANC00909_minRM1.pdb,,no_queried_motif,no queried electrophilic motif present,,,,0,0,0,,,220.4,3.94,0,1,12.5,0,[H]C([H])=C1C([H])([H])C([H])([H])[C@@]2([H])O[C@]2(C([H])([H])[H])C([H])([H])C([H])([H])[C@@]2([H])C(C([H])([H])[H])(C([H])([H])[H])C([H])([H])[C@]12[H]
798,SANC00910,SANC00910_minRM1.pdb,,no_queried_motif,no queried electrophilic motif present,,,,0,0,0,,,136.2,3.48,0,0,0.0,0,[H]C([H])=C([H])C(=C([H])[H])C([H])([H])C([H])([H])C([H])=C(C([H])([H])[H])C([H])([H])[H]
799,SANC00911,SANC00911_minRM1.pdb,,no_queried_motif,no queried electrophilic motif present,,,,0,0,0,,,136.2,3.0,0,0,0.0,0,[H]C1=C(C([H])([H])[H])C([H])([H])[C@@]2([H])C(C([H])([H])[H])(C([H])([H])[H])[C@@]2([H])C1([H])[H]
800,SANC00912,SANC00912_minRM1.pdb,,no_queried_motif,no queried electrophilic motif present,,,,0,0,0,,,136.2,3.31,0,0,0.0,0,[H]C([H])=C(C([H])([H])[H])[C@]1([H])C([H])([H])C([H])=C(C([H])([H])[H])C([H])([H])C1([H])[H]
801,SANC00913,SANC00913_minRM1.pdb,,no_queried_motif,no queried electrophilic motif present,,,,0,0,0,,,222.4,4.4,1,1,20.2,0,[H]O[C@@](C([H])=C([H])[H])(C([H])([H])[H])C([H])([H])C([H])([H])/C([H])=C(/C([H])([H])[H])C([H])([H])C([H])([H])C([H])=C(C([H])([H])[H])C([H])([H])[H]
802,SANC00914,SANC00914_minRM1.pdb,,no_queried_motif,no queried electrophilic motif present,,,,0,0,0,,,222.4,3.92,1,1,20.2,0,[H]OC(C([H])([H])[H])(C([H])([H])[H])[C@]1([H])C([H])([H])C([H])([H])C2=C([H])C([H])([H])C([H])([H])[C@@]([H])(C([H])([H])[H])[C@]2(C([H])([H])[H])C1([H])[H]
803,SANC00915,SANC00915_minRM1.pdb,,no_queried_motif,no queried electrophilic motif present,,,,0,0,0,,,204.4,4.73,0,0,0.0,0,[H]C1=C(C([H])([H])[H])[C@]2([H])C([H])([H])C([H])=C(C([H])([H])[H])C([H])([H])[C@@]2([H])C([H])([H])C(C([H])([H])[H])(C([H])([H])[H])C1([H])[H]
804,SANC00916,SANC00916_minRM1.pdb,,no_queried_motif,no queried electrophilic motif present,,,,0,0,0,,,222.4,3.92,1,1,20.2,0,[H]OC(C([H])([H])[H])(C([H])([H])[H])[C@]1([H])C([H])([H])C([H])([H])[C@@]2(C([H])([H])[H])C([H])([H])C([H])([H])C([H])([H])C(=C([H])[H])[C@]2([H])C1([H])[H]
805,SANC00917,SANC00917_minRM1.pdb,,no_queried_motif,no queried electrophilic motif present,,,,0,0,0,,,222.4,3.92,1,1,20.2,0,[H]OC(C([H])([H])[H])(C([H])([H])[H])[C@]1([H])C([H])([H])C([H])([H])[C@@]2(C([H])([H])[H])C([H])([H])C([H])([H])C([H])=C(C([H])([H])[H])[C@]2([H])C1([H])[H]
806,SANC00918,SANC00918_minRM1.pdb,,no_queried_motif,no queried electrophilic motif present,,,,0,0,0,,,204.4,4.73,0,0,0.0,0,[H]C1=C(C([H])([H])[H])C([H])([H])C([H])([H])C2=C(C([H])([H])[H])C([H])([H])C([H])([H])[C@@]([H])(C([H])(C([H])([H])[H])C([H])([H])[H])[C@]12[H]
807,SANC00919,SANC00919_minRM1.pdb,,no_queried_motif,no queried electrophilic motif present,,,,0,0,0,,,222.4,4.23,1,1,20.2,0,[H]O[C@](C([H])([H])[H])(C([H])([H])C([H])([H])C([H])=C(C([H])([H])[H])C([H])([H])[H])[C@@]1([H])C([H])([H])C([H])=C(C([H])([H])[H])C([H])([H])C1([H])[H]
808,SANC00920,SANC00920_minRM1.pdb,,no_queried_motif,no queried electrophilic motif present,,,,0,0,0,,,222.4,3.47,1,1,20.2,0,[H]O[C@@]1(C([H])([H])[H])C([H])([H])C([H])([H])[C@@]2([H])C(C([H])([H])[H])(C([H])([H])[H])[C@@]2([H])[C@]2([H])[C@]([H])(C([H])([H])[H])C([H])([H])C([H])([H])[C@]12[H]
809,SANC00921,SANC00921_minRM1.pdb,,no_queried_motif,no queried electrophilic motif present,,,,0,0,0,,,136.2,3.16,0,0,0.0,0,[H]C([H])=C1C([H])=C([H])[C@@]([H])(C([H])(C([H])([H])[H])C([H])([H])[H])C([H])([H])C1([H])[H]
810,SANC00922,SANC00922_minRM1.pdb,,no_queried_motif,no queried electrophilic motif present,,,,0,0,0,,,154.3,2.5,1,1,20.2,0,[H]O[C@@]1(C([H])(C([H])([H])[H])C([H])([H])[H])C([H])([H])C([H])=C(C([H])([H])[H])C([H])([H])C1([H])[H]
811,SANC00923,SANC00923_minRM1.pdb,,no_queried_motif,no queried electrophilic motif present,,,,0,0,0,,,222.4,3.78,1,1,20.2,0,[H]O[C@@]1(C([H])([H])[H])C([H])([H])C([H])([H])[C@@]([H])(C([H])(C([H])([H])[H])C([H])([H])[H])[C@]2([H])C([H])=C(C([H])([H])[H])C([H])([H])C([H])([H])[C@@]12[H]
812,SANC00924,SANC00924_minRM1.pdb,,no_queried_motif,no queried electrophilic motif present,,,,0,0,0,,,220.4,3.39,1,1,20.2,0,[H]O[C@]1(C([H])([H])[H])C([H])([H])C([H])([H])[C@]2([H])C(=C([H])[H])C([H])([H])C([H])([H])[C@]3([H])C(C([H])([H])[H])(C([H])([H])[H])[C@]3([H])[C@@]12[H]
813,SANC00925,SANC00925_minRM1.pdb,,no_queried_motif,no queried electrophilic motif present,,,,0,0,0,,,204.4,5.04,0,0,0.0,0,[H]/C1=C(\[H])C(C([H])([H])[H])(C([H])([H])[H])C([H])([H])/C([H])=C(/C([H])([H])[H])C([H])([H])C([H])([H])/C([H])=C(/C([H])([H])[H])C1([H])[H]
814,SANC00926,SANC00926_minRM1.pdb,,no_queried_motif,no queried electrophilic motif present,,,,0,0,0,,,136.2,3.0,0,0,0.0,0,[H]C1=C(C([H])([H])[H])[C@@]2([H])C([H])([H])[C@@]([H])(C1([H])[H])C2(C([H])([H])[H])C([H])([H])[H]
815,SANC00927,SANC00927_minRM1.pdb,,no_queried_motif,no queried electrophilic motif present,,,,0,0,0,,,222.2,1.52,1,5,68.9,2,[H]Oc1c(OC([H])([H])[H])c(OC([H])([H])[H])c2c([H])c([H])c(=O)oc2c1[H]
816,SANC00928,SANC00928_minRM1.pdb,UZFLPKAIBPNNCA-GUOLPTJISA-N,retained,at least one site passes the beta-hydrogen or retained-ring rule,,ab_unsat_carbonyl:1,"ab_unsat_carbonyl[7,8,9,10]",1,1,1,1,,192.3,3.51,0,1,17.1,0,[H]C1=C(C([H])([H])[H])[C@]([H])(/C([H])=C(\[H])C(=O)C([H])([H])[H])C(C([H])([H])[H])(C([H])([H])[H])C([H])([H])C1([H])[H]
817,SANC00929,SANC00929_minRM1.pdb,KPQMCAKZRXOZLB-KOIHBYQTSA-N,failed_selection_rule,every matched site has a fully substituted beta-carbon and no retained ring motif,,ab_unsat_carbonyl:1,"ab_unsat_carbonyl[1,2,3,4]",1,1,0,1,,224.3,1.6,2,3,57.5,0,[H]O[C@@]([H])(/C([H])=C(\[H])[C@@]1(O[H])C(C([H])([H])[H])=C([H])C(=O)C([H])([H])C1(C([H])([H])[H])C([H])([H])[H])C([H])([H])[H]
818,SANC00930,SANC00930_minRM1.pdb,CRIGTVCBMUKRSL-HOSRBBHYSA-N,retained,at least one site passes the beta-hydrogen or retained-ring rule,,ab_unsat_carbonyl:1,"ab_unsat_carbonyl[1,2,3,4]",1,1,1,1,,192.3,3.51,0,1,17.1,0,[H]C1=C(C([H])([H])[H])[C@]([H])(C(=O)/C([H])=C(\[H])C([H])([H])[H])C(C([H])([H])[H])(C([H])([H])[H])C([H])([H])C1([H])[H]
819,SANC00931,SANC00931_minRM1.pdb,PWDNWMSVYWFLTF-ZAAXVRCTSA-N,failed_selection_rule,every matched site has a fully substituted beta-carbon and no retained ring motif,,ab_unsat_carbonyl:1,"ab_unsat_carbonyl[1,2,3,4]",1,1,0,1,,316.4,5.08,1,3,50.4,1,[H]OC1=C(C([H])([H])[H])[C@]([H])(C([H])([H])C([H])([H])c2c([H])oc([H])c2[H])[C@@]2(C([H])([H])[H])C([H])([H])C([H])([H])C([H])([H])C(C([H])([H])[H])(C([H])([H])[H])[C@]2([H])C1=O
820,SANC00932,SANC00932_minRM1.pdb,DGCSFZBBNZMTAQ-AZUAARDMSA-N,failed_selection_rule,every matched site has a fully substituted beta-carbon and no retained ring motif,,ab_unsat_carbonyl:1,"ab_unsat_carbonyl[2,1,10,11]",1,1,0,1,,300.4,5.33,0,2,30.2,1,[H]c1oc([H])c(C([H])([H])C([H])([H])C2=C(C([H])([H])[H])C(=O)C([H])([H])[C@@]3([H])C(C([H])([H])[H])(C([H])([H])[H])C([H])([H])C([H])([H])C([H])([H])[C@]23C([H])([H])[H])c1[H]
821,SANC00933,SANC00933_minRM1.pdb,,no_queried_motif,no queried electrophilic motif present,,,,0,0,0,,,348.4,2.84,2,5,79.9,1,[H]O[C@@]1(C([H])([H])[H])C([H])([H])[C@@]2([H])OC(=O)[C@@]3(C([H])([H])[H])C([H])([H])C([H])([H])C([H])([H])[C@](C([H])([H])[H])([C@@]1(O[H])C([H])([H])C([H])([H])c1c([H])oc([H])c1[H])[C@]32[H]
822,SANC00934,SANC00934_minRM1.pdb,,no_queried_motif,no queried electrophilic motif present,,,,0,0,0,,,346.4,2.85,1,5,72.2,1,[H]O[C@]1(C([H])([H])C([H])([H])c2c([H])oc([H])c2[H])[C@@]2(OC2([H])[H])C([H])([H])[C@@]2([H])OC(=O)[C@@]3(C([H])([H])[H])C([H])([H])C([H])([H])C([H])([H])[C@@]1(C([H])([H])[H])[C@]32[H]
823,SANC00935,SANC00935_minRM1.pdb,,no_queried_motif,no queried electrophilic motif present,,,,0,0,0,,,322.5,3.45,3,3,60.7,0,[H]OC([H])([H])[C@@]1(C([H])([H])[H])C([H])([H])C([H])([H])C([H])([H])[C@@]2(C([H])([H])[H])[C@]([H])(C([H])([H])C([H])([H])C(=C([H])[H])C([H])=C([H])[H])[C@](O[H])(C([H])([H])[H])C([H])([H])[C@@]([H])(O[H])[C@]12[H]
824,SANC00936,SANC00936_minRM1.pdb,,no_queried_motif,no queried electrophilic motif present,,,,0,0,0,,,306.5,4.48,2,2,40.5,0,[H]OC([H])([H])/C([H])=C(\C([H])([H])[H])C([H])([H])C([H])([H])[C@@]1([H])C(C([H])([H])[H])=C([H])C([H])([H])[C@@]2([H])[C@@](C([H])([H])[H])(C([H])([H])O[H])C([H])([H])C([H])([H])C([H])([H])[C@@]21C([H])([H])[H]
825,SANC00937,SANC00937_minRM1.pdb,,no_queried_motif,no queried electrophilic motif present,,,,0,0,0,,,270.2,2.58,3,5,90.9,3,[H]Oc1c([H])c([H])c([H])c([H])c1-c1oc2c([H])c(O[H])c([H])c(O[H])c2c(=O)c1[H]
826,SANC00938,SANC00938_minRM1.pdb,,no_queried_motif,no queried electrophilic motif present,,,,0,0,0,,,336.3,4.06,2,5,79.9,3,[H]Oc1c([H])c([H])c(-c2c([H])oc3c([H])c4c(c(O[H])c3c2=O)C([H])=C([H])C(C([H])([H])[H])(C([H])([H])[H])O4)c([H])c1[H]
827,SANC00939,SANC00939_minRM1.pdb,,no_queried_motif,no queried electrophilic motif present,,,,0,0,0,,,406.5,5.59,3,5,90.9,3,[H]Oc1c([H])c([H])c(-c2c([H])oc3c(C([H])([H])C([H])=C(C([H])([H])[H])C([H])([H])[H])c(O[H])c(C([H])([H])C([H])=C(C([H])([H])[H])C([H])([H])[H])c(O[H])c3c2=O)c([H])c1[H]
828,SANC00940,SANC00940_minRM1.pdb,,no_queried_motif,no queried electrophilic motif present,,,,0,0,0,,,438.5,5.11,3,6,96.2,2,[H]Oc1c([H])c(O[H])c2c(c1[H])O[C@]([H])(c1c([H])c(/C([H])=C(\[H])C(O[H])(C([H])([H])[H])C([H])([H])[H])c(OC([H])([H])[H])c(C([H])([H])C([H])=C(C([H])([H])[H])C([H])([H])[H])c1[H])C([H])([H])C2=O
829,SANC00941,SANC00941_minRM1.pdb,,no_queried_motif,no queried electrophilic motif present,,,,0,0,0,,,422.5,5.83,2,5,76.0,2,[H]Oc1c([H])c(O[H])c2c(c1[H])O[C@]([H])(c1c([H])c(C([H])([H])C([H])=C(C([H])([H])[H])C([H])([H])[H])c(OC([H])([H])[H])c(C([H])([H])C([H])=C(C([H])([H])[H])C([H])([H])[H])c1[H])C([H])([H])C2=O
830,SANC00942,SANC00942_minRM1.pdb,,no_queried_motif,no queried electrophilic motif present,,,,0,0,0,,catechol_A(92),442.4,2.53,7,10,177.1,3,[H]Oc1c([H])c(O[H])c2c(c1[H])O[C@]([H])(c1c([H])c([H])c(O[H])c(O[H])c1[H])[C@]([H])(OC(=O)c1c([H])c(O[H])c(O[H])c(O[H])c1[H])C2([H])[H]
831,SANC00943,SANC00943_minRM1.pdb,,no_queried_motif,no queried electrophilic motif present,,,,0,0,0,,catechol_A(92),458.4,2.23,8,11,197.4,3,[H]Oc1c([H])c(O[H])c2c(c1[H])O[C@]([H])(c1c([H])c(O[H])c(O[H])c(O[H])c1[H])[C@@]([H])(OC(=O)c1c([H])c(O[H])c(O[H])c(O[H])c1[H])C2([H])[H]
832,SANC00944,SANC00944_minRM1.pdb,,no_queried_motif,no queried electrophilic motif present,,,,0,0,0,,catechol_A(92),788.6,0.7,13,22,377.4,4,[H]Oc1c([H])c(C(=O)OC([H])([H])[C@@]2([H])O[C@@]([H])(OC(=O)c3c([H])c(O[H])c(O[H])c(O[H])c3[H])[C@]([H])(OC(=O)c3c([H])c(O[H])c(O[H])c(O[H])c3[H])[C@@]([H])(OC(=O)c3c([H])c(O[H])c(O[H])c(O[H])c3[H])[C@]2([H])O[H])c([H])c(O[H])c1O[H]
833,SANC00945,SANC00945_minRM1.pdb,,no_queried_motif,no queried electrophilic motif present,,,,0,0,0,,,270.2,2.58,3,5,90.9,3,[H]Oc1c([H])c([H])c(-c2c([H])oc3c([H])c(O[H])c([H])c(O[H])c3c2=O)c([H])c1[H]
834,SANC00946,SANC00946_minRM1.pdb,,no_queried_motif,no queried electrophilic motif present,,,,0,0,0,,,283.8,3.16,0,2,29.5,1,[H]c1c([H])c(C([H])([H])[H])c(N(C(=O)C([H])([H])Cl)[C@]([H])(C([H])([H])[H])C([H])([H])OC([H])([H])[H])c(C([H])([H])C([H])([H])[H])c1[H]
835,SANC00947,SANC00947_minRM1.pdb,,no_queried_motif,no queried electrophilic motif present,,,,0,0,0,,,138.1,1.09,2,3,57.5,1,[H]OC(=O)c1c([H])c([H])c([H])c(O[H])c1[H]
836,SANC00948,SANC00948_minRM1.pdb,,no_queried_motif,no queried electrophilic motif present,,,,0,0,0,,,138.1,1.09,2,3,57.5,1,[H]OC(=O)c1c([H])c([H])c(O[H])c([H])c1[H]
837,SANC00949,SANC00949_minRM1.pdb,,no_queried_motif,no queried electrophilic motif present,,,,0,0,0,,,594.5,-2.39,11,15,271.2,3,[H]Oc1c([H])c([H])c(-c2oc3c([C@]4([H])O[C@]([H])(C([H])([H])O[H])[C@@]([H])(O[H])[C@]([H])(O[H])[C@@]4([H])O[H])c(O[H])c([C@]4([H])O[C@]([H])(C([H])([H])O[H])[C@@]([H])(O[H])[C@]([H])(O[H])[C@@]4([H])O[H])c(O[H])c3c(=O)c2[H])c([H])c1[H]
838,SANC00950,SANC00950_minRM1.pdb,,no_queried_motif,no queried electrophilic motif present,,,,0,0,0,,catechol_A(92),286.2,2.28,4,6,111.1,3,[H]Oc1c([H])c([H])c(-c2c([H])oc3c([H])c(O[H])c([H])c(O[H])c3c2=O)c([H])c1O[H]
839,SANC00951,SANC00951_minRM1.pdb,,no_queried_motif,no queried electrophilic motif present,,,,0,0,0,,catechol_A(92),272.3,2.51,3,5,87.0,2,[H]Oc1c([H])c([H])c2c(c1[H])O[C@]([H])(c1c([H])c([H])c(O[H])c(O[H])c1[H])C([H])([H])C2=O
840,SANC00953,SANC00953_minRM1.pdb,KSEBMYQBYZTDHS-HWKANZROSA-N,retained,at least one site passes the beta-hydrogen or retained-ring rule,,ab_unsat_carbonyl:1,"ab_unsat_carbonyl[8,9,10,11]",1,1,1,1,,194.2,1.5,2,4,66.8,1,[H]OC(=O)/C([H])=C(\[H])c1c([H])c([H])c(O[H])c(OC([H])([H])[H])c1[H]
841,SANC00954,SANC00954_minRM1.pdb,,no_queried_motif,no queried electrophilic motif present,,,,0,0,0,,catechol_A(92),304.3,1.19,5,7,127.5,2,[H]Oc1c([H])c(O[H])c2c(c1[H])O[C@]([H])(c1c([H])c([H])c(O[H])c(O[H])c1[H])[C@@]([H])(O[H])C2=O
842,SANC00955,SANC00955_minRM1.pdb,,no_queried_motif,no queried electrophilic motif present,,,,0,0,0,,,272.3,1.78,3,5,87.0,2,[H]Oc1c([H])c(O[H])c2c(c1[H])O[C@]([H])(c1c([H])c([H])c([H])c([H])c1[H])[C@@]([H])(O[H])C2=O
843,SANC00956,SANC00956_minRM1.pdb,,no_queried_motif,no queried electrophilic motif present,,,,0,0,0,,,138.2,0.93,2,2,40.5,1,[H]Oc1c([H])c([H])c(C([H])([H])C([H])([H])O[H])c([H])c1[H]
844,SANC00957,SANC00957_minRM1.pdb,,no_queried_motif,no queried electrophilic motif present,,,,0,0,0,,,354.4,3.62,2,5,76.0,2,[H]Oc1c2c(c([H])c3c([H])c(OC([H])([H])[H])c4c(c13)OC(C([H])([H])[H])(C([H])([H])[H])C([H])=C4[H])C([H])([H])[C@@](O[H])(C([H])([H])[H])C([H])([H])C2=O
845,SANC00958,SANC00958_minRM1.pdb,,no_queried_motif,no queried electrophilic motif present,,,,0,0,0,,,342.4,3.42,3,5,87.0,2,[H]Oc1c2c(c([H])c3c([H])c(OC([H])([H])[H])c(/C([H])=C(\[H])C([H])(C([H])([H])[H])C([H])([H])[H])c(O[H])c13)C([H])([H])[C@@]([H])(O[H])C([H])([H])C2=O
846,SANC00959,SANC00959_minRM1.pdb,,no_queried_motif,no queried electrophilic motif present,,,,0,0,0,,,342.4,3.48,3,5,87.0,2,[H]Oc1c([H])c(OC([H])([H])C([H])=C(C([H])([H])[H])C([H])([H])[H])c([H])c2c([H])c3c(c(O[H])c12)C(=O)C([H])([H])[C@@](O[H])(C([H])([H])[H])C3([H])[H]
847,SANC00960,SANC00960_minRM1.pdb,,no_queried_motif,no queried electrophilic motif present,,,,0,0,0,,,762.8,2.51,2,16,228.5,1,[H]O[C@@]12C(=O)C([H])([H])[C@]([H])(c3c([H])oc([H])c3[H])[C@@]1(C([H])([H])[H])[C@@]([H])(OC(=O)[C@]([H])(O[H])[C@]([H])(C([H])([H])[H])C([H])([H])C([H])([H])[H])[C@@]([H])(OC([H])=O)[C@]([H])([C@@]1(C([H])([H])[H])[C@@]([H])(C([H])([H])C(=O)OC([H])([H])[H])[C@@](C([H])([H])[H])(C([H])([H])OC(=O)C([H])([H])[H])OC(=O)C([H])([H])[C@]1([H])OC(=O)C([H])([H])[H])C2=C([H])[H]
848,SANC00961,SANC00961_minRM1.pdb,,no_queried_motif,no queried electrophilic motif present,,,,0,0,0,,,220.2,1.53,0,5,57.9,2,[H]c1c([H])c2c(OC([H])([H])[H])c3c(c([H])c2oc1=O)OC([H])([H])O3
849,SANC00962,SANC00962_minRM1.pdb,XMJROHDIQQOWTO-NRPXGKOBSA-N,retained,at least one site passes the beta-hydrogen or retained-ring rule,,ab_unsat_carbonyl:1;exo_methylene_carbonyl:1,"ab_unsat_carbonyl[18,17,19,20];exo_methylene_carbonyl[18,17,19,20]",2,1,1,1,,306.4,1.75,1,5,72.8,0,[H]O[C@]1(C([H])([H])[H])C([H])([H])[C@]([H])(OC(=O)C([H])([H])[H])[C@@]2([H])C(=C([H])[H])C(=O)O[C@]2([H])[C@@]2([H])C(C([H])([H])[H])=C([H])C([H])([H])[C@@]12[H]
850,SANC00963,SANC00963_minRM1.pdb,,no_queried_motif,no queried electrophilic motif present,,,,0,0,0,,,194.2,-3.18,5,6,110.4,0,[H]O[C@@]1([H])[C@]([H])(O[H])[C@]([H])(O[H])[C@@]([H])(O[H])[C@]([H])(OC([H])([H])[H])[C@]1([H])O[H]
851,SANC00964,SANC00964_minRM1.pdb,QOGNEZKTQHDWEZ-COUJCNBWSA-N,retained,at least one site passes the beta-hydrogen or retained-ring rule,,ab_unsat_carbonyl:1,"ab_unsat_carbonyl[30,29,27,28]",1,1,1,1,,686.7,-0.81,7,15,242.9,3,[H]OC([H])([H])[C@@]1([H])O[C@@]([H])(c2c(O[C@]3([H])O[C@]([H])(C([H])([H])O[H])[C@@]([H])(O[H])[C@]([H])(O[H])[C@@]3([H])O[H])c([H])c(C([H])([H])[H])c3c(=O)c([H])c(C([H])([H])C(=O)C([H])([H])[H])oc23)[C@]([H])(OC(=O)/C([H])=C(\[H])c2c([H])c([H])c([H])c([H])c2[H])[C@@]([H])(O[H])[C@]1([H])O[H]
852,SANC00965,SANC00965_minRM1.pdb,UPXZRJUSQJMEJJ-XOIPTKKLSA-N,retained,at least one site passes the beta-hydrogen or retained-ring rule,,ab_unsat_carbonyl:1,"ab_unsat_carbonyl[30,29,27,28]",1,1,1,1,,524.5,1.72,4,10,163.7,3,[H]Oc1c([H])c(C([H])([H])[H])c2c(=O)c([H])c(C([H])([H])C(=O)C([H])([H])[H])oc2c1[C@]1([H])O[C@]([H])(C([H])([H])O[H])[C@@]([H])(O[H])[C@]([H])(O[H])[C@@]1([H])OC(=O)/C([H])=C(\[H])c1c([H])c([H])c([H])c([H])c1[H]
853,SANC00966,SANC00966_minRM1.pdb,,no_queried_motif,no queried electrophilic motif present,,,,0,0,0,,,248.3,2.74,1,3,50.4,1,[H]O[C@]1([H])C([H])([H])C([H])([H])[C@@]2([H])C(=O)c3oc([H])c(C([H])([H])[H])c3C([H])([H])[C@]2(C([H])([H])[H])[C@@]1([H])C([H])([H])[H]
854,SANC00967,SANC00967_minRM1.pdb,,no_queried_motif,no queried electrophilic motif present,,,,0,0,0,,,99.1,0.29,1,1,29.1,0,[H]N1C(=O)C([H])([H])C([H])([H])C([H])([H])C1([H])[H]
855,SANC00968,SANC00968_minRM1.pdb,,no_queried_motif,no queried electrophilic motif present,,,,0,0,0,,,244.3,1.82,0,2,25.2,1,[H]c1c([H])c2n(c(=O)c1[H])C([H])([H])[C@@]1([H])C([H])([H])[C@]2([H])C([H])([H])N2C([H])([H])C([H])([H])C([H])([H])C([H])([H])[C@]21[H]
856,SANC00969,SANC00969_minRM1.pdb,,no_queried_motif,no queried electrophilic motif present,,,,0,0,0,,,206.3,2.14,0,2,32.7,0,[H]C1=C(C2=NC([H])([H])C([H])([H])C([H])([H])C2([H])[H])C([H])([H])C([H])([H])C([H])([H])N1C(=O)C([H])([H])[H]
857,SANC00970,SANC00970_minRM1.pdb,,no_queried_motif,no queried electrophilic motif present,,,,0,0,0,,,208.3,1.65,1,2,32.3,0,[H]C1=C([C@]2([H])N([H])C([H])([H])C([H])([H])C([H])([H])C2([H])[H])C([H])([H])C([H])([H])C([H])([H])N1C(=O)C([H])([H])[H]
858,SANC00971,SANC00971_minRM1.pdb,,no_queried_motif,no queried electrophilic motif present,,,,0,0,0,,,180.3,1.23,0,2,32.7,0,[H]C(=O)N1C([H])([H])C([H])([H])C([H])([H])C([H])([H])[C@@]1([H])C1=NC([H])([H])C([H])([H])C1([H])[H]
859,SANC00972,SANC00972_minRM1.pdb,,no_queried_motif,no queried electrophilic motif present,,,,0,0,0,,,222.3,2.0,0,2,23.6,0,[H]C1=C([C@]2([H])N(C([H])([H])[H])C([H])([H])C([H])([H])C([H])([H])C2([H])[H])C([H])([H])C([H])([H])C([H])([H])N1C(=O)C([H])([H])[H]
860,SANC00973,SANC00973_minRM1.pdb,,no_queried_motif,no queried electrophilic motif present,,,,0,0,0,,,300.4,4.96,1,2,37.3,0,[H]OC(=O)[C@]1(C([H])([H])[H])C([H])([H])C([H])([H])C([H])([H])[C@@]2(C([H])([H])[H])C3=C([H])[C@@]4([H])C([H])([H])C(=C([H])[H])C([H])([H])[C@]3(C([H])([H])C([H])([H])[C@@]12[H])C4([H])[H]
861,SANC00974,SANC00974_minRM1.pdb,,no_queried_motif,no queried electrophilic motif present,,,,0,0,0,,,300.3,2.59,3,6,100.1,3,[H]Oc1c([H])c([H])c(-c2oc3c([H])c(O[H])c([H])c(O[H])c3c(=O)c2OC([H])([H])[H])c([H])c1[H]
862,SANC00975,SANC00975_minRM1.pdb,,no_queried_motif,no queried electrophilic motif present,,,,0,0,0,,,284.3,2.88,2,5,79.9,3,[H]Oc1c([H])c(O[H])c2c(=O)c([H])c(-c3c([H])c([H])c(OC([H])([H])[H])c([H])c3[H])oc2c1[H]
863,SANC00976,SANC00976_minRM1.pdb,,no_queried_motif,no queried electrophilic motif present,,,,0,0,0,,,488.7,5.03,4,5,98.0,0,[H]OC(=O)[C@]12C([H])([H])C([H])([H])[C@@]([H])(C([H])([H])[H])[C@]([H])(C([H])([H])[H])[C@@]1([H])C1=C([H])C([H])([H])[C@@]3([H])[C@@](C([H])([H])[H])(C([H])([H])C([H])([H])[C@@]4([H])[C@](C([H])([H])[H])(C([H])([H])O[H])[C@@]([H])(O[H])[C@]([H])(O[H])C([H])([H])[C@]34C([H])([H])[H])[C@]1(C([H])([H])[H])C([H])([H])C2([H])[H]
864,SANC00977,SANC00977_minRM1.pdb,,no_queried_motif,no queried electrophilic motif present,,,,0,0,0,,,470.7,6.97,1,3,46.5,0,[H]OC([H])([H])[C@]1(C([H])([H])[H])C([H])([H])C([H])([H])[C@@]2(C([H])([H])[H])C([H])([H])C([H])([H])[C@@]3(C([H])([H])[H])C(=C([H])[C@@]([H])(OC([H])([H])[H])[C@]4([H])[C@]5(C([H])([H])[H])C([H])([H])C([H])([H])C(=O)C(C([H])([H])[H])(C([H])([H])[H])[C@@]5([H])C([H])([H])C([H])([H])[C@]34C([H])([H])[H])[C@@]2([H])C1([H])[H]
865,SANC00978,SANC00978_minRM1.pdb,,no_queried_motif,no queried electrophilic motif present,,,,0,0,0,,,272.3,2.67,1,5,68.9,3,[H]Oc1c([H])c([H])c2oc3c([H])c([H])c(OC([H])([H])[H])c([H])c3c(=O)c2c1OC([H])([H])[H]
866,SANC00979,SANC00979_minRM1.pdb,,no_queried_motif,no queried electrophilic motif present,,,,0,0,0,,,258.2,2.37,2,5,79.9,3,[H]Oc1c([H])c([H])c(O[H])c2c(=O)c3c([H])c(OC([H])([H])[H])c([H])c([H])c3oc12
867,SANC00980,SANC00980_minRM1.pdb,,no_queried_motif,no queried electrophilic motif present,,,,0,0,0,,catechol_A(92),316.3,2.29,4,7,120.4,3,[H]Oc1c([H])c([H])c(-c2oc3c([H])c(O[H])c([H])c(O[H])c3c(=O)c2OC([H])([H])[H])c([H])c1O[H]
868,SANC00981,SANC00981_minRM1.pdb,,no_queried_motif,no queried electrophilic motif present,,,,0,0,0,,,476.7,5.71,3,4,69.9,0,[H]OC(C([H])([H])[H])(C([H])([H])[H])[C@]1([H])O[C@](C([H])([H])[H])([C@@]2([H])C([H])([H])C([H])([H])[C@@]3(C([H])([H])[H])[C@]4(C([H])([H])[H])C([H])([H])C([H])([H])[C@@]5([H])C(C([H])([H])[H])(C([H])([H])[H])[C@]([H])(O[H])C([H])([H])C([H])([H])[C@]5(C([H])([H])[H])[C@@]4([H])C([H])([H])[C@@]([H])(O[H])[C@]23[H])C([H])([H])C1([H])[H]
869,SANC00982,SANC00982_minRM1.pdb,,no_queried_motif,no queried electrophilic motif present,,,,0,0,0,,,328.3,3.19,1,6,78.1,3,[H]Oc1c(OC([H])([H])[H])c(OC([H])([H])[H])c([H])c2oc(-c3c([H])c([H])c(OC([H])([H])[H])c([H])c3[H])c([H])c(=O)c12
870,SANC00983,SANC00983_minRM1.pdb,,no_queried_motif,no queried electrophilic motif present,,,,0,0,0,,,456.7,7.23,2,3,57.5,0,[H]OC(=O)[C@]12C([H])([H])C([H])([H])C(C([H])([H])[H])(C([H])([H])[H])C([H])([H])[C@@]1([H])C1=C([H])C([H])([H])[C@]3([H])[C@@]4(C([H])([H])[H])C([H])([H])C([H])([H])[C@]([H])(O[H])C(C([H])([H])[H])(C([H])([H])[H])[C@]4([H])C([H])([H])C([H])([H])[C@@]3(C([H])([H])[H])[C@]1(C([H])([H])[H])C([H])([H])C2([H])[H]
871,SANC00984,SANC00984_minRM1.pdb,QAIPRVGONGVQAS-DUXPYHPUSA-N,retained,at least one site passes the beta-hydrogen or retained-ring rule,,ab_unsat_carbonyl:1,"ab_unsat_carbonyl[6,7,8,9]",1,1,1,1,catechol_A(92),180.2,1.2,3,4,77.8,1,[H]OC(=O)/C([H])=C(\[H])c1c([H])c([H])c(O[H])c(O[H])c1[H]
872,SANC00985,SANC00985_minRM1.pdb,,no_queried_motif,no queried electrophilic motif present,,,,0,0,0,,catechol_A(92),360.4,3.91,2,5,76.0,1,[H]Oc1c(O[H])c2c(c([H])c1C([H])(C([H])([H])[H])C([H])([H])[H])[C@@]([H])(OC([H])([H])[H])[C@@]1([H])OC(=O)[C@@]23C([H])([H])C([H])([H])C([H])([H])C(C([H])([H])[H])(C([H])([H])[H])[C@]13[H]
873,SANC00986,SANC00986_minRM1.pdb,,no_queried_motif,no queried electrophilic motif present,,,,0,0,0,,,248.2,2.41,4,6,99.4,2,[H]Oc1c([H])c(O[H])c2c(c1[H])Oc1c(O[H])c([H])c(O[H])c([H])c1O2
874,SANC00987,SANC00987_minRM1.pdb,,no_queried_motif,no queried electrophilic motif present,,,,0,0,0,,,303.4,0.92,1,5,62.3,1,[H]OC([H])([H])[C@@]([H])(C(=O)O[C@]1([H])C([H])([H])[C@]2([H])N(C([H])([H])[H])[C@]([H])(C1([H])[H])[C@@]1([H])O[C@]12[H])c1c([H])c([H])c([H])c([H])c1[H]
875,SANC00988,SANC00988_minRM1.pdb,,no_queried_motif,no queried electrophilic motif present,,,,0,0,0,,,289.4,1.93,1,4,49.8,1,[H]OC([H])([H])[C@]([H])(C(=O)O[C@]1([H])C([H])([H])[C@@]2([H])N(C([H])([H])[H])[C@]([H])(C([H])([H])C2([H])[H])C1([H])[H])c1c([H])c([H])c([H])c([H])c1[H]
876,SANC00992,SANC00992_minRM1.pdb,,no_queried_motif,no queried electrophilic motif present,,,,0,0,0,,catechol_A(92),286.2,2.28,4,6,111.1,3,[H]Oc1c([H])c([H])c(-c2oc3c([H])c(O[H])c([H])c(O[H])c3c(=O)c2[H])c([H])c1O[H]
877,SANC00993,SANC00993_minRM1.pdb,,no_queried_motif,no queried electrophilic motif present,,,,0,0,0,,,266.3,4.0,2,2,40.5,2,[H]Oc1c([H])c([H])c(C([H])([H])C(=C([H])[H])C(=C([H])[H])C([H])([H])c2c([H])c([H])c(O[H])c([H])c2[H])c([H])c1[H]
878,SANC00994,SANC00994_minRM1.pdb,KNEQPJSDSYNUHP-NRTWXSFBSA-N,retained,at least one site passes the beta-hydrogen or retained-ring rule,,ab_unsat_carbonyl:1;exo_methylene_carbonyl:1,"ab_unsat_carbonyl[17,16,14,15];exo_methylene_carbonyl[17,16,14,15]",2,1,1,1,,264.3,1.49,2,4,66.8,0,[H]O[C@]1([H])C(=C([H])[H])C([H])([H])[C@]2([H])OC(=O)C(=C([H])[H])[C@]2([H])[C@]([H])(O[H])/C([H])=C(/C([H])([H])[H])C([H])([H])C1([H])[H]
879,SANC00995,SANC00995_minRM1.pdb,HHWOKJDCJVESIF-JBCDFXQESA-N,retained,at least one site passes the beta-hydrogen or retained-ring rule,,ab_unsat_carbonyl:1,"ab_unsat_carbonyl[17,18,19,20]",1,1,1,1,,316.4,5.08,1,3,50.4,1,[H]OC(=O)C1=C([H])C([H])([H])C([H])([H])[C@@]2([H])[C@@]1(C([H])([H])[H])C([H])([H])C([H])([H])[C@@]([H])(C([H])([H])[H])[C@]2(C([H])([H])[H])C([H])([H])C([H])([H])c1c([H])oc([H])c1[H]
880,SANC00996,SANC00996_minRM1.pdb,,no_queried_motif,no queried electrophilic motif present,,,,0,0,0,,catechol_A(92),578.5,3.0,10,12,220.8,4,[H]Oc1c([H])c(O[H])c2c(c1[H])O[C@]([H])(c1c([H])c([H])c(O[H])c(O[H])c1[H])[C@]([H])(O[H])[C@@]2([H])c1c(O[H])c([H])c(O[H])c2c1O[C@]([H])(c1c([H])c([H])c(O[H])c(O[H])c1[H])[C@@]([H])(O[H])C2([H])[H]
881,SANC00997,SANC00997_minRM1.pdb,,no_queried_motif,no queried electrophilic motif present,,,,0,0,0,,catechol_A(92),458.4,2.23,8,11,197.4,3,[H]Oc1c([H])c(O[H])c2c(c1[H])O[C@]([H])(c1c([H])c(O[H])c(O[H])c(O[H])c1[H])[C@]([H])(OC(=O)c1c([H])c(O[H])c(O[H])c(O[H])c1[H])C2([H])[H]
882,SANC00998,SANC00998_minRM1.pdb,,no_queried_motif,no queried electrophilic motif present,,,,0,0,0,,,314.3,2.89,2,6,89.1,3,[H]Oc1c([H])c([H])c(-c2oc3c([H])c(OC([H])([H])[H])c(OC([H])([H])[H])c(O[H])c3c(=O)c2[H])c([H])c1[H]
883,SANC00999,SANC00999_minRM1.pdb,QBXXZMDYXQHARQ-LDUVGVLHSA-N,retained,at least one site passes the beta-hydrogen or retained-ring rule,,ab_unsat_carbonyl:1,"ab_unsat_carbonyl[1,2,19,20]",1,1,1,1,,351.4,0.16,2,7,96.3,0,[H]O[C@@]1([H])[C@]2([H])C3=C([H])C([H])([H])N2C([H])([H])[C@@]1([H])OC(=O)/C(=C(\[H])C([H])([H])[H])C([H])([H])[C@@]([H])(C([H])([H])[H])[C@](O[H])(C([H])([H])[H])C(=O)OC3([H])[H]
884,SANC01000,SANC01000_minRM1.pdb,VDHBZYVHRJQOLV-SNBGCRMMSA-N,failed_selection_rule,every matched site has a fully substituted beta-carbon and no retained ring motif,,ab_unsat_carbonyl:1,"ab_unsat_carbonyl[3,4,5,6]",1,1,0,1,,335.4,1.19,1,6,76.1,0,[H]O[C@@]1(C([H])([H])[H])C(=O)OC([H])([H])C2=C([H])C([H])([H])N3C([H])([H])C([H])([H])[C@@]([H])(OC(=O)/C([H])=C(/C([H])([H])[H])C([H])([H])[C@@]1([H])C([H])([H])[H])[C@@]23[H]
885,SANC01001,SANC01001_minRM1.pdb,KVRQGMOSZKPBNS-FMHLWDFHSA-N,retained,at least one site passes the beta-hydrogen or retained-ring rule,,ab_unsat_carbonyl:1,"ab_unsat_carbonyl[28,27,25,26]",1,1,1,1,,494.5,-1.2,6,11,175.4,1,[H]OC([H])([H])[C@@]1([H])O[C@@]([H])(O[C@]2([H])OC([H])=C([H])[C@]3(O[H])[C@@]2([H])[C@](OC(=O)/C([H])=C(\[H])c2c([H])c([H])c([H])c([H])c2[H])(C([H])([H])[H])C([H])([H])[C@@]3([H])O[H])[C@]([H])(O[H])[C@@]([H])(O[H])[C@]1([H])O[H]
886,SANC01002,SANC01002_minRM1.pdb,,no_queried_motif,no queried electrophilic motif present,,,,0,0,0,,,364.3,-3.46,7,10,169.3,0,[H]OC([H])([H])[C@@]1([H])O[C@@]([H])(O[C@]2([H])OC([H])=C([H])[C@]3(O[H])[C@@]2([H])[C@](O[H])(C([H])([H])[H])C([H])([H])[C@@]3([H])O[H])[C@]([H])(O[H])[C@@]([H])(O[H])[C@]1([H])O[H]
887,SANC01003,SANC01003_minRM1.pdb,,no_queried_motif,no queried electrophilic motif present,,,,0,0,0,,,424.7,8.23,0,1,17.1,0,[H]C([H])=C(C([H])([H])[H])[C@]1([H])C([H])([H])C([H])([H])[C@]2(C([H])([H])[H])C([H])([H])C([H])([H])[C@]3(C([H])([H])[H])[C@]([H])(C([H])([H])C([H])([H])[C@]4([H])[C@@]5(C([H])([H])[H])C([H])([H])C([H])([H])C(=O)C(C([H])([H])[H])(C([H])([H])[H])[C@]5([H])C([H])([H])C([H])([H])[C@]43C([H])([H])[H])[C@]21[H]
888,SANC01004,SANC01004_minRM1.pdb,,no_queried_motif,no queried electrophilic motif present,,,,0,0,0,,,310.3,3.54,2,5,79.9,3,[H]Oc1c([H])c([H])c([H])c2c(=O)c3c(O[H])c([H])c4c(c3oc12)C([H])=C([H])C(C([H])([H])[H])(C([H])([H])[H])O4
889,SANC01005,SANC01005_minRM1.pdb,,no_queried_motif,no queried electrophilic motif present,,,,0,0,0,,catechol_A(92),326.3,3.25,3,6,100.1,3,[H]Oc1c([H])c([H])c2c(=O)c3c(O[H])c([H])c4c(c3oc2c1O[H])C([H])=C([H])C(C([H])([H])[H])(C([H])([H])[H])O4
890,SANC01006,SANC01006_minRM1.pdb,,no_queried_motif,no queried electrophilic motif present,,,,0,0,0,,,426.7,8.48,1,1,20.2,0,[H]O[C@@]1([H])C([H])([H])C([H])([H])[C@]2(C([H])([H])[H])C3=C(C([H])([H])C([H])([H])[C@@]2([H])C1(C([H])([H])[H])C([H])([H])[H])[C@@]1(C([H])([H])[H])C([H])([H])C([H])([H])[C@@]([H])([C@]([H])(C([H])([H])[H])C([H])([H])C([H])([H])C([H])=C(C([H])([H])[H])C([H])([H])[H])[C@]1(C([H])([H])[H])C([H])([H])C3([H])[H]
891,SANC01007,SANC01007_minRM1.pdb,,no_queried_motif,no queried electrophilic motif present,,,,0,0,0,,,412.7,7.8,1,1,20.2,0,[H]O[C@]1([H])C([H])([H])C2=C([H])C([H])([H])[C@@]3([H])[C@]4([H])C([H])([H])C([H])([H])[C@]([H])([C@@]([H])(/C([H])=C(\[H])[C@@]([H])(C([H])([H])C([H])([H])[H])C([H])(C([H])([H])[H])C([H])([H])[H])C([H])([H])[H])[C@@]4(C([H])([H])[H])C([H])([H])C([H])([H])[C@]3([H])[C@@]2(C([H])([H])[H])C([H])([H])C1([H])[H]
892,SANC01008,SANC01008_minRM1.pdb,,no_queried_motif,no queried electrophilic motif present,,,,0,0,0,,catechol_A(92),434.4,0.1,7,11,190.3,3,[H]Oc1c([H])c([H])c(-c2oc3c([H])c(O[H])c([H])c(O[H])c3c(=O)c2O[C@]2([H])O[C@@]([H])(C([H])([H])O[H])[C@]([H])(O[H])[C@@]2([H])O[H])c([H])c1O[H]
893,SANC01009,SANC01009_minRM1.pdb,,no_queried_motif,no queried electrophilic motif present,,,,0,0,0,,catechol_A(92),184.1,0.59,3,5,87.0,1,[H]Oc1c([H])c(C(=O)OC([H])([H])[H])c([H])c(O[H])c1O[H]
894,SANC01010,SANC01010_minRM1.pdb,PSQYTAPXSHCGMF-BQYQJAHWSA-N,retained,at least one site passes the beta-hydrogen or retained-ring rule,,ab_unsat_carbonyl:1,"ab_unsat_carbonyl[9,10,11,12]",1,1,1,1,,192.3,3.66,0,1,17.1,0,[H]/C(C(=O)C([H])([H])[H])=C(/[H])C1=C(C([H])([H])[H])C([H])([H])C([H])([H])C([H])([H])C1(C([H])([H])[H])C([H])([H])[H]
895,SANC01011,SANC01011_minRM1.pdb,WVCHIGAIXREVNS-UHFFFAOYSA-N,failed_selection_rule,every matched site has a fully substituted beta-carbon and no retained ring motif,,ab_unsat_carbonyl:1,"ab_unsat_carbonyl[6,7,8,9]",1,1,0,1,imine_one_A(321),174.2,1.35,1,3,54.4,1,[H]OC1=C([H])C(=O)C(=O)c2c([H])c([H])c([H])c([H])c21
896,SANC01012,SANC01012_minRM1.pdb,,no_queried_motif,no queried electrophilic motif present,,,,0,0,0,,,178.1,1.2,2,4,70.7,2,[H]Oc1c([H])c(O[H])c2c(=O)c([H])c([H])oc2c1[H]
897,SANC01014,SANC01014_minRM1.pdb,,no_queried_motif,no queried electrophilic motif present,,,,0,0,0,,,302.3,2.93,2,5,76.0,2,[H]Oc1c([H])c(OC([H])([H])[H])c([H])c(O[H])c1C(=O)C([H])([H])C([H])([H])c1c([H])c([H])c(OC([H])([H])[H])c([H])c1[H]
898,SANC01015,SANC01015_minRM1.pdb,,no_queried_motif,no queried electrophilic motif present,,,,0,0,0,,,272.3,2.92,2,4,66.8,2,[H]Oc1c([H])c(OC([H])([H])[H])c([H])c(O[H])c1C(=O)C([H])([H])C([H])([H])c1c([H])c([H])c([H])c([H])c1[H]
899,SANC01016,SANC01016_minRM1.pdb,,no_queried_motif,no queried electrophilic motif present,,,,0,0,0,,,288.3,2.63,3,5,87.0,2,[H]Oc1c([H])c([H])c(C([H])([H])C([H])([H])C(=O)c2c(O[H])c([H])c(OC([H])([H])[H])c([H])c2O[H])c([H])c1[H]
900,SANC01017,SANC01017_minRM1.pdb,,no_queried_motif,no queried electrophilic motif present,,,,0,0,0,,,314.3,2.35,2,6,93.1,2,[H]Oc1c([H])c(O[H])c2c(c1[H])O[C@]([H])(c1c([H])c([H])c([H])c([H])c1[H])[C@@]([H])(OC(=O)C([H])([H])[H])C2=O
901,SANC01018,SANC01018_minRM1.pdb,,no_queried_motif,no queried electrophilic motif present,,,,0,0,0,,,274.3,3.32,0,4,48.7,2,[H]C(=C(C([H])([H])[H])C([H])([H])[H])C([H])([H])c1c(OC([H])([H])[H])c([H])c2oc(=O)c([H])c([H])c2c1OC([H])([H])[H]
902,SANC01019,SANC01019_minRM1.pdb,,no_queried_motif,no queried electrophilic motif present,,,,0,0,0,,,290.3,2.53,0,5,61.2,2,[H]c1c([H])c2c(OC([H])([H])[H])c(C([H])([H])[C@]3([H])OC3(C([H])([H])[H])C([H])([H])[H])c(OC([H])([H])[H])c([H])c2oc1=O
903,SANC01020,SANC01020_minRM1.pdb,,no_queried_motif,no queried electrophilic motif present,,,,0,0,0,,,220.2,2.12,0,4,48.7,2,[H]c1c(OC([H])([H])[H])c([H])c2oc(=O)c([H])c(C([H])([H])[H])c2c1OC([H])([H])[H]
904,SANC01021,SANC01021_minRM1.pdb,,no_queried_motif,no queried electrophilic motif present,,,,0,0,0,,,274.3,3.32,0,4,48.7,2,[H]C(=C(C([H])([H])[H])C([H])([H])[H])C([H])([H])c1c(OC([H])([H])[H])c(OC([H])([H])[H])c([H])c2c([H])c([H])c(=O)oc12
905,SANC01022,SANC01022_minRM1.pdb,,no_queried_motif,no queried electrophilic motif present,,,,0,0,0,,,290.3,2.29,1,5,68.9,2,[H]O[C@@]([H])(C(=C([H])[H])C([H])([H])[H])C([H])([H])c1c(OC([H])([H])[H])c([H])c2oc(=O)c([H])c([H])c2c1OC([H])([H])[H]
906,SANC01023,SANC01023_minRM1.pdb,,no_queried_motif,no queried electrophilic motif present,,,,0,0,0,,,118.1,-0.06,2,4,74.6,0,[H]OC(=O)C([H])([H])C([H])([H])C(=O)O[H]
907,SANC01024,SANC01024_minRM1.pdb,,no_queried_motif,no queried electrophilic motif present,,,,0,0,0,,,90.1,-0.55,2,3,57.5,0,[H]OC(=O)[C@@]([H])(O[H])C([H])([H])[H]
908,SANC01025,SANC01025_minRM1.pdb,,no_queried_motif,no queried electrophilic motif present,,,,0,0,0,,catechol_A(92),126.1,0.8,3,3,60.7,1,[H]Oc1c([H])c([H])c([H])c(O[H])c1O[H]
909,SANC01026,SANC01026_minRM1.pdb,JYVIPMPFQGQYKW-UHFFFAOYSA-N,retained,at least one site passes the beta-hydrogen or retained-ring rule,,ab_unsat_carbonyl:4;para_quinone:1,"ab_unsat_carbonyl[1,2,3,4];ab_unsat_carbonyl[2,1,7,8];ab_unsat_carbonyl[5,6,7,8];ab_unsat_carbonyl[6,5,3,4];para_quinone[4,3,2,1,7,8,6,5]",5,2,2,2,quinone_A(370),190.2,2.37,0,2,34.1,0,[H]C1=C(C([H])([H])[H])C(=O)C(C([H])([H])C([H])=C(C([H])([H])[H])C([H])([H])[H])=C([H])C1=O
910,SANC01027,SANC01027_minRM1.pdb,,no_queried_motif,no queried electrophilic motif present,,,,0,0,0,,,296.5,6.36,1,1,20.2,0,[H]OC([H])([H])/C([H])=C(\C([H])([H])[H])C([H])([H])C([H])([H])C([H])([H])[C@]([H])(C([H])([H])[H])C([H])([H])C([H])([H])C([H])([H])[C@]([H])(C([H])([H])[H])C([H])([H])C([H])([H])C([H])([H])C([H])(C([H])([H])[H])C([H])([H])[H]
911,SANC01028,SANC01028_minRM1.pdb,,no_queried_motif,no queried electrophilic motif present,,,,0,0,0,,,190.2,2.88,1,2,29.5,1,[H]Oc1c([H])c2c(c(C([H])([H])[H])c1[H])OC(C([H])([H])[H])(C([H])([H])[H])C([H])=C2[H]
912,SANC01029,SANC01029_minRM1.pdb,,no_queried_motif,no queried electrophilic motif present,,,,0,0,0,,,620.6,-0.76,6,13,205.6,1,[H]O[C@@]1([H])[C@@]2([H])O[C@@]([H])(C([H])([H])[H])[C@@]([H])(O[H])[C@]1(OC([H])([H])[H])O[C@]1([H])C([H])=C3[C@](C([H])([H])[H])(C([H])([H])[C@@]1([H])O2)[C@]1([H])[C@@](O[H])(C([H])([H])[C@@]3([H])O[H])[C@@]2(O[H])C([H])([H])C([H])([H])[C@]([H])(c3c([H])oc(=O)c([H])c3[H])[C@@]2(C([H])([H])[H])C(=O)[C@@]1([H])O[H]
913,SANC01030,SANC01030_minRM1.pdb,,no_queried_motif,no queried electrophilic motif present,,,,0,0,0,,,312.3,3.49,0,5,57.9,3,[H]c1c([H])c([H])c(-c2oc3c([H])c([H])c(OC([H])([H])[H])c([H])c3c(=O)c2OC([H])([H])[H])c(OC([H])([H])[H])c1[H]
914,SANC01031,SANC01031_minRM1.pdb,,no_queried_motif,no queried electrophilic motif present,,,,0,0,0,,,342.3,3.49,0,6,67.1,3,[H]c1c([H])c(OC([H])([H])[H])c(-c2oc3c([H])c([H])c(OC([H])([H])[H])c(OC([H])([H])[H])c3c(=O)c2[H])c(OC([H])([H])[H])c1[H]
915,SANC01032,SANC01032_minRM1.pdb,,no_queried_motif,no queried electrophilic motif present,,,,0,0,0,,,538.5,5.13,6,10,181.8,6,[H]Oc1c([H])c([H])c(-c2oc3c(-c4c([H])c(-c5oc6c([H])c(O[H])c([H])c(O[H])c6c(=O)c5[H])c([H])c([H])c4O[H])c(O[H])c([H])c(O[H])c3c(=O)c2[H])c([H])c1[H]
916,SANC01033,SANC01033_minRM1.pdb,,no_queried_motif,no queried electrophilic motif present,,,,0,0,0,,,578.5,-1.18,7,14,218.0,3,[H]Oc1c([H])c([H])c(-c2oc3c([H])c(OC([H])([H])[H])c([H])c(O[C@]4([H])O[C@]([H])(C([H])([H])O[C@]5([H])OC([H])([H])[C@@]([H])(O[H])[C@]([H])(O[H])[C@@]5([H])O[H])[C@@]([H])(O[H])[C@]([H])(O[H])[C@@]4([H])O[H])c3c(=O)c2[H])c([H])c1[H]
917,SANC01034,SANC01034_minRM1.pdb,,no_queried_motif,no queried electrophilic motif present,,,,0,0,0,,,291.4,2.19,1,4,41.9,1,[H]O[C@]1([H])C([H])([H])C([H])([H])[C@@]2(c3c([H])c([H])c(OC([H])([H])[H])c(OC([H])([H])[H])c3[H])C([H])([H])C([H])([H])N(C([H])([H])[H])[C@@]2([H])C1([H])[H]
918,SANC01035,SANC01035_minRM1.pdb,,no_queried_motif,no queried electrophilic motif present,,,,0,0,0,,,289.4,2.4,0,4,38.8,1,[H]c1c([H])c([C@@]23C([H])([H])C([H])([H])C(=O)C([H])([H])[C@]2([H])N(C([H])([H])[H])C([H])([H])C3([H])[H])c([H])c(OC([H])([H])[H])c1OC([H])([H])[H]
919,SANC01036,SANC01036_minRM1.pdb,HDNHBCSWFYFPAN-IRXDYDNUSA-N,retained,at least one site passes the beta-hydrogen or retained-ring rule,,ab_unsat_carbonyl:1,"ab_unsat_carbonyl[10,9,7,8]",1,1,1,1,,287.4,2.17,0,4,38.8,1,[H]C1=C([H])[C@@]2(c3c([H])c([H])c(OC([H])([H])[H])c(OC([H])([H])[H])c3[H])C([H])([H])C([H])([H])N(C([H])([H])[H])[C@@]2([H])C([H])([H])C1=O
920,SANC01037,SANC01037_minRM1.pdb,,no_queried_motif,no queried electrophilic motif present,,,,0,0,0,,,426.7,8.17,1,1,20.2,0,[H]O[C@@]1([H])C([H])([H])C([H])([H])[C@@]2(C([H])([H])[H])[C@@]([H])(C([H])([H])C([H])([H])[C@@]3(C([H])([H])[H])[C@@]4(C([H])([H])[H])C(=C([H])C([H])([H])[C@]23[H])[C@]2([H])C([H])([H])C(C([H])([H])[H])(C([H])([H])[H])C([H])([H])C([H])([H])[C@]2(C([H])([H])[H])C([H])([H])C4([H])[H])C1(C([H])([H])[H])C([H])([H])[H]
921,SANC01038,SANC01038_minRM1.pdb,,no_queried_motif,no queried electrophilic motif present,,,,0,0,0,,,290.5,5.74,0,1,9.2,0,[H]C([H])=C([H])[C@]1(C([H])([H])[H])O[C@@]2(C([H])([H])[H])C([H])([H])C([H])([H])[C@]3([H])C(C([H])([H])[H])(C([H])([H])[H])C([H])([H])C([H])([H])C([H])([H])[C@@]3(C([H])([H])[H])[C@]2([H])C([H])([H])C1([H])[H]
922,SANC01039,SANC01039_minRM1.pdb,,no_queried_motif,no queried electrophilic motif present,,,,0,0,0,,,220.4,3.86,1,1,20.2,0,[H]O[C@@]1([H])C(=C([H])[H])C([H])([H])C([H])([H])[C@@]([H])(C([H])(C([H])([H])[H])C([H])([H])[H])/C([H])=C(/[H])C(=C([H])[H])C([H])([H])C1([H])[H]
923,SANC01040,SANC01040_minRM1.pdb,CCRCUPLGCSFEDV-BQYQJAHWSA-N,retained,at least one site passes the beta-hydrogen or retained-ring rule,,ab_unsat_carbonyl:1,"ab_unsat_carbonyl[5,4,2,3]",1,1,1,1,,162.2,1.87,0,2,26.3,1,[H]/C(C(=O)OC([H])([H])[H])=C(/[H])c1c([H])c([H])c([H])c([H])c1[H]
924,SANC01041,SANC01041_minRM1.pdb,,no_queried_motif,no queried electrophilic motif present,,,,0,0,0,,,470.5,3.14,0,8,104.6,1,[H]c1oc([H])c([C@]2([H])OC(=O)[C@@]3([H])O[C@]34[C@]3(C([H])([H])[H])C(=O)C([H])([H])[C@@]5([H])C(C([H])([H])[H])(C([H])([H])[H])O[C@@]6([H])C([H])([H])C(=O)OC([H])([H])[C@@]56[C@@]3([H])C([H])([H])C([H])([H])[C@]42C([H])([H])[H])c1[H]
925,SANC01042,SANC01042_minRM1.pdb,,no_queried_motif,no queried electrophilic motif present,,,,0,0,0,,,418.4,3.21,2,8,95.8,2,[H]Oc1c(OC([H])([H])[H])c([H])c([C@]2([H])OC([H])([H])[C@@]3([H])[C@]2([H])C([H])([H])O[C@]3([H])c2c([H])c(OC([H])([H])[H])c(O[H])c(OC([H])([H])[H])c2[H])c([H])c1OC([H])([H])[H]
926,SANC01043,SANC01043_minRM1.pdb,,no_queried_motif,no queried electrophilic motif present,,,,0,0,0,,,302.3,2.52,3,6,96.2,2,[H]Oc1c([H])c(O[H])c2c(c1[H])O[C@]([H])(c1c([H])c([H])c(OC([H])([H])[H])c(O[H])c1[H])C([H])([H])C2=O
927,SANC01044,SANC01044_minRM1.pdb,NGSWKAQJJWESNS-ZZXKWVIFSA-N,duplicate_motif_hit,identical InChIKey to an earlier motif-bearing record,SANC00469,ab_unsat_carbonyl:1,"ab_unsat_carbonyl[6,7,8,9]",1,1,0,1,,164.2,1.49,2,3,57.5,1,[H]OC(=O)/C([H])=C(\[H])c1c([H])c([H])c(O[H])c([H])c1[H]
928,SANC01045,SANC01045_minRM1.pdb,,no_queried_motif,no queried electrophilic motif present,,,,0,0,0,,,259.3,3.01,0,5,53.7,3,[H]c1oc2nc3c(OC([H])([H])[H])c(OC([H])([H])[H])c([H])c([H])c3c(OC([H])([H])[H])c2c1[H]
929,SANC01046,SANC01046_minRM1.pdb,,no_queried_motif,no queried electrophilic motif present,,,,0,0,0,,,338.6,6.93,0,2,26.3,0,[H]/C(=C(/C([H])([H])[H])C([H])([H])C([H])([H])C([H])([H])[C@]([H])(C([H])([H])[H])C([H])([H])C([H])([H])C([H])([H])[C@]([H])(C([H])([H])[H])C([H])([H])C([H])([H])C([H])([H])C([H])(C([H])([H])[H])C([H])([H])[H])C([H])([H])OC(=O)C([H])([H])[H]
930,SANC01047,SANC01047_minRM1.pdb,,no_queried_motif,no queried electrophilic motif present,,,,0,0,0,,,460.5,4.41,4,8,133.5,2,[H]Oc1c(C(=O)C([H])(C([H])([H])[H])C([H])([H])[H])c(OC([H])([H])[H])c(C([H])([H])[H])c(O[H])c1C([H])([H])c1c(O[H])c(C(=O)C([H])(C([H])([H])[H])C([H])([H])[H])c(OC([H])([H])[H])c(C([H])([H])[H])c1O[H]
931,SANC01048,SANC01048_minRM1.pdb,,no_queried_motif,no queried electrophilic motif present,,,,0,0,0,,,438.8,10.92,1,1,20.2,0,[H]OC([H])([H])C([H])([H])C([H])([H])C([H])([H])C([H])([H])C([H])([H])C([H])([H])C([H])([H])C([H])([H])C([H])([H])C([H])([H])C([H])([H])C([H])([H])C([H])([H])C([H])([H])C([H])([H])C([H])([H])C([H])([H])C([H])([H])C([H])([H])C([H])([H])C([H])([H])C([H])([H])C([H])([H])C([H])([H])C([H])([H])C([H])([H])C([H])([H])C([H])([H])C([H])([H])[H]
932,SANC01049,SANC01049_minRM1.pdb,DHSFJZHHJGPZGG-HCYJAHFRSA-N,retained,at least one site passes the beta-hydrogen or retained-ring rule,,ab_unsat_carbonyl:1,"ab_unsat_carbonyl[30,29,27,28]",1,1,1,1,,702.7,-1.1,8,16,263.1,3,[H]Oc1c([H])c([H])c(/C([H])=C(\[H])C(=O)O[C@]2([H])[C@@]([H])(O[H])[C@]([H])(O[H])[C@@]([H])(C([H])([H])O[H])O[C@@]2([H])c2c(O[C@]3([H])O[C@]([H])(C([H])([H])O[H])[C@@]([H])(O[H])[C@]([H])(O[H])[C@@]3([H])O[H])c([H])c(C([H])([H])[H])c3c(=O)c([H])c(C([H])([H])C(=O)C([H])([H])[H])oc23)c([H])c1[H]
933,SANC01050,SANC01050_minRM1.pdb,,no_queried_motif,no queried electrophilic motif present,,,,0,0,0,,,606.6,-2.09,10,14,239.2,2,[H]Oc1c([H])c(C#CC([H])([H])/C([H])=C(\[H])c2c([H])c([H])c(O[C@]3([H])O[C@]([H])(C([H])([H])O[H])[C@@]([H])(O[H])[C@]([H])(O[H])[C@@]3([H])O[H])c(O[H])c2[H])c([H])c([H])c1O[C@@]1([H])O[C@@]([H])(C([H])([H])O[H])[C@]([H])(O[H])[C@@]([H])(O[H])[C@]1([H])O[H]
934,SANC01051,SANC01051_minRM1.pdb,,no_queried_motif,no queried electrophilic motif present,,,,0,0,0,,,256.3,1.63,1,6,74.2,1,[H]Oc1c(OC([H])([H])[H])c(OC([H])([H])[H])c(OC([H])([H])[H])c(OC([H])([H])[H])c1C(=O)C([H])([H])[H]
935,SANC01052,SANC01052_minRM1.pdb,,no_queried_motif,no queried electrophilic motif present,,,,0,0,0,,,226.2,1.62,1,5,65.0,1,[H]Oc1c([H])c(OC([H])([H])[H])c(OC([H])([H])[H])c(OC([H])([H])[H])c1C(=O)C([H])([H])[H]
936,SANC01053,SANC01053_minRM1.pdb,,no_queried_motif,no queried electrophilic motif present,,,,0,0,0,,,228.4,4.77,1,2,37.3,0,[H]OC(=O)C([H])([H])C([H])([H])C([H])([H])C([H])([H])C([H])([H])C([H])([H])C([H])([H])C([H])([H])C([H])([H])C([H])([H])C([H])([H])C([H])([H])C([H])([H])[H]
937,SANC01054,SANC01054_minRM1.pdb,,no_queried_motif,no queried electrophilic motif present,,,,0,0,0,,,546.7,3.5,2,8,81.7,2,[H]O[C@@]12O[C@]34C(=C([H])[C@@]5(c6c([H])c([H])c(OC([H])([H])[H])c(OC([H])([H])[H])c6[H])C([H])([H])C([H])([H])N([H])[C@@]5([H])C3([H])[H])[C@@]([H])(C1([H])[H])[C@]1(c3c([H])c([H])c(OC([H])([H])[H])c(OC([H])([H])[H])c3[H])C([H])([H])C([H])([H])N4[C@]1([H])C2([H])[H]
938,SANC01055,SANC01055_minRM1.pdb,ULDHMXUKGWMISQ-VIFPVBQESA-N,retained,at least one site passes the beta-hydrogen or retained-ring rule,,ab_unsat_carbonyl:1,"ab_unsat_carbonyl[2,1,6,7]",1,1,1,1,,150.2,2.49,0,1,17.1,0,[H]C([H])=C(C([H])([H])[H])[C@]1([H])C([H])([H])C(=O)C(C([H])([H])[H])=C([H])C1([H])[H]
939,SANC01056,SANC01056_minRM1.pdb,ULDHMXUKGWMISQ-SECBINFHSA-N,retained,at least one site passes the beta-hydrogen or retained-ring rule,,ab_unsat_carbonyl:1,"ab_unsat_carbonyl[2,1,6,7]",1,1,1,1,,150.2,2.49,0,1,17.1,0,[H]C([H])=C(C([H])([H])[H])[C@@]1([H])C([H])([H])C(=O)C(C([H])([H])[H])=C([H])C1([H])[H]
940,SANC01057,SANC01057_minRM1.pdb,IRPIRROHIISGKY-AREMUKBSSA-N,failed_selection_rule,every matched site has a fully substituted beta-carbon and no retained ring motif,,ab_unsat_carbonyl:2,"ab_unsat_carbonyl[10,9,7,8];ab_unsat_carbonyl[10,9,12,13]",2,1,0,1,,424.5,5.49,2,5,83.8,1,[H]OC1=C(C(=O)C([H])([H])C([H])([H])c2c([H])c([H])c([H])c([H])c2[H])C(=O)[C@@](OC([H])([H])[H])(C([H])([H])C([H])=C(C([H])([H])[H])C([H])([H])[H])C(O[H])=C1C([H])([H])C([H])=C(C([H])([H])[H])C([H])([H])[H]
941,SANC01058,SANC01058_minRM1.pdb,,no_queried_motif,no queried electrophilic motif present,,,,0,0,0,,catechol_A(92),326.0,3.16,2,3,49.7,1,[H]Oc1c([H])c(C([H])([H])OC([H])([H])C([H])([H])[H])c(Br)c(Br)c1O[H]
942,SANC01059,SANC01059_minRM1.pdb,,no_queried_motif,no queried electrophilic motif present,,,,0,0,0,,,281.5,5.51,1,1,43.1,0,[H]/C(=C(\[H])C([H])([H])C([H])([H])C([H])([H])C([H])([H])C([H])([H])C([H])([H])C([H])([H])C([H])([H])[H])C([H])([H])C([H])([H])C([H])([H])C([H])([H])C([H])([H])C([H])([H])C([H])([H])C(=O)N([H])[H]
943,SANC01060,SANC01060_minRM1.pdb,,no_queried_motif,no queried electrophilic motif present,,,,0,0,0,,,206.2,1.82,2,4,70.7,2,[H]Oc1c([H])c(O[H])c2c(=O)c([H])c(C([H])([H])[H])oc2c1C([H])([H])[H]
944,SANC01061,SANC01061_minRM1.pdb,,no_queried_motif,no queried electrophilic motif present,,,,0,0,0,,catechol_A(92),448.4,-0.24,7,11,190.3,3,[H]Oc1c([H])c([H])c(-c2oc3c([H])c(O[H])c([H])c(O[C@]4([H])O[C@]([H])(C([H])([H])O[H])[C@@]([H])(O[H])[C@]([H])(O[H])[C@@]4([H])O[H])c3c(=O)c2[H])c([H])c1O[H]
945,SANC01062,SANC01062_minRM1.pdb,,no_queried_motif,no queried electrophilic motif present,,,,0,0,0,,,282.3,2.39,0,5,54.0,0,[H]C([H])([H])[C@@]12OO[C@@]34[C@]([H])(OC(=O)[C@]([H])(C([H])([H])[H])[C@]3([H])C([H])([H])C([H])([H])[C@@]([H])(C([H])([H])[H])[C@]4([H])C([H])([H])C1([H])[H])O2
946,SANC01063,SANC01063_minRM1.pdb,,no_queried_motif,no queried electrophilic motif present,,,,0,0,0,,,154.3,2.67,1,1,20.2,0,[H]OC([H])([H])/C([H])=C(\C([H])([H])[H])C([H])([H])C([H])([H])C([H])=C(C([H])([H])[H])C([H])([H])[H]
947,SANC01064,SANC01064_minRM1.pdb,,no_queried_motif,no queried electrophilic motif present,,,,0,0,0,,,154.3,2.67,1,1,20.2,0,[H]OC([H])([H])/C([H])=C(/C([H])([H])[H])C([H])([H])C([H])([H])C([H])=C(C([H])([H])[H])C([H])([H])[H]
948,SANC01065,SANC01065_minRM1.pdb,,no_queried_motif,no queried electrophilic motif present,,,,0,0,0,,,136.2,3.0,0,0,0.0,0,[H]C([H])=C1C([H])([H])C([H])([H])[C@@]2([H])C([H])([H])[C@]1([H])C2(C([H])([H])[H])C([H])([H])[H]
949,SANC01066,SANC01066_minRM1.pdb,,no_queried_motif,no queried electrophilic motif present,,,,0,0,0,,,222.4,3.78,1,1,20.2,0,[H]O[C@]1(C([H])([H])[H])C([H])([H])C([H])([H])[C@@]([H])(C([H])(C([H])([H])[H])C([H])([H])[H])[C@]2([H])C([H])=C(C([H])([H])[H])C([H])([H])C([H])([H])[C@@]12[H]
950,SANC01067,SANC01067_minRM1.pdb,WLWAYPFRKDSFCL-CNMJWYMJSA-N,retained,at least one site passes the beta-hydrogen or retained-ring rule,,ab_unsat_carbonyl:1,"ab_unsat_carbonyl[18,17,15,16]",1,1,1,1,,652.6,-0.41,7,15,223.3,2,[H]Oc1c([H])c([H])c(/C([H])=C(\[H])C(=O)O[C@@]2([H])[C@]([H])(O[C@]3([H])O[C@@]([H])(C([H])([H])[H])[C@]([H])(O[H])[C@@]([H])(O[H])[C@@]3([H])O[H])[C@@]([H])(O[H])[C@]([H])(OC([H])([H])C([H])([H])c3c([H])c([H])c(OC([H])([H])[H])c(O[H])c3[H])O[C@]2([H])C([H])([H])O[H])c([H])c1OC([H])([H])[H]
951,SANC01068,SANC01068_minRM1.pdb,,no_queried_motif,no queried electrophilic motif present,,,,0,0,0,,,432.4,0.09,7,10,181.0,3,[H]Oc1c([H])c([H])c(-c2c([H])oc3c([C@]4([H])O[C@]([H])(C([H])([H])O[H])[C@@]([H])(O[H])[C@]([H])(O[H])[C@@]4([H])O[H])c(O[H])c([H])c(O[H])c3c2=O)c([H])c1[H]
952,SANC01072,SANC01072_minRM1.pdb,,no_queried_motif,no queried electrophilic motif present,,,,0,0,0,,,274.4,4.55,1,2,37.3,0,[H]OC(=O)C([H])([H])C([H])([H])C([H])([H])C([H])([H])C([H])([H])C([H])([H])C([H])([H])C#CC#C/C([H])=C(\[H])C([H])([H])C([H])([H])C([H])([H])C([H])([H])[H]
953,SANC01073,SANC01073_minRM1.pdb,,no_queried_motif,no queried electrophilic motif present,,,,0,0,0,,,278.4,5.33,1,2,37.3,0,[H]OC(=O)C([H])([H])C([H])([H])C([H])([H])C([H])([H])C([H])([H])C([H])([H])C([H])([H])C#C/C([H])=C(\[H])C([H])([H])C([H])([H])C([H])([H])C([H])([H])C([H])([H])C([H])([H])[H]
954,SANC01074,SANC01074_minRM1.pdb,PIGLOISSVVAGBD-NHQGMKOOSA-N,retained,at least one site passes the beta-hydrogen or retained-ring rule,,ab_unsat_carbonyl:1,"ab_unsat_carbonyl[32,31,29,30]",1,1,1,1,,586.9,12.12,1,4,55.8,1,[H]Oc1c([H])c([H])c(/C([H])=C(\[H])C(=O)OC([H])([H])C([H])([H])C([H])([H])C([H])([H])C([H])([H])C([H])([H])C([H])([H])C([H])([H])C([H])([H])C([H])([H])C([H])([H])C([H])([H])C([H])([H])C([H])([H])C([H])([H])C([H])([H])C([H])([H])C([H])([H])C([H])([H])C([H])([H])C([H])([H])C([H])([H])C([H])([H])C([H])([H])C([H])([H])C([H])([H])C([H])([H])C([H])([H])[H])c([H])c1OC([H])([H])[H]
955,SANC01075,SANC01075_minRM1.pdb,BMVJFNLJSZHNNS-YUDFMKBLSA-N,retained,at least one site passes the beta-hydrogen or retained-ring rule,,ab_unsat_carbonyl:3;exo_methylene_carbonyl:1,"ab_unsat_carbonyl[1,2,4,5];ab_unsat_carbonyl[13,12,10,11];ab_unsat_carbonyl[20,19,21,22];exo_methylene_carbonyl[20,19,21,22]",4,3,2,1,,374.4,1.53,1,7,99.1,0,[H]OC([H])([H])/C1=C(\[H])[C@@]2([H])OC(=O)C(=C([H])[H])[C@]2([H])[C@@]([H])(OC(=O)/C(=C(/[H])C([H])([H])[H])C([H])([H])[H])C([H])([H])[C@@]2(C([H])([H])[H])OC1=C([H])C2=O
956,SANC01076,SANC01076_minRM1.pdb,LEMMNOMGQFFVKL-LFPYARDOSA-N,retained,at least one site passes the beta-hydrogen or retained-ring rule,,ab_unsat_carbonyl:3;exo_methylene_carbonyl:1,"ab_unsat_carbonyl[1,2,4,5];ab_unsat_carbonyl[13,12,10,11];ab_unsat_carbonyl[21,20,22,23];exo_methylene_carbonyl[21,20,22,23]",4,3,2,1,,374.4,1.52,1,7,99.1,0,[H]O[C@]1([H])C(=C([H])[H])C2=C([H])C(=O)[C@](C([H])([H])[H])(O2)C([H])([H])[C@]([H])(OC(=O)/C(=C(/[H])C([H])([H])[H])C([H])([H])[H])[C@@]2([H])C(=C([H])[H])C(=O)O[C@@]21[H]
957,SANC01077,SANC01077_minRM1.pdb,,no_queried_motif,no queried electrophilic motif present,,,,0,0,0,,,246.3,1.87,1,4,59.7,2,[H]OC(C([H])([H])[H])(C([H])([H])[H])[C@@]1([H])Oc2c(c([H])c3c([H])c([H])c(=O)oc3c2[H])C1([H])[H]
958,SANC01078,SANC01078_minRM1.pdb,,no_queried_motif,no queried electrophilic motif present,,,,0,0,0,,,426.7,8.02,1,1,20.2,0,[H]O[C@@]1([H])C([H])([H])C([H])([H])[C@]2([H])C(=C([H])C([H])([H])[C@]3([H])[C@@]4(C([H])([H])[H])C([H])([H])C([H])([H])[C@]5(C([H])([H])[H])[C@@]([H])(C([H])(C([H])([H])[H])C([H])([H])[H])C([H])([H])C([H])([H])[C@@]5([H])[C@]4(C([H])([H])[H])C([H])([H])C([H])([H])[C@]32C([H])([H])[H])C1(C([H])([H])[H])C([H])([H])[H]
959,SANC01079,SANC01079_minRM1.pdb,,no_queried_motif,no queried electrophilic motif present,,,,0,0,0,,,264.3,1.17,3,5,90.9,2,[H]Oc1c(C([H])([H])[C@@]([H])(O[H])C(O[H])(C([H])([H])[H])C([H])([H])[H])c([H])c2c([H])c([H])c(=O)oc2c1[H]
960,SANC01080,SANC01080_minRM1.pdb,,no_queried_motif,no queried electrophilic motif present,,,,0,0,0,,,426.7,8.02,1,1,20.2,0,[H]O[C@@]1([H])C([H])([H])C([H])([H])[C@@]2(C([H])([H])[H])[C@@]([H])(C([H])([H])C([H])([H])[C@]3(C([H])([H])[H])[C@]2([H])C([H])([H])C([H])([H])[C@]2([H])[C@@]4(C([H])([H])[H])C([H])([H])C([H])([H])[C@]([H])(C(=C([H])[H])C([H])([H])[H])[C@]4([H])C([H])([H])C([H])([H])[C@]23C([H])([H])[H])C1(C([H])([H])[H])C([H])([H])[H]
961,SANC01081,SANC01081_minRM1.pdb,,no_queried_motif,no queried electrophilic motif present,,,,0,0,0,,,468.8,8.6,0,2,26.3,0,[H]C1=C2[C@@](C([H])([H])[H])(C([H])([H])C([H])([H])[C@@]3(C([H])([H])[H])C([H])([H])C([H])([H])[C@@]([H])(C([H])([H])[H])[C@]([H])(C([H])([H])[H])[C@@]23[H])[C@]2(C([H])([H])[H])C([H])([H])C([H])([H])[C@@]3([H])C(C([H])([H])[H])(C([H])([H])[H])[C@@]([H])(OC(=O)C([H])([H])[H])C([H])([H])C([H])([H])[C@]3(C([H])([H])[H])[C@@]2([H])C1([H])[H]
962,SANC01082,SANC01082_minRM1.pdb,MAGQQZHFHJDIRE-BNFZFUHLSA-N,retained,at least one site passes the beta-hydrogen or retained-ring rule,,ab_unsat_carbonyl:1,"ab_unsat_carbonyl[7,8,9,10]",1,1,1,1,,223.4,3.45,1,1,29.1,0,[H]/C(C(=O)N([H])C([H])([H])C([H])(C([H])([H])[H])C([H])([H])[H])=C([H])\C([H])=C(/[H])C([H])([H])C([H])([H])C([H])([H])C([H])([H])C([H])([H])[H]
963,SANC01083,SANC01083_minRM1.pdb,,no_queried_motif,no queried electrophilic motif present,,,,0,0,0,,,436.4,-0.16,8,10,188.1,2,[H]Oc1c([H])c([H])c(C([H])([H])C([H])([H])C(=O)c2c(O[H])c([H])c(O[H])c([C@]3([H])O[C@]([H])(C([H])([H])O[H])[C@@]([H])(O[H])[C@]([H])(O[H])[C@@]3([H])O[H])c2O[H])c([H])c1[H]
964,SANC01084,SANC01084_minRM1.pdb,,no_queried_motif,no queried electrophilic motif present,,,,0,0,0,,,372.4,-1.11,5,9,138.1,1,[H]OC([H])([H])/C([H])=C(\[H])c1c([H])c(OC([H])([H])[H])c(O[C@]2([H])O[C@]([H])(C([H])([H])O[H])[C@@]([H])(O[H])[C@]([H])(O[H])[C@@]2([H])O[H])c(OC([H])([H])[H])c1[H]
965,SANC01085,SANC01085_minRM1.pdb,,no_queried_motif,no queried electrophilic motif present,,,,0,0,0,,catechol_A(92),610.5,-1.69,10,16,269.4,3,[H]Oc1c([H])c([H])c(-c2oc3c([H])c(O[H])c([H])c(O[H])c3c(=O)c2O[C@]2([H])O[C@]([H])(C([H])([H])O[C@]3([H])O[C@@]([H])(C([H])([H])[H])[C@]([H])(O[H])[C@@]([H])(O[H])[C@@]3([H])O[H])[C@@]([H])(O[H])[C@]([H])(O[H])[C@@]2([H])O[H])c([H])c1O[H]
966,SANC01086,SANC01086_minRM1.pdb,,no_queried_motif,no queried electrophilic motif present,,,,0,0,0,,,432.4,0.09,7,10,181.0,3,[H]Oc1c([H])c([H])c(-c2oc3c([C@]4([H])O[C@]([H])(C([H])([H])O[H])[C@@]([H])(O[H])[C@]([H])(O[H])[C@@]4([H])O[H])c(O[H])c([H])c(O[H])c3c(=O)c2[H])c([H])c1[H]
967,SANC01087,SANC01087_minRM1.pdb,,no_queried_motif,no queried electrophilic motif present,,,,0,0,0,,,432.4,0.09,7,10,181.0,3,[H]Oc1c([H])c([H])c(-c2oc3c([H])c(O[H])c([C@]4([H])O[C@]([H])(C([H])([H])O[H])[C@@]([H])(O[H])[C@]([H])(O[H])[C@@]4([H])O[H])c(O[H])c3c(=O)c2[H])c([H])c1[H]
968,SANC01088,SANC01088_minRM1.pdb,,no_queried_motif,no queried electrophilic motif present,,,,0,0,0,,catechol_A(92),452.4,-0.45,9,11,208.4,2,[H]Oc1c([H])c([H])c(C([H])([H])C([H])([H])C(=O)c2c(O[H])c([H])c(O[H])c([C@]3([H])O[C@]([H])(C([H])([H])O[H])[C@@]([H])(O[H])[C@]([H])(O[H])[C@@]3([H])O[H])c2O[H])c([H])c1O[H]
969,SANC01089,SANC01089_minRM1.pdb,,no_queried_motif,no queried electrophilic motif present,,,,0,0,0,,,478.4,0.5,7,12,199.5,3,[H]Oc1c([H])c(-c2oc3c([H])c(O[H])c([H])c(O[H])c3c(=O)c2O[C@]2([H])O[C@@]([H])(C([H])([H])[H])[C@]([H])(O[H])[C@@]([H])(O[H])[C@@]2([H])O[H])c([H])c(O[H])c1OC([H])([H])[H]
970,SANC01090,SANC01090_minRM1.pdb,CWVRJTMFETXNAD-JUHZACGLSA-N,retained,at least one site passes the beta-hydrogen or retained-ring rule,,ab_unsat_carbonyl:1,"ab_unsat_carbonyl[14,13,11,12]",1,1,1,1,catechol_A(92),354.3,-0.65,6,9,164.8,1,[H]OC(=O)[C@]1(O[H])C([H])([H])[C@@]([H])(O[H])[C@@]([H])(O[H])[C@]([H])(OC(=O)/C([H])=C(\[H])c2c([H])c([H])c(O[H])c(O[H])c2[H])C1([H])[H]
971,SANC01091,SANC01091_minRM1.pdb,,no_queried_motif,no queried electrophilic motif present,,,,0,0,0,,,434.4,2.92,2,10,126.1,3,[H]Oc1c(OC([H])([H])[H])c(O[H])c2c(=O)c(OC([H])([H])[H])c(-c3c([H])c(OC([H])([H])[H])c(OC([H])([H])[H])c(OC([H])([H])[H])c3[H])oc2c1OC([H])([H])[H]
972,SANC01092,SANC01092_minRM1.pdb,,no_queried_motif,no queried electrophilic motif present,,,,0,0,0,,,374.3,2.91,2,8,107.6,3,[H]Oc1c(OC([H])([H])[H])c(O[H])c2c(=O)c(OC([H])([H])[H])c(-c3c([H])c([H])c(OC([H])([H])[H])c([H])c3[H])oc2c1OC([H])([H])[H]
973,SANC01093,SANC01093_minRM1.pdb,,no_queried_motif,no queried electrophilic motif present,,,,0,0,0,,,542.5,3.95,6,10,174.0,4,[H]Oc1c([H])c([H])c([C@@]2([H])c3c(O[H])c([H])c(O[H])c([H])c3OC(=O)[C@@]2([H])[C@]2([H])C(=O)Oc3c([H])c(O[H])c([H])c(O[H])c3[C@]2([H])c2c([H])c([H])c(O[H])c([H])c2[H])c([H])c1[H]
974,SANC01094,SANC01094_minRM1.pdb,,no_queried_motif,no queried electrophilic motif present,,,,0,0,0,,,323.3,2.9,0,5,40.2,2,[H]c1c2c(c([H])c3c1-c1c4c(c([H])c5c1[C@@]([H])(N(C([H])([H])[H])C([H])([H])C5([H])[H])C3([H])[H])OC([H])([H])O4)OC([H])([H])O2
975,SANC01095,SANC01095_minRM1.pdb,,no_queried_motif,no queried electrophilic motif present,,,,0,0,0,,,238.2,1.22,2,6,89.1,2,[H]Oc1c(OC([H])([H])[H])c(O[H])c2oc(=O)c([H])c([H])c2c1OC([H])([H])[H]
976,SANC01097,SANC01097_minRM1.pdb,,no_queried_motif,no queried electrophilic motif present,,,,0,0,0,,,200.3,3.99,1,2,37.3,0,[H]OC(=O)C([H])([H])C([H])([H])C([H])([H])C([H])([H])C([H])([H])C([H])([H])C([H])([H])C([H])([H])C([H])([H])C([H])([H])C([H])([H])[H]
977,SANC01098,SANC01098_minRM1.pdb,,no_queried_motif,no queried electrophilic motif present,,,,0,0,0,,,280.5,5.88,1,2,37.3,0,[H]OC(=O)C([H])([H])C([H])([H])C([H])([H])C([H])([H])C([H])([H])C([H])([H])C([H])([H])/C([H])=C(/[H])C([H])([H])/C([H])=C(/[H])C([H])([H])C([H])([H])C([H])([H])C([H])([H])C([H])([H])[H]
978,SANC01099,SANC01099_minRM1.pdb,,no_queried_motif,no queried electrophilic motif present,,,,0,0,0,,,418.4,0.39,6,10,170.0,3,[H]Oc1c([H])c([H])c(-c2oc3c([H])c(O[H])c([H])c(O[H])c3c(=O)c2O[C@]2([H])OC([H])([H])[C@]([H])(O[H])[C@]([H])(O[H])[C@@]2([H])O[H])c([H])c1[H]
979,SANC01100,SANC01100_minRM1.pdb,,no_queried_motif,no queried electrophilic motif present,,,,0,0,0,,,164.2,1.7,1,2,29.5,1,[H]OC([H])([H])/C([H])=C(\[H])c1c([H])c([H])c(OC([H])([H])[H])c([H])c1[H]
980,SANC01101,SANC01101_minRM1.pdb,,no_queried_motif,no queried electrophilic motif present,,,,0,0,0,,,325.4,2.84,1,5,49.0,2,[H]c1c2c(c([H])c3c1-c1c(OC([H])([H])[H])c(OC([H])([H])[H])c([H])c4c1[C@@]([H])(N([H])C([H])([H])C4([H])[H])C3([H])[H])OC([H])([H])O2
981,SANC01102,SANC01102_minRM1.pdb,,no_queried_motif,no queried electrophilic motif present,,,,0,0,0,,,265.3,2.83,1,3,30.5,2,[H]c1c([H])c([H])c2c(c1[H])-c1c3c(c([H])c4c1[C@]([H])(N([H])C([H])([H])C4([H])[H])C2([H])[H])OC([H])([H])O3
982,SANC01103,SANC01103_minRM1.pdb,,no_queried_motif,no queried electrophilic motif present,,,,0,0,0,,,267.3,2.81,2,3,41.5,2,[H]Oc1c([H])c2c3c(c1OC([H])([H])[H])-c1c([H])c([H])c([H])c([H])c1C([H])([H])[C@@]3([H])N([H])C([H])([H])C2([H])[H]
983,SANC01104,SANC01104_minRM1.pdb,HKZQJZIFODOLFR-UHFFFAOYSA-N,failed_selection_rule,every matched site has a fully substituted beta-carbon and no retained ring motif,,ab_unsat_carbonyl:2,"ab_unsat_carbonyl[1,2,3,4];ab_unsat_carbonyl[6,5,3,4]",2,2,0,1,,150.2,2.63,0,1,17.1,0,[H]C1=C(C([H])([H])[H])C([H])([H])C([H])([H])C(=C(C([H])([H])[H])C([H])([H])[H])C1=O
984,SANC01105,SANC01105_minRM1.pdb,,no_queried_motif,no queried electrophilic motif present,,,,0,0,0,,,410.7,10.6,0,0,0.0,0,[H]C(=C(C([H])([H])[H])C([H])([H])[H])C([H])([H])C([H])([H])/C(=C(\[H])C([H])([H])C([H])([H])/C(=C(\[H])C([H])([H])C([H])([H])/C([H])=C(\C([H])([H])[H])C([H])([H])C([H])([H])/C([H])=C(\C([H])([H])[H])C([H])([H])C([H])([H])C([H])=C(C([H])([H])[H])C([H])([H])[H])C([H])([H])[H])C([H])([H])[H]
985,SANC01106,SANC01106_minRM1.pdb,,no_queried_motif,no queried electrophilic motif present,,,,0,0,0,,,454.7,7.3,1,3,54.4,0,[H]OC(=O)[C@@]12C([H])([H])C([H])([H])[C@]3(C([H])([H])[H])[C@]([H])(C([H])([H])C([H])([H])[C@]4([H])[C@@]5(C([H])([H])[H])C([H])([H])C([H])([H])C(=O)C(C([H])([H])[H])(C([H])([H])[H])[C@]5([H])C([H])([H])C([H])([H])[C@]43C([H])([H])[H])[C@@]1([H])[C@]([H])(C(=C([H])[H])C([H])([H])[H])C([H])([H])C2([H])[H]
986,SANC01107,SANC01107_minRM1.pdb,,no_queried_motif,no queried electrophilic motif present,,,,0,0,0,,,412.7,7.8,1,1,20.2,0,[H]O[C@@]1([H])C([H])([H])C([H])([H])[C@@]2(C([H])([H])[H])[C@@]([H])(C([H])([H])C([H])=C3[C@]2([H])C([H])([H])C([H])([H])[C@]2(C([H])([H])[H])[C@@]([H])([C@@]([H])(/C([H])=C(\[H])[C@@]([H])(C([H])([H])C([H])([H])[H])C([H])(C([H])([H])[H])C([H])([H])[H])C([H])([H])[H])C([H])([H])C([H])([H])[C@@]32[H])C1([H])[H]
987,SANC01108,SANC01108_minRM1.pdb,,no_queried_motif,no queried electrophilic motif present,,,,0,0,0,,,440.7,7.21,1,2,37.3,0,[H]OC([H])([H])[C@@]12C([H])([H])C([H])([H])[C@]3(C([H])([H])[H])[C@]([H])(C([H])([H])C([H])([H])[C@]4([H])[C@@]5(C([H])([H])[H])C([H])([H])C([H])([H])C(=O)C(C([H])([H])[H])(C([H])([H])[H])[C@]5([H])C([H])([H])C([H])([H])[C@]43C([H])([H])[H])[C@@]1([H])[C@]([H])(C(=C([H])[H])C([H])([H])[H])C([H])([H])C2([H])[H]
988,SANC01109,SANC01109_minRM1.pdb,,no_queried_motif,no queried electrophilic motif present,,,,0,0,0,,catechol_A(92),346.4,3.26,3,5,87.0,1,[H]Oc1c(O[H])c2c(c([H])c1C([H])(C([H])([H])[H])C([H])([H])[H])[C@]([H])(O[H])[C@@]1([H])OC(=O)[C@@]23C([H])([H])C([H])([H])C([H])([H])C(C([H])([H])[H])(C([H])([H])[H])[C@]13[H]
989,SANC01110,SANC01110_minRM1.pdb,,no_queried_motif,no queried electrophilic motif present,,,,0,0,0,,,426.7,8.17,1,1,20.2,0,[H]O[C@@]1([H])C([H])([H])C([H])([H])[C@@]2(C([H])([H])[H])[C@@]([H])(C([H])([H])C([H])([H])[C@@]3(C([H])([H])[H])C4=C([H])C([H])([H])[C@@]5(C([H])([H])[H])C([H])([H])C([H])([H])C(C([H])([H])[H])(C([H])([H])[H])C([H])([H])[C@@]5([H])[C@]4(C([H])([H])[H])C([H])([H])C([H])([H])[C@@]32[H])C1(C([H])([H])[H])C([H])([H])[H]
990,SANC01111,SANC01111_minRM1.pdb,,no_queried_motif,no queried electrophilic motif present,,,,0,0,0,,,440.8,8.82,0,1,9.2,0,[H]C1=C2[C@@](C([H])([H])[H])(C([H])([H])C([H])([H])[C@@]3([H])[C@@]2(C([H])([H])[H])C([H])([H])C([H])([H])[C@@]2([H])C(C([H])([H])[H])(C([H])([H])[H])[C@@]([H])(OC([H])([H])[H])C([H])([H])C([H])([H])[C@@]23C([H])([H])[H])[C@]2([H])C([H])([H])C(C([H])([H])[H])(C([H])([H])[H])C([H])([H])C([H])([H])[C@]2(C([H])([H])[H])C1([H])[H]
991,SANC01112,SANC01112_minRM1.pdb,WLZPAFGVOWCVMG-FPYGCLRLSA-N,retained,at least one site passes the beta-hydrogen or retained-ring rule,,ab_unsat_carbonyl:1,"ab_unsat_carbonyl[6,7,8,9]",1,1,1,1,,322.4,2.95,4,3,85.4,3,[H]Oc1c([H])c([H])c(/C([H])=C(\[H])C(=O)N([H])C([H])([H])C([H])([H])c2c([H])n([H])c3c([H])c([H])c(O[H])c([H])c23)c([H])c1[H]
992,SANC01113,SANC01113_minRM1.pdb,,no_queried_motif,no queried electrophilic motif present,,,,0,0,0,,,294.3,-0.62,2,6,91.8,0,[H]O[C@]1([H])[C@]2([H])OC(=O)[C@@]([H])([C@]2([H])C(=C([H])[H])C([H])([H])[H])[C@]2(O[H])[C@@]3([H])O[C@@]3([H])[C@@]3(OC3([H])[H])[C@]12C([H])([H])[H]
993,SANC01114,SANC01114_minRM1.pdb,,no_queried_motif,no queried electrophilic motif present,,,,0,0,0,,,310.3,-1.5,3,7,112.1,0,[H]O[C@]1([H])[C@]2([H])OC(=O)[C@@]([H])([C@@]2(O[H])C(=C([H])[H])C([H])([H])[H])[C@]2(O[H])[C@@]3([H])O[C@@]3([H])[C@@]3(OC3([H])[H])[C@]12C([H])([H])[H]
994,SANC01115,SANC01115_minRM1.pdb,,no_queried_motif,no queried electrophilic motif present,,,,0,0,0,,,468.8,8.6,0,2,26.3,0,[H]C([H])=C(C([H])([H])[H])[C@]1([H])C([H])([H])C([H])([H])[C@]2(C([H])([H])[H])C([H])([H])C([H])([H])[C@]3(C([H])([H])[H])[C@]([H])(C([H])([H])C([H])([H])[C@]4([H])[C@@]5(C([H])([H])[H])C([H])([H])C([H])([H])[C@]([H])(OC(=O)C([H])([H])[H])C(C([H])([H])[H])(C([H])([H])[H])[C@]5([H])C([H])([H])C([H])([H])[C@]43C([H])([H])[H])[C@]21[H]
995,SANC01116,SANC01116_minRM1.pdb,,no_queried_motif,no queried electrophilic motif present,,,,0,0,0,,,442.7,7.14,2,2,40.5,0,[H]OC(/C([H])=C(\[H])C([H])([H])[C@@]([H])(C([H])([H])[H])[C@@]1([H])C([H])([H])C([H])([H])[C@@]2(C([H])([H])[H])[C@]3([H])C([H])([H])C([H])([H])[C@@]4([H])C(C([H])([H])[H])(C([H])([H])[H])[C@@]([H])(O[H])C([H])([H])C([H])([H])[C@@]45C([H])([H])[C@@]35C([H])([H])C([H])([H])[C@]12C([H])([H])[H])(C([H])([H])[H])C([H])([H])[H]
996,SANC01117,SANC01117_minRM1.pdb,,no_queried_motif,no queried electrophilic motif present,,,,0,0,0,,,298.3,3.18,1,5,68.9,3,[H]Oc1c([H])c([H])c2c(=O)c(-c3c([H])c([H])c(OC([H])([H])[H])c([H])c3[H])c([H])oc2c1OC([H])([H])[H]
997,SANC01118,SANC01118_minRM1.pdb,,no_queried_motif,no queried electrophilic motif present,,,,0,0,0,,,284.3,2.88,2,5,79.9,3,[H]Oc1c([H])c(OC([H])([H])[H])c([H])c(-c2c([H])oc3c([H])c(O[H])c([H])c([H])c3c2=O)c1[H]
998,SANC01119,SANC01119_minRM1.pdb,,no_queried_motif,no queried electrophilic motif present,,,,0,0,0,,catechol_A(92),442.4,2.53,7,10,177.1,3,[H]Oc1c([H])c(O[H])c2c(c1[H])O[C@@]([H])(c1c([H])c([H])c(O[H])c(O[H])c1[H])[C@@]([H])(OC(=O)c1c([H])c(O[H])c(O[H])c(O[H])c1[H])C2([H])[H]
999,SANC01120,SANC01120_minRM1.pdb,,no_queried_motif,no queried electrophilic motif present,,,,0,0,0,,catechol_A(92),314.3,2.89,2,6,89.1,3,[H]Oc1c(OC([H])([H])[H])c([H])c2oc(-c3c([H])c([H])c(OC([H])([H])[H])c([H])c3[H])c([H])c(=O)c2c1O[H]
1000,SANC01122,SANC01122_minRM1.pdb,,no_queried_motif,no queried electrophilic motif present,,,,0,0,0,,,166.2,1.6,1,3,46.5,1,[H]Oc1c([H])c([H])c(C(=O)C([H])([H])[H])c([H])c1OC([H])([H])[H]
1001,SANC01123,SANC01123_minRM1.pdb,JCIWPSFQZPISBN-BSKJHSHCSA-N,retained,at least one site passes the beta-hydrogen or retained-ring rule,,ab_unsat_carbonyl:1,"ab_unsat_carbonyl[38,37,35,36]",1,1,1,1,,671.1,14.46,1,4,55.8,1,[H]Oc1c([H])c([H])c(/C([H])=C(\[H])C(=O)OC([H])([H])C([H])([H])C([H])([H])C([H])([H])C([H])([H])C([H])([H])C([H])([H])C([H])([H])C([H])([H])C([H])([H])C([H])([H])C([H])([H])C([H])([H])C([H])([H])C([H])([H])C([H])([H])C([H])([H])C([H])([H])C([H])([H])C([H])([H])C([H])([H])C([H])([H])C([H])([H])C([H])([H])C([H])([H])C([H])([H])C([H])([H])C([H])([H])C([H])([H])C([H])([H])C([H])([H])C([H])([H])C([H])([H])C([H])([H])[H])c([H])c1OC([H])([H])[H]
1002,SANC01124,SANC01124_minRM1.pdb,,no_queried_motif,no queried electrophilic motif present,,,,0,0,0,,,414.6,5.71,1,3,38.7,0,[H]O[C@]1([H])C([H])([H])C2=C([H])C([H])([H])[C@@]3([H])[C@]4([H])C([H])([H])[C@]5([H])O[C@@]6(OC([H])([H])[C@]([H])(C([H])([H])[H])C([H])([H])C6([H])[H])[C@@]([H])(C([H])([H])[H])[C@]5([H])[C@@]4(C([H])([H])[H])C([H])([H])C([H])([H])[C@]3([H])[C@@]2(C([H])([H])[H])C([H])([H])C1([H])[H]
1003,SANC01125,SANC01125_minRM1.pdb,,no_queried_motif,no queried electrophilic motif present,,,,0,0,0,,,486.7,6.3,3,5,94.8,0,[H]OC(=O)[C@]1(C([H])([H])[H])C([H])([H])C([H])([H])[C@]2(C(=O)O[H])C([H])([H])C([H])([H])[C@]3(C([H])([H])[H])C(=C([H])C([H])([H])[C@]4([H])[C@@]5(C([H])([H])[H])C([H])([H])C([H])([H])[C@]([H])(O[H])C(C([H])([H])[H])(C([H])([H])[H])[C@]5([H])C([H])([H])C([H])([H])[C@@]34C([H])([H])[H])[C@]2([H])C1([H])[H]
1004,SANC01126,SANC01126_minRM1.pdb,GKMFOEIZCLMZDE-QXKUPLGCSA-N,retained,at least one site passes the beta-hydrogen or retained-ring rule,,ab_unsat_carbonyl:1;exo_methylene_carbonyl:1,"ab_unsat_carbonyl[17,16,18,19];exo_methylene_carbonyl[17,16,18,19]",2,1,1,1,,288.3,2.56,0,4,52.6,0,[H]C([H])=C1[C@]2([H])[C@@]3([H])OC(=O)C(=C([H])[H])[C@]3([H])C([H])([H])C([H])([H])C(=C([H])[H])[C@]2([H])C([H])([H])[C@]1([H])OC(=O)C([H])([H])[H]
1005,SANC01127,SANC01127_minRM1.pdb,,no_queried_motif,no queried electrophilic motif present,,,,0,0,0,,catechol_A(92),316.3,2.29,4,7,120.4,3,[H]Oc1c([H])c([H])c(-c2oc3c([H])c(OC([H])([H])[H])c(O[H])c(O[H])c3c(=O)c2[H])c([H])c1O[H]
1006,SANC01128,SANC01128_minRM1.pdb,,no_queried_motif,no queried electrophilic motif present,,,,0,0,0,,,857.4,13.05,3,7,105.5,0,[H]O[C@]1([H])[C@@]([H])(O[H])[C@]([H])(O[C@]2([H])C([H])([H])C3=C([H])C([H])([H])[C@@]4([H])[C@]5([H])C([H])([H])C([H])([H])[C@@]([H])([C@]([H])(C([H])([H])[H])C([H])([H])C([H])([H])[C@]([H])(C([H])([H])C([H])([H])[H])C([H])(C([H])([H])[H])C([H])([H])[H])[C@@]5(C([H])([H])[H])C([H])([H])C([H])([H])[C@]4([H])[C@@]3(C([H])([H])[H])C([H])([H])C2([H])[H])O[C@]([H])(C([H])([H])OC(=O)C([H])([H])C([H])([H])C([H])([H])C([H])([H])C([H])([H])C([H])([H])C([H])([H])C([H])([H])C([H])([H])C([H])([H])C([H])([H])C([H])([H])C([H])([H])C([H])([H])C([H])([H])C([H])([H])C([H])([H])C([H])([H])[H])[C@@]1([H])O[H]
1007,SANC01129,SANC01129_minRM1.pdb,,no_queried_motif,no queried electrophilic motif present,,,,0,0,0,,,576.9,5.85,4,6,99.4,0,[H]OC([H])([H])[C@@]1([H])O[C@@]([H])(O[C@]2([H])C([H])([H])C3=C([H])C([H])([H])[C@]4([H])[C@]([H])(C([H])([H])C([H])([H])[C@]5(C([H])([H])[H])[C@]([H])([C@@]([H])(C([H])([H])[H])C([H])([H])C([H])([H])[C@@]([H])(C([H])([H])C([H])([H])[H])C([H])(C([H])([H])[H])C([H])([H])[H])C([H])([H])C([H])([H])[C@]45[H])[C@@]3(C([H])([H])[H])C([H])([H])C2([H])[H])[C@]([H])(O[H])[C@@]([H])(O[H])[C@]1([H])O[H]
1008,SANC01130,SANC01130_minRM1.pdb,NETSQGRTUNRXEO-CRWXNKLISA-N,retained,at least one site passes the beta-hydrogen or retained-ring rule,,ab_unsat_carbonyl:1;exo_methylene_carbonyl:1,"ab_unsat_carbonyl[13,12,10,11];exo_methylene_carbonyl[13,12,10,11]",2,1,1,1,,230.3,3.02,0,2,26.3,0,[H]C([H])=C1C([H])([H])C([H])([H])[C@@]2([H])C(=C([H])[H])C([H])([H])C([H])([H])[C@]3([H])C(=C([H])[H])C(=O)O[C@]3([H])[C@@]12[H]
1009,SANC01131,SANC01131_minRM1.pdb,,no_queried_motif,no queried electrophilic motif present,,,,0,0,0,,catechol_A(92),316.3,2.29,4,7,120.4,3,[H]Oc1c([H])c([H])c(-c2oc3c([H])c(O[H])c(OC([H])([H])[H])c(O[H])c3c(=O)c2[H])c([H])c1O[H]
1010,SANC01132,SANC01132_minRM1.pdb,,no_queried_motif,no queried electrophilic motif present,,,,0,0,0,,,456.7,7.23,2,3,57.5,0,[H]OC(=O)[C@]12C([H])([H])C([H])([H])C(C([H])([H])[H])(C([H])([H])[H])C([H])([H])[C@@]1([H])C1=C([H])C([H])([H])[C@]3([H])[C@@]4(C([H])([H])[H])C([H])([H])C([H])([H])[C@]([H])(O[H])C(C([H])([H])[H])(C([H])([H])[H])[C@]4([H])C([H])([H])C([H])([H])[C@@]3(C([H])([H])[H])[C@]1(C([H])([H])[H])C([H])([H])C2([H])[H]
1011,SANC01133,SANC01133_minRM1.pdb,,no_queried_motif,no queried electrophilic motif present,,,,0,0,0,,,145.2,-0.86,2,4,60.8,0,[H]OC(=O)[C@]1([H])N(C([H])([H])[H])C([H])([H])[C@]([H])(O[H])C1([H])[H]
1012,SANC01134,SANC01134_minRM1.pdb,,no_queried_motif,no queried electrophilic motif present,,,,0,0,0,,catechol_A(92),374.5,4.3,2,5,76.0,1,[H]Oc1c(O[H])c2c(c([H])c1C([H])(C([H])([H])[H])C([H])([H])[H])[C@]([H])(OC([H])([H])C([H])([H])[H])[C@@]1([H])OC(=O)[C@@]23C([H])([H])C([H])([H])C([H])([H])C(C([H])([H])[H])(C([H])([H])[H])[C@]13[H]
