target,protocol,parent_id,prepared_state_id,prepared_record,formal_charge,stereo_descriptors,isomeric_smiles,heavy_atoms,pose_record_index,DockingScore,GlideScore,effective_state_penalty,epik_state_penalty,glide_emodel,glide_energy,source_job,source_sha256
FP2,primary_FP2_standardised,SANC01049,SANC01049_minRM1.pdb-1,259,0,C17:S;C18:R;C19:S;C20:S;C21:R;C40:S;C41:R;C42:S;C43:S;C44:R,OC[C@@H]1[C@@H](O)[C@H](O)[C@@H](O)[C@@H](O1)Oc(cc2C)c(c(c23)oc(cc3=O)CC(=O)C)[C@H](O4)[C@@H]([C@@H](O)[C@H](O)[C@H]4CO)OC(=O)/C=C/c5ccc(O)cc5,50,2,-9.77025391794391,-9.77085391794391,0.000600000000000378,0.0006,-70.6378603380337,-49.4921054840088,FP2_standard_xp_pv.maegz,4dc7e066e1aa58df1b670f2e35000d9bdbc28f4b5d51efbb32f1c36e8d01a576
FP2,primary_FP2_standardised,SANC00370,SANC00370_minRM1.pdb-1,83,0,C1:S;C3:R;C4:R;C6:R;C19:R;C22:R;C37:S;C39:R;C41:R;C43:R,c1cc(O)c(O)cc1\C=C\C(=O)O[C@H]([C@H]2CO)[C@H](O[C@H](O3)[C@H](O)[C@H](O)[C@@H](O)[C@@H]3C)[C@@H](O)[C@@H](O2)OCCc4cc(O)c(O)cc4,44,3,-8.54642795991969,-8.54642795991969,0.0,-0.0,-77.035376155452,-60.5187091827393,FP2_standard_xp_pv.maegz,4dc7e066e1aa58df1b670f2e35000d9bdbc28f4b5d51efbb32f1c36e8d01a576
FP2,primary_FP2_standardised,SANC01067,SANC01067_minRM1.pdb-1,262,0,C2:S;C3:R;C4:R;C5:R;C6:S;C9:R;C10:R;C11:R;C13:R;C14:R,c1cc(O)c(OC)cc1\C=C\C(=O)O[C@H]([C@H]2CO)[C@H](O[C@H](O3)[C@H](O)[C@H](O)[C@@H](O)[C@@H]3C)[C@@H](O)[C@@H](O2)OCCc4cc(O)c(cc4)OC,46,4,-8.12310617372954,-8.12310617372954,0.0,-0.0,-68.7000885009766,-55.1085510253906,FP2_standard_xp_pv.maegz,4dc7e066e1aa58df1b670f2e35000d9bdbc28f4b5d51efbb32f1c36e8d01a576
FP2,primary_FP2_standardised,SANC00964,SANC00964_minRM1.pdb-1,245,0,C17:S;C18:R;C19:S;C20:S;C21:R;C39:S;C40:R;C41:S;C42:S;C43:R,OC[C@@H]1[C@@H](O)[C@H](O)[C@@H](O)[C@@H](O1)Oc(cc2C)c(c(c23)oc(cc3=O)CC(=O)C)[C@H](O4)[C@@H]([C@@H](O)[C@H](O)[C@H]4CO)OC(=O)/C=C/c5ccccc5,49,5,-8.05786691981042,-8.05786691981042,0.0,-0.0,-74.2145674818872,-52.1227769851685,FP2_standard_xp_pv.maegz,4dc7e066e1aa58df1b670f2e35000d9bdbc28f4b5d51efbb32f1c36e8d01a576
FP2,primary_FP2_standardised,SANC00251,SANC00251_minRM1.pdb-1,47,0,C11:S;C13:R;C16:S;C18:R,OC[C@@H]1[C@@H](O)[C@@H](O)[C@H](O1)n(cc2c34)c3C(=O)C(N)=CC4=NCC2,23,6,-6.90774384539357,-6.90774384539357,0.0,-0.0,-41.3970031738281,-31.6067414283752,FP2_standard_xp_pv.maegz,4dc7e066e1aa58df1b670f2e35000d9bdbc28f4b5d51efbb32f1c36e8d01a576
FP2,primary_FP2_standardised,SANC00548,SANC00548_minRM1.pdb-1,149,0,C1:R;C2:R;C6:S;C12:S;C14:R;C17:S;C19:S;C21:R;C25:S;C27:R;C31:S;C33:S;C41:S;C43:S;C45:S,OC[C@@H]1[C@@H](O)[C@H](O)[C@@H](O)[C@@H](O1)OC(C)(C)[C@@H](O)CC[C@@H](C)[C@@H](CC2)[C@@](C)(CC3)[C@]2(C)[C@@H]([C@@]3([C@@]456)C4)[C@@H](O)C[C@H]6C(C)(C)C=CC5=O,45,7,-6.88189950619245,-6.88189950619245,0.0,-0.0,-64.5298671773118,-45.2099952697754,FP2_standard_xp_pv.maegz,4dc7e066e1aa58df1b670f2e35000d9bdbc28f4b5d51efbb32f1c36e8d01a576
FP2,primary_FP2_standardised,SANC00853,SANC00853_minRM1.pdb-1,235,-1,C8:R,c1cc(O)c(O)cc1C[C@H](C([O-])=O)OC(=O)/C=C/c2cc(O)c(O)cc2,26,8,-6.78322005746305,-6.78322005746305,0.0,-0.0,-55.6942558288574,-42.3670101165771,FP2_standard_xp_pv.maegz,4dc7e066e1aa58df1b670f2e35000d9bdbc28f4b5d51efbb32f1c36e8d01a576
FP2,primary_FP2_standardised,SANC00867,SANC00867_minRM1.pdb-1,236,0,C13:R;C14:S;C15:S;C16:R;C17:S,c1cc(O)ccc1\C=C\C(=O)OC[C@@H]2[C@@H](O)[C@H](O)[C@@H](O)[C@@H](O2)Oc(c3=O)c(-c4ccc(O)cc4)oc(c35)cc(O)cc5O,43,9,-6.69337833291074,-6.72197833291074,0.02859999999999996,0.0286,-69.6469911665896,-57.7593059539795,FP2_standard_xp_pv.maegz,4dc7e066e1aa58df1b670f2e35000d9bdbc28f4b5d51efbb32f1c36e8d01a576
FP2,primary_FP2_standardised,SANC00412,SANC00412_minRM1.pdb-1,101,0,C16:S;C18:S;C32:S;C34:R;C36:R,CC(=O)Cc(cc1=O)oc(c12)c(c(O)cc2C)[C@H](O3)[C@H](O)[C@@H](O)[C@H](O)[C@@H]3COC(=O)/C=C/c4ccc(O)cc4,39,10,-6.54551451165323,-6.55091451165323,0.005399999999999849,0.0054,-67.6566905504608,-51.9444522857666,FP2_standard_xp_pv.maegz,4dc7e066e1aa58df1b670f2e35000d9bdbc28f4b5d51efbb32f1c36e8d01a576
FP2,primary_FP2_standardised,SANC00711,SANC00711_minRM1.pdb-1,195,0,C16:S;C18:R;C21:S;C23:S;C25:R,CC(=O)Cc(cc1=O)oc(c12)c(c(O)cc2C)[C@H](O3)[C@@H]([C@@H](O)[C@H](O)[C@H]3CO)OC(=O)/C=C/c4ccc(O)cc4,39,11,-6.30761609938356,-6.30761609938356,0.0,-0.0,-64.3323077774995,-45.510669708252,FP2_standard_xp_pv.maegz,4dc7e066e1aa58df1b670f2e35000d9bdbc28f4b5d51efbb32f1c36e8d01a576
FP2,primary_FP2_standardised,SANC00519,SANC00519_minRM1.pdb-1,127,0,,c1cc(O)c(OC)c(O)c1C(=O)/C=C/c2cc(O)ccc2,21,12,-6.11792524437502,-6.39492524437502,0.27700000000000014,0.277,-47.745687141681,-39.0204138755798,FP2_standard_xp_pv.maegz,4dc7e066e1aa58df1b670f2e35000d9bdbc28f4b5d51efbb32f1c36e8d01a576
FP2,primary_FP2_standardised,SANC00529,SANC00529_minRM1.pdb-1,138,0,,c1cc(O)ccc1/C=C(\C2=O)COc(c23)c(OC)c(O)c(O)c3O,24,13,-6.09498932029085,-6.34198932029085,0.2469999999999999,0.247,-41.5442733764648,-34.8507513999939,FP2_standard_xp_pv.maegz,4dc7e066e1aa58df1b670f2e35000d9bdbc28f4b5d51efbb32f1c36e8d01a576
FP2,primary_FP2_standardised,SANC00736,SANC00736_minRM1.pdb-1,199,0,C19:R,c1occc1CC\C=C(C)\CC\C=C(C)\CCC[C@@H](C)/C=C2/C=C(C)C(=O)O2,28,14,-5.99949365003189,-5.99949365003189,0.0,-0.0,-46.9780044555664,-35.5734832286835,FP2_standard_xp_pv.maegz,4dc7e066e1aa58df1b670f2e35000d9bdbc28f4b5d51efbb32f1c36e8d01a576
FP2,primary_FP2_standardised,SANC01001,SANC01001_minRM1.pdb-1,253,0,C2:S;C4:R;C5:S;C6:S;C7:S;C12:S;C13:R;C14:S;C15:S;C16:R,c1ccccc1\C=C\C(=O)O[C@@](C)(C[C@H]2O)[C@H]([C@]23O)[C@@H](OC=C3)O[C@H](O4)[C@H](O)[C@@H](O)[C@H](O)[C@H]4CO,35,15,-5.94831241501969,-5.94831241501969,0.0,-0.0,-53.1694450378418,-49.7201595306396,FP2_standard_xp_pv.maegz,4dc7e066e1aa58df1b670f2e35000d9bdbc28f4b5d51efbb32f1c36e8d01a576
FP2,primary_FP2_standardised,SANC00578,SANC00578_minRM1.pdb-1,152,0,C6:S;C8:R;C13:S;C20:R;C22:S,C[C@]12[C@@H](O2)/C=C(\C(C)C)C(=O)[C@@H](O)[C@H](C)CCC(=O)[C@H](CO)CCC1,25,16,-5.94710463440259,-5.94710463440259,0.0,-0.0,-36.2865407451913,-31.3597364425659,FP2_standard_xp_pv.maegz,4dc7e066e1aa58df1b670f2e35000d9bdbc28f4b5d51efbb32f1c36e8d01a576
FP2,primary_FP2_standardised,SANC00965,SANC00965_minRM1.pdb-1,246,0,C17:S;C18:R;C19:S;C20:S;C21:R,CC(=O)Cc(cc1=O)oc(c12)c(c(O)cc2C)[C@H](O3)[C@@H]([C@@H](O)[C@H](O)[C@H]3CO)OC(=O)/C=C/c4ccccc4,38,17,-5.87754805152229,-5.88244805152229,0.004899999999999238,0.0049,-54.5214233398438,-45.0804300308228,FP2_standard_xp_pv.maegz,4dc7e066e1aa58df1b670f2e35000d9bdbc28f4b5d51efbb32f1c36e8d01a576
FP2,primary_FP2_standardised,SANC01090,SANC01090_minRM1.pdb-1,269,-1,C2:R;C3:R;C4:R;C6:S,[O-]C(=O)[C@@]1(O)C[C@H]([C@H](O)[C@@H](C1)O)OC(=O)/C=C/c2cc(O)c(O)cc2,25,18,-5.8717371501617,-5.8743371501617,0.0025999999999992696,0.0026,-52.3970893182981,-40.5840845108032,FP2_standard_xp_pv.maegz,4dc7e066e1aa58df1b670f2e35000d9bdbc28f4b5d51efbb32f1c36e8d01a576
FP2,primary_FP2_standardised,SANC00891,SANC00891_minRM1.pdb-1,239,0,C4:S;C8:S;C10:S;C11:R;C12:S;C13:S;C14:R,c1cc(O)c(O)cc1CCOC(=O)C[C@H]2/C(=C\C)[C@@H](OC=C2C(=O)OC)O[C@H](O3)[C@H](O)[C@@H](O)[C@H](O)[C@H]3CO,38,19,-5.76830003092253,-5.76930003092253,0.0009999999999994458,0.001,-48.296921511136,-47.8320932388306,FP2_standard_xp_pv.maegz,4dc7e066e1aa58df1b670f2e35000d9bdbc28f4b5d51efbb32f1c36e8d01a576
FP2,primary_FP2_standardised,SANC00893,SANC00893_minRM1.pdb-1,240,0,C17:S;C18:R;C19:S;C20:S;C21:R,CC(=O)Cc(cc1=O)oc(c12)c(c(OC)cc2C)[C@H](O3)[C@@H]([C@@H](O)[C@H](O)[C@H]3CO)OC(=O)/C=C/c4ccc(O)cc4,40,20,-5.71866350424682,-5.71926350424682,0.000600000000000378,0.0006,-62.1791414334789,-46.2345571517944,FP2_standard_xp_pv.maegz,4dc7e066e1aa58df1b670f2e35000d9bdbc28f4b5d51efbb32f1c36e8d01a576
FP2,primary_FP2_standardised,SANC00367,SANC00367_minRM1.pdb-1,77,0,C14:S;C26:S,c1cc(O)ccc1C(=O)O[C@H](C2)CC(C)(C)C3=CC=C(C=4[C@@]23C)C=C(C(C)C)C(=O)C4O,32,21,-5.70779512632587,-5.73309512632586,0.025299999999989886,0.0253,-56.3549460323074,-38.7686471939087,FP2_standard_xp_pv.maegz,4dc7e066e1aa58df1b670f2e35000d9bdbc28f4b5d51efbb32f1c36e8d01a576
FP2,primary_FP2_standardised,SANC01112,SANC01112_minRM1.pdb-1,270,0,,c1cc(O)ccc1\C=C\C(=O)NCCc2c[nH]c(c23)ccc(c3)O,24,22,-5.70494234927698,-5.77474234927698,0.06979999999999986,0.0698,-58.3713727333985,-46.5827932357788,FP2_standard_xp_pv.maegz,4dc7e066e1aa58df1b670f2e35000d9bdbc28f4b5d51efbb32f1c36e8d01a576
FP2,primary_FP2_standardised,SANC00523,SANC00523_minRM1.pdb-1,136,0,,c1cc(O)ccc1/C=C(/C2=O)COc(c23)c(OC)c(O)cc3O,23,23,-5.70236087923912,-5.90776087923912,0.20540000000000003,0.2054,-44.450501571038,-31.4127893447876,FP2_standard_xp_pv.maegz,4dc7e066e1aa58df1b670f2e35000d9bdbc28f4b5d51efbb32f1c36e8d01a576
FP2,primary_FP2_standardised,SANC00292,SANC00292_minRM1.pdb-1,60,0,C1:S;C8:R;C12:R;C14:R;C16:R;C18:R;C24:R;C27:R;C29:R;C31:R;C33:S;C35:R;C37:R;C39:R,C[C@@H]([C@@H]12)C[C@@H](O2)[C@H](O)C[C@H](CO)OC(=O)/C=C/C[C@H]3C[C@@H](O[C@H](O4)[C@H](OC)[C@H](O)[C@@H](O)[C@@H]4C)C[C@H](O3)C[C@@H](C)\C=C\C=C/C1,44,24,-5.69951013459158,-5.69951013459158,0.0,-0.0,-48.9620018923809,-42.6086640357971,FP2_standard_xp_pv.maegz,4dc7e066e1aa58df1b670f2e35000d9bdbc28f4b5d51efbb32f1c36e8d01a576
FP2,primary_FP2_standardised,SANC00369,SANC00369_minRM1.pdb-1,80,0,C14:S;C27:S,c1cc(O)c(O)cc1C(=O)O[C@H](C2)CC(C)(C)C3=CC=C(C=4[C@@]23C)C=C(C(C)C)C(=O)C4O,33,25,-5.53626442596527,-5.56476442596527,0.028500000000000192,0.0285,-61.072470210856,-46.8279628753662,FP2_standard_xp_pv.maegz,4dc7e066e1aa58df1b670f2e35000d9bdbc28f4b5d51efbb32f1c36e8d01a576
FP2,primary_FP2_standardised,SANC00658,SANC00658_minRM1.pdb-1,182,0,C2:S;C6:R;C18:S;C20:R,O[C@H]1CC(\C=O)=C/CCC(\CO)=C\[C@H]([C@@H]12)OC(=O)[C@H]2C,20,26,-5.49565029447924,-5.49565029447924,0.0,-0.0,-32.7731388692964,-27.8621053695679,FP2_standard_xp_pv.maegz,4dc7e066e1aa58df1b670f2e35000d9bdbc28f4b5d51efbb32f1c36e8d01a576
FP2,primary_FP2_standardised,SANC00529,SANC00529_minRM1.pdb-2,139,-1,,c1cc(O)ccc1/C=C(\C2=O)COc(c23)c(OC)c([O-])c(O)c3O,24,27,-5.3851675236219,-6.0528675236219,0.6677,0.6677,-39.1546669006348,-32.9831190109253,FP2_standard_xp_pv.maegz,4dc7e066e1aa58df1b670f2e35000d9bdbc28f4b5d51efbb32f1c36e8d01a576
FP2,primary_FP2_standardised,SANC00867,SANC00867_minRM1.pdb-2,237,-1,C13:R;C14:S;C15:S;C16:R;C17:S,c1cc(O)ccc1\C=C\C(=O)OC[C@@H]2[C@@H](O)[C@H](O)[C@@H](O)[C@@H](O2)Oc(c3=O)c(-c4ccc(O)cc4)oc(c35)cc([O-])cc5O,43,28,-5.35245884874811,-7.27355884874811,1.9211,1.9211,-69.5664207614825,-59.5162029266357,FP2_standard_xp_pv.maegz,4dc7e066e1aa58df1b670f2e35000d9bdbc28f4b5d51efbb32f1c36e8d01a576
FP2,primary_FP2_standardised,SANC00373,SANC00373_minRM1.pdb-1,89,0,C10:S;C27:S,c1cc(O)c(O)cc1C(=O)OC[C@@](C)(CCC2)C3=CC=C(C=4[C@@]23C)C=C(C(C)C)C(=O)C4O,33,29,-5.23751040744154,-5.26591040744154,0.028399999999999537,0.0284,-49.1874313354492,-41.092924118042,FP2_standard_xp_pv.maegz,4dc7e066e1aa58df1b670f2e35000d9bdbc28f4b5d51efbb32f1c36e8d01a576
FP2,primary_FP2_standardised,SANC00253,SANC00253_minRM1.pdb-1,48,0,,c1cc(O)ccc1/C=C(\C2=O)COc(c23)c(OC)c(O)cc3O,23,30,-5.23202535717471,-5.43742535717471,0.20540000000000003,0.2054,-44.5639991760254,-34.6203556060791,FP2_standard_xp_pv.maegz,4dc7e066e1aa58df1b670f2e35000d9bdbc28f4b5d51efbb32f1c36e8d01a576
FP2,primary_FP2_standardised,SANC00994,SANC00994_minRM1.pdb-1,248,0,C4:R;C5:R;C6:S;C10:S,C=C1C(=O)O[C@H]([C@H]12)CC(=C)[C@@H](O)CCC(\C)=C/[C@H]2O,19,31,-5.22568257063925,-5.22568257063925,0.0,-0.0,-41.6828076869853,-32.7753219604492,FP2_standard_xp_pv.maegz,4dc7e066e1aa58df1b670f2e35000d9bdbc28f4b5d51efbb32f1c36e8d01a576
FP2,primary_FP2_standardised,SANC00999,SANC00999_minRM1.pdb-1,251,0,C5:R;C6:R;C15:S;C16:S;C17:R,C1OC(=O)[C@](C)(O)[C@H](C)CC(=C\C)/C(=O)O[C@@H]([C@H]2O)CN([C@H]2C1=3)CC3,25,32,-5.17305710476235,-5.43515710476235,0.2621000000000002,0.2621,-36.0990964560382,-34.3716449737549,FP2_standard_xp_pv.maegz,4dc7e066e1aa58df1b670f2e35000d9bdbc28f4b5d51efbb32f1c36e8d01a576
FP2,primary_FP2_standardised,SANC00521,SANC00521_minRM1.pdb-1,130,0,,c1cc(O)cc(O)c1C(=O)/C=C/c2cc(O)ccc2,19,33,-5.15152726628992,-5.42852726628992,0.27700000000000014,0.277,-40.3976707458496,-30.2173266410828,FP2_standard_xp_pv.maegz,4dc7e066e1aa58df1b670f2e35000d9bdbc28f4b5d51efbb32f1c36e8d01a576
FP2,primary_FP2_standardised,SANC00699,SANC00699_minRM1.pdb-1,190,0,C2:R;C7:R;C12:S;C21:S,CC(C)[C@@](O)(CC1)/C=C/[C@](C)(O)C\C=C\[C@](C)(O)C[C@@H](C=C12)OC2=O,25,34,-5.13102591658484,-5.13102591658484,0.0,-0.0,-42.1369895935059,-35.9338722229004,FP2_standard_xp_pv.maegz,4dc7e066e1aa58df1b670f2e35000d9bdbc28f4b5d51efbb32f1c36e8d01a576
FP2,primary_FP2_standardised,SANC00314,SANC00314_minRM1.pdb-1,66,0,C1:S;C2:R;C4:R;C10:S;C13:R;C16:R;C19:S;C24:R,O=C1[C@H](C)C[C@@H](C(C)(C)O)[C@](O)(OO2)[C@@H]3[C@@H](O)[C@@]2(C)C=C([C@]134)C(=O)[C@@H](C)C4,27,35,-5.10076447098912,-5.10076447098912,0.0,-0.0,-39.0591261250373,-37.0799083709717,FP2_standard_xp_pv.maegz,4dc7e066e1aa58df1b670f2e35000d9bdbc28f4b5d51efbb32f1c36e8d01a576
FP2,primary_FP2_standardised,SANC00438,SANC00438_minRM1.pdb-1,117,0,,O=C1C=CC(=O)c(c12)c(O)cc(C)c2C(C3=O)=CC(=O)c(c34)cc(C)cc4O,28,36,-5.0699813032707,-5.3996813032707,0.3296999999999999,0.3297,-44.6746826171875,-35.2282958030701,FP2_standard_xp_pv.maegz,4dc7e066e1aa58df1b670f2e35000d9bdbc28f4b5d51efbb32f1c36e8d01a576
FP2,primary_FP2_standardised,SANC00243,SANC00243_minRM1.pdb-1,38,0,,COc(cc1)ccc1/C=C(/C2=O)COc(c23)c(OC)c(O)cc3O,24,37,-5.06563382627781,-5.27103382627781,0.20540000000000003,0.2054,-38.9365612440266,-34.4833798408508,FP2_standard_xp_pv.maegz,4dc7e066e1aa58df1b670f2e35000d9bdbc28f4b5d51efbb32f1c36e8d01a576
FP2,primary_FP2_standardised,SANC00560,SANC00560_minRM1.pdb-1,150,0,C1:S;C7:S;C8:R,O[C@@H]1OC=C(C(=O)OC)[C@H]([C@H]12)CC=C2CO,16,38,-5.04124761575959,-5.04124761575959,0.0,-0.0,-31.7040538610106,-24.4165372848511,FP2_standard_xp_pv.maegz,4dc7e066e1aa58df1b670f2e35000d9bdbc28f4b5d51efbb32f1c36e8d01a576
FP2,primary_FP2_standardised,SANC00661,SANC00661_minRM1.pdb-1,185,0,C1:R;C17:S,C1CC(\C=O)=C/CCC(\COC(=O)C)=C/[C@H]([C@@H]12)OC(=O)C2=C,22,39,-4.98156357520427,-4.98156357520427,0.0,-0.0,-40.4338304769751,-36.3056960105896,FP2_standard_xp_pv.maegz,4dc7e066e1aa58df1b670f2e35000d9bdbc28f4b5d51efbb32f1c36e8d01a576
FP2,primary_FP2_standardised,SANC00783,SANC00783_minRM1.pdb-1,210,0,C5:S;C9:R;C12:R;C13:S;C29:R,CC(=O)O[C@](C)(C(=O)OC1)[C@H](C)C[C@@](O)([C@@H](C)O)C(=O)O[C@H](C2=O)CCN(C)C/C=C1\2,31,40,-4.96250775412062,-4.97580775412062,0.01330000000000009,0.0133,-38.1818388630845,-39.7697162628174,FP2_standard_xp_pv.maegz,4dc7e066e1aa58df1b670f2e35000d9bdbc28f4b5d51efbb32f1c36e8d01a576
FP2,primary_FP2_standardised,SANC00431,SANC00431_minRM1.pdb-1,103,0,C1:S;C5:S;C12:R;C14:S,C=C1C(=O)O[C@H]([C@@H]12)\C=C(\C)[C@@H](O)CCC(\C)=C\[C@H]2O,19,41,-4.9123417784717,-4.9123417784717,0.0,-0.0,-36.0156059265137,-29.2199649810791,FP2_standard_xp_pv.maegz,4dc7e066e1aa58df1b670f2e35000d9bdbc28f4b5d51efbb32f1c36e8d01a576
FP2,primary_FP2_standardised,SANC01026,SANC01026_minRM1.pdb-1,255,0,,CC(C)=CCC1=CC(=O)C=C(C)C1=O,14,42,-4.89699028871557,-4.89699028871557,0.0,-0.0,-32.3763236999512,-26.6336708068848,FP2_standard_xp_pv.maegz,4dc7e066e1aa58df1b670f2e35000d9bdbc28f4b5d51efbb32f1c36e8d01a576
FP2,primary_FP2_standardised,SANC00248,SANC00248_minRM1.pdb-1,45,0,,CC(C)=CCCC(\C=O)=C\CC/C(C)=C/CC/C(C)=C/CC1=CC(=O)C=C(C)C1=O,30,43,-4.87880131849992,-4.87880131849992,0.0,-0.0,-46.3958358764648,-38.4772861003876,FP2_standard_xp_pv.maegz,4dc7e066e1aa58df1b670f2e35000d9bdbc28f4b5d51efbb32f1c36e8d01a576
FP2,primary_FP2_standardised,SANC00239,SANC00239_minRM1.pdb-1,34,0,,c12c3c[nH]c1C(=O)C(N)=CC2=NCC3,14,44,-4.86507825463505,-4.86717825463505,0.0020999999999995467,0.0021,-32.5415267944336,-26.8759753704071,FP2_standard_xp_pv.maegz,4dc7e066e1aa58df1b670f2e35000d9bdbc28f4b5d51efbb32f1c36e8d01a576
FP2,primary_FP2_standardised,SANC00241,SANC00241_minRM1.pdb-1,35,0,,COc(cc1)ccc1/C=C(/C2=O)COc(c23)cc(O)cc3O,22,45,-4.85956130088773,-5.06836130088773,0.2088000000000001,0.2088,-37.4209213256836,-30.5028162002563,FP2_standard_xp_pv.maegz,4dc7e066e1aa58df1b670f2e35000d9bdbc28f4b5d51efbb32f1c36e8d01a576
FP2,primary_FP2_standardised,SANC00109,SANC00109_minRM1.pdb-1,5,1,C1:S;C2:R;N6:R;C9:S,C/C=C(C)\C(=O)OC[C@H]1CC[N@@H+]([C@@H]12)CC[C@H]2O,17,46,-4.85294951961902,-4.85514951961902,0.0021999999999993136,0.0022,-35.3454559666152,-29.9880867004395,FP2_standard_xp_pv.maegz,4dc7e066e1aa58df1b670f2e35000d9bdbc28f4b5d51efbb32f1c36e8d01a576
FP2,primary_FP2_standardised,SANC00244,SANC00244_minRM1.pdb-1,40,0,,c1cc(O)ccc1/C=C(/C2=O)COc(c23)cc(O)c(c3O)OC,23,47,-4.8473068373243,-5.0561068373243,0.2088000000000001,0.2088,-43.3969938589538,-34.8558931350708,FP2_standard_xp_pv.maegz,4dc7e066e1aa58df1b670f2e35000d9bdbc28f4b5d51efbb32f1c36e8d01a576
FP2,primary_FP2_standardised,SANC00606,SANC00606_minRM1.pdb-1,160,1,,[NH3+]CCCCNC(=O)/C=C/c1ccc(O)cc1,17,48,-4.8362403230075,-4.9067403230075,0.07050000000000001,0.0705,-42.3916358947754,-37.3318510055542,FP2_standard_xp_pv.maegz,4dc7e066e1aa58df1b670f2e35000d9bdbc28f4b5d51efbb32f1c36e8d01a576
FP2,primary_FP2_standardised,SANC00435,SANC00435_minRM1.pdb-1,109,0,,O=C1C=CC(=O)c(c12)c(O)cc(C)c2-c(c3O)c(C)cc(c34)C(=O)C=CC4=O,28,49,-4.82847960657559,-4.87207960657559,0.04359999999999964,0.0436,-44.8360824584961,-38.4104824066162,FP2_standard_xp_pv.maegz,4dc7e066e1aa58df1b670f2e35000d9bdbc28f4b5d51efbb32f1c36e8d01a576
FP2,primary_FP2_standardised,SANC00118,SANC00118_minRM1.pdb-2,16,0,C1:R;C8:R;C16:R;C18:S,C1OC(=O)[C@@](O)(CO)[C@H](C)CC(=C\C)\C(=O)O[C@@H]([C@H]2C1=3)CCN2CC3,25,50,-4.82353046469146,-5.27763046469146,0.4540999999999995,0.4541,-32.0543661298827,-30.7394819259644,FP2_standard_xp_pv.maegz,4dc7e066e1aa58df1b670f2e35000d9bdbc28f4b5d51efbb32f1c36e8d01a576
FP2,primary_FP2_standardised,SANC00258,SANC00258_minRM1.pdb-1,51,0,,c1cc(O)ccc1/C=C(\C2=O)COc(c23)cc(O)cc3O,21,51,-4.82097760848341,-5.02977760848341,0.2087999999999992,0.2088,-40.7237548828125,-33.4834251403809,FP2_standard_xp_pv.maegz,4dc7e066e1aa58df1b670f2e35000d9bdbc28f4b5d51efbb32f1c36e8d01a576
FP2,primary_FP2_standardised,SANC00583,SANC00583_minRM1.pdb-1,157,0,C1:R;C3:R;C8:R;C12:S;C15:S;C28:R;C33:R,n1cn(C)cc1\C=C\C(=O)O[C@H]2C[C@@H](C(C)=CC[C@@H]3C(C)C)[C@@H]3C[C@@H](C(=O)OC)[C@@](O4)(O)C=C[C@@]24C,36,52,-4.78376440700393,-4.92526440700393,0.14150000000000063,0.1415,-45.5817947387695,-35.74263048172,FP2_standard_xp_pv.maegz,4dc7e066e1aa58df1b670f2e35000d9bdbc28f4b5d51efbb32f1c36e8d01a576
FP2,primary_FP2_standardised,SANC00716,SANC00716_minRM1.pdb-1,196,0,,CC(C)CC(=O)C/C(C)=C/CC/C(C)=C/CC1=CC(=O)C(C)=CC1=O,25,53,-4.71395008662492,-4.71395008662492,0.0,-0.0,-46.1398620605469,-37.1552693843842,FP2_standard_xp_pv.maegz,4dc7e066e1aa58df1b670f2e35000d9bdbc28f4b5d51efbb32f1c36e8d01a576
FP2,primary_FP2_standardised,SANC00582,SANC00582_minRM1.pdb-2,156,1,C5:S;C8:R;C11:R;C13:R;C14:S;C16:R;C28:R;C32:S;C39:R;C43:S;C48:S,[nH+]1cn(C)cc1\C=C\C(=O)O[C@@H]2C[C@H](C(C)=CC[C@@H]3C(C)C)[C@@H]3C[C@@H]([C@](O4)(O)C=C[C@]24C)CO[C@@H]5OC[C@H](OC(=O)C)[C@H](O)[C@@H]5OC(=O)C,49,54,-4.68963907989982,-5.74143907989982,1.0518,1.0518,-53.7872779800304,-45.9016761779785,FP2_standard_xp_pv.maegz,4dc7e066e1aa58df1b670f2e35000d9bdbc28f4b5d51efbb32f1c36e8d01a576
FP2,primary_FP2_standardised,SANC00737,SANC00737_minRM1.pdb-1,200,-1,C19:R,c1occc1CC\C=C(C)\CC/C=C(C)\CCC[C@@H](C)/C=C2\C=C(C[O-])C(=O)O2,29,55,-4.6738071431481,-4.7615071431481,0.08770000000000078,0.0877,-43.8735694885254,-37.172864317894,FP2_standard_xp_pv.maegz,4dc7e066e1aa58df1b670f2e35000d9bdbc28f4b5d51efbb32f1c36e8d01a576
FP2,primary_FP2_standardised,SANC00118,SANC00118_minRM1.pdb-1,15,1,C1:R;N5:R;C8:R;C16:R;C18:S,C1OC(=O)[C@@](O)(CO)[C@H](C)CC(=C\C)\C(=O)O[C@@H]([C@H]2C1=3)CC[N@@H+]2CC3,25,56,-4.64794194806816,-5.01814194806816,0.37019999999999964,0.3702,-30.5379181831915,-26.7111268043518,FP2_standard_xp_pv.maegz,4dc7e066e1aa58df1b670f2e35000d9bdbc28f4b5d51efbb32f1c36e8d01a576
FP2,primary_FP2_standardised,SANC00662,SANC00662_minRM1.pdb-1,186,0,C1:R;C14:S,C1CC(\C=O)=C/CCC(\CO)=C/[C@H]([C@@H]12)OC(=O)C2=C,19,57,-4.62969224467637,-4.62969224467637,0.0,-0.0,-27.5339427453504,-29.6373620033264,FP2_standard_xp_pv.maegz,4dc7e066e1aa58df1b670f2e35000d9bdbc28f4b5d51efbb32f1c36e8d01a576
FP2,primary_FP2_standardised,SANC00111,SANC00111_minRM1.pdb-1,8,1,C1:R;C2:R;N6:S;C9:R,C/C=C(C)\C(=O)OC[C@@H]1CC[N@H+]([C@H]12)CC[C@H]2O,17,58,-4.62884647951257,-4.63104647951257,0.0021999999999993136,0.0022,-34.3705673217773,-29.8483715057373,FP2_standard_xp_pv.maegz,4dc7e066e1aa58df1b670f2e35000d9bdbc28f4b5d51efbb32f1c36e8d01a576
FP2,primary_FP2_standardised,SANC00104,SANC00104_minRM1.pdb-1,1,0,,Oc1cc(O)cc(OC)c1C(=O)/C=C/c2ccccc2,20,59,-4.62728982876718,-4.98348982876718,0.3561999999999994,0.3562,-40.8691482543945,-33.1949667930603,FP2_standard_xp_pv.maegz,4dc7e066e1aa58df1b670f2e35000d9bdbc28f4b5d51efbb32f1c36e8d01a576
FP2,primary_FP2_standardised,SANC00962,SANC00962_minRM1.pdb-1,244,0,C5:R;C6:R;C7:R;C8:R;C9:S;C11:R,O=C(O1)C(=C)[C@@H]([C@H]1[C@@H]23)[C@@H](OC(=O)C)C[C@@](C)(O)[C@@H]3CC=C2C,22,60,-4.60942529937518,-4.60942529937518,0.0,-0.0,-37.1037068547245,-29.5820329189301,FP2_standard_xp_pv.maegz,4dc7e066e1aa58df1b670f2e35000d9bdbc28f4b5d51efbb32f1c36e8d01a576
FP2,primary_FP2_standardised,SANC00657,SANC00657_minRM1.pdb-1,181,0,C18:S;C19:R;C20:R,O[C@H]1CC(\C=O)=C/CCC(\CO)=C/[C@H]([C@@H]12)OC(=O)C2=C,20,61,-4.60335616542946,-4.60335616542946,0.0,-0.0,-38.7402719757864,-33.5045704841614,FP2_standard_xp_pv.maegz,4dc7e066e1aa58df1b670f2e35000d9bdbc28f4b5d51efbb32f1c36e8d01a576
FP2,primary_FP2_standardised,SANC00258,SANC00258_minRM1.pdb-2,52,-1,,c1cc(O)ccc1/C=C(\C2=O)COc(c23)cc([O-])cc3O,21,62,-4.60172955770754,-5.34892955770755,0.7472000000000101,0.7472,-39.1926155090332,-30.0968222618103,FP2_standard_xp_pv.maegz,4dc7e066e1aa58df1b670f2e35000d9bdbc28f4b5d51efbb32f1c36e8d01a576
FP2,primary_FP2_standardised,SANC00436,SANC00436_minRM1.pdb-2,113,0,,Oc1cc(C)cc(c12)C(=O)C=C(C2=O)C(C3=O)=CC(=O)c(c34)cc(C)cc4O,28,63,-4.59957755900753,-5.31887755900753,0.7192999999999996,0.7193,-52.084659576416,-39.762800693512,FP2_standard_xp_pv.maegz,4dc7e066e1aa58df1b670f2e35000d9bdbc28f4b5d51efbb32f1c36e8d01a576
FP2,primary_FP2_standardised,SANC00612,SANC00612_minRM1.pdb-1,162,0,,c1cc(O)ccc1/C=C(/C2=O)COc(c23)cc(O)cc3O,21,64,-4.59221956234546,-4.80101956234546,0.2088000000000001,0.2088,-45.209718069057,-32.9223041534424,FP2_standard_xp_pv.maegz,4dc7e066e1aa58df1b670f2e35000d9bdbc28f4b5d51efbb32f1c36e8d01a576
FP2,primary_FP2_standardised,SANC00350,SANC00350_minRM1.pdb-1,70,0,,COc(cc1)ccc1/C=C(\C2=O)COc(c23)cc(O)cc3O,22,65,-4.5536710525328,-4.7624710525328,0.2088000000000001,0.2088,-39.3491531014144,-32.9844460487366,FP2_standard_xp_pv.maegz,4dc7e066e1aa58df1b670f2e35000d9bdbc28f4b5d51efbb32f1c36e8d01a576
FP2,primary_FP2_standardised,SANC00581,SANC00581_minRM1.pdb-2,154,1,C5:S;C6:S;C10:R;C13:R;C15:R;C16:S;C18:R;C30:R;C34:S;C41:S;C45:S,[nH+]1cn(C)cc1\C=C\C(=O)O[C@@H]2C[C@H](C(C)=CC[C@H]3C(C)C)[C@@H]3C[C@@H]([C@](O4)(O)C=C[C@]24C)CO[C@H](OC[C@@H]5O)[C@@H](OC(=O)C)[C@H]5OC(=O)C,49,66,-4.54302572217965,-5.59482572217965,1.0517999999999992,1.0518,-54.1322822570801,-48.6522197723389,FP2_standard_xp_pv.maegz,4dc7e066e1aa58df1b670f2e35000d9bdbc28f4b5d51efbb32f1c36e8d01a576
FP2,primary_FP2_standardised,SANC00253,SANC00253_minRM1.pdb-2,49,-1,,c1cc(O)ccc1/C=C(\C2=O)COc(c23)c(OC)c([O-])cc3O,23,67,-4.52267344352668,-5.26637344352668,0.7436999999999996,0.7437,-36.964054107666,-31.609272480011,FP2_standard_xp_pv.maegz,4dc7e066e1aa58df1b670f2e35000d9bdbc28f4b5d51efbb32f1c36e8d01a576
FP2,primary_FP2_standardised,SANC00146,SANC00146_minRM1.pdb-1,22,0,C3:R;C6:S;C7:S;C10:S;C16:R;C18:S;C21:R,C=C[C@H]1CC[C@H]([C@@]12C)[C@H]3[C@H](CC2)[C@]4(C)[C@@H](CC3)CC(=O)C=C4,22,68,-4.49727432423716,-4.49727432423716,0.0,-0.0,-41.088986215994,-33.4759703874588,FP2_standard_xp_pv.maegz,4dc7e066e1aa58df1b670f2e35000d9bdbc28f4b5d51efbb32f1c36e8d01a576
FP2,primary_FP2_standardised,SANC00561,SANC00561_minRM1.pdb-1,151,0,C1:S;C10:S;C11:R,CC(=O)OCC1=CC[C@@H]([C@@H]12)C(C(=O)OC)=CO[C@H]2O,19,69,-4.49615283486312,-4.49615283486312,0.0,-0.0,-40.5436606163695,-34.2005181312561,FP2_standard_xp_pv.maegz,4dc7e066e1aa58df1b670f2e35000d9bdbc28f4b5d51efbb32f1c36e8d01a576
FP2,primary_FP2_standardised,SANC00522,SANC00522_minRM1.pdb-1,133,0,,c1cc(O)cc(O)c1C(=O)/C=C/c2ccccc2,18,70,-4.48195832918653,-4.75925832918653,0.27729999999999944,0.2773,-37.7888717651367,-31.9780282974243,FP2_standard_xp_pv.maegz,4dc7e066e1aa58df1b670f2e35000d9bdbc28f4b5d51efbb32f1c36e8d01a576
FP2,primary_FP2_standardised,SANC00706,SANC00706_minRM1.pdb-1,193,0,C4:S;C12:S;C16:S,[O-]C(=O)/C(C)=C/[C@H](C(C)C)N(C)C(=O)[C@H](C(C)(C)C)NC(=O)[C@@H]([NH2+]C)C(C)(C)c1cn(C)c(c12)cccc2,38,71,-4.47455514659089,-4.56505514659089,0.09049999999999958,0.0905,-47.8806991577148,-41.9224689006805,FP2_standard_xp_pv.maegz,4dc7e066e1aa58df1b670f2e35000d9bdbc28f4b5d51efbb32f1c36e8d01a576
FP2,primary_FP2_standardised,SANC00147,SANC00147_minRM1.pdb-1,23,0,C3:R;C4:S;C10:S;C11:S;C14:S;C20:R;C22:S;C25:S,C=C[C@H]1[C@@H](OC(=O)C)C[C@H]([C@@]12C)[C@H]3[C@H](CC2)[C@]4(C)[C@@H](CC3)CC(=O)C=C4,26,72,-4.43746807724416,-4.43746807724416,0.0,-0.0,-43.7421946986307,-37.9768987894058,FP2_standard_xp_pv.maegz,4dc7e066e1aa58df1b670f2e35000d9bdbc28f4b5d51efbb32f1c36e8d01a576
FP2,primary_FP2_standardised,SANC00788,SANC00788_minRM1.pdb-1,216,0,C5:R;C9:S;C12:S;C13:S;C29:S,CC(=O)O[C@](C)(C(=O)OC1)[C@@H](C)C[C@@](O)([C@@H](Cl)C)C(=O)O[C@@H](C2=O)CCN(C)C/C=C1\2,31,73,-4.42358907832191,-4.43538907832191,0.011800000000000033,0.0118,-34.482187586763,-31.8308045864105,FP2_standard_xp_pv.maegz,4dc7e066e1aa58df1b670f2e35000d9bdbc28f4b5d51efbb32f1c36e8d01a576
FP2,primary_FP2_standardised,SANC00436,SANC00436_minRM1.pdb-3,114,-2,,[O-]c1cc(C)cc(c12)C(=O)C=C(C2=O)C(C3=O)=CC(=O)c(c34)cc(C)cc4[O-],28,74,-4.41704276207497,-5.38054276207497,0.9635000000000007,0.9635,-42.0360619820531,-32.1355483531952,FP2_standard_xp_pv.maegz,4dc7e066e1aa58df1b670f2e35000d9bdbc28f4b5d51efbb32f1c36e8d01a576
FP2,primary_FP2_standardised,SANC00581,SANC00581_minRM1.pdb-1,153,0,C5:S;C6:S;C10:R;C13:R;C15:R;C16:S;C18:R;C30:R;C34:S;C41:S;C45:S,n1cn(C)cc1\C=C\C(=O)O[C@@H]2C[C@H](C(C)=CC[C@H]3C(C)C)[C@@H]3C[C@@H]([C@](O4)(O)C=C[C@]24C)CO[C@H](OC[C@@H]5O)[C@@H](OC(=O)C)[C@H]5OC(=O)C,49,75,-4.40801681535056,-4.51801681535056,0.10999999999999943,0.11,-65.2533721923828,-50.2423236370087,FP2_standard_xp_pv.maegz,4dc7e066e1aa58df1b670f2e35000d9bdbc28f4b5d51efbb32f1c36e8d01a576
FP2,primary_FP2_standardised,SANC00622,SANC00622_minRM1.pdb-1,169,0,C7:R;C16:R;C17:R,C1OC(=O)[C@](C)(O)C(=C)CC(=C\C)\C(=O)O[C@@H]([C@H]2C1=3)CCN2CC3,24,76,-4.40575125696819,-4.81385125696819,0.40810000000000013,0.4081,-36.3009605890492,-30.5908222198486,FP2_standard_xp_pv.maegz,4dc7e066e1aa58df1b670f2e35000d9bdbc28f4b5d51efbb32f1c36e8d01a576
FP2,primary_FP2_standardised,SANC00621,SANC00621_minRM1.pdb-2,168,0,C5:R;C6:R;C15:R;C16:R,C1OC(=O)[C@](C)(O)[C@H](C)CC(=C\C)\C(=O)O[C@@H]([C@H]2C1=3)CCN2CC3,24,77,-4.40380406180095,-4.88470406180095,0.4809000000000001,0.4809,-34.1498596233132,-33.287992477417,FP2_standard_xp_pv.maegz,4dc7e066e1aa58df1b670f2e35000d9bdbc28f4b5d51efbb32f1c36e8d01a576
FP2,primary_FP2_standardised,SANC00621,SANC00621_minRM1.pdb-1,167,1,C5:R;C6:R;N14:R;C15:R;C16:R,C1OC(=O)[C@](C)(O)[C@H](C)CC(=C\C)\C(=O)O[C@@H]([C@H]2C1=3)CC[N@@H+]2CC3,24,78,-4.38523751103936,-4.73313751103936,0.3479000000000001,0.3479,-40.5705171078594,-31.911660194397,FP2_standard_xp_pv.maegz,4dc7e066e1aa58df1b670f2e35000d9bdbc28f4b5d51efbb32f1c36e8d01a576
FP2,primary_FP2_standardised,SANC00341,SANC00341_minRM1.pdb-1,67,0,C1:R;C8:R;C12:S;C20:S;C27:R,OCC(=C)C(=O)O[C@@H](C1)[C@@H](C(=C)C(=O)OC)[C@H](O)[C@H]([C@]12C=C)C(=C)C(=O)OC2,28,79,-4.38406458512465,-4.38436458512465,0.000300000000000189,0.0003,-38.3207660297732,-34.375542640686,FP2_standard_xp_pv.maegz,4dc7e066e1aa58df1b670f2e35000d9bdbc28f4b5d51efbb32f1c36e8d01a576
FP2,primary_FP2_standardised,SANC00233,SANC00233_minRM1.pdb-1,33,0,C2:R;C9:R;C12:R;C13:R;C24:R;C27:S,CC(C)CCC[C@@H](C)[C@H]([C@@]1(C)CCO)CC[C@H]1C(C2=O)=CC(=O)C([C@@]23C)=C[C@H](O)CC3,31,80,-4.36587063484094,-4.36607063484094,0.00020000000000042206,0.0002,-39.3710632324219,-33.8462200164795,FP2_standard_xp_pv.maegz,4dc7e066e1aa58df1b670f2e35000d9bdbc28f4b5d51efbb32f1c36e8d01a576
FP2,primary_FP2_standardised,SANC00852,SANC00852_minRM1.pdb-1,233,0,,COC(=O)/C=C/c1cc(O)c(O)cc1,14,81,-4.35632724037363,-4.42492724037363,0.0686,0.0686,-36.0958630834237,-29.2043991088867,FP2_standard_xp_pv.maegz,4dc7e066e1aa58df1b670f2e35000d9bdbc28f4b5d51efbb32f1c36e8d01a576
FP2,primary_FP2_standardised,SANC00698,SANC00698_minRM1.pdb-1,189,0,C4:S;C9:S;C16:S;C21:R,CC(C)[C@@](O)(CC1)/C=C/[C@@](C)(O)CC[C@@H](O)C(=C)C[C@@H](C=C12)OC2=O,25,82,-4.35001682190357,-4.35001682190357,0.0,-0.0,-35.4874833675716,-31.911337852478,FP2_standard_xp_pv.maegz,4dc7e066e1aa58df1b670f2e35000d9bdbc28f4b5d51efbb32f1c36e8d01a576
FP2,primary_FP2_standardised,SANC00999,SANC00999_minRM1.pdb-2,252,1,C5:R;C6:R;N14:R;C15:S;C16:S;C17:R,C1OC(=O)[C@](C)(O)[C@H](C)CC(=C\C)/C(=O)O[C@@H]([C@H]2O)C[N@H+]([C@H]2C1=3)CC3,25,83,-4.34415530612712,-4.95365530612712,0.6094999999999997,0.6095,-40.722991719566,-35.0687990188599,FP2_standard_xp_pv.maegz,4dc7e066e1aa58df1b670f2e35000d9bdbc28f4b5d51efbb32f1c36e8d01a576
FP2,primary_FP2_standardised,SANC00797,SANC00797_minRM1.pdb-2,225,0,C6:R;C8:R;C19:R;C20:R,C1OC(=O)[C@](C)(O)[C@H](C)CC(=C\CO)/C(=O)O[C@@H]([C@H]2C1=3)CCN2CC3,25,84,-4.33645462047861,-4.78385462047861,0.4474,0.4474,-39.072708206885,-34.6232309341431,FP2_standard_xp_pv.maegz,4dc7e066e1aa58df1b670f2e35000d9bdbc28f4b5d51efbb32f1c36e8d01a576
FP2,primary_FP2_standardised,SANC00372,SANC00372_minRM1.pdb-1,86,0,C10:S;C26:S,c1cc(O)ccc1C(=O)OC[C@@](C)(CCC2)C3=CC=C(C=4[C@@]23C)C=C(C(C)C)C(=O)C4O,32,85,-4.32831146267126,-4.35331146267126,0.025000000000000355,0.025,-48.076863657462,-43.4201974868774,FP2_standard_xp_pv.maegz,4dc7e066e1aa58df1b670f2e35000d9bdbc28f4b5d51efbb32f1c36e8d01a576
FP2,primary_FP2_standardised,SANC00379,SANC00379_minRM1.pdb-1,97,0,C5:S;C10:R,COC(=C1)C(=O)C=C2[C@H](N(C)CC3)Cc(c4[C@@]123)ccc(c4O)OC,24,86,-4.30460851306681,-4.30460851306681,0.0,-0.0,-26.8143558502197,-24.7174010276794,FP2_standard_xp_pv.maegz,4dc7e066e1aa58df1b670f2e35000d9bdbc28f4b5d51efbb32f1c36e8d01a576
FP2,primary_FP2_standardised,SANC00128,SANC00128_minRM1.pdb-1,19,0,,CN1CCC2=CN=C3C(=O)C(N)=CC1=C23,15,87,-4.30229617803144,-4.30229617803144,0.0,-0.0,-32.0437660217285,-26.2032413482666,FP2_standard_xp_pv.maegz,4dc7e066e1aa58df1b670f2e35000d9bdbc28f4b5d51efbb32f1c36e8d01a576
FP2,primary_FP2_standardised,SANC00871,SANC00871_minRM1.pdb-1,238,0,C2:S;C4:R;C8:R;C10:S;C11:S,C=C1C(=O)O[C@@H](C2)[C@H]1C[C@@H]([C@]23C)C(=C)C[C@H](C3)O,18,88,-4.29298567371279,-4.29298567371279,0.0,-0.0,-33.223232262511,-27.1145172119141,FP2_standard_xp_pv.maegz,4dc7e066e1aa58df1b670f2e35000d9bdbc28f4b5d51efbb32f1c36e8d01a576
FP2,primary_FP2_standardised,SANC01126,SANC01126_minRM1.pdb-1,273,0,C5:S;C7:R;C8:R;C11:S;C12:S,CC(=O)O[C@H](C1=C)C[C@H]2C(=C)CC[C@@H](C(=C)C(=O)O3)[C@H]3[C@@H]12,21,89,-4.2914586666124,-4.2914586666124,0.0,-0.0,-29.9846477508545,-30.317971944809,FP2_standard_xp_pv.maegz,4dc7e066e1aa58df1b670f2e35000d9bdbc28f4b5d51efbb32f1c36e8d01a576
FP2,primary_FP2_standardised,SANC00354,SANC00354_minRM1.pdb-1,74,0,C1:R;C7:S,CC=1C(=O)OC(=C2)C1C[C@H]([C@@]23C)CC=CC3=O,17,90,-4.26527519079146,-4.26527519079146,0.0,-0.0,-36.7663383483887,-29.3750078976154,FP2_standard_xp_pv.maegz,4dc7e066e1aa58df1b670f2e35000d9bdbc28f4b5d51efbb32f1c36e8d01a576
FP2,primary_FP2_standardised,SANC00152,SANC00152_minRM1.pdb-1,25,0,C6:S;C14:R;C25:S;C30:S,CC(=O)O[C@@H]1OC=C(C(=O)CC=C(C)C)[C@@H]([C@H]12)CC[C@](C)(OC(=O)C)/C=C\CC2=C,30,91,-4.25355545076226,-4.25355545076226,0.0,-0.0,-36.5829086303711,-33.6890089511871,FP2_standard_xp_pv.maegz,4dc7e066e1aa58df1b670f2e35000d9bdbc28f4b5d51efbb32f1c36e8d01a576
FP2,primary_FP2_standardised,SANC00353,SANC00353_minRM1.pdb-1,73,0,C1:R;C7:R;C10:S,CC=1C(=O)O[C@@H](C2)C1C[C@H]([C@@]23C)CC=CC3=O,17,92,-4.23795346828057,-4.23795346828057,0.0,-0.0,-34.1402969360352,-28.6021305322647,FP2_standard_xp_pv.maegz,4dc7e066e1aa58df1b670f2e35000d9bdbc28f4b5d51efbb32f1c36e8d01a576
FP2,primary_FP2_standardised,SANC00108,SANC00108_minRM1.pdb-1,4,1,C1:S;C2:S;N7:R;C10:R,C/C=C(C)\C(=O)O[C@@H]1CC[N@H+]([C@H]12)CC[C@@H]2CO,17,93,-4.23303881666143,-4.23813881666143,0.0051000000000005485,0.0051,-30.2047430037492,-27.7832908630371,FP2_standard_xp_pv.maegz,4dc7e066e1aa58df1b670f2e35000d9bdbc28f4b5d51efbb32f1c36e8d01a576
FP2,primary_FP2_standardised,SANC00297,SANC00297_minRM1.pdb-1,61,0,C1:S;C7:S;C11:S;C15:S,O=C[C@@]1(O)C(C=O)=CC[C@H]([C@@]12C)C(=C)[C@@H](C)CC2,18,94,-4.22687225437908,-4.22687225437908,0.0,-0.0,-28.0028991699219,-26.5958194732666,FP2_standard_xp_pv.maegz,4dc7e066e1aa58df1b670f2e35000d9bdbc28f4b5d51efbb32f1c36e8d01a576
FP2,primary_FP2_standardised,SANC00371,SANC00371_minRM1.pdb-1,84,0,C9:S;C14:S,CC(C)=CC(=O)OC[C@@](C)(CCC1)C2=CC=C(C=3[C@@]12C)C=C(C(C)C)C(=O)C3O,29,95,-4.2259832971912,-4.2344832971912,0.00849999999999973,0.0085,-38.0961837768555,-34.1400284767151,FP2_standard_xp_pv.maegz,4dc7e066e1aa58df1b670f2e35000d9bdbc28f4b5d51efbb32f1c36e8d01a576
FP2,primary_FP2_standardised,SANC00436,SANC00436_minRM1.pdb-1,112,-1,,[O-]c1cc(C)cc(c12)C(=O)C=C(C2=O)C(C3=O)=CC(=O)c(c34)cc(C)cc4O,28,96,-4.21359852449773,-4.61679852449773,0.4032,0.4032,-42.2135848999023,-31.5192341804504,FP2_standard_xp_pv.maegz,4dc7e066e1aa58df1b670f2e35000d9bdbc28f4b5d51efbb32f1c36e8d01a576
FP2,primary_FP2_standardised,SANC00542,SANC00542_minRM1.pdb-1,148,0,C4:S;C9:S;C16:S;C21:S,CC(C)[C@@](O)(CC1)/C=C/[C@@](C)(O)CC[C@H](O)C(=C)C[C@@H](C=C12)OC2=O,25,97,-4.20875976946219,-4.20875976946219,0.0,-0.0,-33.3878589616855,-27.8618621826172,FP2_standard_xp_pv.maegz,4dc7e066e1aa58df1b670f2e35000d9bdbc28f4b5d51efbb32f1c36e8d01a576
FP2,primary_FP2_standardised,SANC00660,SANC00660_minRM1.pdb-1,184,0,C1:R;C17:S,CC(=O)OC/C(CC1)=C/CCC(\CO)=C/[C@H]([C@@H]12)OC(=O)C2=C,22,98,-4.19651919323278,-4.19651919323278,0.0,-0.0,-40.2092037693189,-33.4580504894257,FP2_standard_xp_pv.maegz,4dc7e066e1aa58df1b670f2e35000d9bdbc28f4b5d51efbb32f1c36e8d01a576
FP2,primary_FP2_standardised,SANC00281,SANC00281_minRM1.pdb-1,56,0,C2:R;C4:S;C5:R;C9:S;C10:R;C11:S;C16:R,CC(C)C(=O)O[C@@]12[C@@H](C1(C)C)[C@H]3[C@](O)([C@H](C)C2)[C@H]4[C@@](O)(C(=O)C(C)=C4)CC(=C3)COC(=O)C,33,99,-4.18909351843822,-4.18909351843822,0.0,-0.0,-40.7400779620783,-36.5099816322327,FP2_standard_xp_pv.maegz,4dc7e066e1aa58df1b670f2e35000d9bdbc28f4b5d51efbb32f1c36e8d01a576
FP2,primary_FP2_standardised,SANC00349,SANC00349_minRM1.pdb-1,68,0,C1:R;C7:R;C10:S,O=C(O1)C(C)=C([C@@]12O)C[C@@H]3[C@@](C)(C2)C(=O)C=CC3,18,100,-4.17745430601307,-4.19525430601307,0.01780000000000026,0.0178,-30.9690947921305,-25.086058139801,FP2_standard_xp_pv.maegz,4dc7e066e1aa58df1b670f2e35000d9bdbc28f4b5d51efbb32f1c36e8d01a576
FP2,primary_FP2_standardised,SANC00308,SANC00308_minRM1.pdb-1,65,0,C2:R;C4:S;C8:S;C10:R;C16:S;C19:R;C22:S;C23:R,CC1(C)[C@@H]([C@@]123)C[C@@H](C)C(=O)[C@@]45C(C(=O)[C@@H](C)C5)=C[C@](O3)(C)[C@@H]([C@@H]24)O,24,101,-4.17618027943899,-4.17618027943899,0.0,-0.0,-32.2040048366939,-29.9389276504517,FP2_standard_xp_pv.maegz,4dc7e066e1aa58df1b670f2e35000d9bdbc28f4b5d51efbb32f1c36e8d01a576
FP2,primary_FP2_standardised,SANC00784,SANC00784_minRM1.pdb-1,212,0,C7:S;C19:R;C20:R,C1OC(=O)[C@@](O)(CO)C(=C)CC(=C\C)\C(=O)O[C@@H]([C@H]2C1=3)CCN2CC3,25,102,-4.15948054781015,-4.54618054781015,0.3866999999999994,0.3867,-34.0951338751198,-29.8394041061401,FP2_standard_xp_pv.maegz,4dc7e066e1aa58df1b670f2e35000d9bdbc28f4b5d51efbb32f1c36e8d01a576
FP2,primary_FP2_standardised,SANC00200,SANC00200_minRM1.pdb-1,31,0,C1:R;C16:S;C24:R,OCC(=C)C(=O)O[C@H]1CC(\COC(=O)C)=C/CCC(\C=O)=C/[C@H]([C@@H]12)OC(=O)C2=C,29,103,-4.15740923124133,-4.15780923124133,0.00039999999999995595,0.0004,-44.9168167114258,-36.8011150360107,FP2_standard_xp_pv.maegz,4dc7e066e1aa58df1b670f2e35000d9bdbc28f4b5d51efbb32f1c36e8d01a576
FP2,primary_FP2_standardised,SANC00438,SANC00438_minRM1.pdb-2,118,-1,,O=C1C=CC(=O)c(c12)c([O-])cc(C)c2C(C3=O)=CC(=O)c(c34)cc(C)cc4O,28,104,-4.15572236009915,-4.71132236009915,0.5555999999999992,0.5556,-45.3593940734863,-37.330840587616,FP2_standard_xp_pv.maegz,4dc7e066e1aa58df1b670f2e35000d9bdbc28f4b5d51efbb32f1c36e8d01a576
FP2,primary_FP2_standardised,SANC00432,SANC00432_minRM1.pdb-1,104,0,C2:S;C4:S;C5:S;C6:R;C7:S;C12:S,C=C1C(=O)O[C@@H](C2)[C@@H]1[C@H](O)[C@H]([C@]23C)C(=C)CC[C@@H]3O,19,105,-4.08629629561519,-4.08629629561519,0.0,-0.0,-35.890120573,-30.4069712162018,FP2_standard_xp_pv.maegz,4dc7e066e1aa58df1b670f2e35000d9bdbc28f4b5d51efbb32f1c36e8d01a576
FP2,primary_FP2_standardised,SANC00771,SANC00771_minRM1.pdb-1,202,1,C5:R;C7:R;N17:R;C18:R;C19:R,C1OC(=O)[C@](C)(O)[C@H](C)CC(=C\C)/C(=O)O[C@@H]([C@H]2C1=3)CC[N@@H+]2CC3,24,106,-4.07484531193056,-4.42274531193056,0.3479000000000001,0.3479,-31.5789416223774,-32.8901796340942,FP2_standard_xp_pv.maegz,4dc7e066e1aa58df1b670f2e35000d9bdbc28f4b5d51efbb32f1c36e8d01a576
FP2,primary_FP2_standardised,SANC00158,SANC00158_minRM1.pdb-1,26,0,C1:S;C11:R;C19:R,CC(=O)O[C@@H](C(=C)C)C/C=C1/C(=O)OC[C@H]([C@@H]12)C(=C)CC\C=C(\C)CC2,26,107,-4.07310995988903,-4.07310995988903,0.0,-0.0,-36.9211422415587,-31.4877159446478,FP2_standard_xp_pv.maegz,4dc7e066e1aa58df1b670f2e35000d9bdbc28f4b5d51efbb32f1c36e8d01a576
FP2,primary_FP2_standardised,SANC00518,SANC00518_minRM1.pdb-1,126,0,C1:R;C4:R;C6:R;C9:R;C10:R;C11:S;C17:R;C21:R;C23:R;C27:S,C=C(C)[C@@H](CC1)[C@@H]([C@]12C)[C@@H]3[C@@](C)(CC2)[C@@]4(C)[C@H](CC3)[C@]5(C)[C@@H](CC4)C(C)(C)[C@H](CC5)OC(=O)/C=C/c6cc(O)c(cc6)OC,44,108,-4.07128588578215,-4.07268588578215,0.0013999999999994017,0.0014,-50.2604309404726,-37.2645115852356,FP2_standard_xp_pv.maegz,4dc7e066e1aa58df1b670f2e35000d9bdbc28f4b5d51efbb32f1c36e8d01a576
FP2,primary_FP2_standardised,SANC00530,SANC00530_minRM1.pdb-1,140,-1,C3:S;C11:R,CC(C)=CC[C@](C1=O)(OC)C([O-])=C(CC=C(C)C)C(=O)[C@]1(O)C(=O)/C=C/c2ccccc2,32,109,-4.05815582742889,-4.07875582742889,0.02059999999999995,0.0206,-38.6896439889618,-32.100025177002,FP2_standard_xp_pv.maegz,4dc7e066e1aa58df1b670f2e35000d9bdbc28f4b5d51efbb32f1c36e8d01a576
FP2,primary_FP2_standardised,SANC00796,SANC00796_minRM1.pdb-1,222,1,C5:R;C7:R;C14:R;C17:R;N23:R,C1OC(=O)[C@](C)(O)[C@H](C)CC(=C\C)/C(=O)O[C@@H](C(=O)[C@@H]12)CC[N@H+](C)CC2,26,110,-4.04681547578837,-4.06581547578837,0.019000000000000128,0.019,-32.5698740875677,-29.3728449344635,FP2_standard_xp_pv.maegz,4dc7e066e1aa58df1b670f2e35000d9bdbc28f4b5d51efbb32f1c36e8d01a576
FP2,primary_FP2_standardised,SANC00541,SANC00541_minRM1.pdb-1,147,0,C3:R;C9:S,CC(C)/C(CC1)=C\C=C(\C)[C@H](OC)C/C=C(\C)C[C@@H](C=C12)OC2=O,24,111,-4.04647702018242,-4.04647702018242,0.0,-0.0,-28.8623360021395,-28.9768269062042,FP2_standard_xp_pv.maegz,4dc7e066e1aa58df1b670f2e35000d9bdbc28f4b5d51efbb32f1c36e8d01a576
FP2,primary_FP2_standardised,SANC00771,SANC00771_minRM1.pdb-2,203,0,C5:R;C7:R;C18:R;C19:R,C1OC(=O)[C@](C)(O)[C@H](C)CC(=C\C)/C(=O)O[C@@H]([C@H]2C1=3)CCN2CC3,24,112,-4.04106519597339,-4.52196519597339,0.4809000000000001,0.4809,-32.8781144196959,-30.3073155879974,FP2_standard_xp_pv.maegz,4dc7e066e1aa58df1b670f2e35000d9bdbc28f4b5d51efbb32f1c36e8d01a576
FP2,primary_FP2_standardised,SANC00793,SANC00793_minRM1.pdb-1,220,0,C5:R;C9:S;C12:R;C13:S;C26:R,C1OC(=O)[C@@](C)(O)[C@H](C)C[C@@](O)([C@H](Cl)C)C(=O)O[C@@H](C2=O)CCN(C)C/C=C1\2,28,113,-4.04040174911785,-4.05290174911785,0.012500000000000178,0.0125,-36.6643760627287,-31.7679271697998,FP2_standard_xp_pv.maegz,4dc7e066e1aa58df1b670f2e35000d9bdbc28f4b5d51efbb32f1c36e8d01a576
FP2,primary_FP2_standardised,SANC00787,SANC00787_minRM1.pdb-1,214,0,C5:R;C9:R;C12:R;C13:S;C26:S,C1OC(=O)[C@@](C)(O)[C@H](C)C[C@@](O)([C@H](C)O)C(=O)O[C@@H](C2=O)CCN(C)C/C=C1\2,28,114,-4.03361028544553,-4.04771028544553,0.014100000000000001,0.0141,-28.2918315271227,-32.2930526733398,FP2_standard_xp_pv.maegz,4dc7e066e1aa58df1b670f2e35000d9bdbc28f4b5d51efbb32f1c36e8d01a576
FP2,primary_FP2_standardised,SANC00522,SANC00522_minRM1.pdb-2,134,-1,,c1cc([O-])cc(O)c1C(=O)/C=C/c2ccccc2,18,115,-4.02922079383434,-4.88212079383434,0.8529,0.8529,-30.5451748746989,-29.1696600914001,FP2_standard_xp_pv.maegz,4dc7e066e1aa58df1b670f2e35000d9bdbc28f4b5d51efbb32f1c36e8d01a576
FP2,primary_FP2_standardised,SANC00283,SANC00283_minRM1.pdb-1,58,0,C1:S;C10:R;C17:S;C18:R;C20:R;C23:S;C30:S;C40:R,C/C=C(C)\C(=O)OC[C@]1(C)[C@H]([C@]12OC(=O)C(C)C)[C@H]3[C@](O)([C@H](C)C2)[C@H]4[C@@](O)(C(=O)C(C)=C4)CC(=C3)COC(=O)C,40,116,-4.02918625331898,-4.02918625331898,0.0,-0.0,-45.633113861084,-38.0527076721191,FP2_standard_xp_pv.maegz,4dc7e066e1aa58df1b670f2e35000d9bdbc28f4b5d51efbb32f1c36e8d01a576
FP2,primary_FP2_standardised,SANC00382,SANC00382_minRM1.pdb-1,98,1,C1:S,C1[C@@H]2[NH2+]CCc(cc(c3O)OC)c2c3C14C=CC(=O)C=C4,21,117,-4.02605231557998,-4.10995231557998,0.08389999999999986,0.0839,-33.1726800927997,-26.7899136543274,FP2_standard_xp_pv.maegz,4dc7e066e1aa58df1b670f2e35000d9bdbc28f4b5d51efbb32f1c36e8d01a576
FP2,primary_FP2_standardised,SANC00697,SANC00697_minRM1.pdb-1,188,0,C6:S;C11:S;C20:S,CC(C)[C@@](O)(CC1)/C=C/[C@@](C)(O)CC/C=C(\C)C[C@@H](C=C12)OC2=O,24,118,-4.0233637392207,-4.0233637392207,0.0,-0.0,-36.4550971984863,-31.8941569328308,FP2_standard_xp_pv.maegz,4dc7e066e1aa58df1b670f2e35000d9bdbc28f4b5d51efbb32f1c36e8d01a576
FP2,primary_FP2_standardised,SANC00797,SANC00797_minRM1.pdb-1,224,1,C6:R;C8:R;N18:R;C19:R;C20:R,C1OC(=O)[C@](C)(O)[C@H](C)CC(=C\CO)/C(=O)O[C@@H]([C@H]2C1=3)CC[N@@H+]2CC3,25,119,-4.0220957556555,-4.3981957556555,0.3761000000000001,0.3761,-35.0499819140242,-32.5525932312012,FP2_standard_xp_pv.maegz,4dc7e066e1aa58df1b670f2e35000d9bdbc28f4b5d51efbb32f1c36e8d01a576
FP2,primary_FP2_standardised,SANC00243,SANC00243_minRM1.pdb-2,39,-1,,COc(cc1)ccc1/C=C(/C2=O)COc(c23)c(OC)c([O-])cc3O,24,120,-4.00755229571997,-4.75125229571997,0.7437000000000005,0.7437,-34.7499108427496,-30.4192006587982,FP2_standard_xp_pv.maegz,4dc7e066e1aa58df1b670f2e35000d9bdbc28f4b5d51efbb32f1c36e8d01a576
FP2,primary_FP2_standardised,SANC00300,SANC00300_minRM1.pdb-1,64,0,C1:R;C6:R;C8:R;C10:S;C17:R;C23:S,C=C(C)C(=O)O[C@@H](C1)[C@@H](C(=C)C(=O)O2)[C@H]2\C=C(\CC[C@H]([C@]134)O4)CO[C@@H]3O,26,121,-3.99267133106226,-3.99267133106226,0.0,-0.0,-35.3621219612393,-28.6958374977112,FP2_standard_xp_pv.maegz,4dc7e066e1aa58df1b670f2e35000d9bdbc28f4b5d51efbb32f1c36e8d01a576
FP2,primary_FP2_standardised,SANC00720,SANC00720_minRM1.pdb-1,197,0,C20:S,c1cccc(c12)[nH]c(C(C)(C)C=C)c2/C=C3/C(=O)N[C@@H](C)C(=O)N3,24,122,-3.95305379618254,-3.95305379618254,0.0,-0.0,-43.1110499327955,-35.6021647453308,FP2_standard_xp_pv.maegz,4dc7e066e1aa58df1b670f2e35000d9bdbc28f4b5d51efbb32f1c36e8d01a576
FP2,primary_FP2_standardised,SANC00984,SANC00984_minRM1.pdb-1,247,-1,,[O-]C(=O)/C=C/c1cc(O)c(O)cc1,13,123,-3.94998094907438,-3.94998094907438,0.0,-0.0,-32.6967735290527,-26.4602847099304,FP2_standard_xp_pv.maegz,4dc7e066e1aa58df1b670f2e35000d9bdbc28f4b5d51efbb32f1c36e8d01a576
FP2,primary_FP2_standardised,SANC00151,SANC00151_minRM1.pdb-1,24,0,C1:S;C4:S;C15:R;C16:S,CC(=O)O[C@@H]1OC=C(C(=O)/C=C/C(C)(C)O)[C@H]([C@@H]12)CC[C@](C)(OC(=O)C)/C=C\CC2=C,31,124,-3.93432722865378,-3.93432722865378,0.0,-0.0,-42.5237159729004,-35.1806287765503,FP2_standard_xp_pv.maegz,4dc7e066e1aa58df1b670f2e35000d9bdbc28f4b5d51efbb32f1c36e8d01a576
FP2,primary_FP2_standardised,SANC00298,SANC00298_minRM1.pdb-1,62,0,C1:R;C6:R;C8:R;C10:S;C17:R;C18:S;C23:S,C=C(C)C(=O)O[C@@H](C1)[C@@H]([C@H](C)C(=O)O2)[C@H]2\C=C(\CC[C@H]([C@]134)O4)CO[C@@H]3O,26,125,-3.91395249802168,-3.91395249802168,0.0,-0.0,-36.9615918082865,-29.9666709899902,FP2_standard_xp_pv.maegz,4dc7e066e1aa58df1b670f2e35000d9bdbc28f4b5d51efbb32f1c36e8d01a576
FP2,primary_FP2_standardised,SANC00612,SANC00612_minRM1.pdb-2,163,-1,,c1cc(O)ccc1/C=C(/C2=O)COc(c23)cc([O-])cc3O,21,126,-3.90593017907336,-4.65313017907336,0.7471999999999999,0.7472,-32.1017837524414,-27.8180680274963,FP2_standard_xp_pv.maegz,4dc7e066e1aa58df1b670f2e35000d9bdbc28f4b5d51efbb32f1c36e8d01a576
FP2,primary_FP2_standardised,SANC00702,SANC00702_minRM1.pdb-1,192,0,C6:S;C11:R;C19:S,CC(C)[C@@H](CC1)\C=C\[C@@](C)(O)CC/C=C(\C)C[C@@H](C=C12)OC2=O,23,127,-3.8994892787074,-3.8994892787074,0.0,-0.0,-29.2929508344088,-28.0550725460052,FP2_standard_xp_pv.maegz,4dc7e066e1aa58df1b670f2e35000d9bdbc28f4b5d51efbb32f1c36e8d01a576
FP2,primary_FP2_standardised,SANC00691,SANC00691_minRM1.pdb-1,187,0,C1:R;C4:S;C8:R;C19:R,C1=C[C@](C)(C2)CC[C@H]([C@@]123)[C@@]4(C)C(CC3)=C(C)C(=O)C(=C4)O,21,128,-3.89150218052529,-3.89150218052529,0.0,-0.0,-33.934632661729,-28.6435017585754,FP2_standard_xp_pv.maegz,4dc7e066e1aa58df1b670f2e35000d9bdbc28f4b5d51efbb32f1c36e8d01a576
FP2,primary_FP2_standardised,SANC00110,SANC00110_minRM1.pdb-1,6,1,C1:R;C2:S;N7:S;C10:R,C/C=C(C)\C(=O)O[C@@H]1CC[N@@H+]([C@@H]12)CC[C@@H]2CO,17,129,-3.88251973548868,-3.89121973548868,0.008700000000000152,0.0087,-31.8776787140595,-25.0605764389038,FP2_standard_xp_pv.maegz,4dc7e066e1aa58df1b670f2e35000d9bdbc28f4b5d51efbb32f1c36e8d01a576
FP2,primary_FP2_standardised,SANC00810,SANC00810_minRM1.pdb-1,231,0,C6:R;C7:S;C16:R;C17:R;C22:R;C27:S;C31:S;C37:S,CC1(C)C(=O)C=C[C@@](C)([C@H]1CC(=O)OC)[C@@H]([C@@H](OC(=O)C)[C@@H]2OC(=O)C)C(=C)C([C@@]23C)=CC[C@@H]3C4=CC(=O)O[C@@H]4O,41,130,-3.86131635991898,-3.86311635991898,0.0018000000000002458,0.0018,-40.6301058637673,-37.9318895339966,FP2_standard_xp_pv.maegz,4dc7e066e1aa58df1b670f2e35000d9bdbc28f4b5d51efbb32f1c36e8d01a576
FP2,primary_FP2_standardised,SANC00538,SANC00538_minRM1.pdb-1,145,0,C6:R;C11:S;C20:S,CC(C)[C@@](O)(CC1)/C=C/[C@](C)(O)CC/C=C(\C)C[C@@H](C=C12)OC2=O,24,131,-3.8430063808204,-3.8430063808204,0.0,-0.0,-34.7119326530798,-28.7840633392334,FP2_standard_xp_pv.maegz,4dc7e066e1aa58df1b670f2e35000d9bdbc28f4b5d51efbb32f1c36e8d01a576
FP2,primary_FP2_standardised,SANC00808,SANC00808_minRM1.pdb-1,229,0,C6:R;C7:S;C16:R;C17:R;C22:R;C24:S;C28:S,CC1(C)C(=O)C=C[C@@](C)([C@H]1CC(=O)OC)[C@@H]([C@H]([C@@H]2O)OC(=O)C)C(=C)C([C@@]23C)=CC[C@H]3c4ccoc4,36,132,-3.82977834028986,-3.82977834028986,0.0,-0.0,-39.6437069427476,-34.4364101886749,FP2_standard_xp_pv.maegz,4dc7e066e1aa58df1b670f2e35000d9bdbc28f4b5d51efbb32f1c36e8d01a576
FP2,primary_FP2_standardised,SANC00369,SANC00369_minRM1.pdb-2,81,-1,C14:S;C27:S,c1cc([O-])c(O)cc1C(=O)O[C@H](C2)CC(C)(C)C3=CC=C(C=4[C@@]23C)C=C(C(C)C)C(=O)C4O,33,133,-3.80192390780493,-5.86142390780493,2.0595000000000003,2.0595,-56.3846919292914,-39.8724317550659,FP2_standard_xp_pv.maegz,4dc7e066e1aa58df1b670f2e35000d9bdbc28f4b5d51efbb32f1c36e8d01a576
FP2,primary_FP2_standardised,SANC00437,SANC00437_minRM1.pdb-1,115,0,,Oc1cc(C)cc(c12)C(=O)C=CC2=O,14,134,-3.76623018599828,-3.77783018599828,0.011600000000000055,0.0116,-32.1321804479703,-26.4211626052856,FP2_standard_xp_pv.maegz,4dc7e066e1aa58df1b670f2e35000d9bdbc28f4b5d51efbb32f1c36e8d01a576
FP2,primary_FP2_standardised,SANC00434,SANC00434_minRM1.pdb-2,107,0,,O=C1C=CC(=O)c(c12)cc(C)c(c2O)C(=CC3=O)C(=O)c(c34)cc(C)cc4O,28,135,-3.76238087586105,-4.88898087586105,1.1265999999999994,1.1266,-45.4469375610352,-38.3807344436646,FP2_standard_xp_pv.maegz,4dc7e066e1aa58df1b670f2e35000d9bdbc28f4b5d51efbb32f1c36e8d01a576
FP2,primary_FP2_standardised,SANC00190,SANC00190_minRM1.pdb-1,30,0,C8:S;C9:R;C10:S,CC(C)[C@H](CC1)[C@H]([C@]12C)C(=O)C(=C)CCC2,16,136,-3.75283884237263,-3.75283884237263,0.0,-0.0,-26.3474270470472,-22.4112930297852,FP2_standard_xp_pv.maegz,4dc7e066e1aa58df1b670f2e35000d9bdbc28f4b5d51efbb32f1c36e8d01a576
FP2,primary_FP2_standardised,SANC00953,SANC00953_minRM1.pdb-1,243,-1,,[O-]C(=O)/C=C/c1cc(OC)c(O)cc1,14,137,-3.75145269876624,-3.75145269876624,0.0,-0.0,-24.526029586792,-22.5437622070313,FP2_standard_xp_pv.maegz,4dc7e066e1aa58df1b670f2e35000d9bdbc28f4b5d51efbb32f1c36e8d01a576
FP2,primary_FP2_standardised,SANC00737,SANC00737_minRM1.pdb-2,201,0,C19:R,c1occc1CC\C=C(C)\CC/C=C(C)\CCC[C@@H](C)/C=C2\C=C(C(=O)O2)CO,29,138,-3.74505844374319,-4.92015844374319,1.1750999999999996,1.1751,-50.0961112976074,-43.7804613113403,FP2_standard_xp_pv.maegz,4dc7e066e1aa58df1b670f2e35000d9bdbc28f4b5d51efbb32f1c36e8d01a576
FP2,primary_FP2_standardised,SANC00523,SANC00523_minRM1.pdb-2,137,-1,,c1cc(O)ccc1/C=C(/C2=O)COc(c23)c(OC)c([O-])cc3O,23,139,-3.74175409243309,-4.48545409243309,0.7437000000000005,0.7437,-32.4957733154297,-30.1147422790527,FP2_standard_xp_pv.maegz,4dc7e066e1aa58df1b670f2e35000d9bdbc28f4b5d51efbb32f1c36e8d01a576
FP2,primary_FP2_standardised,SANC01112,SANC01112_minRM1.pdb-2,271,-1,,c1cc([O-])ccc1\C=C\C(=O)NCCc2c[nH]c(c23)ccc(c3)O,24,140,-3.73555800081992,-5.03715800081992,1.3016,1.3016,-43.6262741088867,-36.0736169815063,FP2_standard_xp_pv.maegz,4dc7e066e1aa58df1b670f2e35000d9bdbc28f4b5d51efbb32f1c36e8d01a576
FP2,primary_FP2_standardised,SANC00582,SANC00582_minRM1.pdb-1,155,0,C5:S;C8:R;C11:R;C13:R;C14:S;C16:R;C28:R;C32:S;C39:R;C43:S;C48:S,n1cn(C)cc1\C=C\C(=O)O[C@@H]2C[C@H](C(C)=CC[C@@H]3C(C)C)[C@@H]3C[C@@H]([C@](O4)(O)C=C[C@]24C)CO[C@@H]5OC[C@H](OC(=O)C)[C@H](O)[C@@H]5OC(=O)C,49,141,-3.7109246160611,-3.8209246160611,0.11000000000000032,0.11,-49.1096875536204,-46.8925371170044,FP2_standard_xp_pv.maegz,4dc7e066e1aa58df1b670f2e35000d9bdbc28f4b5d51efbb32f1c36e8d01a576
FP2,primary_FP2_standardised,SANC00250,SANC00250_minRM1.pdb-1,46,-1,,CC(C)=CCCC(\C([O-])=O)=C\CC/C(C)=C/CC/C(C)=C/Cc1c(O)c(C)cc(c1)O,31,142,-3.70615899876081,-3.70765899876081,0.0015000000000000568,0.0015,-46.046443939209,-39.9096970558167,FP2_standard_xp_pv.maegz,4dc7e066e1aa58df1b670f2e35000d9bdbc28f4b5d51efbb32f1c36e8d01a576
FP2,primary_FP2_standardised,SANC00519,SANC00519_minRM1.pdb-3,129,-1,,c1cc(O)c(OC)c([O-])c1C(=O)/C=C/c2cc(O)ccc2,21,143,-3.70550077112098,-4.88620077112098,1.1806999999999999,1.1807,-39.1820449829102,-31.8787527084351,FP2_standard_xp_pv.maegz,4dc7e066e1aa58df1b670f2e35000d9bdbc28f4b5d51efbb32f1c36e8d01a576
FP2,primary_FP2_standardised,SANC00434,SANC00434_minRM1.pdb-1,106,-1,,O=C1C=CC(=O)c(c12)cc(C)c(c2[O-])C(=CC3=O)C(=O)c(c34)cc(C)cc4O,28,144,-3.70502836480732,-3.82332836480732,0.11830000000000007,0.1183,-40.9867048931419,-31.3518908023834,FP2_standard_xp_pv.maegz,4dc7e066e1aa58df1b670f2e35000d9bdbc28f4b5d51efbb32f1c36e8d01a576
FP2,primary_FP2_standardised,SANC00104,SANC00104_minRM1.pdb-2,2,-1,,Oc1cc([O-])cc(OC)c1C(=O)/C=C/c2ccccc2,20,145,-3.69180399375328,-4.43240399375328,0.7406000000000006,0.7406,-30.3519229888916,-26.2784535884857,FP2_standard_xp_pv.maegz,4dc7e066e1aa58df1b670f2e35000d9bdbc28f4b5d51efbb32f1c36e8d01a576
FP2,primary_FP2_standardised,SANC00117,SANC00117_minRM1.pdb-1,13,1,C1:R;C2:S;N14:S;C17:R,C\C=C(CO)\C(=O)OC[C@H]1CC[N@H+]([C@H]12)CC[C@H]2OC(=O)/C(C)=C\C,24,146,-3.67216523721926,-3.69116523721926,0.019000000000000128,0.019,-37.8901710510254,-36.0028853416443,FP2_standard_xp_pv.maegz,4dc7e066e1aa58df1b670f2e35000d9bdbc28f4b5d51efbb32f1c36e8d01a576
FP2,primary_FP2_standardised,SANC00539,SANC00539_minRM1.pdb-1,146,0,C15:S,C=C(C)/C(CC1)=C\C=C(\C)CC/C=C(\C)C[C@@H](C=C12)OC2=O,22,147,-3.66086239884118,-3.66086239884118,0.0,-0.0,-30.6335588174658,-29.9148248434067,FP2_standard_xp_pv.maegz,4dc7e066e1aa58df1b670f2e35000d9bdbc28f4b5d51efbb32f1c36e8d01a576
FP2,primary_FP2_standardised,SANC01055,SANC01055_minRM1.pdb-1,260,0,C5:S,O=C1C[C@@H](C(=C)C)CC=C1C,11,148,-3.63121096335928,-3.63121096335928,0.0,-0.0,-25.6173371819536,-21.1280372142792,FP2_standard_xp_pv.maegz,4dc7e066e1aa58df1b670f2e35000d9bdbc28f4b5d51efbb32f1c36e8d01a576
FP2,primary_FP2_standardised,SANC00623,SANC00623_minRM1.pdb-1,171,0,C7:S;C16:R;C17:R,C1OC(=O)[C@@](C)(O)C(=C)CC(=C\C)/C(=O)O[C@@H]([C@H]2C1=3)CCN2CC3,24,149,-3.63023425434596,-4.03833425434596,0.40810000000000013,0.4081,-31.9888931010171,-26.0158483982086,FP2_standard_xp_pv.maegz,4dc7e066e1aa58df1b670f2e35000d9bdbc28f4b5d51efbb32f1c36e8d01a576
FP2,primary_FP2_standardised,SANC00280,SANC00280_minRM1.pdb-1,54,0,C5:R,C12=NCCc(c[nH]3)c1c3C(=O)C(NC=C4)=C2[C@@]45C=C(Br)C(=O)CC5,24,150,-3.61608608624214,-3.73218608624214,0.11610000000000031,0.1161,-41.7715454101563,-34.2520878314972,FP2_standard_xp_pv.maegz,4dc7e066e1aa58df1b670f2e35000d9bdbc28f4b5d51efbb32f1c36e8d01a576
FP2,primary_FP2_standardised,SANC00365,SANC00365_minRM1.pdb-1,76,-1,C23:S;C24:S;C26:S;C27:S,O=C1C(=O)C(C(C)C)=C([O-])C(=C1[C@]23C)[C@H](OC=O)[C@@H](O)[C@H]2C(C)(C)CCC3,27,151,-3.59599699131084,-3.59609699131085,0.000100000000009981,0.0001,10000.0,-17.7980846166611,FP2_standard_xp_pv.maegz,4dc7e066e1aa58df1b670f2e35000d9bdbc28f4b5d51efbb32f1c36e8d01a576
FP2,primary_FP2_standardised,SANC01036,SANC01036_minRM1.pdb-1,256,1,N2:R;C5:R;C6:S,C1=CC(=O)C[C@H]([N@H+](C)CC2)[C@@]12c3cc(OC)c(cc3)OC,21,152,-3.59060007812571,-3.65580007812571,0.06519999999999992,0.0652,-31.8014707218933,-25.9978098869324,FP2_standard_xp_pv.maegz,4dc7e066e1aa58df1b670f2e35000d9bdbc28f4b5d51efbb32f1c36e8d01a576
FP2,primary_FP2_standardised,SANC00350,SANC00350_minRM1.pdb-2,71,-1,,COc(cc1)ccc1/C=C(\C2=O)COc(c23)cc([O-])cc3O,22,153,-3.56388649881164,-4.31108649881164,0.7472000000000003,0.7472,-31.0013675689697,-24.3807303905487,FP2_standard_xp_pv.maegz,4dc7e066e1aa58df1b670f2e35000d9bdbc28f4b5d51efbb32f1c36e8d01a576
FP2,primary_FP2_standardised,SANC00519,SANC00519_minRM1.pdb-2,128,-1,,c1cc([O-])c(OC)c(O)c1C(=O)/C=C/c2cc(O)ccc2,21,154,-3.5516305016972,-4.4042305016972,0.8526000000000002,0.8526,-40.4087715148926,-34.0782346725464,FP2_standard_xp_pv.maegz,4dc7e066e1aa58df1b670f2e35000d9bdbc28f4b5d51efbb32f1c36e8d01a576
FP2,primary_FP2_standardised,SANC00521,SANC00521_minRM1.pdb-3,132,-1,,c1cc(O)cc([O-])c1C(=O)/C=C/c2cc(O)ccc2,19,155,-3.54716084180832,-4.72786084180832,1.1806999999999999,1.1807,-37.7285919189453,-27.5543184280396,FP2_standard_xp_pv.maegz,4dc7e066e1aa58df1b670f2e35000d9bdbc28f4b5d51efbb32f1c36e8d01a576
FP2,primary_FP2_standardised,SANC00201,SANC00201_minRM1.pdb-1,32,0,C1:R;C7:R;C8:S;C17:R;C25:R,OCC(=C)C(=O)O[C@H]1C[C@](C=C)(COC(=O)C)[C@H](C(C=O)=C)[C@H]([C@@H]12)OC(=O)C2=C,29,156,-3.54330110449894,-3.54370110449894,0.00039999999999995595,0.0004,-36.6070244723396,-32.3716638088226,FP2_standard_xp_pv.maegz,4dc7e066e1aa58df1b670f2e35000d9bdbc28f4b5d51efbb32f1c36e8d01a576
FP2,primary_FP2_standardised,SANC00928,SANC00928_minRM1.pdb-1,241,0,C7:R,CC(=O)/C=C/[C@H](C1(C)C)C(C)=CCC1,14,157,-3.53771957972192,-3.53771957972192,0.0,-0.0,-28.0894355773926,-24.018904209137,FP2_standard_xp_pv.maegz,4dc7e066e1aa58df1b670f2e35000d9bdbc28f4b5d51efbb32f1c36e8d01a576
FP2,primary_FP2_standardised,SANC00724,SANC00724_minRM1.pdb-1,198,0,,CC(C)CC(=O)/C=C(C)\CCC/C(C)=C/CC1=CC(=O)C(C)=CC1=O,25,158,-3.5263350114217,-3.5263350114217,0.0,-0.0,-45.069570179057,-35.8387160301208,FP2_standard_xp_pv.maegz,4dc7e066e1aa58df1b670f2e35000d9bdbc28f4b5d51efbb32f1c36e8d01a576
FP2,primary_FP2_standardised,SANC00187,SANC00187_minRM1.pdb-1,29,0,C4:S;C8:R;C10:R;C12:S;C15:S;C17:R;C25:R,C=C(C)[C@@H](C)CC[C@@](C)([C@@H](Cl)[C@H](C1)O)[C@@H]([C@]12C)CC=C(C=O)[C@@H]2C=O,25,159,-3.52186053393707,-3.52186053393707,0.0,-0.0,-3.83265120357875,-26.8198318481445,FP2_standard_xp_pv.maegz,4dc7e066e1aa58df1b670f2e35000d9bdbc28f4b5d51efbb32f1c36e8d01a576
FP2,primary_FP2_standardised,SANC00521,SANC00521_minRM1.pdb-2,131,-1,,c1cc([O-])cc(O)c1C(=O)/C=C/c2cc(O)ccc2,19,160,-3.47951011494925,-4.33211011494925,0.8526000000000002,0.8526,-34.0897369384766,-29.1518278121948,FP2_standard_xp_pv.maegz,4dc7e066e1aa58df1b670f2e35000d9bdbc28f4b5d51efbb32f1c36e8d01a576
FP2,primary_FP2_standardised,SANC00625,SANC00625_minRM1.pdb-2,176,1,C7:R;N15:R;C16:R;C17:R,CC(=O)O[C@@](C)(C(=O)OC1)C(=C)CC(=C\C)\C(=O)O[C@@H]([C@H]2C1=3)CC[N@@H+]2CC3,27,161,-3.46049757232745,-3.91509757232745,0.4546000000000001,0.4546,-42.7616932168075,-37.889671087265,FP2_standard_xp_pv.maegz,4dc7e066e1aa58df1b670f2e35000d9bdbc28f4b5d51efbb32f1c36e8d01a576
FP2,primary_FP2_standardised,SANC00131,SANC00131_minRM1.pdb-1,20,0,C5:S;C7:S,O=C1c2[nH]cc(CCN3)c2C=3C4=C1N[C@H](C5)SC([C@@]456)=CC(=O)C=C6,24,162,-3.41281188155527,-3.41471188155527,0.0019000000000000128,0.0019,-37.7159385681152,-28.516871213913,FP2_standard_xp_pv.maegz,4dc7e066e1aa58df1b670f2e35000d9bdbc28f4b5d51efbb32f1c36e8d01a576
FP2,primary_FP2_standardised,SANC01075,SANC01075_minRM1.pdb-1,264,0,C8:S;C10:R;C18:R;C19:R,C/C=C(C)\C(=O)O[C@@H](C1)[C@@H](C(=C)C(=O)O2)[C@H]2\C=C(\CO)C(O3)=CC(=O)[C@@]13C,27,163,-3.39505468701457,-3.48435468701457,0.08929999999999971,0.0893,-37.8046911676095,-31.8166382312775,FP2_standard_xp_pv.maegz,4dc7e066e1aa58df1b670f2e35000d9bdbc28f4b5d51efbb32f1c36e8d01a576
FP2,primary_FP2_standardised,SANC00433,SANC00433_minRM1.pdb-1,105,0,C2:R;C6:S;C7:R;C10:R;C11:S;C14:S,O=C1C(=C)[C@](C2)(OC)CC[C@]([C@]123)(C)[C@@]45[C@H](CC3)[C@](C)(C(=O)O5)CCC4,25,164,-3.35843129296162,-3.35843129296162,0.0,-0.0,-30.1860412022219,-25.6544907093048,FP2_standard_xp_pv.maegz,4dc7e066e1aa58df1b670f2e35000d9bdbc28f4b5d51efbb32f1c36e8d01a576
FP2,primary_FP2_standardised,SANC00623,SANC00623_minRM1.pdb-2,172,1,C7:S;N15:R;C16:R;C17:R,C1OC(=O)[C@@](C)(O)C(=C)CC(=C\C)/C(=O)O[C@@H]([C@H]2C1=3)CC[N@@H+]2CC3,24,165,-3.35693486296209,-3.77023486296209,0.4133,0.4133,-29.1597912718019,-28.0300333499908,FP2_standard_xp_pv.maegz,4dc7e066e1aa58df1b670f2e35000d9bdbc28f4b5d51efbb32f1c36e8d01a576
FP2,primary_FP2_standardised,SANC00537,SANC00537_minRM1.pdb-1,144,0,C3:R;C7:S;C16:S,CC(C)[C@@](O)(CC1)/C=C/[C@](C)(OC)CC/C=C(\C)C[C@@H](C=C12)OC2=O,25,166,-3.34085585504713,-3.34085585504713,0.0,-0.0,-31.8172162852018,-27.6889133453369,FP2_standard_xp_pv.maegz,4dc7e066e1aa58df1b670f2e35000d9bdbc28f4b5d51efbb32f1c36e8d01a576
FP2,primary_FP2_standardised,SANC00282,SANC00282_minRM1.pdb-1,57,0,C3:R;C8:S;C10:R;C11:R;C12:S;C13:R;C20:R;C21:S,CC[C@@H](C)C(=O)O[C@@]12[C@@H](C1(C)C)[C@H]3[C@](O)([C@H](C)C2)[C@H]4[C@@](O)(C(=O)C(C)=C4)CC(=C3)COC(=O)C,34,167,-3.33152994168549,-3.33152994168549,0.0,-0.0,-44.3975012531103,-39.7600386142731,FP2_standard_xp_pv.maegz,4dc7e066e1aa58df1b670f2e35000d9bdbc28f4b5d51efbb32f1c36e8d01a576
FP2,primary_FP2_standardised,SANC01076,SANC01076_minRM1.pdb-1,266,-1,C8:S;C10:R;C18:R;C19:S;C20:R,C/C=C(C)\C(=O)O[C@@H](C1)[C@@H](C(=C)C(=O)O2)[C@H]2[C@H]([O-])C(=C)C(O3)=CC(=O)[C@@]13C,27,168,-3.33071651302621,-3.67091651302621,0.34019999999999984,0.3402,-40.1984558105469,-36.4781460762024,FP2_standard_xp_pv.maegz,4dc7e066e1aa58df1b670f2e35000d9bdbc28f4b5d51efbb32f1c36e8d01a576
FP2,primary_FP2_standardised,SANC00140,SANC00140_minRM1.pdb-1,21,0,C23:S;C24:R;C25:S,O=C1c2[nH]cc(CCN3)c2C=3C4=C1N[C@H](C5)S[C@@H]([C@@]456)CC(=O)C(Br)=C6,25,169,-3.32659799861211,-3.32709799861211,0.000500000000000167,0.0005,-42.9468688964844,-33.1034638881683,FP2_standard_xp_pv.maegz,4dc7e066e1aa58df1b670f2e35000d9bdbc28f4b5d51efbb32f1c36e8d01a576
FP2,primary_FP2_standardised,SANC00378,SANC00378_minRM1.pdb-1,95,1,C1:R;N21:R,COc1c(OC)cc(CC[N@@H+](C)[C@@H]2C3)c2c1C34C=CC(=O)C=C4,23,170,-3.31076711162047,-3.37216711162047,0.0613999999999999,0.0614,-32.6575290961827,-26.8175487518311,FP2_standard_xp_pv.maegz,4dc7e066e1aa58df1b670f2e35000d9bdbc28f4b5d51efbb32f1c36e8d01a576
FP2,primary_FP2_standardised,SANC01076,SANC01076_minRM1.pdb-2,267,0,C8:S;C10:R;C18:R;C19:S;C20:R,C/C=C(C)\C(=O)O[C@@H](C1)[C@@H](C(=C)C(=O)O2)[C@H]2[C@H](O)C(=C)C(O3)=CC(=O)[C@@]13C,27,171,-3.27105896779512,-3.76175896779512,0.4906999999999999,0.4907,-37.6000109013118,-37.7274069786072,FP2_standard_xp_pv.maegz,4dc7e066e1aa58df1b670f2e35000d9bdbc28f4b5d51efbb32f1c36e8d01a576
FP2,primary_FP2_standardised,SANC00244,SANC00244_minRM1.pdb-2,41,-1,,c1cc(O)ccc1/C=C(/C2=O)COc(c23)cc([O-])c(c3O)OC,23,172,-3.26019614633186,-4.00739614633186,0.7472000000000003,0.7472,-31.3092344941582,-31.2987585067749,FP2_standard_xp_pv.maegz,4dc7e066e1aa58df1b670f2e35000d9bdbc28f4b5d51efbb32f1c36e8d01a576
FP2,primary_FP2_standardised,SANC00469,SANC00469_minRM1.pdb-1,125,-1,,[O-]C(=O)/C=C/c1ccc(O)cc1,12,173,-3.22668617451169,-3.22668617451169,0.0,-0.0,-24.1018505096436,-21.9499726295471,FP2_standard_xp_pv.maegz,4dc7e066e1aa58df1b670f2e35000d9bdbc28f4b5d51efbb32f1c36e8d01a576
FP2,primary_FP2_standardised,SANC00459,SANC00459_minRM1.pdb-1,124,0,C1:R;C3:S;C6:R;C11:R;C12:S;C14:R;C22:S;C24:S;C30:S;C34:S;C37:R;C39:R,CC(=O)[C@H]1CC[C@@](O)([C@@]12C)[C@H]3[C@H](C[C@H]2OC(=O)/C(C)=C/C)[C@]4(C)C(=CC3)C[C@H](CC4)O[C@H](O5)C[C@H](OC)[C@H](O)[C@H]5C,41,174,-3.19512581189794,-3.19512581189794,0.0,-0.0,-44.8530202917496,-34.7467284202576,FP2_standard_xp_pv.maegz,4dc7e066e1aa58df1b670f2e35000d9bdbc28f4b5d51efbb32f1c36e8d01a576
FP2,primary_FP2_standardised,SANC00789,SANC00789_minRM1.pdb-1,218,1,C6:R;N9:S;C10:R;C18:S;C19:S;C20:R,C1OC(=O)[C@@](C)(O)[C@@H](C)[C@@H](C)C(=C)C(=O)O[C@@H]([C@H]2C1=3)CC[N@H+]2CC3,24,175,-3.17251061221579,-3.54371061221579,0.3712,0.3712,-36.02175532375,-28.9533591270447,FP2_standard_xp_pv.maegz,4dc7e066e1aa58df1b670f2e35000d9bdbc28f4b5d51efbb32f1c36e8d01a576
FP2,primary_FP2_standardised,SANC00522,SANC00522_minRM1.pdb-3,135,-1,,c1cc(O)cc([O-])c1C(=O)/C=C/c2ccccc2,18,176,-3.1441340142854,-4.3250340142854,1.1808999999999998,1.1809,-35.9023475646973,-29.5747246742249,FP2_standard_xp_pv.maegz,4dc7e066e1aa58df1b670f2e35000d9bdbc28f4b5d51efbb32f1c36e8d01a576
FP2,primary_FP2_standardised,SANC00784,SANC00784_minRM1.pdb-2,213,1,C7:S;N18:R;C19:R;C20:R,C1OC(=O)[C@@](O)(CO)C(=C)CC(=C\C)\C(=O)O[C@@H]([C@H]2C1=3)CC[N@@H+]2CC3,25,177,-3.13273084794855,-3.56843084794855,0.43569999999999975,0.4357,-28.4806537628174,-25.9177837371826,FP2_standard_xp_pv.maegz,4dc7e066e1aa58df1b670f2e35000d9bdbc28f4b5d51efbb32f1c36e8d01a576
FP2,primary_FP2_standardised,SANC01130,SANC01130_minRM1.pdb-1,274,0,C3:R;C8:R;C9:S;C15:R,O=C(O1)C(=C)[C@H]([C@H]1[C@@H]23)CCC(=C)[C@@H]3CCC2=C,17,178,-3.12629886615024,-3.12629886615024,0.0,-0.0,-32.6170692443848,-27.1769406106323,FP2_standard_xp_pv.maegz,4dc7e066e1aa58df1b670f2e35000d9bdbc28f4b5d51efbb32f1c36e8d01a576
FP2,primary_FP2_standardised,SANC01040,SANC01040_minRM1.pdb-1,258,0,,COC(=O)/C=C/c1ccccc1,12,179,-3.12383336917785,-3.12383336917785,0.0,-0.0,-27.2394963120082,-23.40947920084,FP2_standard_xp_pv.maegz,4dc7e066e1aa58df1b670f2e35000d9bdbc28f4b5d51efbb32f1c36e8d01a576
FP2,primary_FP2_standardised,SANC00285,SANC00285_minRM1.pdb-1,59,0,C1:S;C10:R;C17:S;C18:R;C20:R;C23:S;C27:S;C31:S;C41:R,C/C=C(C)\C(=O)OC[C@]1(C)[C@H]([C@]12OC(=O)[C@@H](C)CC)[C@H]3[C@](O)([C@H](C)C2)[C@H]4[C@@](O)(C(=O)C(C)=C4)CC(=C3)COC(=O)C,41,180,-3.11802378366213,-3.11802378366213,0.0,-0.0,-49.1577644348145,-38.7865142822266,FP2_standard_xp_pv.maegz,4dc7e066e1aa58df1b670f2e35000d9bdbc28f4b5d51efbb32f1c36e8d01a576
FP2,primary_FP2_standardised,SANC00247,SANC00247_minRM1.pdb-1,44,-1,,CC(C)=CCCC(\C([O-])=O)=C\CC/C(C)=C/CC/C(C)=C/CC1=CC(=O)C=C(C)C1=O,31,181,-3.1104131994006,-3.1119131994006,0.0015000000000000568,0.0015,-43.6066818237305,-34.2869353294373,FP2_standard_xp_pv.maegz,4dc7e066e1aa58df1b670f2e35000d9bdbc28f4b5d51efbb32f1c36e8d01a576
FP2,primary_FP2_standardised,SANC00774,SANC00774_minRM1.pdb-1,204,0,C5:R;C7:R;C20:R,C1OC(=O)[C@](C)(O)[C@H](C)CC(=C\C)/C(=O)O[C@@H](C2=O)CCN(C)C/C=C1\2,26,182,-3.09626122524448,-3.10506122524448,0.008799999999999919,0.0088,-32.5120272491835,-28.5851621627808,FP2_standard_xp_pv.maegz,4dc7e066e1aa58df1b670f2e35000d9bdbc28f4b5d51efbb32f1c36e8d01a576
FP2,primary_FP2_standardised,SANC00377,SANC00377_minRM1.pdb-2,93,0,C1:S,C1[C@@H]2N(C)CCc(cc(c3O)OC)c2c3C14C=CC(=O)C=C4,22,183,-3.07670260853266,-4.49160260853266,1.4149000000000003,1.4149,-31.8740204213761,-28.4592518806458,FP2_standard_xp_pv.maegz,4dc7e066e1aa58df1b670f2e35000d9bdbc28f4b5d51efbb32f1c36e8d01a576
FP2,primary_FP2_standardised,SANC00789,SANC00789_minRM1.pdb-2,219,0,C6:R;C10:R;C18:S;C19:S;C20:R,C1OC(=O)[C@@](C)(O)[C@@H](C)[C@@H](C)C(=C)C(=O)O[C@@H]([C@H]2C1=3)CCN2CC3,24,184,-3.01894926278917,-3.47194926278917,0.45299999999999985,0.453,-33.5482252687468,-28.6683356761932,FP2_standard_xp_pv.maegz,4dc7e066e1aa58df1b670f2e35000d9bdbc28f4b5d51efbb32f1c36e8d01a576
FP2,primary_FP2_standardised,SANC00930,SANC00930_minRM1.pdb-1,242,0,C6:R,C\C=C\C(=O)[C@H](C1(C)C)C(C)=CCC1,14,185,-3.01061690763047,-3.01061690763047,0.0,-0.0,-26.5734539790781,-22.8506550788879,FP2_standard_xp_pv.maegz,4dc7e066e1aa58df1b670f2e35000d9bdbc28f4b5d51efbb32f1c36e8d01a576
FP2,primary_FP2_standardised,SANC00701,SANC00701_minRM1.pdb-1,191,0,C9:S;C14:R,CC(C)[C@@H](CC1)/C=C\C(\C)=C/C/C=C(\C)C[C@@H](C=C12)OC2=O,22,186,-3.00368804791853,-3.00368804791853,0.0,-0.0,-24.1568077046855,-23.4225476980209,FP2_standard_xp_pv.maegz,4dc7e066e1aa58df1b670f2e35000d9bdbc28f4b5d51efbb32f1c36e8d01a576
FP2,primary_FP2_standardised,SANC00241,SANC00241_minRM1.pdb-2,36,-1,,COc(cc1)ccc1/C=C(/C2=O)COc(c23)cc([O-])cc3O,22,187,-2.980065745079,-3.727265745079,0.7471999999999999,0.7472,-33.6637077331543,-28.292492389679,FP2_standard_xp_pv.maegz,4dc7e066e1aa58df1b670f2e35000d9bdbc28f4b5d51efbb32f1c36e8d01a576
FP2,primary_FP2_standardised,SANC01056,SANC01056_minRM1.pdb-1,261,0,C5:R,O=C1C[C@H](C(=C)C)CC=C1C,11,188,-2.9435599480831,-2.9435599480831,0.0,-0.0,-23.2337131500244,-20.085435628891,FP2_standard_xp_pv.maegz,4dc7e066e1aa58df1b670f2e35000d9bdbc28f4b5d51efbb32f1c36e8d01a576
FP2,primary_FP2_standardised,SANC00583,SANC00583_minRM1.pdb-2,158,1,C1:R;C3:R;C8:R;C12:S;C15:S;C28:R;C33:R,[nH+]1cn(C)cc1\C=C\C(=O)O[C@H]2C[C@@H](C(C)=CC[C@@H]3C(C)C)[C@@H]3C[C@@H](C(=O)OC)[C@@](O4)(O)C=C[C@@]24C,36,189,-2.92460393798458,-3.84240393798458,0.9177999999999997,0.9178,-43.168041229248,-39.0268259048462,FP2_standard_xp_pv.maegz,4dc7e066e1aa58df1b670f2e35000d9bdbc28f4b5d51efbb32f1c36e8d01a576
FP2,primary_FP2_standardised,SANC00382,SANC00382_minRM1.pdb-2,99,0,C1:S,C1[C@@H]2NCCc(cc(c3O)OC)c2c3C14C=CC(=O)C=C4,21,190,-2.88603731922485,-4.15813731922485,1.2721,1.2721,-31.7439567334656,-26.7073111534119,FP2_standard_xp_pv.maegz,4dc7e066e1aa58df1b670f2e35000d9bdbc28f4b5d51efbb32f1c36e8d01a576
FP2,primary_FP2_standardised,SANC00781,SANC00781_minRM1.pdb-1,206,0,C5:R;C9:S;C11:S;C14:R;C15:R,C[C@H](O1)[C@@]12C(=O)O[C@H]3C(=O)/C(=C\CN(C)CC3)COC(=O)[C@](C)(O)[C@H](C)C2,27,191,-2.85695632457616,-2.87085632457616,0.013900000000000023,0.0139,-25.0779418945313,-25.1896677017212,FP2_standard_xp_pv.maegz,4dc7e066e1aa58df1b670f2e35000d9bdbc28f4b5d51efbb32f1c36e8d01a576
FP2,primary_FP2_standardised,SANC01010,SANC01010_minRM1.pdb-1,254,0,,CC(=O)/C=C/C(C1(C)C)=C(C)CCC1,14,192,-2.80085633061302,-2.80085633061302,0.0,-0.0,-26.5369319915771,-25.3227751255035,FP2_standard_xp_pv.maegz,4dc7e066e1aa58df1b670f2e35000d9bdbc28f4b5d51efbb32f1c36e8d01a576
FP2,primary_FP2_standardised,SANC00456,SANC00456_minRM1.pdb-1,123,0,C1:R;C3:R;C11:S;C13:S;C19:S;C21:R;C27:S;C31:S,C\C=C(C)\C(=O)O[C@@H]1C[C@H]([C@H]2C(=CC3)C[C@@H](O)CC2)[C@]3(C)[C@](O)([C@]14C)CC[C@@H]4C(=O)C,31,193,-2.79335195546034,-2.79335195546034,0.0,-0.0,-44.6730302634376,-36.1805268526077,FP2_standard_xp_pv.maegz,4dc7e066e1aa58df1b670f2e35000d9bdbc28f4b5d51efbb32f1c36e8d01a576
FP2,primary_FP2_standardised,SANC00782,SANC00782_minRM1.pdb-1,208,0,C5:R;C9:S;C11:S;C14:R;C15:R,CC(=O)O[C@](C)([C@H](C)C1)C(=O)OCC(=C\CN(C)CC2)\C(=O)[C@@H]2OC(=O)[C@@]13[C@@H](O3)C,30,194,-2.77452144476313,-2.78762144476313,0.013100000000000112,0.0131,-26.3488566424754,-25.9690218269825,FP2_standard_xp_pv.maegz,4dc7e066e1aa58df1b670f2e35000d9bdbc28f4b5d51efbb32f1c36e8d01a576
FP2,primary_FP2_standardised,SANC00119,SANC00119_minRM1.pdb-1,17,-1,,C12=NCCc(c([n-]3)Br)c1c3C(=O)C(NCC4)=C2C45C=C(Br)C(=O)C(Br)=C5,26,195,-2.77384432965661,-2.89384432965661,0.1200000000000001,0.12,-42.5811157226563,-36.1851949691772,FP2_standard_xp_pv.maegz,4dc7e066e1aa58df1b670f2e35000d9bdbc28f4b5d51efbb32f1c36e8d01a576
FP2,primary_FP2_standardised,SANC00367,SANC00367_minRM1.pdb-2,78,-1,C14:S;C26:S,c1cc([O-])ccc1C(=O)O[C@H](C2)CC(C)(C)C3=CC=C(C=4[C@@]23C)C=C(C(C)C)C(=O)C4O,32,196,-2.66833724246592,-4.85003724246592,2.1816999999999998,2.1817,-48.9803166767207,-42.7084851264954,FP2_standard_xp_pv.maegz,4dc7e066e1aa58df1b670f2e35000d9bdbc28f4b5d51efbb32f1c36e8d01a576
FP2,primary_FP2_standardised,SANC00113,SANC00113_minRM1.pdb-1,9,1,C1:R;N6:S;C9:R,C/C=C(C)\C(=O)O[C@@H]1CC[N@@H+]([C@@H]12)CCC2=C,16,197,-2.66588854748948,-2.72618854748948,0.06030000000000024,0.0603,-31.733638574595,-27.4893106222153,FP2_standard_xp_pv.maegz,4dc7e066e1aa58df1b670f2e35000d9bdbc28f4b5d51efbb32f1c36e8d01a576
FP2,primary_FP2_standardised,SANC00622,SANC00622_minRM1.pdb-2,170,1,C7:R;N15:R;C16:R;C17:R,C1OC(=O)[C@](C)(O)C(=C)CC(=C\C)\C(=O)O[C@@H]([C@H]2C1=3)CC[N@@H+]2CC3,24,198,-2.66129744642286,-3.07459744642286,0.4133,0.4133,-35.7331853166695,-28.4015798568726,FP2_standard_xp_pv.maegz,4dc7e066e1aa58df1b670f2e35000d9bdbc28f4b5d51efbb32f1c36e8d01a576
FP2,primary_FP2_standardised,SANC00435,SANC00435_minRM1.pdb-3,111,-1,,O=C1C=CC(=O)c(c12)c([O-])cc(C)c2-c(c3O)c(C)cc(c34)C(=O)C=CC4=O,28,199,-2.62362297286315,-4.75682297286315,2.1331999999999995,2.1332,-43.9919128417969,-37.619616985321,FP2_standard_xp_pv.maegz,4dc7e066e1aa58df1b670f2e35000d9bdbc28f4b5d51efbb32f1c36e8d01a576
FP2,primary_FP2_standardised,SANC00255,SANC00255_minRM1.pdb-1,50,0,C3:S;C6:R,O=CC(=C\Cl)\C=C\[C@@H](Cl)[C@](Cl)(C)C=C,14,200,-2.60161773973436,-2.60161773973436,0.0,-0.0,-26.9993298525061,-24.5628046989441,FP2_standard_xp_pv.maegz,4dc7e066e1aa58df1b670f2e35000d9bdbc28f4b5d51efbb32f1c36e8d01a576
FP2,primary_FP2_standardised,SANC00793,SANC00793_minRM1.pdb-2,221,1,N2:S;C5:R;C9:S;C12:R;C13:S;C26:R,C1OC(=O)[C@@](C)(O)[C@H](C)C[C@@](O)([C@H](Cl)C)C(=O)O[C@@H](C2=O)CC[N@H+](C)C/C=C1\2,28,201,-2.54942684326222,-4.84322684326222,2.2937999999999996,2.2938,-30.0774733947886,-28.2734627723694,FP2_standard_xp_pv.maegz,4dc7e066e1aa58df1b670f2e35000d9bdbc28f4b5d51efbb32f1c36e8d01a576
FP2,primary_FP2_standardised,SANC01082,SANC01082_minRM1.pdb-1,268,0,,CC(C)CNC(=O)/C=C/C=C/CCCCC,16,202,-2.53144602348146,-2.53144602348146,0.0,-0.0,-30.7192014563175,-26.1248688697815,FP2_standard_xp_pv.maegz,4dc7e066e1aa58df1b670f2e35000d9bdbc28f4b5d51efbb32f1c36e8d01a576
FP2,primary_FP2_standardised,SANC00438,SANC00438_minRM1.pdb-3,119,-1,,O=C1C=CC(=O)c(c12)c(O)cc(C)c2C(C3=O)=CC(=O)c(c34)cc(C)cc4[O-],28,203,-2.49761499226334,-4.76511499226334,2.2674999999999996,2.2675,-44.7018203735352,-34.4770616292953,FP2_standard_xp_pv.maegz,4dc7e066e1aa58df1b670f2e35000d9bdbc28f4b5d51efbb32f1c36e8d01a576
FP2,primary_FP2_standardised,SANC00783,SANC00783_minRM1.pdb-2,211,1,N2:R;C5:S;C9:R;C12:R;C13:S;C29:R,CC(=O)O[C@](C)(C(=O)OC1)[C@H](C)C[C@@](O)([C@@H](C)O)C(=O)O[C@H](C2=O)CC[N@@H+](C)C/C=C1\2,31,204,-2.47220240279668,-4.72870240279668,2.2565,2.2565,-40.242864845403,-33.6648244857788,FP2_standard_xp_pv.maegz,4dc7e066e1aa58df1b670f2e35000d9bdbc28f4b5d51efbb32f1c36e8d01a576
FP2,primary_FP2_standardised,SANC00536,SANC00536_minRM1.pdb-1,143,0,C3:R;C7:R;C15:S,CC(C)[C@@H](CC1)\C=C\[C@](C)(OC)CC/C=C(\C)C[C@@H](C=C12)OC2=O,24,205,-2.44997675340432,-2.44997675340432,0.0,-0.0,-26.4480815094779,-22.4591751098633,FP2_standard_xp_pv.maegz,4dc7e066e1aa58df1b670f2e35000d9bdbc28f4b5d51efbb32f1c36e8d01a576
FP2,primary_FP2_standardised,SANC01075,SANC01075_minRM1.pdb-2,265,-1,C8:S;C10:R;C18:R;C19:R,C/C=C(C)\C(=O)O[C@@H](C1)[C@@H](C(=C)C(=O)O2)[C@H]2\C=C(\C[O-])C(O3)=CC(=O)[C@@]13C,27,206,-2.44960814815273,-3.61460814815273,1.165,1.165,-35.6606275092519,-30.8177115917206,FP2_standard_xp_pv.maegz,4dc7e066e1aa58df1b670f2e35000d9bdbc28f4b5d51efbb32f1c36e8d01a576
FP2,primary_FP2_standardised,SANC00625,SANC00625_minRM1.pdb-1,175,0,C7:R;C16:R;C17:R,CC(=O)O[C@@](C)(C(=O)OC1)C(=C)CC(=C\C)\C(=O)O[C@@H]([C@H]2C1=3)CCN2CC3,27,207,-2.43578648406552,-2.80558648406552,0.36980000000000013,0.3698,-36.3023840939721,-27.823187828064,FP2_standard_xp_pv.maegz,4dc7e066e1aa58df1b670f2e35000d9bdbc28f4b5d51efbb32f1c36e8d01a576
FP2,primary_FP2_standardised,SANC00706,SANC00706_minRM1.pdb-2,194,-1,C4:S;C12:S;C16:S,[O-]C(=O)/C(C)=C/[C@H](C(C)C)N(C)C(=O)[C@H](C(C)(C)C)NC(=O)[C@@H](NC)C(C)(C)c1cn(C)c(c12)cccc2,38,208,-2.43547835241424,-3.61017835241424,1.1747,1.1747,-50.1341247558594,-41.4377870559692,FP2_standard_xp_pv.maegz,4dc7e066e1aa58df1b670f2e35000d9bdbc28f4b5d51efbb32f1c36e8d01a576
FP2,primary_FP2_standardised,SANC00606,SANC00606_minRM1.pdb-2,161,0,,[NH3+]CCCCNC(=O)/C=C/c1ccc([O-])cc1,17,209,-2.40342182889217,-3.69982182889217,1.2964000000000002,1.2964,-31.1059436941973,-28.8424911499023,FP2_standard_xp_pv.maegz,4dc7e066e1aa58df1b670f2e35000d9bdbc28f4b5d51efbb32f1c36e8d01a576
FP2,primary_FP2_standardised,SANC00799,SANC00799_minRM1.pdb-1,226,0,C7:S;C21:R;C22:R,CC(=O)O[C@](C)(C(=O)OC1)C(=C)CC(=C\C)\C(=O)O[C@@H]([C@H]2C1=3)CCN2CC3,27,210,-2.40299192682484,-2.77279192682484,0.36980000000000013,0.3698,-36.0185085410381,-28.8093314170837,FP2_standard_xp_pv.maegz,4dc7e066e1aa58df1b670f2e35000d9bdbc28f4b5d51efbb32f1c36e8d01a576
FP2,primary_FP2_standardised,SANC01036,SANC01036_minRM1.pdb-2,257,0,C5:R;C6:S,C1=CC(=O)C[C@H](N(C)CC2)[C@@]12c3cc(OC)c(cc3)OC,21,211,-2.39697515929944,-3.73707515929944,1.3400999999999996,1.3401,-28.7628361993038,-26.5002080202103,FP2_standard_xp_pv.maegz,4dc7e066e1aa58df1b670f2e35000d9bdbc28f4b5d51efbb32f1c36e8d01a576
FP2,primary_FP2_standardised,SANC00377,SANC00377_minRM1.pdb-3,94,0,C1:S;N20:S,C1[C@@H]2[N@@H+](C)CCc(cc(c3[O-])OC)c2c3C14C=CC(=O)C=C4,22,212,-2.3874109687855,-3.9675109687855,1.5801000000000003,1.5801,-29.2403987198183,-26.9505344629288,FP2_standard_xp_pv.maegz,4dc7e066e1aa58df1b670f2e35000d9bdbc28f4b5d51efbb32f1c36e8d01a576
FP2,primary_FP2_standardised,SANC00119,SANC00119_minRM1.pdb-2,18,0,,C12=NCCc(c(Br)[nH]3)c1c3C(=O)C(NCC4)=C2C45C=C(Br)C(=O)C(Br)=C5,26,213,-2.3352951897883,-3.3403951897883,1.0051,1.0051,-39.9452209472656,-30.6644917726517,FP2_standard_xp_pv.maegz,4dc7e066e1aa58df1b670f2e35000d9bdbc28f4b5d51efbb32f1c36e8d01a576
FP2,primary_FP2_standardised,SANC00852,SANC00852_minRM1.pdb-2,234,-1,,COC(=O)/C=C/c1cc(O)c([O-])cc1,14,214,-2.29843178065986,-3.60993178065986,1.3114999999999997,1.3115,-29.0980656935043,-23.4748470783234,FP2_standard_xp_pv.maegz,4dc7e066e1aa58df1b670f2e35000d9bdbc28f4b5d51efbb32f1c36e8d01a576
FP2,primary_FP2_standardised,SANC00787,SANC00787_minRM1.pdb-2,215,1,N2:S;C5:R;C9:R;C12:R;C13:S;C26:S,C1OC(=O)[C@@](C)(O)[C@H](C)C[C@@](O)([C@H](C)O)C(=O)O[C@@H](C2=O)CC[N@H+](C)C/C=C1\2,28,215,-2.28231436699801,-4.50611436699801,2.2237999999999998,2.2238,-36.1922707042446,-29.7779884338379,FP2_standard_xp_pv.maegz,4dc7e066e1aa58df1b670f2e35000d9bdbc28f4b5d51efbb32f1c36e8d01a576
FP2,primary_FP2_standardised,SANC00244,SANC00244_minRM1.pdb-3,42,-1,,c1cc(O)ccc1/C=C(/C2=O)COc(c23)cc(O)c(c3[O-])OC,23,216,-2.25935795784173,-4.80045795784173,2.5411,2.5411,-42.3940162658691,-35.057469367981,FP2_standard_xp_pv.maegz,4dc7e066e1aa58df1b670f2e35000d9bdbc28f4b5d51efbb32f1c36e8d01a576
FP2,primary_FP2_standardised,SANC00166,SANC00166_minRM1.pdb-1,27,-1,C4:S;C7:S;C10:S,[O-]C(=O)/C(C)=C/[C@@H](C)C[C@@H](C)C[C@@H](C)CCC,17,217,-2.10552145469507,-2.11202145469507,0.00649999999999995,0.0065,-25.0684719085693,-24.8029913902283,FP2_standard_xp_pv.maegz,4dc7e066e1aa58df1b670f2e35000d9bdbc28f4b5d51efbb32f1c36e8d01a576
FP2,primary_FP2_standardised,SANC00373,SANC00373_minRM1.pdb-2,90,-1,C10:S;C27:S,c1cc([O-])c(O)cc1C(=O)OC[C@@](C)(CCC2)C3=CC=C(C=4[C@@]23C)C=C(C(C)C)C(=O)C4O,33,218,-2.10080936081753,-4.11870936081753,2.0178999999999996,2.0179,-47.135692262975,-38.0247175693512,FP2_standard_xp_pv.maegz,4dc7e066e1aa58df1b670f2e35000d9bdbc28f4b5d51efbb32f1c36e8d01a576
FP2,primary_FP2_standardised,SANC00372,SANC00372_minRM1.pdb-2,87,-1,C10:S;C26:S,c1cc([O-])ccc1C(=O)OC[C@@](C)(CCC2)C3=CC=C(C=4[C@@]23C)C=C(C(C)C)C(=O)C4O,32,219,-2.04170084308593,-4.18050084308593,2.1388000000000003,2.1388,-36.6446472458484,-32.104353427887,FP2_standard_xp_pv.maegz,4dc7e066e1aa58df1b670f2e35000d9bdbc28f4b5d51efbb32f1c36e8d01a576
FP2,primary_FP2_standardised,SANC00280,SANC00280_minRM1.pdb-2,55,-1,C5:R,C12=NCCc(c[n-]3)c1c3C(=O)C(NC=C4)=C2[C@@]45C=C(Br)C(=O)CC5,24,220,-2.03629684244866,-3.05909684244866,1.0228000000000002,1.0228,-34.6269569396973,-27.4254341125488,FP2_standard_xp_pv.maegz,4dc7e066e1aa58df1b670f2e35000d9bdbc28f4b5d51efbb32f1c36e8d01a576
FP2,primary_FP2_standardised,SANC00612,SANC00612_minRM1.pdb-3,164,-1,,c1cc(O)ccc1/C=C(/C2=O)COc(c23)cc(O)cc3[O-],21,221,-2.03573104827155,-4.57683104827155,2.5410999999999997,2.5411,-39.088077545166,-32.989068031311,FP2_standard_xp_pv.maegz,4dc7e066e1aa58df1b670f2e35000d9bdbc28f4b5d51efbb32f1c36e8d01a576
FP2,primary_FP2_standardised,SANC00241,SANC00241_minRM1.pdb-3,37,-1,,COc(cc1)ccc1/C=C(/C2=O)COc(c23)cc(O)cc3[O-],22,222,-2.02221750219332,-4.56331750219332,2.5411,2.5411,-36.227222442627,-30.6963181495667,FP2_standard_xp_pv.maegz,4dc7e066e1aa58df1b670f2e35000d9bdbc28f4b5d51efbb32f1c36e8d01a576
FP2,primary_FP2_standardised,SANC00437,SANC00437_minRM1.pdb-2,116,-1,,[O-]c1cc(C)cc(c12)C(=O)C=CC2=O,14,223,-1.92582380544864,-4.26142380544864,2.3356,2.3356,-27.2410144805908,-22.9989204406738,FP2_standard_xp_pv.maegz,4dc7e066e1aa58df1b670f2e35000d9bdbc28f4b5d51efbb32f1c36e8d01a576
FP2,primary_FP2_standardised,SANC00258,SANC00258_minRM1.pdb-3,53,-1,,c1cc(O)ccc1/C=C(\C2=O)COc(c23)cc(O)cc3[O-],21,224,-1.91562269636445,-4.45672269636445,2.5410999999999997,2.5411,-41.0545120239258,-32.0735387802124,FP2_standard_xp_pv.maegz,4dc7e066e1aa58df1b670f2e35000d9bdbc28f4b5d51efbb32f1c36e8d01a576
FP2,primary_FP2_standardised,SANC00530,SANC00530_minRM1.pdb-3,142,0,C3:S;C11:R;C25:S,CC(C)=CC[C@@H](C1=O)C(=O)[C@@](OC)(CC=C(C)C)C(=O)[C@@]1(O)C(=O)/C=C/c2ccccc2,32,225,-1.86290296993004,-3.86440296993004,2.0015,2.0015,-48.0746262160041,-37.5454030036926,FP2_standard_xp_pv.maegz,4dc7e066e1aa58df1b670f2e35000d9bdbc28f4b5d51efbb32f1c36e8d01a576
FP2,primary_FP2_standardised,SANC00350,SANC00350_minRM1.pdb-3,72,-1,,COc(cc1)ccc1/C=C(\C2=O)COc(c23)cc(O)cc3[O-],22,226,-1.82063771464179,-4.36173771464179,2.5411,2.5411,-34.4644889831543,-27.2249884605408,FP2_standard_xp_pv.maegz,4dc7e066e1aa58df1b670f2e35000d9bdbc28f4b5d51efbb32f1c36e8d01a576
FP2,primary_FP2_standardised,SANC00995,SANC00995_minRM1.pdb-1,249,-1,C2:R;C5:R;C6:R;C7:S,[O-]C(=O)C1=CCC[C@@H]([C@]12C)[C@](C)([C@H](C)CC2)CCc3ccoc3,23,227,-1.72256177772112,-1.74036177772112,0.017800000000000038,0.0178,10000.0,-20.3319039344788,FP2_standard_xp_pv.maegz,4dc7e066e1aa58df1b670f2e35000d9bdbc28f4b5d51efbb32f1c36e8d01a576
FP2,primary_FP2_standardised,SANC00530,SANC00530_minRM1.pdb-2,141,0,C3:S;C11:R;C25:R,CC(C)=CC[C@H](C1=O)C(=O)[C@@](OC)(CC=C(C)C)C(=O)[C@@]1(O)C(=O)/C=C/c2ccccc2,32,228,-1.69708787489067,-3.69858787489067,2.0015,2.0015,-45.5746469573373,-36.9383964538574,FP2_standard_xp_pv.maegz,4dc7e066e1aa58df1b670f2e35000d9bdbc28f4b5d51efbb32f1c36e8d01a576
FP2,primary_FP2_standardised,SANC00113,SANC00113_minRM1.pdb-2,10,0,C1:R;C9:R,C/C=C(C)\C(=O)O[C@@H]1CCN([C@@H]12)CCC2=C,16,229,-1.63867122526401,-3.02277122526401,1.3841,1.3841,-29.3679787232554,-26.4681537747383,FP2_standard_xp_pv.maegz,4dc7e066e1aa58df1b670f2e35000d9bdbc28f4b5d51efbb32f1c36e8d01a576
FP2,primary_FP2_standardised,SANC00378,SANC00378_minRM1.pdb-2,96,0,C1:R,COc1c(OC)cc(CCN(C)[C@@H]2C3)c2c1C34C=CC(=O)C=C4,23,230,-1.60079263043616,-2.97429263043616,1.3735,1.3735,-31.8190192123831,-25.7684936523438,FP2_standard_xp_pv.maegz,4dc7e066e1aa58df1b670f2e35000d9bdbc28f4b5d51efbb32f1c36e8d01a576
FP2,primary_FP2_standardised,SANC00796,SANC00796_minRM1.pdb-2,223,0,C5:R;C7:R;C14:R;C17:R,C1OC(=O)[C@](C)(O)[C@H](C)CC(=C\C)/C(=O)O[C@@H](C(=O)[C@@H]12)CCN(C)CC2,26,231,-1.57825958950038,-3.62615958950038,2.0479000000000003,2.0479,-33.7164427687455,-27.4175291061401,FP2_standard_xp_pv.maegz,4dc7e066e1aa58df1b670f2e35000d9bdbc28f4b5d51efbb32f1c36e8d01a576
FP2,primary_FP2_standardised,SANC00807,SANC00807_minRM1.pdb-1,228,0,C6:R;C7:S;C16:R;C17:R;C22:R;C27:S;C31:S,CC1(C)C(=O)C=C[C@@](C)([C@H]1CC(=O)OC)[C@@H]([C@@H](OC(=O)C)[C@@H]2OC(=O)C)C(=C)C([C@@]23C)=CC[C@H]3c4ccoc4,39,232,-1.51135306529996,-1.51135306529996,0.0,-0.0,-34.620548248291,-32.0483668446541,FP2_standard_xp_pv.maegz,4dc7e066e1aa58df1b670f2e35000d9bdbc28f4b5d51efbb32f1c36e8d01a576
FP2,primary_FP2_standardised,SANC00995,SANC00995_minRM1.pdb-2,250,0,C2:R;C5:R;C6:R;C7:S,O=C(O)C1=CCC[C@@H]([C@]12C)[C@](C)([C@H](C)CC2)CCc3ccoc3,23,233,-1.43976244826307,-3.52406244826307,2.0843,2.0843,10000.0,-27.8708787560463,FP2_standard_xp_pv.maegz,4dc7e066e1aa58df1b670f2e35000d9bdbc28f4b5d51efbb32f1c36e8d01a576
FP2,primary_FP2_standardised,SANC00788,SANC00788_minRM1.pdb-2,217,1,N2:S;C5:R;C9:S;C12:S;C13:S;C29:S,CC(=O)O[C@](C)(C(=O)OC1)[C@@H](C)C[C@@](O)([C@@H](Cl)C)C(=O)O[C@@H](C2=O)CC[N@H+](C)C/C=C1\2,31,234,-1.43302676045161,-3.75962676045161,2.3266,2.3266,-37.5515386202532,-33.945662021637,FP2_standard_xp_pv.maegz,4dc7e066e1aa58df1b670f2e35000d9bdbc28f4b5d51efbb32f1c36e8d01a576
FP2,primary_FP2_standardised,SANC00349,SANC00349_minRM1.pdb-2,69,-1,C1:R;C7:R;C10:S,O=C(O1)C(C)=C([C@@]12[O-])C[C@@H]3[C@@](C)(C2)C(=O)C=CC3,18,235,-1.42284616542622,-3.50774616542622,2.0848999999999998,2.0849,-20.9737033843994,-23.3396366834641,FP2_standard_xp_pv.maegz,4dc7e066e1aa58df1b670f2e35000d9bdbc28f4b5d51efbb32f1c36e8d01a576
FP2,primary_FP2_standardised,SANC00369,SANC00369_minRM1.pdb-3,82,-1,C14:S;C27:S,c1cc(O)c(O)cc1C(=O)O[C@H](C2)CC(C)(C)C3=CC=C(C=4[C@@]23C)C=C(C(C)C)C(=O)C4[O-],33,236,-1.32415655286384,-3.77555655286384,2.4514,2.4514,-53.3941497802734,-41.2925758361816,FP2_standard_xp_pv.maegz,4dc7e066e1aa58df1b670f2e35000d9bdbc28f4b5d51efbb32f1c36e8d01a576
FP2,primary_FP2_standardised,SANC00774,SANC00774_minRM1.pdb-2,205,1,C5:R;C7:R;N17:S;C20:R,C1OC(=O)[C@](C)(O)[C@H](C)CC(=C\C)/C(=O)O[C@@H](C2=O)CC[N@H+](C)C/C=C1\2,26,237,-1.25149845936542,-3.74799845936542,2.4965,2.4965,-29.4493041622385,-22.9035849571228,FP2_standard_xp_pv.maegz,4dc7e066e1aa58df1b670f2e35000d9bdbc28f4b5d51efbb32f1c36e8d01a576
FP2,primary_FP2_standardised,SANC00372,SANC00372_minRM1.pdb-3,88,-1,C10:S;C26:S,c1cc(O)ccc1C(=O)OC[C@@](C)(CCC2)C3=CC=C(C=4[C@@]23C)C=C(C(C)C)C(=O)C4[O-],32,238,-1.23004003518626,-3.76664003518626,2.5366,2.5366,-47.3500630713559,-37.3330674171448,FP2_standard_xp_pv.maegz,4dc7e066e1aa58df1b670f2e35000d9bdbc28f4b5d51efbb32f1c36e8d01a576
FP2,primary_FP2_standardised,SANC00166,SANC00166_minRM1.pdb-2,28,0,C4:S;C7:S;C10:S,O=C(O)/C(C)=C/[C@@H](C)C[C@@H](C)C[C@@H](C)CCC,17,239,-1.15474137411601,-3.82874137411601,2.6740000000000004,2.674,-32.4265992846685,-29.677622795105,FP2_standard_xp_pv.maegz,4dc7e066e1aa58df1b670f2e35000d9bdbc28f4b5d51efbb32f1c36e8d01a576
FP2,primary_FP2_standardised,SANC00438,SANC00438_minRM1.pdb-4,120,-2,,O=C1C=CC(=O)c(c12)c([O-])cc(C)c2C(C3=O)=CC(=O)c(c34)cc(C)cc4[O-],28,240,-1.1045086223621,-3.6555086223621,2.551,2.551,-38.6597063119529,-31.6112002432346,FP2_standard_xp_pv.maegz,4dc7e066e1aa58df1b670f2e35000d9bdbc28f4b5d51efbb32f1c36e8d01a576
FP2,primary_FP2_standardised,SANC00435,SANC00435_minRM1.pdb-2,110,-1,,O=C1C=CC(=O)c(c12)c(O)cc(C)c2-c(c3[O-])c(C)cc(c34)C(=O)C=CC4=O,28,241,-1.07633597975633,-2.94163597975633,1.8653,1.8653,-38.3938407897949,-34.1783497333527,FP2_standard_xp_pv.maegz,4dc7e066e1aa58df1b670f2e35000d9bdbc28f4b5d51efbb32f1c36e8d01a576
FP2,primary_FP2_standardised,SANC00799,SANC00799_minRM1.pdb-2,227,1,C7:S;N20:S;C21:R;C22:R,CC(=O)O[C@](C)(C(=O)OC1)C(=C)CC(=C\C)\C(=O)O[C@@H]([C@H]2C1=3)CC[N@H+]2CC3,27,242,-1.02312771191036,-1.47772771191036,0.4546000000000001,0.4546,-34.3125943282129,-32.7666466236115,FP2_standard_xp_pv.maegz,4dc7e066e1aa58df1b670f2e35000d9bdbc28f4b5d51efbb32f1c36e8d01a576
FP2,primary_FP2_standardised,SANC00434,SANC00434_minRM1.pdb-3,108,-2,,O=C1C=CC(=O)c(c12)cc(C)c(c2[O-])C(=CC3=O)C(=O)c(c34)cc(C)cc4[O-],28,243,-0.997385486214457,-3.14308548621446,2.145700000000003,2.1457,-40.2524299621582,-35.2008221149445,FP2_standard_xp_pv.maegz,4dc7e066e1aa58df1b670f2e35000d9bdbc28f4b5d51efbb32f1c36e8d01a576
FP2,primary_FP2_standardised,SANC00603,SANC00603_minRM1.pdb-1,159,1,C1:R;C4:S;C5:S;C13:S;C17:S;C19:R;C22:S,C/C=C(/C(=O)C1)[C@@](C)(CC2)[C@]1(C)[C@@H]3CC[C@H]([C@]4([C@]235)C5)C(C)(C)[C@H](CC4)[NH+](C)C,28,244,-0.949854948719212,-0.950054948719212,0.00019999999999997797,0.0002,-24.2376496742671,-22.2243390083313,FP2_standard_xp_pv.maegz,4dc7e066e1aa58df1b670f2e35000d9bdbc28f4b5d51efbb32f1c36e8d01a576
FP2,primary_FP2_standardised,SANC00624,SANC00624_minRM1.pdb-2,174,0,C5:R;C6:R;C11:S;C12:S;C15:R;C16:R,C1OC(=O)[C@](C)(O)[C@H](C)CC(=C\C)/C(=O)O[C@@H]([C@H]2[C@@H]13)CCN2C[C@H]3O,25,245,-0.933946374731825,-3.46294637473182,2.528999999999995,2.529,-37.928721777939,-30.6099175214767,FP2_standard_xp_pv.maegz,4dc7e066e1aa58df1b670f2e35000d9bdbc28f4b5d51efbb32f1c36e8d01a576
FP2,primary_FP2_standardised,SANC00624,SANC00624_minRM1.pdb-1,173,1,C5:R;C6:R;C11:S;C12:S;N14:R;C15:R;C16:R,C1OC(=O)[C@](C)(O)[C@H](C)CC(=C\C)/C(=O)O[C@@H]([C@H]2[C@@H]13)CC[N@@H+]2C[C@H]3O,25,246,-0.920824928987567,-0.929224928987567,0.008400000000000074,0.0084,-42.3176617388883,-35.2344098091125,FP2_standard_xp_pv.maegz,4dc7e066e1aa58df1b670f2e35000d9bdbc28f4b5d51efbb32f1c36e8d01a576
FP2,primary_FP2_standardised,SANC00377,SANC00377_minRM1.pdb-1,92,1,C1:S;N20:S,C1[C@@H]2[N@@H+](C)CCc(cc(c3O)OC)c2c3C14C=CC(=O)C=C4,22,247,-0.788530868127012,-0.892730868127012,0.10419999999999996,0.1042,-35.2304573059082,-27.3804023265839,FP2_standard_xp_pv.maegz,4dc7e066e1aa58df1b670f2e35000d9bdbc28f4b5d51efbb32f1c36e8d01a576
FP2,primary_FP2_standardised,SANC00382,SANC00382_minRM1.pdb-3,100,0,C1:S,C1[C@@H]2[NH2+]CCc(cc(c3[O-])OC)c2c3C14C=CC(=O)C=C4,21,248,-0.769554845582911,-3.25525484558291,2.4856999999999987,2.4857,-26.0368864140058,-24.0038186907768,FP2_standard_xp_pv.maegz,4dc7e066e1aa58df1b670f2e35000d9bdbc28f4b5d51efbb32f1c36e8d01a576
FP2,primary_FP2_standardised,SANC00781,SANC00781_minRM1.pdb-2,207,1,N2:R;C5:R;C9:S;C11:S;C14:R;C15:R,C[C@H](O1)[C@@]12C(=O)O[C@H]3C(=O)/C(=C\C[N@H+](C)CC3)COC(=O)[C@](C)(O)[C@H](C)C2,27,249,-0.758194562792488,-2.98909456279249,2.230900000000002,2.2309,-34.0279185363758,-27.1098856925964,FP2_standard_xp_pv.maegz,4dc7e066e1aa58df1b670f2e35000d9bdbc28f4b5d51efbb32f1c36e8d01a576
FP2,primary_FP2_standardised,SANC00116,SANC00116_minRM1.pdb-1,11,1,C1:R;C2:S;N14:S;C17:R,C/C=C(CO)\C(=O)OC[C@H]1CC[N@H+]([C@H]12)CC[C@H]2OC(=O)/C(C)=C\C,24,250,-0.750503909491131,-0.769503909491131,0.019000000000000017,0.019,10000.0,-32.8934001922607,FP2_standard_xp_pv.maegz,4dc7e066e1aa58df1b670f2e35000d9bdbc28f4b5d51efbb32f1c36e8d01a576
FP2,primary_FP2_standardised,SANC00659,SANC00659_minRM1.pdb-1,183,0,C1:R;C20:S,C=C1C(=O)O[C@@H]([C@H]12)\C=C(\COC(=O)C)CC\C=C(CC2)\COC(=O)C,25,251,-0.725288428104465,-0.725288428104465,0.0,-0.0,-47.9541600577545,-41.9816946983337,FP2_standard_xp_pv.maegz,4dc7e066e1aa58df1b670f2e35000d9bdbc28f4b5d51efbb32f1c36e8d01a576
FP2,primary_FP2_standardised,SANC00373,SANC00373_minRM1.pdb-3,91,-1,C10:S;C27:S,c1cc(O)c(O)cc1C(=O)OC[C@@](C)(CCC2)C3=CC=C(C=4[C@@]23C)C=C(C(C)C)C(=O)C4[O-],33,252,-0.71157666188005,-3.25827666188005,2.5467,2.5467,-50.1218967607953,-39.7106966972351,FP2_standard_xp_pv.maegz,4dc7e066e1aa58df1b670f2e35000d9bdbc28f4b5d51efbb32f1c36e8d01a576
FP2,primary_FP2_standardised,SANC00104,SANC00104_minRM1.pdb-3,3,-1,,c1ccccc1\C=C\C(=O)c2c([O-])cc(O)cc2OC,20,253,-0.363317285052232,-1.43201728505223,1.068699999999998,1.0687,-38.371036529541,-31.172342300415,FP2_standard_xp_pv.maegz,4dc7e066e1aa58df1b670f2e35000d9bdbc28f4b5d51efbb32f1c36e8d01a576
FP2,primary_FP2_standardised,SANC00616,SANC00616_minRM1.pdb-1,165,0,C1:S;C3:S;C5:S;C6:R;C11:S;C15:R;C17:S;C20:S;C22:S;C24:S;C35:S;C37:S;C39:S;C42:R;C44:S;C46:R;C58:R,C1C[C@H](O)CC(=CC2)[C@@]1(C)[C@@H](CC3)[C@@H]2[C@@H]([C@]34C)C[C@@H]([C@]4(O)[C@H](C)C(=O)CCC(C)C)O[C@@H]5OC[C@H](O)[C@@H]([C@H]5OC(=O)C)O[C@@H]6OC[C@@H](O)[C@H](O)[C@H]6OC(=O)/C=C/c7ccccc7,62,254,-0.334879084344466,-0.334879084344466,0.0,-0.0,-80.0900340894344,-60.6674299240112,FP2_standard_xp_pv.maegz,4dc7e066e1aa58df1b670f2e35000d9bdbc28f4b5d51efbb32f1c36e8d01a576
FP2,primary_FP2_standardised,SANC00782,SANC00782_minRM1.pdb-2,209,1,N2:R;C5:R;C9:S;C11:S;C14:R;C15:R,CC(=O)O[C@](C)([C@H](C)C1)C(=O)OCC(=C\C[N@H+](C)CC2)\C(=O)[C@@H]2OC(=O)[C@@]13[C@@H](O3)C,30,255,-0.31341026035336,-2.57701026035336,2.2636,2.2636,-35.9485075963589,-32.0601410865784,FP2_standard_xp_pv.maegz,4dc7e066e1aa58df1b670f2e35000d9bdbc28f4b5d51efbb32f1c36e8d01a576
FP2,primary_FP2_standardised,SANC00371,SANC00371_minRM1.pdb-2,85,-1,C9:S;C14:S,CC(C)=CC(=O)OC[C@@](C)(CCC1)C2=CC=C(C=3[C@@]12C)C=C(C(C)C)C(=O)C3[O-],29,256,-0.109519666710983,-2.63011966671098,2.520599999999997,2.5206,-29.4401321411133,-25.0216493010521,FP2_standard_xp_pv.maegz,4dc7e066e1aa58df1b670f2e35000d9bdbc28f4b5d51efbb32f1c36e8d01a576
FP2,primary_FP2_standardised,SANC00809,SANC00809_minRM1.pdb-1,230,0,C6:R;C7:S;C16:R;C17:R;C22:R;C27:S;C31:S;C34:R,CC1(C)C(=O)C=C[C@@](C)([C@H]1CC(=O)OC)[C@@H]([C@@H](OC(=O)C)[C@@H]2OC(=O)C)C(=C)C([C@@]23C)=CC[C@@H]3C4=C[C@H](O)OC4=O,41,257,0.530166461271256,0.528166461271256,0.0020000000000000018,0.002,-46.4089620386235,-40.9527831077576,FP2_standard_xp_pv.maegz,4dc7e066e1aa58df1b670f2e35000d9bdbc28f4b5d51efbb32f1c36e8d01a576
FP2,primary_FP2_standardised,SANC00299,SANC00299_minRM1.pdb-1,63,0,C1:R;C7:R;C8:R;C15:R;C19:S,OCC(=C)C(=O)O[C@@H](C1)[C@@H](C(=C)C(=O)O2)[C@H]2[C@H]([C@]13C=C)C(=C)C(=O)OC3,26,258,0.668170678496227,0.667770678496227,0.00040000000000006697,0.0004,-39.3701940024977,-32.8300631046295,FP2_standard_xp_pv.maegz,4dc7e066e1aa58df1b670f2e35000d9bdbc28f4b5d51efbb32f1c36e8d01a576
FP2,primary_FP2_standardised,SANC00811,SANC00811_minRM1.pdb-1,232,0,C6:R;C7:S;C16:R;C17:R;C22:R;C24:S;C28:S,CC1(C)C(=O)C=C[C@@](C)([C@H]1CC(=O)OC)[C@@H]([C@H]([C@@H]2O)OC(=O)C)C(=C)C([C@@]23C)=CC[C@@H]3C4=CCOC4=O,37,259,1.08588822620121,1.08588822620121,0.0,-0.0,-46.0609031514522,-38.4409193992615,FP2_standard_xp_pv.maegz,4dc7e066e1aa58df1b670f2e35000d9bdbc28f4b5d51efbb32f1c36e8d01a576
FP2,primary_FP2_standardised,SANC00430,SANC00430_minRM1.pdb-1,102,0,C1:R;C5:S;C15:R;C25:R,OC\C=C(CO)\C(=O)O[C@@H]1CC(\C)=C/C[C@H](OC(=O)C)C(\C)=C/[C@H]([C@@H]12)OC(=O)C2=C,30,260,1.36311260744156,1.36261260744156,0.0004999999999999449,0.0005,-35.4796996097083,-36.4953136444092,FP2_standard_xp_pv.maegz,4dc7e066e1aa58df1b670f2e35000d9bdbc28f4b5d51efbb32f1c36e8d01a576
FP2,primary_FP2_standardised,SANC00367,SANC00367_minRM1.pdb-3,79,-1,C14:S;C26:S,c1cc(O)ccc1C(=O)O[C@H](C2)CC(C)(C)C3=CC=C(C=4[C@@]23C)C=C(C(C)C)C(=O)C4[O-],32,261,1.39563228818598,-1.04486771181402,2.4405,2.4405,-52.1946182250977,-40.4062829017639,FP2_standard_xp_pv.maegz,4dc7e066e1aa58df1b670f2e35000d9bdbc28f4b5d51efbb32f1c36e8d01a576
FP2,primary_FP2_standardised,SANC00364,SANC00364_minRM1.pdb-1,75,-1,C24:S;C25:S;C27:S;C28:S,O=C1C(=O)C(C(C)C)=C([O-])C(=C1[C@]23C)[C@H](OC(=O)C)[C@@H](O)[C@H]2C(C)(C)CCC3,28,262,1.8886626190448,1.8884626190448,0.00019999999999997797,0.0002,10000.0,-18.8850980997086,FP2_standard_xp_pv.maegz,4dc7e066e1aa58df1b670f2e35000d9bdbc28f4b5d51efbb32f1c36e8d01a576
FP3,primary_FP3_standardised,SANC00370,SANC00370_minRM1.pdb-1,83,0,C1:S;C3:R;C4:R;C6:R;C19:R;C22:R;C37:S;C39:R;C41:R;C43:R,c1cc(O)c(O)cc1\C=C\C(=O)O[C@H]([C@H]2CO)[C@H](O[C@H](O3)[C@H](O)[C@H](O)[C@@H](O)[C@@H]3C)[C@@H](O)[C@@H](O2)OCCc4cc(O)c(O)cc4,44,2,-8.94965720019399,-8.94965720019399,0.0,-0.0,-72.1965766580811,-54.8366460800171,XP_FP3_apo_185_pv.maegz,ff6cb1889dd4ae1ea02b817ae55dfa1a2712befe92c087ba9507ac147a12efc0
FP3,primary_FP3_standardised,SANC00964,SANC00964_minRM1.pdb-1,245,0,C17:S;C18:R;C19:S;C20:S;C21:R;C39:S;C40:R;C41:S;C42:S;C43:R,OC[C@@H]1[C@@H](O)[C@H](O)[C@@H](O)[C@@H](O1)Oc(cc2C)c(c(c23)oc(cc3=O)CC(=O)C)[C@H](O4)[C@@H]([C@@H](O)[C@H](O)[C@H]4CO)OC(=O)/C=C/c5ccccc5,49,3,-8.45792496190345,-8.45792496190345,0.0,-0.0,-73.5661203342164,-53.3736152648926,XP_FP3_apo_185_pv.maegz,ff6cb1889dd4ae1ea02b817ae55dfa1a2712befe92c087ba9507ac147a12efc0
FP3,primary_FP3_standardised,SANC00582,SANC00582_minRM1.pdb-1,155,0,C5:S;C8:R;C11:R;C13:R;C14:S;C16:R;C28:R;C32:S;C39:R;C43:S;C48:S,n1cn(C)cc1\C=C\C(=O)O[C@@H]2C[C@H](C(C)=CC[C@@H]3C(C)C)[C@@H]3C[C@@H]([C@](O4)(O)C=C[C@]24C)CO[C@@H]5OC[C@H](OC(=O)C)[C@H](O)[C@@H]5OC(=O)C,49,4,-7.78127170666753,-7.89127170666753,0.11000000000000032,0.11,-77.4716041491621,-58.790093421936,XP_FP3_apo_185_pv.maegz,ff6cb1889dd4ae1ea02b817ae55dfa1a2712befe92c087ba9507ac147a12efc0
FP3,primary_FP3_standardised,SANC01049,SANC01049_minRM1.pdb-1,259,0,C17:S;C18:R;C19:S;C20:S;C21:R;C40:S;C41:R;C42:S;C43:S;C44:R,OC[C@@H]1[C@@H](O)[C@H](O)[C@@H](O)[C@@H](O1)Oc(cc2C)c(c(c23)oc(cc3=O)CC(=O)C)[C@H](O4)[C@@H]([C@@H](O)[C@H](O)[C@H]4CO)OC(=O)/C=C/c5ccc(O)cc5,50,5,-7.76415573397766,-7.76475573397766,0.000600000000000378,0.0006,-81.8981654175339,-63.0685405731201,XP_FP3_apo_185_pv.maegz,ff6cb1889dd4ae1ea02b817ae55dfa1a2712befe92c087ba9507ac147a12efc0
FP3,primary_FP3_standardised,SANC00582,SANC00582_minRM1.pdb-2,156,1,C5:S;C8:R;C11:R;C13:R;C14:S;C16:R;C28:R;C32:S;C39:R;C43:S;C48:S,[nH+]1cn(C)cc1\C=C\C(=O)O[C@@H]2C[C@H](C(C)=CC[C@@H]3C(C)C)[C@@H]3C[C@@H]([C@](O4)(O)C=C[C@]24C)CO[C@@H]5OC[C@H](OC(=O)C)[C@H](O)[C@@H]5OC(=O)C,49,6,-7.64316532693235,-8.69496532693235,1.0517999999999992,1.0518,-66.0711669921875,-58.7908048629761,XP_FP3_apo_185_pv.maegz,ff6cb1889dd4ae1ea02b817ae55dfa1a2712befe92c087ba9507ac147a12efc0
FP3,primary_FP3_standardised,SANC00711,SANC00711_minRM1.pdb-1,195,0,C16:S;C18:R;C21:S;C23:S;C25:R,CC(=O)Cc(cc1=O)oc(c12)c(c(O)cc2C)[C@H](O3)[C@@H]([C@@H](O)[C@H](O)[C@H]3CO)OC(=O)/C=C/c4ccc(O)cc4,39,7,-7.53721702849939,-7.53721702849939,0.0,-0.0,-67.83447265625,-52.1563596725464,XP_FP3_apo_185_pv.maegz,ff6cb1889dd4ae1ea02b817ae55dfa1a2712befe92c087ba9507ac147a12efc0
FP3,primary_FP3_standardised,SANC00853,SANC00853_minRM1.pdb-1,235,-1,C8:R,c1cc(O)c(O)cc1C[C@H](C([O-])=O)OC(=O)/C=C/c2cc(O)c(O)cc2,26,8,-7.44769796935185,-7.44769796935185,0.0,-0.0,-54.5484967973759,-42.0131063461304,XP_FP3_apo_185_pv.maegz,ff6cb1889dd4ae1ea02b817ae55dfa1a2712befe92c087ba9507ac147a12efc0
FP3,primary_FP3_standardised,SANC01001,SANC01001_minRM1.pdb-1,253,0,C2:S;C4:R;C5:S;C6:S;C7:S;C12:S;C13:R;C14:S;C15:S;C16:R,c1ccccc1\C=C\C(=O)O[C@@](C)(C[C@H]2O)[C@H]([C@]23O)[C@@H](OC=C3)O[C@H](O4)[C@H](O)[C@@H](O)[C@H](O)[C@H]4CO,35,9,-7.35588054867008,-7.35588054867008,0.0,-0.0,-53.9549096838223,-41.7230277061462,XP_FP3_apo_185_pv.maegz,ff6cb1889dd4ae1ea02b817ae55dfa1a2712befe92c087ba9507ac147a12efc0
FP3,primary_FP3_standardised,SANC00893,SANC00893_minRM1.pdb-1,240,0,C17:S;C18:R;C19:S;C20:S;C21:R,CC(=O)Cc(cc1=O)oc(c12)c(c(OC)cc2C)[C@H](O3)[C@@H]([C@@H](O)[C@H](O)[C@H]3CO)OC(=O)/C=C/c4ccc(O)cc4,40,10,-7.02763492935218,-7.02823492935218,0.000600000000000378,0.0006,-68.0927734375,-49.0995740890503,XP_FP3_apo_185_pv.maegz,ff6cb1889dd4ae1ea02b817ae55dfa1a2712befe92c087ba9507ac147a12efc0
FP3,primary_FP3_standardised,SANC00247,SANC00247_minRM1.pdb-1,44,-1,,CC(C)=CCCC(\C([O-])=O)=C\CC/C(C)=C/CC/C(C)=C/CC1=CC(=O)C=C(C)C1=O,31,11,-7.0266006430429,-7.0281006430429,0.0015000000000000568,0.0015,-46.7747421264648,-39.0043752193451,XP_FP3_apo_185_pv.maegz,ff6cb1889dd4ae1ea02b817ae55dfa1a2712befe92c087ba9507ac147a12efc0
FP3,primary_FP3_standardised,SANC01067,SANC01067_minRM1.pdb-1,262,0,C2:S;C3:R;C4:R;C5:R;C6:S;C9:R;C10:R;C11:R;C13:R;C14:R,c1cc(O)c(OC)cc1\C=C\C(=O)O[C@H]([C@H]2CO)[C@H](O[C@H](O3)[C@H](O)[C@H](O)[C@@H](O)[C@@H]3C)[C@@H](O)[C@@H](O2)OCCc4cc(O)c(cc4)OC,46,12,-6.98141688420907,-6.98141688420907,0.0,-0.0,-71.8687438964844,-59.4822177886963,XP_FP3_apo_185_pv.maegz,ff6cb1889dd4ae1ea02b817ae55dfa1a2712befe92c087ba9507ac147a12efc0
FP3,primary_FP3_standardised,SANC00548,SANC00548_minRM1.pdb-1,149,0,C1:R;C2:R;C6:S;C12:S;C14:R;C17:S;C19:S;C21:R;C25:S;C27:R;C31:S;C33:S;C41:S;C43:S;C45:S,OC[C@@H]1[C@@H](O)[C@H](O)[C@@H](O)[C@@H](O1)OC(C)(C)[C@@H](O)CC[C@@H](C)[C@@H](CC2)[C@@](C)(CC3)[C@]2(C)[C@@H]([C@@]3([C@@]456)C4)[C@@H](O)C[C@H]6C(C)(C)C=CC5=O,45,13,-6.93301472355866,-6.93301472355866,0.0,-0.0,-59.4787063194444,-46.7998027801514,XP_FP3_apo_185_pv.maegz,ff6cb1889dd4ae1ea02b817ae55dfa1a2712befe92c087ba9507ac147a12efc0
FP3,primary_FP3_standardised,SANC00658,SANC00658_minRM1.pdb-1,182,0,C2:S;C6:R;C18:S;C20:R,O[C@H]1CC(\C=O)=C/CCC(\CO)=C\[C@H]([C@@H]12)OC(=O)[C@H]2C,20,14,-6.8606331930417,-6.8606331930417,0.0,-0.0,-35.4469665982827,-34.1455159187317,XP_FP3_apo_185_pv.maegz,ff6cb1889dd4ae1ea02b817ae55dfa1a2712befe92c087ba9507ac147a12efc0
FP3,primary_FP3_standardised,SANC00716,SANC00716_minRM1.pdb-1,196,0,,CC(C)CC(=O)C/C(C)=C/CC/C(C)=C/CC1=CC(=O)C(C)=CC1=O,25,15,-6.80751967787706,-6.80751967787706,0.0,-0.0,-56.0420570373535,-42.405948638916,XP_FP3_apo_185_pv.maegz,ff6cb1889dd4ae1ea02b817ae55dfa1a2712befe92c087ba9507ac147a12efc0
FP3,primary_FP3_standardised,SANC00662,SANC00662_minRM1.pdb-1,186,0,C1:R;C14:S,C1CC(\C=O)=C/CCC(\CO)=C/[C@H]([C@@H]12)OC(=O)C2=C,19,16,-6.74378982592125,-6.74378982592125,0.0,-0.0,-35.094388676757,-31.663679599762,XP_FP3_apo_185_pv.maegz,ff6cb1889dd4ae1ea02b817ae55dfa1a2712befe92c087ba9507ac147a12efc0
FP3,primary_FP3_standardised,SANC00412,SANC00412_minRM1.pdb-1,101,0,C16:S;C18:S;C32:S;C34:R;C36:R,CC(=O)Cc(cc1=O)oc(c12)c(c(O)cc2C)[C@H](O3)[C@H](O)[C@@H](O)[C@H](O)[C@@H]3COC(=O)/C=C/c4ccc(O)cc4,39,17,-6.70440586918769,-6.70980586918769,0.005399999999999849,0.0054,-62.6171289613048,-43.7210550308228,XP_FP3_apo_185_pv.maegz,ff6cb1889dd4ae1ea02b817ae55dfa1a2712befe92c087ba9507ac147a12efc0
FP3,primary_FP3_standardised,SANC00248,SANC00248_minRM1.pdb-1,45,0,,CC(C)=CCCC(\C=O)=C\CC/C(C)=C/CC/C(C)=C/CC1=CC(=O)C=C(C)C1=O,30,18,-6.66422778245897,-6.66422778245897,0.0,-0.0,-45.482608795166,-42.82479429245,XP_FP3_apo_185_pv.maegz,ff6cb1889dd4ae1ea02b817ae55dfa1a2712befe92c087ba9507ac147a12efc0
FP3,primary_FP3_standardised,SANC00561,SANC00561_minRM1.pdb-1,151,0,C1:S;C10:S;C11:R,CC(=O)OCC1=CC[C@@H]([C@@H]12)C(C(=O)OC)=CO[C@H]2O,19,19,-6.61350800985346,-6.61350800985346,0.0,-0.0,-35.4046592712402,-33.524040222168,XP_FP3_apo_185_pv.maegz,ff6cb1889dd4ae1ea02b817ae55dfa1a2712befe92c087ba9507ac147a12efc0
FP3,primary_FP3_standardised,SANC00867,SANC00867_minRM1.pdb-1,236,0,C13:R;C14:S;C15:S;C16:R;C17:S,c1cc(O)ccc1\C=C\C(=O)OC[C@@H]2[C@@H](O)[C@H](O)[C@@H](O)[C@@H](O2)Oc(c3=O)c(-c4ccc(O)cc4)oc(c35)cc(O)cc5O,43,20,-6.50951400698239,-6.53811400698239,0.02859999999999996,0.0286,-66.9353093785848,-53.8510956764221,XP_FP3_apo_185_pv.maegz,ff6cb1889dd4ae1ea02b817ae55dfa1a2712befe92c087ba9507ac147a12efc0
FP3,primary_FP3_standardised,SANC00146,SANC00146_minRM1.pdb-1,22,0,C3:R;C6:S;C7:S;C10:S;C16:R;C18:S;C21:R,C=C[C@H]1CC[C@H]([C@@]12C)[C@H]3[C@H](CC2)[C@]4(C)[C@@H](CC3)CC(=O)C=C4,22,21,-6.36962047546396,-6.36962047546396,0.0,-0.0,-39.1018436097605,-33.6495418548584,XP_FP3_apo_185_pv.maegz,ff6cb1889dd4ae1ea02b817ae55dfa1a2712befe92c087ba9507ac147a12efc0
FP3,primary_FP3_standardised,SANC00519,SANC00519_minRM1.pdb-1,127,0,,c1cc(O)c(OC)c(O)c1C(=O)/C=C/c2cc(O)ccc2,21,22,-6.36250072658163,-6.63950072658163,0.27700000000000014,0.277,-42.4162446766158,-36.3190498352051,XP_FP3_apo_185_pv.maegz,ff6cb1889dd4ae1ea02b817ae55dfa1a2712befe92c087ba9507ac147a12efc0
FP3,primary_FP3_standardised,SANC00369,SANC00369_minRM1.pdb-1,80,0,C14:S;C27:S,c1cc(O)c(O)cc1C(=O)O[C@H](C2)CC(C)(C)C3=CC=C(C=4[C@@]23C)C=C(C(C)C)C(=O)C4O,33,23,-6.34036165281735,-6.36886165281735,0.028500000000000192,0.0285,-61.4588030485806,-45.2549324035645,XP_FP3_apo_185_pv.maegz,ff6cb1889dd4ae1ea02b817ae55dfa1a2712befe92c087ba9507ac147a12efc0
FP3,primary_FP3_standardised,SANC00797,SANC00797_minRM1.pdb-1,224,1,C6:R;C8:R;N18:R;C19:R;C20:R,C1OC(=O)[C@](C)(O)[C@H](C)CC(=C\CO)/C(=O)O[C@@H]([C@H]2C1=3)CC[N@@H+]2CC3,25,24,-6.19291930351951,-6.56901930351951,0.3761000000000001,0.3761,-40.4910469055176,-32.0333251953125,XP_FP3_apo_185_pv.maegz,ff6cb1889dd4ae1ea02b817ae55dfa1a2712befe92c087ba9507ac147a12efc0
FP3,primary_FP3_standardised,SANC00657,SANC00657_minRM1.pdb-1,181,0,C18:S;C19:R;C20:R,O[C@H]1CC(\C=O)=C/CCC(\CO)=C/[C@H]([C@@H]12)OC(=O)C2=C,20,25,-6.15506708889585,-6.15506708889585,0.0,-0.0,-37.7851139139414,-32.6794099807739,XP_FP3_apo_185_pv.maegz,ff6cb1889dd4ae1ea02b817ae55dfa1a2712befe92c087ba9507ac147a12efc0
FP3,primary_FP3_standardised,SANC00292,SANC00292_minRM1.pdb-1,60,0,C1:S;C8:R;C12:R;C14:R;C16:R;C18:R;C24:R;C27:R;C29:R;C31:R;C33:S;C35:R;C37:R;C39:R,C[C@@H]([C@@H]12)C[C@@H](O2)[C@H](O)C[C@H](CO)OC(=O)/C=C/C[C@H]3C[C@@H](O[C@H](O4)[C@H](OC)[C@H](O)[C@@H](O)[C@@H]4C)C[C@H](O3)C[C@@H](C)\C=C\C=C/C1,44,26,-6.14581185413666,-6.14581185413666,0.0,-0.0,-57.2973397499265,-47.8117084503174,XP_FP3_apo_185_pv.maegz,ff6cb1889dd4ae1ea02b817ae55dfa1a2712befe92c087ba9507ac147a12efc0
FP3,primary_FP3_standardised,SANC00871,SANC00871_minRM1.pdb-1,238,0,C2:S;C4:R;C8:R;C10:S;C11:S,C=C1C(=O)O[C@@H](C2)[C@H]1C[C@@H]([C@]23C)C(=C)C[C@H](C3)O,18,27,-6.14165240001086,-6.14165240001086,0.0,-0.0,-30.5057888031006,-30.5162415504456,XP_FP3_apo_185_pv.maegz,ff6cb1889dd4ae1ea02b817ae55dfa1a2712befe92c087ba9507ac147a12efc0
FP3,primary_FP3_standardised,SANC00437,SANC00437_minRM1.pdb-1,115,0,,Oc1cc(C)cc(c12)C(=O)C=CC2=O,14,28,-6.10538770577744,-6.11698770577744,0.01159999999999961,0.0116,-32.4355545043945,-25.9641652107239,XP_FP3_apo_185_pv.maegz,ff6cb1889dd4ae1ea02b817ae55dfa1a2712befe92c087ba9507ac147a12efc0
FP3,primary_FP3_standardised,SANC00697,SANC00697_minRM1.pdb-1,188,0,C6:S;C11:S;C20:S,CC(C)[C@@](O)(CC1)/C=C/[C@@](C)(O)CC/C=C(\C)C[C@@H](C=C12)OC2=O,24,29,-6.07388919628536,-6.07388919628536,0.0,-0.0,-35.6948528308941,-31.9893636703491,XP_FP3_apo_185_pv.maegz,ff6cb1889dd4ae1ea02b817ae55dfa1a2712befe92c087ba9507ac147a12efc0
FP3,primary_FP3_standardised,SANC01112,SANC01112_minRM1.pdb-1,270,0,,c1cc(O)ccc1\C=C\C(=O)NCCc2c[nH]c(c23)ccc(c3)O,24,30,-6.05622498795181,-6.12602498795181,0.06979999999999986,0.0698,-58.7339726934653,-43.0590295791626,XP_FP3_apo_185_pv.maegz,ff6cb1889dd4ae1ea02b817ae55dfa1a2712befe92c087ba9507ac147a12efc0
FP3,primary_FP3_standardised,SANC00299,SANC00299_minRM1.pdb-1,63,0,C1:R;C7:R;C8:R;C15:R;C19:S,OCC(=C)C(=O)O[C@@H](C1)[C@@H](C(=C)C(=O)O2)[C@H]2[C@H]([C@]13C=C)C(=C)C(=O)OC3,26,31,-5.9976330065553,-5.9980330065553,0.00039999999999995595,0.0004,-37.7758445739746,-39.790753364563,XP_FP3_apo_185_pv.maegz,ff6cb1889dd4ae1ea02b817ae55dfa1a2712befe92c087ba9507ac147a12efc0
FP3,primary_FP3_standardised,SANC00459,SANC00459_minRM1.pdb-1,124,0,C1:R;C3:S;C6:R;C11:R;C12:S;C14:R;C22:S;C24:S;C30:S;C34:S;C37:R;C39:R,CC(=O)[C@H]1CC[C@@](O)([C@@]12C)[C@H]3[C@H](C[C@H]2OC(=O)/C(C)=C/C)[C@]4(C)C(=CC3)C[C@H](CC4)O[C@H](O5)C[C@H](OC)[C@H](O)[C@H]5C,41,32,-5.99564002747449,-5.99564002747449,0.0,-0.0,-51.8564951739551,-43.7772264480591,XP_FP3_apo_185_pv.maegz,ff6cb1889dd4ae1ea02b817ae55dfa1a2712befe92c087ba9507ac147a12efc0
FP3,primary_FP3_standardised,SANC00661,SANC00661_minRM1.pdb-1,185,0,C1:R;C17:S,C1CC(\C=O)=C/CCC(\COC(=O)C)=C/[C@H]([C@@H]12)OC(=O)C2=C,22,33,-5.84617649766776,-5.84617649766776,0.0,-0.0,-42.9142684281436,-35.7042546272278,XP_FP3_apo_185_pv.maegz,ff6cb1889dd4ae1ea02b817ae55dfa1a2712befe92c087ba9507ac147a12efc0
FP3,primary_FP3_standardised,SANC00244,SANC00244_minRM1.pdb-1,40,0,,c1cc(O)ccc1/C=C(/C2=O)COc(c23)cc(O)c(c3O)OC,23,34,-5.83940982881969,-6.04820982881969,0.2088000000000001,0.2088,-35.9125892785895,-32.0129380226135,XP_FP3_apo_185_pv.maegz,ff6cb1889dd4ae1ea02b817ae55dfa1a2712befe92c087ba9507ac147a12efc0
FP3,primary_FP3_standardised,SANC00962,SANC00962_minRM1.pdb-1,244,0,C5:R;C6:R;C7:R;C8:R;C9:S;C11:R,O=C(O1)C(=C)[C@@H]([C@H]1[C@@H]23)[C@@H](OC(=O)C)C[C@@](C)(O)[C@@H]3CC=C2C,22,35,-5.79176871209259,-5.79176871209259,0.0,-0.0,-38.7403974472958,-30.8230168819427,XP_FP3_apo_185_pv.maegz,ff6cb1889dd4ae1ea02b817ae55dfa1a2712befe92c087ba9507ac147a12efc0
FP3,primary_FP3_standardised,SANC00251,SANC00251_minRM1.pdb-1,47,0,C11:S;C13:R;C16:S;C18:R,OC[C@@H]1[C@@H](O)[C@@H](O)[C@H](O1)n(cc2c34)c3C(=O)C(N)=CC4=NCC2,23,36,-5.72312986706461,-5.72312986706461,0.0,-0.0,-42.3718525334654,-32.6349158287048,XP_FP3_apo_185_pv.maegz,ff6cb1889dd4ae1ea02b817ae55dfa1a2712befe92c087ba9507ac147a12efc0
FP3,primary_FP3_standardised,SANC01026,SANC01026_minRM1.pdb-1,255,0,,CC(C)=CCC1=CC(=O)C=C(C)C1=O,14,37,-5.71252279163473,-5.71252279163473,0.0,-0.0,-29.5939540863037,-24.3144059181213,XP_FP3_apo_185_pv.maegz,ff6cb1889dd4ae1ea02b817ae55dfa1a2712befe92c087ba9507ac147a12efc0
FP3,primary_FP3_standardised,SANC00523,SANC00523_minRM1.pdb-1,136,0,,c1cc(O)ccc1/C=C(/C2=O)COc(c23)c(OC)c(O)cc3O,23,38,-5.69644411611361,-5.90184411611361,0.20540000000000003,0.2054,-37.1796950502513,-32.6594066619873,XP_FP3_apo_185_pv.maegz,ff6cb1889dd4ae1ea02b817ae55dfa1a2712befe92c087ba9507ac147a12efc0
FP3,primary_FP3_standardised,SANC00104,SANC00104_minRM1.pdb-1,1,0,,Oc1cc(O)cc(OC)c1C(=O)/C=C/c2ccccc2,20,39,-5.68931814892848,-6.04551814892848,0.3561999999999994,0.3562,-41.9720393732942,-33.8176198005676,XP_FP3_apo_185_pv.maegz,ff6cb1889dd4ae1ea02b817ae55dfa1a2712befe92c087ba9507ac147a12efc0
FP3,primary_FP3_standardised,SANC00994,SANC00994_minRM1.pdb-1,248,0,C4:R;C5:R;C6:S;C10:S,C=C1C(=O)O[C@H]([C@H]12)CC(=C)[C@@H](O)CCC(\C)=C/[C@H]2O,19,40,-5.62419272593164,-5.62419272593164,0.0,-0.0,-45.2036323547363,-36.3271360397339,XP_FP3_apo_185_pv.maegz,ff6cb1889dd4ae1ea02b817ae55dfa1a2712befe92c087ba9507ac147a12efc0
FP3,primary_FP3_standardised,SANC00314,SANC00314_minRM1.pdb-1,66,0,C1:S;C2:R;C4:R;C10:S;C13:R;C16:R;C19:S;C24:R,O=C1[C@H](C)C[C@@H](C(C)(C)O)[C@](O)(OO2)[C@@H]3[C@@H](O)[C@@]2(C)C=C([C@]134)C(=O)[C@@H](C)C4,27,41,-5.60475208633713,-5.60475208633713,0.0,-0.0,-47.5619300031846,-37.7884430885315,XP_FP3_apo_185_pv.maegz,ff6cb1889dd4ae1ea02b817ae55dfa1a2712befe92c087ba9507ac147a12efc0
FP3,primary_FP3_standardised,SANC00250,SANC00250_minRM1.pdb-1,46,-1,,CC(C)=CCCC(\C([O-])=O)=C\CC/C(C)=C/CC/C(C)=C/Cc1c(O)c(C)cc(c1)O,31,42,-5.60278833485183,-5.60428833485183,0.0015000000000000568,0.0015,-48.4253311157227,-38.2268147468567,XP_FP3_apo_185_pv.maegz,ff6cb1889dd4ae1ea02b817ae55dfa1a2712befe92c087ba9507ac147a12efc0
FP3,primary_FP3_standardised,SANC00521,SANC00521_minRM1.pdb-1,130,0,,c1cc(O)cc(O)c1C(=O)/C=C/c2cc(O)ccc2,19,43,-5.56080205965125,-5.83780205965125,0.27700000000000014,0.277,-42.6251746320411,-33.0323185920715,XP_FP3_apo_185_pv.maegz,ff6cb1889dd4ae1ea02b817ae55dfa1a2712befe92c087ba9507ac147a12efc0
FP3,primary_FP3_standardised,SANC00258,SANC00258_minRM1.pdb-1,51,0,,c1cc(O)ccc1/C=C(\C2=O)COc(c23)cc(O)cc3O,21,44,-5.5363109705518,-5.7451109705518,0.2088000000000001,0.2088,-37.4475256973098,-31.5613822937012,XP_FP3_apo_185_pv.maegz,ff6cb1889dd4ae1ea02b817ae55dfa1a2712befe92c087ba9507ac147a12efc0
FP3,primary_FP3_standardised,SANC00560,SANC00560_minRM1.pdb-1,150,0,C1:S;C7:S;C8:R,O[C@@H]1OC=C(C(=O)OC)[C@H]([C@H]12)CC=C2CO,16,45,-5.48506042822644,-5.48506042822644,0.0,-0.0,-31.7262401580811,-26.8637657165527,XP_FP3_apo_185_pv.maegz,ff6cb1889dd4ae1ea02b817ae55dfa1a2712befe92c087ba9507ac147a12efc0
FP3,primary_FP3_standardised,SANC00891,SANC00891_minRM1.pdb-1,239,0,C4:S;C8:S;C10:S;C11:R;C12:S;C13:S;C14:R,c1cc(O)c(O)cc1CCOC(=O)C[C@H]2/C(=C\C)[C@@H](OC=C2C(=O)OC)O[C@H](O3)[C@H](O)[C@@H](O)[C@H](O)[C@H]3CO,38,46,-5.46808847868749,-5.46908847868749,0.0009999999999994458,0.001,-38.071418762207,-41.1603631973267,XP_FP3_apo_185_pv.maegz,ff6cb1889dd4ae1ea02b817ae55dfa1a2712befe92c087ba9507ac147a12efc0
FP3,primary_FP3_standardised,SANC00618,SANC00618_minRM1.pdb-1,166,0,C1:S;C3:S;C5:S;C6:R;C11:S;C13:R;C15:R;C18:S;C20:S;C22:R;C26:R;C28:S;C31:S;C33:S;C35:S;C46:S;C48:S;C50:S;C53:R;C55:S;C57:R;C69:R,OC[C@@H]1[C@@H](O)[C@H](O)[C@@H](O)[C@@H](O1)O[C@@H](CC2)CC(=CC3)[C@@]2(C)[C@@H](CC4)[C@@H]3[C@@H]([C@]45C)C[C@@H]([C@]5(O)[C@H](C)C(=O)CCC(C)C)O[C@H](OC[C@@H]6O)[C@H](OC(=O)C)[C@H]6O[C@@H]7OC[C@@H](O)[C@H](O)[C@H]7OC(=O)/C=C/c8ccccc8,73,47,-5.46439171634445,-5.46439171634445,0.0,-0.0,-71.6466661530142,-56.0250797271729,XP_FP3_apo_185_pv.maegz,ff6cb1889dd4ae1ea02b817ae55dfa1a2712befe92c087ba9507ac147a12efc0
FP3,primary_FP3_standardised,SANC00283,SANC00283_minRM1.pdb-1,58,0,C1:S;C10:R;C17:S;C18:R;C20:R;C23:S;C30:S;C40:R,C/C=C(C)\C(=O)OC[C@]1(C)[C@H]([C@]12OC(=O)C(C)C)[C@H]3[C@](O)([C@H](C)C2)[C@H]4[C@@](O)(C(=O)C(C)=C4)CC(=C3)COC(=O)C,40,48,-5.45946455289962,-5.45946455289962,0.0,-0.0,-50.7881240844727,-40.1296377182007,XP_FP3_apo_185_pv.maegz,ff6cb1889dd4ae1ea02b817ae55dfa1a2712befe92c087ba9507ac147a12efc0
FP3,primary_FP3_standardised,SANC00612,SANC00612_minRM1.pdb-1,162,0,,c1cc(O)ccc1/C=C(/C2=O)COc(c23)cc(O)cc3O,21,49,-5.44115502566187,-5.64995502566187,0.2088000000000001,0.2088,-34.4840538139943,-31.5825741291046,XP_FP3_apo_185_pv.maegz,ff6cb1889dd4ae1ea02b817ae55dfa1a2712befe92c087ba9507ac147a12efc0
FP3,primary_FP3_standardised,SANC00349,SANC00349_minRM1.pdb-1,68,0,C1:R;C7:R;C10:S,O=C(O1)C(C)=C([C@@]12O)C[C@@H]3[C@@](C)(C2)C(=O)C=CC3,18,50,-5.40190765615885,-5.41970765615885,0.017799999999999372,0.0178,-35.0071898350416,-31.1672959327698,XP_FP3_apo_185_pv.maegz,ff6cb1889dd4ae1ea02b817ae55dfa1a2712befe92c087ba9507ac147a12efc0
FP3,primary_FP3_standardised,SANC00999,SANC00999_minRM1.pdb-1,251,0,C5:R;C6:R;C15:S;C16:S;C17:R,C1OC(=O)[C@](C)(O)[C@H](C)CC(=C\C)/C(=O)O[C@@H]([C@H]2O)CN([C@H]2C1=3)CC3,25,51,-5.32949427782347,-5.59159427782347,0.26209999999999933,0.2621,-27.5240373552297,-30.9063620567322,XP_FP3_apo_185_pv.maegz,ff6cb1889dd4ae1ea02b817ae55dfa1a2712befe92c087ba9507ac147a12efc0
FP3,primary_FP3_standardised,SANC00435,SANC00435_minRM1.pdb-1,109,0,,O=C1C=CC(=O)c(c12)c(O)cc(C)c2-c(c3O)c(C)cc(c34)C(=O)C=CC4=O,28,52,-5.32275316018402,-5.36635316018402,0.04359999999999964,0.0436,-51.204861278931,-40.5202407836914,XP_FP3_apo_185_pv.maegz,ff6cb1889dd4ae1ea02b817ae55dfa1a2712befe92c087ba9507ac147a12efc0
FP3,primary_FP3_standardised,SANC00624,SANC00624_minRM1.pdb-1,173,1,C5:R;C6:R;C11:S;C12:S;N14:R;C15:R;C16:R,C1OC(=O)[C@](C)(O)[C@H](C)CC(=C\C)/C(=O)O[C@@H]([C@H]2[C@@H]13)CC[N@@H+]2C[C@H]3O,25,53,-5.31293112075517,-5.32133112075517,0.008399999999999963,0.0084,-48.3411065136764,-36.0715389251709,XP_FP3_apo_185_pv.maegz,ff6cb1889dd4ae1ea02b817ae55dfa1a2712befe92c087ba9507ac147a12efc0
FP3,primary_FP3_standardised,SANC00538,SANC00538_minRM1.pdb-1,145,0,C6:R;C11:S;C20:S,CC(C)[C@@](O)(CC1)/C=C/[C@](C)(O)CC/C=C(\C)C[C@@H](C=C12)OC2=O,24,54,-5.30775613109459,-5.30775613109459,0.0,-0.0,-35.962287902832,-30.1732773780823,XP_FP3_apo_185_pv.maegz,ff6cb1889dd4ae1ea02b817ae55dfa1a2712befe92c087ba9507ac147a12efc0
FP3,primary_FP3_standardised,SANC00110,SANC00110_minRM1.pdb-1,6,1,C1:R;C2:S;N7:S;C10:R,C/C=C(C)\C(=O)O[C@@H]1CC[N@@H+]([C@@H]12)CC[C@@H]2CO,17,55,-5.30130992708205,-5.31000992708205,0.008700000000000152,0.0087,-28.9458713531494,-25.8553667068481,XP_FP3_apo_185_pv.maegz,ff6cb1889dd4ae1ea02b817ae55dfa1a2712befe92c087ba9507ac147a12efc0
FP3,primary_FP3_standardised,SANC00691,SANC00691_minRM1.pdb-1,187,0,C1:R;C4:S;C8:R;C19:R,C1=C[C@](C)(C2)CC[C@H]([C@@]123)[C@@]4(C)C(CC3)=C(C)C(=O)C(=C4)O,21,56,-5.29765148634217,-5.29765148634217,0.0,-0.0,-30.2430561899438,-25.9912137985229,XP_FP3_apo_185_pv.maegz,ff6cb1889dd4ae1ea02b817ae55dfa1a2712befe92c087ba9507ac147a12efc0
FP3,primary_FP3_standardised,SANC00702,SANC00702_minRM1.pdb-1,192,0,C6:S;C11:R;C19:S,CC(C)[C@@H](CC1)\C=C\[C@@](C)(O)CC/C=C(\C)C[C@@H](C=C12)OC2=O,23,57,-5.28424738753495,-5.28424738753495,0.0,-0.0,-31.0057754516602,-29.3273329734802,XP_FP3_apo_185_pv.maegz,ff6cb1889dd4ae1ea02b817ae55dfa1a2712befe92c087ba9507ac147a12efc0
FP3,primary_FP3_standardised,SANC00372,SANC00372_minRM1.pdb-1,86,0,C10:S;C26:S,c1cc(O)ccc1C(=O)OC[C@@](C)(CCC2)C3=CC=C(C=4[C@@]23C)C=C(C(C)C)C(=O)C4O,32,58,-5.27592545577776,-5.30092545577776,0.024999999999999467,0.025,-43.3789072958365,-36.7614352703094,XP_FP3_apo_185_pv.maegz,ff6cb1889dd4ae1ea02b817ae55dfa1a2712befe92c087ba9507ac147a12efc0
FP3,primary_FP3_standardised,SANC00108,SANC00108_minRM1.pdb-1,4,1,C1:S;C2:S;N7:R;C10:R,C/C=C(C)\C(=O)O[C@@H]1CC[N@H+]([C@H]12)CC[C@@H]2CO,17,59,-5.26583841870182,-5.27093841870182,0.00509999999999966,0.0051,-31.9048521089644,-28.0227823257446,XP_FP3_apo_185_pv.maegz,ff6cb1889dd4ae1ea02b817ae55dfa1a2712befe92c087ba9507ac147a12efc0
FP3,primary_FP3_standardised,SANC00699,SANC00699_minRM1.pdb-1,190,0,C2:R;C7:R;C12:S;C21:S,CC(C)[C@@](O)(CC1)/C=C/[C@](C)(O)C\C=C\[C@](C)(O)C[C@@H](C=C12)OC2=O,25,60,-5.25924575983364,-5.25924575983364,0.0,-0.0,-35.1691790729013,-33.7625045776367,XP_FP3_apo_185_pv.maegz,ff6cb1889dd4ae1ea02b817ae55dfa1a2712befe92c087ba9507ac147a12efc0
FP3,primary_FP3_standardised,SANC00432,SANC00432_minRM1.pdb-1,104,0,C2:S;C4:S;C5:S;C6:R;C7:S;C12:S,C=C1C(=O)O[C@@H](C2)[C@@H]1[C@H](O)[C@H]([C@]23C)C(=C)CC[C@@H]3O,19,61,-5.23017658429056,-5.23017658429056,0.0,-0.0,-33.4677848815918,-29.0241837501526,XP_FP3_apo_185_pv.maegz,ff6cb1889dd4ae1ea02b817ae55dfa1a2712befe92c087ba9507ac147a12efc0
FP3,primary_FP3_standardised,SANC00581,SANC00581_minRM1.pdb-1,153,0,C5:S;C6:S;C10:R;C13:R;C15:R;C16:S;C18:R;C30:R;C34:S;C41:S;C45:S,n1cn(C)cc1\C=C\C(=O)O[C@@H]2C[C@H](C(C)=CC[C@H]3C(C)C)[C@@H]3C[C@@H]([C@](O4)(O)C=C[C@]24C)CO[C@H](OC[C@@H]5O)[C@@H](OC(=O)C)[C@H]5OC(=O)C,49,62,-5.22442607455718,-5.33442607455718,0.10999999999999943,0.11,-60.6082032705758,-48.705410182476,XP_FP3_apo_185_pv.maegz,ff6cb1889dd4ae1ea02b817ae55dfa1a2712befe92c087ba9507ac147a12efc0
FP3,primary_FP3_standardised,SANC00350,SANC00350_minRM1.pdb-1,70,0,,COc(cc1)ccc1/C=C(\C2=O)COc(c23)cc(O)cc3O,22,63,-5.20178957168923,-5.41058957168923,0.2088000000000001,0.2088,-37.9757897882528,-32.4540100097656,XP_FP3_apo_185_pv.maegz,ff6cb1889dd4ae1ea02b817ae55dfa1a2712befe92c087ba9507ac147a12efc0
FP3,primary_FP3_standardised,SANC00200,SANC00200_minRM1.pdb-1,31,0,C1:R;C16:S;C24:R,OCC(=C)C(=O)O[C@H]1CC(\COC(=O)C)=C/CCC(\C=O)=C/[C@H]([C@@H]12)OC(=O)C2=C,29,64,-5.1842147948248,-5.1846147948248,0.00039999999999995595,0.0004,-40.9025840759277,-34.3417510986328,XP_FP3_apo_185_pv.maegz,ff6cb1889dd4ae1ea02b817ae55dfa1a2712befe92c087ba9507ac147a12efc0
FP3,primary_FP3_standardised,SANC00147,SANC00147_minRM1.pdb-1,23,0,C3:R;C4:S;C10:S;C11:S;C14:S;C20:R;C22:S;C25:S,C=C[C@H]1[C@@H](OC(=O)C)C[C@H]([C@@]12C)[C@H]3[C@H](CC2)[C@]4(C)[C@@H](CC3)CC(=O)C=C4,26,65,-5.17528579415898,-5.17528579415898,0.0,-0.0,-47.4062849450792,-37.4199612140656,XP_FP3_apo_185_pv.maegz,ff6cb1889dd4ae1ea02b817ae55dfa1a2712befe92c087ba9507ac147a12efc0
FP3,primary_FP3_standardised,SANC00519,SANC00519_minRM1.pdb-2,128,-1,,c1cc([O-])c(OC)c(O)c1C(=O)/C=C/c2cc(O)ccc2,21,66,-5.16032941233884,-6.01292941233884,0.8525999999999998,0.8526,-45.2355286055985,-36.42493724823,XP_FP3_apo_185_pv.maegz,ff6cb1889dd4ae1ea02b817ae55dfa1a2712befe92c087ba9507ac147a12efc0
FP3,primary_FP3_standardised,SANC00867,SANC00867_minRM1.pdb-2,237,-1,C13:R;C14:S;C15:S;C16:R;C17:S,c1cc(O)ccc1\C=C\C(=O)OC[C@@H]2[C@@H](O)[C@H](O)[C@@H](O)[C@@H](O2)Oc(c3=O)c(-c4ccc(O)cc4)oc(c35)cc([O-])cc5O,43,67,-5.14875492333657,-7.06985492333657,1.9211,1.9211,-62.9432055710596,-59.0201234817505,XP_FP3_apo_185_pv.maegz,ff6cb1889dd4ae1ea02b817ae55dfa1a2712befe92c087ba9507ac147a12efc0
FP3,primary_FP3_standardised,SANC00529,SANC00529_minRM1.pdb-2,139,-1,,c1cc(O)ccc1/C=C(\C2=O)COc(c23)c(OC)c([O-])c(O)c3O,24,68,-5.12609482641292,-5.79379482641292,0.6677000000000008,0.6677,-37.0689924282818,-31.0034275054932,XP_FP3_apo_185_pv.maegz,ff6cb1889dd4ae1ea02b817ae55dfa1a2712befe92c087ba9507ac147a12efc0
FP3,primary_FP3_standardised,SANC00521,SANC00521_minRM1.pdb-2,131,-1,,c1cc([O-])cc(O)c1C(=O)/C=C/c2cc(O)ccc2,19,69,-5.12137166543378,-5.97397166543378,0.8525999999999998,0.8526,-45.1577370724086,-32.6085529327393,XP_FP3_apo_185_pv.maegz,ff6cb1889dd4ae1ea02b817ae55dfa1a2712befe92c087ba9507ac147a12efc0
FP3,primary_FP3_standardised,SANC00430,SANC00430_minRM1.pdb-1,102,0,C1:R;C5:S;C15:R;C25:R,OC\C=C(CO)\C(=O)O[C@@H]1CC(\C)=C/C[C@H](OC(=O)C)C(\C)=C/[C@H]([C@@H]12)OC(=O)C2=C,30,70,-5.11903365906778,-5.11953365906778,0.0004999999999997229,0.0005,-35.6324462890625,-36.1880650520325,XP_FP3_apo_185_pv.maegz,ff6cb1889dd4ae1ea02b817ae55dfa1a2712befe92c087ba9507ac147a12efc0
FP3,primary_FP3_standardised,SANC00258,SANC00258_minRM1.pdb-2,52,-1,,c1cc(O)ccc1/C=C(\C2=O)COc(c23)cc([O-])cc3O,21,71,-5.11361760626222,-5.86081760626222,0.7472000000000003,0.7472,-36.3544108376428,-26.9664936065674,XP_FP3_apo_185_pv.maegz,ff6cb1889dd4ae1ea02b817ae55dfa1a2712befe92c087ba9507ac147a12efc0
FP3,primary_FP3_standardised,SANC00651,SANC00651_minRM1.pdb-1,179,0,C2:S;C7:S;C11:S,O=C[C@@]1(O)C(C=O)=CC[C@H]([C@@]12C)C(C)(C)CCC2,18,72,-5.10986024993908,-5.10986024993908,0.0,-0.0,10000.0,-25.9680128097534,XP_FP3_apo_185_pv.maegz,ff6cb1889dd4ae1ea02b817ae55dfa1a2712befe92c087ba9507ac147a12efc0
FP3,primary_FP3_standardised,SANC00616,SANC00616_minRM1.pdb-1,165,0,C1:S;C3:S;C5:S;C6:R;C11:S;C15:R;C17:S;C20:S;C22:S;C24:S;C35:S;C37:S;C39:S;C42:R;C44:S;C46:R;C58:R,C1C[C@H](O)CC(=CC2)[C@@]1(C)[C@@H](CC3)[C@@H]2[C@@H]([C@]34C)C[C@@H]([C@]4(O)[C@H](C)C(=O)CCC(C)C)O[C@@H]5OC[C@H](O)[C@@H]([C@H]5OC(=O)C)O[C@@H]6OC[C@@H](O)[C@H](O)[C@H]6OC(=O)/C=C/c7ccccc7,62,73,-5.09769202357429,-5.09769202357429,0.0,-0.0,-77.5594236558284,-56.0685229301453,XP_FP3_apo_185_pv.maegz,ff6cb1889dd4ae1ea02b817ae55dfa1a2712befe92c087ba9507ac147a12efc0
FP3,primary_FP3_standardised,SANC00698,SANC00698_minRM1.pdb-1,189,0,C4:S;C9:S;C16:S;C21:R,CC(C)[C@@](O)(CC1)/C=C/[C@@](C)(O)CC[C@@H](O)C(=C)C[C@@H](C=C12)OC2=O,25,74,-5.09442335304171,-5.09442335304171,0.0,-0.0,-37.6233329772949,-30.8615112304688,XP_FP3_apo_185_pv.maegz,ff6cb1889dd4ae1ea02b817ae55dfa1a2712befe92c087ba9507ac147a12efc0
FP3,primary_FP3_standardised,SANC00382,SANC00382_minRM1.pdb-1,98,1,C1:S,C1[C@@H]2[NH2+]CCc(cc(c3O)OC)c2c3C14C=CC(=O)C=C4,21,75,-5.06440757392266,-5.14830757392266,0.08389999999999986,0.0839,-32.7391700744629,-30.1333293914795,XP_FP3_apo_185_pv.maegz,ff6cb1889dd4ae1ea02b817ae55dfa1a2712befe92c087ba9507ac147a12efc0
FP3,primary_FP3_standardised,SANC00253,SANC00253_minRM1.pdb-1,48,0,,c1cc(O)ccc1/C=C(\C2=O)COc(c23)c(OC)c(O)cc3O,23,76,-5.02039337872938,-5.22579337872938,0.20540000000000003,0.2054,-37.9484416599558,-29.4349966049194,XP_FP3_apo_185_pv.maegz,ff6cb1889dd4ae1ea02b817ae55dfa1a2712befe92c087ba9507ac147a12efc0
FP3,primary_FP3_standardised,SANC00737,SANC00737_minRM1.pdb-1,200,-1,C19:R,c1occc1CC\C=C(C)\CC/C=C(C)\CCC[C@@H](C)/C=C2\C=C(C[O-])C(=O)O2,29,77,-5.0136819222078,-5.1013819222078,0.08769999999999989,0.0877,-40.9217488301401,-36.2802222967148,XP_FP3_apo_185_pv.maegz,ff6cb1889dd4ae1ea02b817ae55dfa1a2712befe92c087ba9507ac147a12efc0
FP3,primary_FP3_standardised,SANC00308,SANC00308_minRM1.pdb-1,65,0,C2:R;C4:S;C8:S;C10:R;C16:S;C19:R;C22:S;C23:R,CC1(C)[C@@H]([C@@]123)C[C@@H](C)C(=O)[C@@]45C(C(=O)[C@@H](C)C5)=C[C@](O3)(C)[C@@H]([C@@H]24)O,24,78,-4.99732893021712,-4.99732893021712,0.0,-0.0,-31.4645908236704,-31.9218683242798,XP_FP3_apo_185_pv.maegz,ff6cb1889dd4ae1ea02b817ae55dfa1a2712befe92c087ba9507ac147a12efc0
FP3,primary_FP3_standardised,SANC00784,SANC00784_minRM1.pdb-2,213,1,C7:S;N18:R;C19:R;C20:R,C1OC(=O)[C@@](O)(CO)C(=C)CC(=C\C)\C(=O)O[C@@H]([C@H]2C1=3)CC[N@@H+]2CC3,25,79,-4.99030713891382,-5.42600713891382,0.43570000000000064,0.4357,-36.7924140043023,-30.7962617874146,XP_FP3_apo_185_pv.maegz,ff6cb1889dd4ae1ea02b817ae55dfa1a2712befe92c087ba9507ac147a12efc0
FP3,primary_FP3_standardised,SANC00243,SANC00243_minRM1.pdb-1,38,0,,COc(cc1)ccc1/C=C(/C2=O)COc(c23)c(OC)c(O)cc3O,24,80,-4.95417134812675,-5.15957134812675,0.20540000000000003,0.2054,-37.0697810455787,-28.5772166252136,XP_FP3_apo_185_pv.maegz,ff6cb1889dd4ae1ea02b817ae55dfa1a2712befe92c087ba9507ac147a12efc0
FP3,primary_FP3_standardised,SANC00367,SANC00367_minRM1.pdb-1,77,0,C14:S;C26:S,c1cc(O)ccc1C(=O)O[C@H](C2)CC(C)(C)C3=CC=C(C=4[C@@]23C)C=C(C(C)C)C(=O)C4O,32,81,-4.94899458635144,-4.97429458635144,0.025299999999999656,0.0253,-54.1884845300327,-37.7447309494019,XP_FP3_apo_185_pv.maegz,ff6cb1889dd4ae1ea02b817ae55dfa1a2712befe92c087ba9507ac147a12efc0
FP3,primary_FP3_standardised,SANC00542,SANC00542_minRM1.pdb-1,148,0,C4:S;C9:S;C16:S;C21:S,CC(C)[C@@](O)(CC1)/C=C/[C@@](C)(O)CC[C@H](O)C(=C)C[C@@H](C=C12)OC2=O,25,82,-4.94580720073356,-4.94580720073356,0.0,-0.0,-35.8018462521414,-28.436487197876,XP_FP3_apo_185_pv.maegz,ff6cb1889dd4ae1ea02b817ae55dfa1a2712befe92c087ba9507ac147a12efc0
FP3,primary_FP3_standardised,SANC00724,SANC00724_minRM1.pdb-1,198,0,,CC(C)CC(=O)/C=C(C)\CCC/C(C)=C/CC1=CC(=O)C(C)=CC1=O,25,83,-4.94205811668138,-4.94205811668138,0.0,-0.0,-45.4313033701694,-41.1216096878052,XP_FP3_apo_185_pv.maegz,ff6cb1889dd4ae1ea02b817ae55dfa1a2712befe92c087ba9507ac147a12efc0
FP3,primary_FP3_standardised,SANC00612,SANC00612_minRM1.pdb-2,163,-1,,c1cc(O)ccc1/C=C(/C2=O)COc(c23)cc([O-])cc3O,21,84,-4.93884004099181,-5.68604004099181,0.7472000000000003,0.7472,-35.5921597173228,-29.9639925956726,XP_FP3_apo_185_pv.maegz,ff6cb1889dd4ae1ea02b817ae55dfa1a2712befe92c087ba9507ac147a12efc0
FP3,primary_FP3_standardised,SANC00118,SANC00118_minRM1.pdb-2,16,0,C1:R;C8:R;C16:R;C18:S,C1OC(=O)[C@@](O)(CO)[C@H](C)CC(=C\C)\C(=O)O[C@@H]([C@H]2C1=3)CCN2CC3,25,85,-4.88112800316777,-5.33522800316777,0.4540999999999995,0.4541,-30.5764465332031,-29.9310529232025,XP_FP3_apo_185_pv.maegz,ff6cb1889dd4ae1ea02b817ae55dfa1a2712befe92c087ba9507ac147a12efc0
FP3,primary_FP3_standardised,SANC01056,SANC01056_minRM1.pdb-1,261,0,C5:R,O=C1C[C@H](C(=C)C)CC=C1C,11,86,-4.85927987875315,-4.85927987875315,0.0,-0.0,-25.4300117492676,-21.0981006622314,XP_FP3_apo_185_pv.maegz,ff6cb1889dd4ae1ea02b817ae55dfa1a2712befe92c087ba9507ac147a12efc0
FP3,primary_FP3_standardised,SANC00377,SANC00377_minRM1.pdb-1,92,1,C1:S;N20:S,C1[C@@H]2[N@@H+](C)CCc(cc(c3O)OC)c2c3C14C=CC(=O)C=C4,22,87,-4.84955369244751,-4.95375369244751,0.10419999999999963,0.1042,-30.5210905737321,-31.3547620773315,XP_FP3_apo_185_pv.maegz,ff6cb1889dd4ae1ea02b817ae55dfa1a2712befe92c087ba9507ac147a12efc0
FP3,primary_FP3_standardised,SANC00784,SANC00784_minRM1.pdb-1,212,0,C7:S;C19:R;C20:R,C1OC(=O)[C@@](O)(CO)C(=C)CC(=C\C)\C(=O)O[C@@H]([C@H]2C1=3)CCN2CC3,25,88,-4.84495244288938,-5.23165244288938,0.3866999999999994,0.3867,-31.2567315286517,-29.511070728302,XP_FP3_apo_185_pv.maegz,ff6cb1889dd4ae1ea02b817ae55dfa1a2712befe92c087ba9507ac147a12efc0
FP3,primary_FP3_standardised,SANC00371,SANC00371_minRM1.pdb-1,84,0,C9:S;C14:S,CC(C)=CC(=O)OC[C@@](C)(CCC1)C2=CC=C(C=3[C@@]12C)C=C(C(C)C)C(=O)C3O,29,89,-4.83689199725933,-4.84539199725933,0.00849999999999973,0.0085,-33.2240386850756,-29.9346809387207,XP_FP3_apo_185_pv.maegz,ff6cb1889dd4ae1ea02b817ae55dfa1a2712befe92c087ba9507ac147a12efc0
FP3,primary_FP3_standardised,SANC00529,SANC00529_minRM1.pdb-1,138,0,,c1cc(O)ccc1/C=C(\C2=O)COc(c23)c(OC)c(O)c(O)c3O,24,90,-4.82786982057428,-5.07486982057428,0.2469999999999999,0.247,-39.6564308840691,-32.828314781189,XP_FP3_apo_185_pv.maegz,ff6cb1889dd4ae1ea02b817ae55dfa1a2712befe92c087ba9507ac147a12efc0
FP3,primary_FP3_standardised,SANC01055,SANC01055_minRM1.pdb-1,260,0,C5:S,O=C1C[C@@H](C(=C)C)CC=C1C,11,91,-4.75015716679567,-4.75015716679567,0.0,-0.0,-23.6078872680664,-20.6262700557709,XP_FP3_apo_185_pv.maegz,ff6cb1889dd4ae1ea02b817ae55dfa1a2712befe92c087ba9507ac147a12efc0
FP3,primary_FP3_standardised,SANC00808,SANC00808_minRM1.pdb-1,229,0,C6:R;C7:S;C16:R;C17:R;C22:R;C24:S;C28:S,CC1(C)C(=O)C=C[C@@](C)([C@H]1CC(=O)OC)[C@@H]([C@H]([C@@H]2O)OC(=O)C)C(=C)C([C@@]23C)=CC[C@H]3c4ccoc4,36,92,-4.73700956897834,-4.73700956897834,0.0,-0.0,-46.7214863821873,-37.3259983062744,XP_FP3_apo_185_pv.maegz,ff6cb1889dd4ae1ea02b817ae55dfa1a2712befe92c087ba9507ac147a12efc0
FP3,primary_FP3_standardised,SANC00233,SANC00233_minRM1.pdb-1,33,0,C2:R;C9:R;C12:R;C13:R;C24:R;C27:S,CC(C)CCC[C@@H](C)[C@H]([C@@]1(C)CCO)CC[C@H]1C(C2=O)=CC(=O)C([C@@]23C)=C[C@H](O)CC3,31,93,-4.71612755776232,-4.71632755776232,0.00019999999999953388,0.0002,-45.1222457885742,-36.6165161132813,XP_FP3_apo_185_pv.maegz,ff6cb1889dd4ae1ea02b817ae55dfa1a2712befe92c087ba9507ac147a12efc0
FP3,primary_FP3_standardised,SANC00852,SANC00852_minRM1.pdb-1,233,0,,COC(=O)/C=C/c1cc(O)c(O)cc1,14,94,-4.71344120367425,-4.78204120367425,0.0686,0.0686,-31.4630796459274,-24.3967452049255,XP_FP3_apo_185_pv.maegz,ff6cb1889dd4ae1ea02b817ae55dfa1a2712befe92c087ba9507ac147a12efc0
FP3,primary_FP3_standardised,SANC00660,SANC00660_minRM1.pdb-1,184,0,C1:R;C17:S,CC(=O)OC/C(CC1)=C/CCC(\CO)=C/[C@H]([C@@H]12)OC(=O)C2=C,22,95,-4.71107037589578,-4.71107037589578,0.0,-0.0,-34.6607993660836,-27.4703121185303,XP_FP3_apo_185_pv.maegz,ff6cb1889dd4ae1ea02b817ae55dfa1a2712befe92c087ba9507ac147a12efc0
FP3,primary_FP3_standardised,SANC00999,SANC00999_minRM1.pdb-2,252,1,C5:R;C6:R;N14:R;C15:S;C16:S;C17:R,C1OC(=O)[C@](C)(O)[C@H](C)CC(=C\C)/C(=O)O[C@@H]([C@H]2O)C[N@H+]([C@H]2C1=3)CC3,25,96,-4.70754720919466,-5.31704720919466,0.6095000000000006,0.6095,-34.2108840942383,-34.4714622497559,XP_FP3_apo_185_pv.maegz,ff6cb1889dd4ae1ea02b817ae55dfa1a2712befe92c087ba9507ac147a12efc0
FP3,primary_FP3_standardised,SANC00736,SANC00736_minRM1.pdb-1,199,0,C19:R,c1occc1CC\C=C(C)\CC\C=C(C)\CCC[C@@H](C)/C=C2/C=C(C)C(=O)O2,28,97,-4.69580301070901,-4.69580301070901,0.0,-0.0,-40.0567183609788,-33.4107153266668,XP_FP3_apo_185_pv.maegz,ff6cb1889dd4ae1ea02b817ae55dfa1a2712befe92c087ba9507ac147a12efc0
FP3,primary_FP3_standardised,SANC00965,SANC00965_minRM1.pdb-1,246,0,C17:S;C18:R;C19:S;C20:S;C21:R,CC(=O)Cc(cc1=O)oc(c12)c(c(O)cc2C)[C@H](O3)[C@@H]([C@@H](O)[C@H](O)[C@H]3CO)OC(=O)/C=C/c4ccccc4,38,98,-4.67376480313398,-4.67866480313398,0.0049000000000001265,0.0049,-55.3293026617899,-44.6268491744995,XP_FP3_apo_185_pv.maegz,ff6cb1889dd4ae1ea02b817ae55dfa1a2712befe92c087ba9507ac147a12efc0
FP3,primary_FP3_standardised,SANC00298,SANC00298_minRM1.pdb-1,62,0,C1:R;C6:R;C8:R;C10:S;C17:R;C18:S;C23:S,C=C(C)C(=O)O[C@@H](C1)[C@@H]([C@H](C)C(=O)O2)[C@H]2\C=C(\CC[C@H]([C@]134)O4)CO[C@@H]3O,26,99,-4.65464376470242,-4.65464376470242,0.0,-0.0,-39.6929986866377,-35.8249117136002,XP_FP3_apo_185_pv.maegz,ff6cb1889dd4ae1ea02b817ae55dfa1a2712befe92c087ba9507ac147a12efc0
FP3,primary_FP3_standardised,SANC00771,SANC00771_minRM1.pdb-2,203,0,C5:R;C7:R;C18:R;C19:R,C1OC(=O)[C@](C)(O)[C@H](C)CC(=C\C)/C(=O)O[C@@H]([C@H]2C1=3)CCN2CC3,24,100,-4.64671345801916,-5.12761345801916,0.4809000000000001,0.4809,-35.2520637512207,-30.0092134475708,XP_FP3_apo_185_pv.maegz,ff6cb1889dd4ae1ea02b817ae55dfa1a2712befe92c087ba9507ac147a12efc0
FP3,primary_FP3_standardised,SANC00737,SANC00737_minRM1.pdb-2,201,0,C19:R,c1occc1CC\C=C(C)\CC/C=C(C)\CCC[C@@H](C)/C=C2\C=C(C(=O)O2)CO,29,101,-4.63795971614514,-5.81305971614514,1.1750999999999996,1.1751,-52.8802145211878,-41.6732120513916,XP_FP3_apo_185_pv.maegz,ff6cb1889dd4ae1ea02b817ae55dfa1a2712befe92c087ba9507ac147a12efc0
FP3,primary_FP3_standardised,SANC00111,SANC00111_minRM1.pdb-1,8,1,C1:R;C2:R;N6:S;C9:R,C/C=C(C)\C(=O)OC[C@@H]1CC[N@H+]([C@H]12)CC[C@H]2O,17,102,-4.63518759721243,-4.63738759721243,0.002200000000000202,0.0022,-39.2153854370117,-30.8447346687317,XP_FP3_apo_185_pv.maegz,ff6cb1889dd4ae1ea02b817ae55dfa1a2712befe92c087ba9507ac147a12efc0
FP3,primary_FP3_standardised,SANC00648,SANC00648_minRM1.pdb-1,177,0,C2:S;C5:S;C6:S;C12:S,C=C1[C@@H](C)CC[C@@]2(C)[C@H]1CC=C([C@@]23O)C(=O)OC3,18,103,-4.6344979088802,-4.6344979088802,0.0,-0.0,-29.8147792816162,-26.6922357082367,XP_FP3_apo_185_pv.maegz,ff6cb1889dd4ae1ea02b817ae55dfa1a2712befe92c087ba9507ac147a12efc0
FP3,primary_FP3_standardised,SANC00297,SANC00297_minRM1.pdb-1,61,0,C1:S;C7:S;C11:S;C15:S,O=C[C@@]1(O)C(C=O)=CC[C@H]([C@@]12C)C(=C)[C@@H](C)CC2,18,104,-4.6337792828845,-4.6337792828845,0.0,-0.0,-40.3591817926949,-31.8870739936829,XP_FP3_apo_185_pv.maegz,ff6cb1889dd4ae1ea02b817ae55dfa1a2712befe92c087ba9507ac147a12efc0
FP3,primary_FP3_standardised,SANC00300,SANC00300_minRM1.pdb-1,64,0,C1:R;C6:R;C8:R;C10:S;C17:R;C23:S,C=C(C)C(=O)O[C@@H](C1)[C@@H](C(=C)C(=O)O2)[C@H]2\C=C(\CC[C@H]([C@]134)O4)CO[C@@H]3O,26,105,-4.62618711956855,-4.62618711956855,0.0,-0.0,-40.1225457862411,-34.4735816717148,XP_FP3_apo_185_pv.maegz,ff6cb1889dd4ae1ea02b817ae55dfa1a2712befe92c087ba9507ac147a12efc0
FP3,primary_FP3_standardised,SANC00152,SANC00152_minRM1.pdb-1,25,0,C6:S;C14:R;C25:S;C30:S,CC(=O)O[C@@H]1OC=C(C(=O)CC=C(C)C)[C@@H]([C@H]12)CC[C@](C)(OC(=O)C)/C=C\CC2=C,30,106,-4.62479966160149,-4.62479966160149,0.0,-0.0,-42.0183540206387,-35.81698179245,XP_FP3_apo_185_pv.maegz,ff6cb1889dd4ae1ea02b817ae55dfa1a2712befe92c087ba9507ac147a12efc0
FP3,primary_FP3_standardised,SANC00536,SANC00536_minRM1.pdb-1,143,0,C3:R;C7:R;C15:S,CC(C)[C@@H](CC1)\C=C\[C@](C)(OC)CC/C=C(\C)C[C@@H](C=C12)OC2=O,24,107,-4.60219681429548,-4.60219681429548,0.0,-0.0,-26.4586963653564,-32.3528896570206,XP_FP3_apo_185_pv.maegz,ff6cb1889dd4ae1ea02b817ae55dfa1a2712befe92c087ba9507ac147a12efc0
FP3,primary_FP3_standardised,SANC00244,SANC00244_minRM1.pdb-2,41,-1,,c1cc(O)ccc1/C=C(/C2=O)COc(c23)cc([O-])c(c3O)OC,23,108,-4.58691191589717,-5.33411191589717,0.7471999999999994,0.7472,-36.6069354372003,-30.4686539173126,XP_FP3_apo_185_pv.maegz,ff6cb1889dd4ae1ea02b817ae55dfa1a2712befe92c087ba9507ac147a12efc0
FP3,primary_FP3_standardised,SANC00140,SANC00140_minRM1.pdb-1,21,0,C23:S;C24:R;C25:S,O=C1c2[nH]cc(CCN3)c2C=3C4=C1N[C@H](C5)S[C@@H]([C@@]456)CC(=O)C(Br)=C6,25,109,-4.56457587630623,-4.56507587630623,0.0004999999999997229,0.0005,-42.0223579406738,-35.0819873809814,XP_FP3_apo_185_pv.maegz,ff6cb1889dd4ae1ea02b817ae55dfa1a2712befe92c087ba9507ac147a12efc0
FP3,primary_FP3_standardised,SANC00373,SANC00373_minRM1.pdb-1,89,0,C10:S;C27:S,c1cc(O)c(O)cc1C(=O)OC[C@@](C)(CCC2)C3=CC=C(C=4[C@@]23C)C=C(C(C)C)C(=O)C4O,33,110,-4.55955658479796,-4.58795658479796,0.028400000000000425,0.0284,-49.9064823878562,-42.2957637906075,XP_FP3_apo_185_pv.maegz,ff6cb1889dd4ae1ea02b817ae55dfa1a2712befe92c087ba9507ac147a12efc0
FP3,primary_FP3_standardised,SANC00158,SANC00158_minRM1.pdb-1,26,0,C1:S;C11:R;C19:R,CC(=O)O[C@@H](C(=C)C)C/C=C1/C(=O)OC[C@H]([C@@H]12)C(=C)CC\C=C(\C)CC2,26,111,-4.55666200285041,-4.55666200285041,0.0,-0.0,-36.6186951057809,-27.9994673728943,XP_FP3_apo_185_pv.maegz,ff6cb1889dd4ae1ea02b817ae55dfa1a2712befe92c087ba9507ac147a12efc0
FP3,primary_FP3_standardised,SANC00190,SANC00190_minRM1.pdb-1,30,0,C8:S;C9:R;C10:S,CC(C)[C@H](CC1)[C@H]([C@]12C)C(=O)C(=C)CCC2,16,112,-4.54437919344128,-4.54437919344128,0.0,-0.0,-21.0975344096119,-24.5706695616245,XP_FP3_apo_185_pv.maegz,ff6cb1889dd4ae1ea02b817ae55dfa1a2712befe92c087ba9507ac147a12efc0
FP3,primary_FP3_standardised,SANC00201,SANC00201_minRM1.pdb-1,32,0,C1:R;C7:R;C8:S;C17:R;C25:R,OCC(=C)C(=O)O[C@H]1C[C@](C=C)(COC(=O)C)[C@H](C(C=O)=C)[C@H]([C@@H]12)OC(=O)C2=C,29,113,-4.51118506859801,-4.51158506859801,0.00039999999999995595,0.0004,-43.174617767334,-38.028692483902,XP_FP3_apo_185_pv.maegz,ff6cb1889dd4ae1ea02b817ae55dfa1a2712befe92c087ba9507ac147a12efc0
FP3,primary_FP3_standardised,SANC00652,SANC00652_minRM1.pdb-1,180,0,C2:S;C7:S;C8:S;C11:S,O=C[C@@]1(O)C(C=O)=C[C@H](O)[C@H]([C@@]12C)C(C)(C)CCC2,19,114,-4.50440708738523,-4.50440708738523,0.0,-0.0,10000.0,-30.6762018203735,XP_FP3_apo_185_pv.maegz,ff6cb1889dd4ae1ea02b817ae55dfa1a2712befe92c087ba9507ac147a12efc0
FP3,primary_FP3_standardised,SANC00431,SANC00431_minRM1.pdb-1,103,0,C1:S;C5:S;C12:R;C14:S,C=C1C(=O)O[C@H]([C@@H]12)\C=C(\C)[C@@H](O)CCC(\C)=C\[C@H]2O,19,115,-4.50124533120163,-4.50124533120163,0.0,-0.0,-37.5155734899336,-33.2248091697693,XP_FP3_apo_185_pv.maegz,ff6cb1889dd4ae1ea02b817ae55dfa1a2712befe92c087ba9507ac147a12efc0
FP3,primary_FP3_standardised,SANC00341,SANC00341_minRM1.pdb-1,67,0,C1:R;C8:R;C12:S;C20:S;C27:R,OCC(=C)C(=O)O[C@@H](C1)[C@@H](C(=C)C(=O)OC)[C@H](O)[C@H]([C@]12C=C)C(=C)C(=O)OC2,28,116,-4.46254328404674,-4.46284328404674,0.000300000000000189,0.0003,-34.1221318243739,-31.1823768615723,XP_FP3_apo_185_pv.maegz,ff6cb1889dd4ae1ea02b817ae55dfa1a2712befe92c087ba9507ac147a12efc0
FP3,primary_FP3_standardised,SANC00109,SANC00109_minRM1.pdb-1,5,1,C1:S;C2:R;N6:R;C9:S,C/C=C(C)\C(=O)OC[C@H]1CC[N@@H+]([C@@H]12)CC[C@H]2O,17,117,-4.43249460109658,-4.43469460109658,0.002200000000000202,0.0022,-36.4121021102512,-33.6463460922241,XP_FP3_apo_185_pv.maegz,ff6cb1889dd4ae1ea02b817ae55dfa1a2712befe92c087ba9507ac147a12efc0
FP3,primary_FP3_standardised,SANC00797,SANC00797_minRM1.pdb-2,225,0,C6:R;C8:R;C19:R;C20:R,C1OC(=O)[C@](C)(O)[C@H](C)CC(=C\CO)/C(=O)O[C@@H]([C@H]2C1=3)CCN2CC3,25,118,-4.41841371955283,-4.86581371955283,0.4474,0.4474,-35.5955196012934,-30.1989912986755,XP_FP3_apo_185_pv.maegz,ff6cb1889dd4ae1ea02b817ae55dfa1a2712befe92c087ba9507ac147a12efc0
FP3,primary_FP3_standardised,SANC00539,SANC00539_minRM1.pdb-1,146,0,C15:S,C=C(C)/C(CC1)=C\C=C(\C)CC/C=C(\C)C[C@@H](C=C12)OC2=O,22,119,-4.40904274313842,-4.40904274313842,0.0,-0.0,-32.265468053662,-26.484112739563,XP_FP3_apo_185_pv.maegz,ff6cb1889dd4ae1ea02b817ae55dfa1a2712befe92c087ba9507ac147a12efc0
FP3,primary_FP3_standardised,SANC00241,SANC00241_minRM1.pdb-1,35,0,,COc(cc1)ccc1/C=C(/C2=O)COc(c23)cc(O)cc3O,22,120,-4.38030834138144,-4.58910834138144,0.2088000000000001,0.2088,-35.9499974144347,-32.3220310211182,XP_FP3_apo_185_pv.maegz,ff6cb1889dd4ae1ea02b817ae55dfa1a2712befe92c087ba9507ac147a12efc0
FP3,primary_FP3_standardised,SANC00984,SANC00984_minRM1.pdb-1,247,-1,,[O-]C(=O)/C=C/c1cc(O)c(O)cc1,13,121,-4.35825698927271,-4.35825698927271,0.0,-0.0,-27.1073523933758,-22.1016297340393,XP_FP3_apo_185_pv.maegz,ff6cb1889dd4ae1ea02b817ae55dfa1a2712befe92c087ba9507ac147a12efc0
FP3,primary_FP3_standardised,SANC00354,SANC00354_minRM1.pdb-1,74,0,C1:R;C7:S,CC=1C(=O)OC(=C2)C1C[C@H]([C@@]23C)CC=CC3=O,17,122,-4.33483588180824,-4.33483588180824,0.0,-0.0,-34.3237419128418,-29.0935995578766,XP_FP3_apo_185_pv.maegz,ff6cb1889dd4ae1ea02b817ae55dfa1a2712befe92c087ba9507ac147a12efc0
FP3,primary_FP3_standardised,SANC00246,SANC00246_minRM1.pdb-1,43,0,C8:S;C14:R;C38:S;C40:R;C43:S,CC(=O)O[C@@H](C1)C[C@@](C)(O)C(C1(C)C)=C=C\C(C)=C\C=C\C(C)=C\C=C\C=C(C)\C=C\C=C(C)\C(=O)C[C@@]23[C@@](O3)(C)C[C@@H](O)CC2(C)C,48,123,-4.32905547903393,-4.32905547903393,0.0,-0.0,-45.0199573836904,-43.1384885311127,XP_FP3_apo_185_pv.maegz,ff6cb1889dd4ae1ea02b817ae55dfa1a2712befe92c087ba9507ac147a12efc0
FP3,primary_FP3_standardised,SANC00523,SANC00523_minRM1.pdb-2,137,-1,,c1cc(O)ccc1/C=C(/C2=O)COc(c23)c(OC)c([O-])cc3O,23,124,-4.31672909769005,-5.06042909769005,0.7436999999999996,0.7437,-36.2455668629009,-29.8300223350525,XP_FP3_apo_185_pv.maegz,ff6cb1889dd4ae1ea02b817ae55dfa1a2712befe92c087ba9507ac147a12efc0
FP3,primary_FP3_standardised,SANC00436,SANC00436_minRM1.pdb-2,113,0,,Oc1cc(C)cc(c12)C(=O)C=C(C2=O)C(C3=O)=CC(=O)c(c34)cc(C)cc4O,28,125,-4.30337030569498,-5.02267030569498,0.7193000000000005,0.7193,-50.0856116505657,-40.6730129718781,XP_FP3_apo_185_pv.maegz,ff6cb1889dd4ae1ea02b817ae55dfa1a2712befe92c087ba9507ac147a12efc0
FP3,primary_FP3_standardised,SANC01036,SANC01036_minRM1.pdb-1,256,1,N2:R;C5:R;C6:S,C1=CC(=O)C[C@H]([N@H+](C)CC2)[C@@]12c3cc(OC)c(cc3)OC,21,126,-4.29661947456806,-4.36181947456806,0.06519999999999992,0.0652,-29.8283060153427,-29.5886161327362,XP_FP3_apo_185_pv.maegz,ff6cb1889dd4ae1ea02b817ae55dfa1a2712befe92c087ba9507ac147a12efc0
FP3,primary_FP3_standardised,SANC00541,SANC00541_minRM1.pdb-1,147,0,C3:R;C9:S,CC(C)/C(CC1)=C\C=C(\C)[C@H](OC)C/C=C(\C)C[C@@H](C=C12)OC2=O,24,127,-4.28590330919843,-4.28590330919843,0.0,-0.0,-28.848556207625,-26.6283988952637,XP_FP3_apo_185_pv.maegz,ff6cb1889dd4ae1ea02b817ae55dfa1a2712befe92c087ba9507ac147a12efc0
FP3,primary_FP3_standardised,SANC00787,SANC00787_minRM1.pdb-1,214,0,C5:R;C9:R;C12:R;C13:S;C26:S,C1OC(=O)[C@@](C)(O)[C@H](C)C[C@@](O)([C@H](C)O)C(=O)O[C@@H](C2=O)CCN(C)C/C=C1\2,28,128,-4.27641984226721,-4.29051984226721,0.014100000000000001,0.0141,-27.231689453125,-24.2715449333191,XP_FP3_apo_185_pv.maegz,ff6cb1889dd4ae1ea02b817ae55dfa1a2712befe92c087ba9507ac147a12efc0
FP3,primary_FP3_standardised,SANC00438,SANC00438_minRM1.pdb-1,117,0,,O=C1C=CC(=O)c(c12)c(O)cc(C)c2C(C3=O)=CC(=O)c(c34)cc(C)cc4O,28,129,-4.27460547390007,-4.60430547390007,0.32970000000000077,0.3297,-44.0285949707031,-37.4329528808594,XP_FP3_apo_185_pv.maegz,ff6cb1889dd4ae1ea02b817ae55dfa1a2712befe92c087ba9507ac147a12efc0
FP3,primary_FP3_standardised,SANC00104,SANC00104_minRM1.pdb-2,2,-1,,Oc1cc([O-])cc(OC)c1C(=O)/C=C/c2ccccc2,20,130,-4.25604897707476,-4.99664897707476,0.7406000000000006,0.7406,-35.7378850824082,-30.1236474514008,XP_FP3_apo_185_pv.maegz,ff6cb1889dd4ae1ea02b817ae55dfa1a2712befe92c087ba9507ac147a12efc0
FP3,primary_FP3_standardised,SANC00793,SANC00793_minRM1.pdb-1,220,0,C5:R;C9:S;C12:R;C13:S;C26:R,C1OC(=O)[C@@](C)(O)[C@H](C)C[C@@](O)([C@H](Cl)C)C(=O)O[C@@H](C2=O)CCN(C)C/C=C1\2,28,131,-4.24420017303927,-4.25670017303927,0.012500000000000178,0.0125,-37.3849284070995,-34.1853518486023,XP_FP3_apo_185_pv.maegz,ff6cb1889dd4ae1ea02b817ae55dfa1a2712befe92c087ba9507ac147a12efc0
FP3,primary_FP3_standardised,SANC00623,SANC00623_minRM1.pdb-2,172,1,C7:S;N15:R;C16:R;C17:R,C1OC(=O)[C@@](C)(O)C(=C)CC(=C\C)/C(=O)O[C@@H]([C@H]2C1=3)CC[N@@H+]2CC3,24,132,-4.23326276703082,-4.64656276703082,0.41329999999999956,0.4133,-29.3433443134922,-28.9536046981812,XP_FP3_apo_185_pv.maegz,ff6cb1889dd4ae1ea02b817ae55dfa1a2712befe92c087ba9507ac147a12efc0
FP3,primary_FP3_standardised,SANC00720,SANC00720_minRM1.pdb-1,197,0,C20:S,c1cccc(c12)[nH]c(C(C)(C)C=C)c2/C=C3/C(=O)N[C@@H](C)C(=O)N3,24,133,-4.22517303911139,-4.22517303911139,0.0,-0.0,-36.4273033035418,-27.8801290988922,XP_FP3_apo_185_pv.maegz,ff6cb1889dd4ae1ea02b817ae55dfa1a2712befe92c087ba9507ac147a12efc0
FP3,primary_FP3_standardised,SANC00378,SANC00378_minRM1.pdb-1,95,1,C1:R;N21:R,COc1c(OC)cc(CC[N@@H+](C)[C@@H]2C3)c2c1C34C=CC(=O)C=C4,23,134,-4.21622840695826,-4.27762840695826,0.0613999999999999,0.0614,-39.3078605619194,-32.6334075927734,XP_FP3_apo_185_pv.maegz,ff6cb1889dd4ae1ea02b817ae55dfa1a2712befe92c087ba9507ac147a12efc0
FP3,primary_FP3_standardised,SANC00353,SANC00353_minRM1.pdb-1,73,0,C1:R;C7:R;C10:S,CC=1C(=O)O[C@@H](C2)C1C[C@H]([C@@]23C)CC=CC3=O,17,135,-4.20065793571416,-4.20065793571416,0.0,-0.0,-32.6556434631348,-26.6652847826481,XP_FP3_apo_185_pv.maegz,ff6cb1889dd4ae1ea02b817ae55dfa1a2712befe92c087ba9507ac147a12efc0
FP3,primary_FP3_standardised,SANC00796,SANC00796_minRM1.pdb-1,222,1,C5:R;C7:R;C14:R;C17:R;N23:R,C1OC(=O)[C@](C)(O)[C@H](C)CC(=C\C)/C(=O)O[C@@H](C(=O)[C@@H]12)CC[N@H+](C)CC2,26,136,-4.19980955052067,-4.21880955052067,0.019000000000000128,0.019,-30.1730090959369,-27.7863173484802,XP_FP3_apo_185_pv.maegz,ff6cb1889dd4ae1ea02b817ae55dfa1a2712befe92c087ba9507ac147a12efc0
FP3,primary_FP3_standardised,SANC00436,SANC00436_minRM1.pdb-1,112,-1,,[O-]c1cc(C)cc(c12)C(=O)C=C(C2=O)C(C3=O)=CC(=O)c(c34)cc(C)cc4O,28,137,-4.19648721827798,-4.59968721827798,0.4032,0.4032,-48.4830383152488,-37.8392596244812,XP_FP3_apo_185_pv.maegz,ff6cb1889dd4ae1ea02b817ae55dfa1a2712befe92c087ba9507ac147a12efc0
FP3,primary_FP3_standardised,SANC00537,SANC00537_minRM1.pdb-1,144,0,C3:R;C7:S;C16:S,CC(C)[C@@](O)(CC1)/C=C/[C@](C)(OC)CC/C=C(\C)C[C@@H](C=C12)OC2=O,25,138,-4.191734115792,-4.191734115792,0.0,-0.0,-28.4138461693615,-27.0145523548126,XP_FP3_apo_185_pv.maegz,ff6cb1889dd4ae1ea02b817ae55dfa1a2712befe92c087ba9507ac147a12efc0
FP3,primary_FP3_standardised,SANC00131,SANC00131_minRM1.pdb-1,20,0,C5:S;C7:S,O=C1c2[nH]cc(CCN3)c2C=3C4=C1N[C@H](C5)SC([C@@]456)=CC(=O)C=C6,24,139,-4.18188361084266,-4.18378361084266,0.0019000000000000128,0.0019,-42.0926856994629,-32.4215638637543,XP_FP3_apo_185_pv.maegz,ff6cb1889dd4ae1ea02b817ae55dfa1a2712befe92c087ba9507ac147a12efc0
FP3,primary_FP3_standardised,SANC00621,SANC00621_minRM1.pdb-2,168,0,C5:R;C6:R;C15:R;C16:R,C1OC(=O)[C@](C)(O)[C@H](C)CC(=C\C)\C(=O)O[C@@H]([C@H]2C1=3)CCN2CC3,24,140,-4.18128210342487,-4.66218210342487,0.4809000000000001,0.4809,-32.8866752742035,-30.1806645393372,XP_FP3_apo_185_pv.maegz,ff6cb1889dd4ae1ea02b817ae55dfa1a2712befe92c087ba9507ac147a12efc0
FP3,primary_FP3_standardised,SANC00434,SANC00434_minRM1.pdb-2,107,0,,O=C1C=CC(=O)c(c12)cc(C)c(c2O)C(=CC3=O)C(=O)c(c34)cc(C)cc4O,28,141,-4.14162556813272,-5.26822556813272,1.1265999999999998,1.1266,-46.7362183788316,-33.9735226631165,XP_FP3_apo_185_pv.maegz,ff6cb1889dd4ae1ea02b817ae55dfa1a2712befe92c087ba9507ac147a12efc0
FP3,primary_FP3_standardised,SANC00659,SANC00659_minRM1.pdb-1,183,0,C1:R;C20:S,C=C1C(=O)O[C@@H]([C@H]12)\C=C(\COC(=O)C)CC\C=C(CC2)\COC(=O)C,25,142,-4.13763474736773,-4.13763474736773,0.0,-0.0,-37.7107276916504,-36.278014421463,XP_FP3_apo_185_pv.maegz,ff6cb1889dd4ae1ea02b817ae55dfa1a2712befe92c087ba9507ac147a12efc0
FP3,primary_FP3_standardised,SANC00281,SANC00281_minRM1.pdb-1,56,0,C2:R;C4:S;C5:R;C9:S;C10:R;C11:S;C16:R,CC(C)C(=O)O[C@@]12[C@@H](C1(C)C)[C@H]3[C@](O)([C@H](C)C2)[C@H]4[C@@](O)(C(=O)C(C)=C4)CC(=C3)COC(=O)C,33,143,-4.1203704522372,-4.1203704522372,0.0,-0.0,-42.2354177294214,-34.2575037479401,XP_FP3_apo_185_pv.maegz,ff6cb1889dd4ae1ea02b817ae55dfa1a2712befe92c087ba9507ac147a12efc0
FP3,primary_FP3_standardised,SANC00379,SANC00379_minRM1.pdb-1,97,0,C5:S;C10:R,COC(=C1)C(=O)C=C2[C@H](N(C)CC3)Cc(c4[C@@]123)ccc(c4O)OC,24,144,-4.10565974136249,-4.10565974136249,0.0,-0.0,-40.8084076914538,-31.5033793449402,XP_FP3_apo_185_pv.maegz,ff6cb1889dd4ae1ea02b817ae55dfa1a2712befe92c087ba9507ac147a12efc0
FP3,primary_FP3_standardised,SANC00623,SANC00623_minRM1.pdb-1,171,0,C7:S;C16:R;C17:R,C1OC(=O)[C@@](C)(O)C(=C)CC(=C\C)/C(=O)O[C@@H]([C@H]2C1=3)CCN2CC3,24,145,-4.09348310316521,-4.50158310316521,0.40810000000000013,0.4081,-32.856345924322,-28.9143511652946,XP_FP3_apo_185_pv.maegz,ff6cb1889dd4ae1ea02b817ae55dfa1a2712befe92c087ba9507ac147a12efc0
FP3,primary_FP3_standardised,SANC00622,SANC00622_minRM1.pdb-2,170,1,C7:R;N15:R;C16:R;C17:R,C1OC(=O)[C@](C)(O)C(=C)CC(=C\C)\C(=O)O[C@@H]([C@H]2C1=3)CC[N@@H+]2CC3,24,146,-4.07864910821209,-4.49194910821209,0.41329999999999956,0.4133,-36.4759944197813,-29.9463651180267,XP_FP3_apo_185_pv.maegz,ff6cb1889dd4ae1ea02b817ae55dfa1a2712befe92c087ba9507ac147a12efc0
FP3,primary_FP3_standardised,SANC00928,SANC00928_minRM1.pdb-1,241,0,C7:R,CC(=O)/C=C/[C@H](C1(C)C)C(C)=CCC1,14,147,-4.06498138205355,-4.06498138205355,0.0,-0.0,-33.113166809082,-26.7350645065308,XP_FP3_apo_185_pv.maegz,ff6cb1889dd4ae1ea02b817ae55dfa1a2712befe92c087ba9507ac147a12efc0
FP3,primary_FP3_standardised,SANC00116,SANC00116_minRM1.pdb-1,11,1,C1:R;C2:S;N14:S;C17:R,C/C=C(CO)\C(=O)OC[C@H]1CC[N@H+]([C@H]12)CC[C@H]2OC(=O)/C(C)=C\C,24,148,-4.01400225992471,-4.03300225992471,0.019000000000000128,0.019,10000.0,-17.6031622886658,XP_FP3_apo_185_pv.maegz,ff6cb1889dd4ae1ea02b817ae55dfa1a2712befe92c087ba9507ac147a12efc0
FP3,primary_FP3_standardised,SANC00706,SANC00706_minRM1.pdb-1,193,0,C4:S;C12:S;C16:S,[O-]C(=O)/C(C)=C/[C@H](C(C)C)N(C)C(=O)[C@H](C(C)(C)C)NC(=O)[C@@H]([NH2+]C)C(C)(C)c1cn(C)c(c12)cccc2,38,149,-4.00300735764228,-4.09350735764228,0.09049999999999958,0.0905,-53.4739990234375,-42.8829946517944,XP_FP3_apo_185_pv.maegz,ff6cb1889dd4ae1ea02b817ae55dfa1a2712befe92c087ba9507ac147a12efc0
FP3,primary_FP3_standardised,SANC01130,SANC01130_minRM1.pdb-1,274,0,C3:R;C8:R;C9:S;C15:R,O=C(O1)C(=C)[C@H]([C@H]1[C@@H]23)CCC(=C)[C@@H]3CCC2=C,17,150,-3.99887001020922,-3.99887001020922,0.0,-0.0,-35.1737174987793,-27.6312461793423,XP_FP3_apo_185_pv.maegz,ff6cb1889dd4ae1ea02b817ae55dfa1a2712befe92c087ba9507ac147a12efc0
FP3,primary_FP3_standardised,SANC00809,SANC00809_minRM1.pdb-1,230,0,C6:R;C7:S;C16:R;C17:R;C22:R;C27:S;C31:S;C34:R,CC1(C)C(=O)C=C[C@@](C)([C@H]1CC(=O)OC)[C@@H]([C@@H](OC(=O)C)[C@@H]2OC(=O)C)C(=C)C([C@@]23C)=CC[C@@H]3C4=C[C@H](O)OC4=O,41,151,-3.99456800989022,-3.99656800989022,0.002000000000000224,0.002,-42.9105678431049,-35.9968507289886,XP_FP3_apo_185_pv.maegz,ff6cb1889dd4ae1ea02b817ae55dfa1a2712befe92c087ba9507ac147a12efc0
FP3,primary_FP3_standardised,SANC00255,SANC00255_minRM1.pdb-1,50,0,C3:S;C6:R,O=CC(=C\Cl)\C=C\[C@@H](Cl)[C@](Cl)(C)C=C,14,152,-3.98691345925524,-3.98691345925524,0.0,-0.0,-23.9602870941162,-22.9375624656677,XP_FP3_apo_185_pv.maegz,ff6cb1889dd4ae1ea02b817ae55dfa1a2712befe92c087ba9507ac147a12efc0
FP3,primary_FP3_standardised,SANC00118,SANC00118_minRM1.pdb-1,15,1,C1:R;N5:R;C8:R;C16:R;C18:S,C1OC(=O)[C@@](O)(CO)[C@H](C)CC(=C\C)\C(=O)O[C@@H]([C@H]2C1=3)CC[N@@H+]2CC3,25,153,-3.96694520709524,-4.33714520709524,0.3702000000000001,0.3702,-26.4326395731011,-27.4398827552795,XP_FP3_apo_185_pv.maegz,ff6cb1889dd4ae1ea02b817ae55dfa1a2712befe92c087ba9507ac147a12efc0
FP3,primary_FP3_standardised,SANC00622,SANC00622_minRM1.pdb-1,169,0,C7:R;C16:R;C17:R,C1OC(=O)[C@](C)(O)C(=C)CC(=C\C)\C(=O)O[C@@H]([C@H]2C1=3)CCN2CC3,24,154,-3.94770807239816,-4.35580807239816,0.40810000000000013,0.4081,-32.930890374937,-28.6534647941589,XP_FP3_apo_185_pv.maegz,ff6cb1889dd4ae1ea02b817ae55dfa1a2712befe92c087ba9507ac147a12efc0
FP3,primary_FP3_standardised,SANC00522,SANC00522_minRM1.pdb-1,133,0,,c1cc(O)cc(O)c1C(=O)/C=C/c2ccccc2,18,155,-3.94114233943318,-4.21844233943318,0.2772999999999999,0.2773,-37.0429060402134,-29.5166869163513,XP_FP3_apo_185_pv.maegz,ff6cb1889dd4ae1ea02b817ae55dfa1a2712befe92c087ba9507ac147a12efc0
FP3,primary_FP3_standardised,SANC00621,SANC00621_minRM1.pdb-1,167,1,C5:R;C6:R;N14:R;C15:R;C16:R,C1OC(=O)[C@](C)(O)[C@H](C)CC(=C\C)\C(=O)O[C@@H]([C@H]2C1=3)CC[N@@H+]2CC3,24,156,-3.87835264440844,-4.22625264440844,0.3479000000000001,0.3479,-32.6953261771359,-32.2748377323151,XP_FP3_apo_185_pv.maegz,ff6cb1889dd4ae1ea02b817ae55dfa1a2712befe92c087ba9507ac147a12efc0
FP3,primary_FP3_standardised,SANC00953,SANC00953_minRM1.pdb-1,243,-1,,[O-]C(=O)/C=C/c1cc(OC)c(O)cc1,14,157,-3.85291485478065,-3.85291485478065,0.0,-0.0,-24.4634672880259,-20.3701939582825,XP_FP3_apo_185_pv.maegz,ff6cb1889dd4ae1ea02b817ae55dfa1a2712befe92c087ba9507ac147a12efc0
FP3,primary_FP3_standardised,SANC00807,SANC00807_minRM1.pdb-1,228,0,C6:R;C7:S;C16:R;C17:R;C22:R;C27:S;C31:S,CC1(C)C(=O)C=C[C@@](C)([C@H]1CC(=O)OC)[C@@H]([C@@H](OC(=O)C)[C@@H]2OC(=O)C)C(=C)C([C@@]23C)=CC[C@H]3c4ccoc4,39,158,-3.84168479913073,-3.84168479913073,0.0,-0.0,-41.5671272277832,-32.5227870941162,XP_FP3_apo_185_pv.maegz,ff6cb1889dd4ae1ea02b817ae55dfa1a2712befe92c087ba9507ac147a12efc0
FP3,primary_FP3_standardised,SANC01010,SANC01010_minRM1.pdb-1,254,0,,CC(=O)/C=C/C(C1(C)C)=C(C)CCC1,14,159,-3.8368063752814,-3.8368063752814,0.0,-0.0,-29.2203769912286,-25.7563724517822,XP_FP3_apo_185_pv.maegz,ff6cb1889dd4ae1ea02b817ae55dfa1a2712befe92c087ba9507ac147a12efc0
FP3,primary_FP3_standardised,SANC00434,SANC00434_minRM1.pdb-1,106,-1,,O=C1C=CC(=O)c(c12)cc(C)c(c2[O-])C(=CC3=O)C(=O)c(c34)cc(C)cc4O,28,160,-3.83385105656442,-3.95215105656442,0.11830000000000007,0.1183,-44.2227668762207,-33.8653892278671,XP_FP3_apo_185_pv.maegz,ff6cb1889dd4ae1ea02b817ae55dfa1a2712befe92c087ba9507ac147a12efc0
FP3,primary_FP3_standardised,SANC00128,SANC00128_minRM1.pdb-1,19,0,,CN1CCC2=CN=C3C(=O)C(N)=CC1=C23,15,161,-3.83016521571241,-3.83016521571241,0.0,-0.0,-34.9603576660156,-28.8624703884125,XP_FP3_apo_185_pv.maegz,ff6cb1889dd4ae1ea02b817ae55dfa1a2712befe92c087ba9507ac147a12efc0
FP3,primary_FP3_standardised,SANC01112,SANC01112_minRM1.pdb-2,271,-1,,c1cc([O-])ccc1\C=C\C(=O)NCCc2c[nH]c(c23)ccc(c3)O,24,162,-3.8284291605326,-5.1300291605326,1.3016,1.3016,-49.3485641479492,-37.4336867332458,XP_FP3_apo_185_pv.maegz,ff6cb1889dd4ae1ea02b817ae55dfa1a2712befe92c087ba9507ac147a12efc0
FP3,primary_FP3_standardised,SANC00583,SANC00583_minRM1.pdb-1,157,0,C1:R;C3:R;C8:R;C12:S;C15:S;C28:R;C33:R,n1cn(C)cc1\C=C\C(=O)O[C@H]2C[C@@H](C(C)=CC[C@@H]3C(C)C)[C@@H]3C[C@@H](C(=O)OC)[C@@](O4)(O)C=C[C@@]24C,36,163,-3.81670369930395,-3.95820369930395,0.14150000000000018,0.1415,-45.8156585693359,-35.0234439373016,XP_FP3_apo_185_pv.maegz,ff6cb1889dd4ae1ea02b817ae55dfa1a2712befe92c087ba9507ac147a12efc0
FP3,primary_FP3_standardised,SANC00606,SANC00606_minRM1.pdb-1,160,1,,[NH3+]CCCCNC(=O)/C=C/c1ccc(O)cc1,17,164,-3.78693838719396,-3.85743838719396,0.07050000000000001,0.0705,-40.1234946112524,-32.5092000961304,XP_FP3_apo_185_pv.maegz,ff6cb1889dd4ae1ea02b817ae55dfa1a2712befe92c087ba9507ac147a12efc0
FP3,primary_FP3_standardised,SANC00433,SANC00433_minRM1.pdb-1,105,0,C2:R;C6:S;C7:R;C10:R;C11:S;C14:S,O=C1C(=C)[C@](C2)(OC)CC[C@]([C@]123)(C)[C@@]45[C@H](CC3)[C@](C)(C(=O)O5)CCC4,25,165,-3.78079975272644,-3.78079975272644,0.0,-0.0,-22.6028341861975,-22.841073513031,XP_FP3_apo_185_pv.maegz,ff6cb1889dd4ae1ea02b817ae55dfa1a2712befe92c087ba9507ac147a12efc0
FP3,primary_FP3_standardised,SANC00241,SANC00241_minRM1.pdb-2,36,-1,,COc(cc1)ccc1/C=C(/C2=O)COc(c23)cc([O-])cc3O,22,166,-3.78063664404627,-4.52783664404627,0.7472000000000003,0.7472,-35.2207831647414,-30.5571186542511,XP_FP3_apo_185_pv.maegz,ff6cb1889dd4ae1ea02b817ae55dfa1a2712befe92c087ba9507ac147a12efc0
FP3,primary_FP3_standardised,SANC01076,SANC01076_minRM1.pdb-1,266,-1,C8:S;C10:R;C18:R;C19:S;C20:R,C/C=C(C)\C(=O)O[C@@H](C1)[C@@H](C(=C)C(=O)O2)[C@H]2[C@H]([O-])C(=C)C(O3)=CC(=O)[C@@]13C,27,167,-3.77794273026005,-4.11814273026005,0.3402000000000003,0.3402,-33.1769981384277,-31.2257676124573,XP_FP3_apo_185_pv.maegz,ff6cb1889dd4ae1ea02b817ae55dfa1a2712befe92c087ba9507ac147a12efc0
FP3,primary_FP3_standardised,SANC00187,SANC00187_minRM1.pdb-1,29,0,C4:S;C8:R;C10:R;C12:S;C15:S;C17:R;C25:R,C=C(C)[C@@H](C)CC[C@@](C)([C@@H](Cl)[C@H](C1)O)[C@@H]([C@]12C)CC=C(C=O)[C@@H]2C=O,25,168,-3.74025902274161,-3.74025902274161,0.0,-0.0,12.2926158465866,-25.6386697292328,XP_FP3_apo_185_pv.maegz,ff6cb1889dd4ae1ea02b817ae55dfa1a2712befe92c087ba9507ac147a12efc0
FP3,primary_FP3_standardised,SANC00530,SANC00530_minRM1.pdb-1,140,-1,C3:S;C11:R,CC(C)=CC[C@](C1=O)(OC)C([O-])=C(CC=C(C)C)C(=O)[C@]1(O)C(=O)/C=C/c2ccccc2,32,169,-3.73008617593362,-3.75068617593362,0.02059999999999995,0.0206,-44.396183013916,-35.9890322685242,XP_FP3_apo_185_pv.maegz,ff6cb1889dd4ae1ea02b817ae55dfa1a2712befe92c087ba9507ac147a12efc0
FP3,primary_FP3_standardised,SANC00280,SANC00280_minRM1.pdb-1,54,0,C5:R,C12=NCCc(c[nH]3)c1c3C(=O)C(NC=C4)=C2[C@@]45C=C(Br)C(=O)CC5,24,170,-3.72746057430345,-3.84356057430345,0.11610000000000031,0.1161,-46.2483825683594,-34.9436449408531,XP_FP3_apo_185_pv.maegz,ff6cb1889dd4ae1ea02b817ae55dfa1a2712befe92c087ba9507ac147a12efc0
FP3,primary_FP3_standardised,SANC00522,SANC00522_minRM1.pdb-3,135,-1,,c1cc(O)cc([O-])c1C(=O)/C=C/c2ccccc2,18,171,-3.72708080124828,-4.90798080124828,1.1809000000000003,1.1809,-31.4912622500991,-27.2221907377243,XP_FP3_apo_185_pv.maegz,ff6cb1889dd4ae1ea02b817ae55dfa1a2712befe92c087ba9507ac147a12efc0
FP3,primary_FP3_standardised,SANC01075,SANC01075_minRM1.pdb-1,264,0,C8:S;C10:R;C18:R;C19:R,C/C=C(C)\C(=O)O[C@@H](C1)[C@@H](C(=C)C(=O)O2)[C@H]2\C=C(\CO)C(O3)=CC(=O)[C@@]13C,27,172,-3.70696018440777,-3.79626018440777,0.08930000000000016,0.0893,-39.071883772363,-29.3295121192932,XP_FP3_apo_185_pv.maegz,ff6cb1889dd4ae1ea02b817ae55dfa1a2712befe92c087ba9507ac147a12efc0
FP3,primary_FP3_standardised,SANC00382,SANC00382_minRM1.pdb-2,99,0,C1:S,C1[C@@H]2NCCc(cc(c3O)OC)c2c3C14C=CC(=O)C=C4,21,173,-3.70125752349361,-4.97335752349361,1.2721000000000005,1.2721,-27.8384437561035,-27.6217856407166,XP_FP3_apo_185_pv.maegz,ff6cb1889dd4ae1ea02b817ae55dfa1a2712befe92c087ba9507ac147a12efc0
FP3,primary_FP3_standardised,SANC00789,SANC00789_minRM1.pdb-2,219,0,C6:R;C10:R;C18:S;C19:S;C20:R,C1OC(=O)[C@@](C)(O)[C@@H](C)[C@@H](C)C(=C)C(=O)O[C@@H]([C@H]2C1=3)CCN2CC3,24,174,-3.67857293809664,-4.13157293809664,0.45299999999999985,0.453,-34.1809036824964,-29.6688482761383,XP_FP3_apo_185_pv.maegz,ff6cb1889dd4ae1ea02b817ae55dfa1a2712befe92c087ba9507ac147a12efc0
FP3,primary_FP3_standardised,SANC00522,SANC00522_minRM1.pdb-2,134,-1,,c1cc([O-])cc(O)c1C(=O)/C=C/c2ccccc2,18,175,-3.67087205518327,-4.52377205518327,0.8528999999999995,0.8529,-33.0853157043457,-27.965799331665,XP_FP3_apo_185_pv.maegz,ff6cb1889dd4ae1ea02b817ae55dfa1a2712befe92c087ba9507ac147a12efc0
FP3,primary_FP3_standardised,SANC01076,SANC01076_minRM1.pdb-2,267,0,C8:S;C10:R;C18:R;C19:S;C20:R,C/C=C(C)\C(=O)O[C@@H](C1)[C@@H](C(=C)C(=O)O2)[C@H]2[C@H](O)C(=C)C(O3)=CC(=O)[C@@]13C,27,176,-3.63613160380277,-4.12683160380277,0.4906999999999999,0.4907,-39.484144060474,-33.1547206640244,XP_FP3_apo_185_pv.maegz,ff6cb1889dd4ae1ea02b817ae55dfa1a2712befe92c087ba9507ac147a12efc0
FP3,primary_FP3_standardised,SANC00771,SANC00771_minRM1.pdb-1,202,1,C5:R;C7:R;N17:R;C18:R;C19:R,C1OC(=O)[C@](C)(O)[C@H](C)CC(=C\C)/C(=O)O[C@@H]([C@H]2C1=3)CC[N@@H+]2CC3,24,177,-3.63257650765166,-3.98047650765166,0.3479000000000001,0.3479,-23.9430599212646,-21.705472946167,XP_FP3_apo_185_pv.maegz,ff6cb1889dd4ae1ea02b817ae55dfa1a2712befe92c087ba9507ac147a12efc0
FP3,primary_FP3_standardised,SANC00369,SANC00369_minRM1.pdb-2,81,-1,C14:S;C27:S,c1cc([O-])c(O)cc1C(=O)O[C@H](C2)CC(C)(C)C3=CC=C(C=4[C@@]23C)C=C(C(C)C)C(=O)C4O,33,178,-3.63105109925154,-5.69055109925154,2.0594999999999994,2.0595,-55.1856995316295,-39.729389667511,XP_FP3_apo_185_pv.maegz,ff6cb1889dd4ae1ea02b817ae55dfa1a2712befe92c087ba9507ac147a12efc0
FP3,primary_FP3_standardised,SANC00799,SANC00799_minRM1.pdb-1,226,0,C7:S;C21:R;C22:R,CC(=O)O[C@](C)(C(=O)OC1)C(=C)CC(=C\C)\C(=O)O[C@@H]([C@H]2C1=3)CCN2CC3,27,179,-3.60529308542474,-3.97509308542474,0.36980000000000013,0.3698,-19.9045957682358,-31.8269389867783,XP_FP3_apo_185_pv.maegz,ff6cb1889dd4ae1ea02b817ae55dfa1a2712befe92c087ba9507ac147a12efc0
FP3,primary_FP3_standardised,SANC00151,SANC00151_minRM1.pdb-1,24,0,C1:S;C4:S;C15:R;C16:S,CC(=O)O[C@@H]1OC=C(C(=O)/C=C/C(C)(C)O)[C@H]([C@@H]12)CC[C@](C)(OC(=O)C)/C=C\CC2=C,31,180,-3.58876787263495,-3.58876787263495,0.0,-0.0,-42.9816003030203,-37.6428937911987,XP_FP3_apo_185_pv.maegz,ff6cb1889dd4ae1ea02b817ae55dfa1a2712befe92c087ba9507ac147a12efc0
FP3,primary_FP3_standardised,SANC00606,SANC00606_minRM1.pdb-2,161,0,,[NH3+]CCCCNC(=O)/C=C/c1ccc([O-])cc1,17,181,-3.5809369689762,-4.8773369689762,1.2964000000000002,1.2964,-36.3069229125977,-31.0519251823425,XP_FP3_apo_185_pv.maegz,ff6cb1889dd4ae1ea02b817ae55dfa1a2712befe92c087ba9507ac147a12efc0
FP3,primary_FP3_standardised,SANC00239,SANC00239_minRM1.pdb-1,34,0,,c12c3c[nH]c1C(=O)C(N)=CC2=NCC3,14,182,-3.57069330473389,-3.57279330473389,0.0020999999999999908,0.0021,-31.2498188018799,-24.7233600616455,XP_FP3_apo_185_pv.maegz,ff6cb1889dd4ae1ea02b817ae55dfa1a2712befe92c087ba9507ac147a12efc0
FP3,primary_FP3_standardised,SANC00456,SANC00456_minRM1.pdb-1,123,0,C1:R;C3:R;C11:S;C13:S;C19:S;C21:R;C27:S;C31:S,C\C=C(C)\C(=O)O[C@@H]1C[C@H]([C@H]2C(=CC3)C[C@@H](O)CC2)[C@]3(C)[C@](O)([C@]14C)CC[C@@H]4C(=O)C,31,183,-3.56767146745837,-3.56767146745837,0.0,-0.0,-46.1687672273266,-38.1506128311157,XP_FP3_apo_185_pv.maegz,ff6cb1889dd4ae1ea02b817ae55dfa1a2712befe92c087ba9507ac147a12efc0
FP3,primary_FP3_standardised,SANC00788,SANC00788_minRM1.pdb-1,216,0,C5:R;C9:S;C12:S;C13:S;C29:S,CC(=O)O[C@](C)(C(=O)OC1)[C@@H](C)C[C@@](O)([C@@H](Cl)C)C(=O)O[C@@H](C2=O)CCN(C)C/C=C1\2,31,184,-3.55430520916209,-3.56610520916209,0.011800000000000033,0.0118,-29.5922088342726,-29.146588742733,XP_FP3_apo_185_pv.maegz,ff6cb1889dd4ae1ea02b817ae55dfa1a2712befe92c087ba9507ac147a12efc0
FP3,primary_FP3_standardised,SANC00518,SANC00518_minRM1.pdb-1,126,0,C1:R;C4:R;C6:R;C9:R;C10:R;C11:S;C17:R;C21:R;C23:R;C27:S,C=C(C)[C@@H](CC1)[C@@H]([C@]12C)[C@@H]3[C@@](C)(CC2)[C@@]4(C)[C@H](CC3)[C@]5(C)[C@@H](CC4)C(C)(C)[C@H](CC5)OC(=O)/C=C/c6cc(O)c(cc6)OC,44,185,-3.54450025499392,-3.54590025499392,0.0013999999999998458,0.0014,-44.8439125511312,-33.037854552269,XP_FP3_apo_185_pv.maegz,ff6cb1889dd4ae1ea02b817ae55dfa1a2712befe92c087ba9507ac147a12efc0
FP3,primary_FP3_standardised,SANC00578,SANC00578_minRM1.pdb-1,152,0,C6:S;C8:R;C13:S;C20:R;C22:S,C[C@]12[C@@H](O2)/C=C(\C(C)C)C(=O)[C@@H](O)[C@H](C)CCC(=O)[C@H](CO)CCC1,25,186,-3.54318374233029,-3.54318374233029,0.0,-0.0,-30.9825936319851,-25.7844953536987,XP_FP3_apo_185_pv.maegz,ff6cb1889dd4ae1ea02b817ae55dfa1a2712befe92c087ba9507ac147a12efc0
FP3,primary_FP3_standardised,SANC01036,SANC01036_minRM1.pdb-2,257,0,C5:R;C6:S,C1=CC(=O)C[C@H](N(C)CC2)[C@@]12c3cc(OC)c(cc3)OC,21,187,-3.52258118012542,-4.86268118012542,1.3400999999999996,1.3401,-35.0233562267242,-29.3737664222717,XP_FP3_apo_185_pv.maegz,ff6cb1889dd4ae1ea02b817ae55dfa1a2712befe92c087ba9507ac147a12efc0
FP3,primary_FP3_standardised,SANC00799,SANC00799_minRM1.pdb-2,227,1,C7:S;N20:S;C21:R;C22:R,CC(=O)O[C@](C)(C(=O)OC1)C(=C)CC(=C\C)\C(=O)O[C@@H]([C@H]2C1=3)CC[N@H+]2CC3,27,188,-3.50125338024076,-3.95585338024076,0.4546000000000001,0.4546,-39.5021432989101,-31.1164553165436,XP_FP3_apo_185_pv.maegz,ff6cb1889dd4ae1ea02b817ae55dfa1a2712befe92c087ba9507ac147a12efc0
FP3,primary_FP3_standardised,SANC00930,SANC00930_minRM1.pdb-1,242,0,C6:R,C\C=C\C(=O)[C@H](C1(C)C)C(C)=CCC1,14,189,-3.49653495646313,-3.49653495646313,0.0,-0.0,-26.2652875705855,-22.8659889698029,XP_FP3_apo_185_pv.maegz,ff6cb1889dd4ae1ea02b817ae55dfa1a2712befe92c087ba9507ac147a12efc0
FP3,primary_FP3_standardised,SANC00701,SANC00701_minRM1.pdb-1,191,0,C9:S;C14:R,CC(C)[C@@H](CC1)/C=C\C(\C)=C/C/C=C(\C)C[C@@H](C=C12)OC2=O,22,190,-3.48824914782071,-3.48824914782071,0.0,-0.0,-20.7393779754639,-22.4946903586388,XP_FP3_apo_185_pv.maegz,ff6cb1889dd4ae1ea02b817ae55dfa1a2712befe92c087ba9507ac147a12efc0
FP3,primary_FP3_standardised,SANC00377,SANC00377_minRM1.pdb-2,93,0,C1:S,C1[C@@H]2N(C)CCc(cc(c3O)OC)c2c3C14C=CC(=O)C=C4,22,191,-3.48739880976171,-4.90229880976171,1.4149000000000003,1.4149,-28.7858047485352,-29.3707895278931,XP_FP3_apo_185_pv.maegz,ff6cb1889dd4ae1ea02b817ae55dfa1a2712befe92c087ba9507ac147a12efc0
FP3,primary_FP3_standardised,SANC00350,SANC00350_minRM1.pdb-2,71,-1,,COc(cc1)ccc1/C=C(\C2=O)COc(c23)cc([O-])cc3O,22,192,-3.48499722684297,-4.23219722684297,0.7472000000000003,0.7472,-34.15871667312,-30.561844587326,XP_FP3_apo_185_pv.maegz,ff6cb1889dd4ae1ea02b817ae55dfa1a2712befe92c087ba9507ac147a12efc0
FP3,primary_FP3_standardised,SANC00783,SANC00783_minRM1.pdb-1,210,0,C5:S;C9:R;C12:R;C13:S;C29:R,CC(=O)O[C@](C)(C(=O)OC1)[C@H](C)C[C@@](O)([C@@H](C)O)C(=O)O[C@H](C2=O)CCN(C)C/C=C1\2,31,193,-3.48033136441259,-3.49363136441259,0.01330000000000009,0.0133,-28.9491174316419,-28.7863028049469,XP_FP3_apo_185_pv.maegz,ff6cb1889dd4ae1ea02b817ae55dfa1a2712befe92c087ba9507ac147a12efc0
FP3,primary_FP3_standardised,SANC01126,SANC01126_minRM1.pdb-1,273,0,C5:S;C7:R;C8:R;C11:S;C12:S,CC(=O)O[C@H](C1=C)C[C@H]2C(=C)CC[C@@H](C(=C)C(=O)O3)[C@H]3[C@@H]12,21,194,-3.46951494413629,-3.46951494413629,0.0,-0.0,-30.059915600594,-26.2555204033852,XP_FP3_apo_185_pv.maegz,ff6cb1889dd4ae1ea02b817ae55dfa1a2712befe92c087ba9507ac147a12efc0
FP3,primary_FP3_standardised,SANC00650,SANC00650_minRM1.pdb-1,178,0,C2:S;C7:S;C11:R,O=C[C@H]1C(C=O)=CC[C@H]([C@@]12C)C(C)(C)CCC2,17,195,-3.44814202890438,-3.44814202890438,0.0,-0.0,10000.0,-19.4107311964035,XP_FP3_apo_185_pv.maegz,ff6cb1889dd4ae1ea02b817ae55dfa1a2712befe92c087ba9507ac147a12efc0
FP3,primary_FP3_standardised,SANC00243,SANC00243_minRM1.pdb-2,39,-1,,COc(cc1)ccc1/C=C(/C2=O)COc(c23)c(OC)c([O-])cc3O,24,196,-3.40789408938267,-4.15159408938267,0.7437000000000005,0.7437,-37.7696720654633,-30.9813322722912,XP_FP3_apo_185_pv.maegz,ff6cb1889dd4ae1ea02b817ae55dfa1a2712befe92c087ba9507ac147a12efc0
FP3,primary_FP3_standardised,SANC01082,SANC01082_minRM1.pdb-1,268,0,,CC(C)CNC(=O)/C=C/C=C/CCCCC,16,197,-3.4054644295852,-3.4054644295852,0.0,-0.0,-34.070403239982,-28.653112411499,XP_FP3_apo_185_pv.maegz,ff6cb1889dd4ae1ea02b817ae55dfa1a2712befe92c087ba9507ac147a12efc0
FP3,primary_FP3_standardised,SANC00995,SANC00995_minRM1.pdb-1,249,-1,C2:R;C5:R;C6:R;C7:S,[O-]C(=O)C1=CCC[C@@H]([C@]12C)[C@](C)([C@H](C)CC2)CCc3ccoc3,23,198,-3.38773270986143,-3.40553270986143,0.01780000000000026,0.0178,10000.0,-19.1639067232609,XP_FP3_apo_185_pv.maegz,ff6cb1889dd4ae1ea02b817ae55dfa1a2712befe92c087ba9507ac147a12efc0
FP3,primary_FP3_standardised,SANC00285,SANC00285_minRM1.pdb-1,59,0,C1:S;C10:R;C17:S;C18:R;C20:R;C23:S;C27:S;C31:S;C41:R,C/C=C(C)\C(=O)OC[C@]1(C)[C@H]([C@]12OC(=O)[C@@H](C)CC)[C@H]3[C@](O)([C@H](C)C2)[C@H]4[C@@](O)(C(=O)C(C)=C4)CC(=C3)COC(=O)C,41,199,-3.38198091285358,-3.38198091285358,0.0,-0.0,-52.1671618127427,-44.1038926839828,XP_FP3_apo_185_pv.maegz,ff6cb1889dd4ae1ea02b817ae55dfa1a2712befe92c087ba9507ac147a12efc0
FP3,primary_FP3_standardised,SANC00530,SANC00530_minRM1.pdb-3,142,0,C3:S;C11:R;C25:S,CC(C)=CC[C@@H](C1=O)C(=O)[C@@](OC)(CC=C(C)C)C(=O)[C@@]1(O)C(=O)/C=C/c2ccccc2,32,200,-3.37409752184352,-5.37559752184352,2.0015000000000005,2.0015,-46.4742006724511,-34.8704018592834,XP_FP3_apo_185_pv.maegz,ff6cb1889dd4ae1ea02b817ae55dfa1a2712befe92c087ba9507ac147a12efc0
FP3,primary_FP3_standardised,SANC00438,SANC00438_minRM1.pdb-2,118,-1,,O=C1C=CC(=O)c(c12)c([O-])cc(C)c2C(C3=O)=CC(=O)c(c34)cc(C)cc4O,28,201,-3.35144550879027,-3.90704550879027,0.5556000000000001,0.5556,-46.4429550154308,-35.3491072654724,XP_FP3_apo_185_pv.maegz,ff6cb1889dd4ae1ea02b817ae55dfa1a2712befe92c087ba9507ac147a12efc0
FP3,primary_FP3_standardised,SANC01090,SANC01090_minRM1.pdb-1,269,-1,C2:R;C3:R;C4:R;C6:S,[O-]C(=O)[C@@]1(O)C[C@H]([C@H](O)[C@@H](C1)O)OC(=O)/C=C/c2cc(O)c(O)cc2,25,202,-3.33690889370653,-3.33950889370653,0.0026000000000001577,0.0026,-44.2780417190068,-35.6633739471436,XP_FP3_apo_185_pv.maegz,ff6cb1889dd4ae1ea02b817ae55dfa1a2712befe92c087ba9507ac147a12efc0
FP3,primary_FP3_standardised,SANC00369,SANC00369_minRM1.pdb-3,82,-1,C14:S;C27:S,c1cc(O)c(O)cc1C(=O)O[C@H](C2)CC(C)(C)C3=CC=C(C=4[C@@]23C)C=C(C(C)C)C(=O)C4[O-],33,203,-3.32701729527039,-5.77841729527039,2.4513999999999996,2.4514,-53.7055168151855,-40.0416069030762,XP_FP3_apo_185_pv.maegz,ff6cb1889dd4ae1ea02b817ae55dfa1a2712befe92c087ba9507ac147a12efc0
FP3,primary_FP3_standardised,SANC00469,SANC00469_minRM1.pdb-1,125,-1,,[O-]C(=O)/C=C/c1ccc(O)cc1,12,204,-3.32336226428588,-3.32336226428588,0.0,-0.0,-21.8245601654053,-17.8790564537048,XP_FP3_apo_185_pv.maegz,ff6cb1889dd4ae1ea02b817ae55dfa1a2712befe92c087ba9507ac147a12efc0
FP3,primary_FP3_standardised,SANC00603,SANC00603_minRM1.pdb-1,159,1,C1:R;C4:S;C5:S;C13:S;C17:S;C19:R;C22:S,C/C=C(/C(=O)C1)[C@@](C)(CC2)[C@]1(C)[C@@H]3CC[C@H]([C@]4([C@]235)C5)C(C)(C)[C@H](CC4)[NH+](C)C,28,205,-3.31185017184815,-3.31205017184815,0.00019999999999997797,0.0002,-30.103431574626,-28.7791023254395,XP_FP3_apo_185_pv.maegz,ff6cb1889dd4ae1ea02b817ae55dfa1a2712befe92c087ba9507ac147a12efc0
FP3,primary_FP3_standardised,SANC00625,SANC00625_minRM1.pdb-1,175,0,C7:R;C16:R;C17:R,CC(=O)O[C@@](C)(C(=O)OC1)C(=C)CC(=C\C)\C(=O)O[C@@H]([C@H]2C1=3)CCN2CC3,27,206,-3.30616364227104,-3.67596364227104,0.36980000000000013,0.3698,-22.8900127410889,-29.9985292572528,XP_FP3_apo_185_pv.maegz,ff6cb1889dd4ae1ea02b817ae55dfa1a2712befe92c087ba9507ac147a12efc0
FP3,primary_FP3_standardised,SANC00113,SANC00113_minRM1.pdb-1,9,1,C1:R;N6:S;C9:R,C/C=C(C)\C(=O)O[C@@H]1CC[N@@H+]([C@@H]12)CCC2=C,16,207,-3.29052005003127,-3.35082005003127,0.0602999999999998,0.0603,-26.8085895712187,-26.2048680633307,XP_FP3_apo_185_pv.maegz,ff6cb1889dd4ae1ea02b817ae55dfa1a2712befe92c087ba9507ac147a12efc0
FP3,primary_FP3_standardised,SANC00625,SANC00625_minRM1.pdb-2,176,1,C7:R;N15:R;C16:R;C17:R,CC(=O)O[C@@](C)(C(=O)OC1)C(=C)CC(=C\C)\C(=O)O[C@@H]([C@H]2C1=3)CC[N@@H+]2CC3,27,208,-3.29044977106068,-3.74504977106068,0.4546000000000001,0.4546,-31.1519488109924,-29.8551118373871,XP_FP3_apo_185_pv.maegz,ff6cb1889dd4ae1ea02b817ae55dfa1a2712befe92c087ba9507ac147a12efc0
FP3,primary_FP3_standardised,SANC00253,SANC00253_minRM1.pdb-2,49,-1,,c1cc(O)ccc1/C=C(\C2=O)COc(c23)c(OC)c([O-])cc3O,23,209,-3.24582599105248,-3.98952599105248,0.7437,0.7437,-33.8024711608887,-28.0319480895996,XP_FP3_apo_185_pv.maegz,ff6cb1889dd4ae1ea02b817ae55dfa1a2712befe92c087ba9507ac147a12efc0
FP3,primary_FP3_standardised,SANC00435,SANC00435_minRM1.pdb-3,111,-1,,O=C1C=CC(=O)c(c12)c([O-])cc(C)c2-c(c3O)c(C)cc(c34)C(=O)C=CC4=O,28,210,-3.21025270587366,-5.34345270587366,2.1332,2.1332,-42.2642211914063,-31.4888625144958,XP_FP3_apo_185_pv.maegz,ff6cb1889dd4ae1ea02b817ae55dfa1a2712befe92c087ba9507ac147a12efc0
FP3,primary_FP3_standardised,SANC00774,SANC00774_minRM1.pdb-1,204,0,C5:R;C7:R;C20:R,C1OC(=O)[C@](C)(O)[C@H](C)CC(=C\C)/C(=O)O[C@@H](C2=O)CCN(C)C/C=C1\2,26,211,-3.19839240620057,-3.20719240620057,0.008799999999999919,0.0088,-31.6290876434738,-26.9067921638489,XP_FP3_apo_185_pv.maegz,ff6cb1889dd4ae1ea02b817ae55dfa1a2712befe92c087ba9507ac147a12efc0
FP3,primary_FP3_standardised,SANC00454,SANC00454_minRM1.pdb-1,121,0,C1:R;C3:S;C6:R;C11:R;C12:S;C14:R;C22:S;C24:S;C30:S;C34:S;C37:R;C39:S;C41:S;C44:R;C46:S;C48:R;C50:R;C52:S;C55:R;C57:R;C60:R,CC(=O)[C@H]1CC[C@@](O)([C@@]12C)[C@H]3[C@H](C[C@H]2OC(=O)/C(C)=C/C)[C@]4(C)C(=CC3)C[C@H](CC4)O[C@H](O5)C[C@H](OC)[C@@H]([C@H]5C)O[C@H](O6)C[C@H](OC)[C@@H]([C@H]6C)O[C@H](O7)[C@H](O)[C@@H](OC)[C@H](O)[C@H]7C,62,212,-3.15432327762255,-3.15432327762255,0.0,-0.0,-44.5860595703125,-41.9372220039368,XP_FP3_apo_185_pv.maegz,ff6cb1889dd4ae1ea02b817ae55dfa1a2712befe92c087ba9507ac147a12efc0
FP3,primary_FP3_standardised,SANC00244,SANC00244_minRM1.pdb-3,42,-1,,c1cc(O)ccc1/C=C(/C2=O)COc(c23)cc(O)c(c3[O-])OC,23,213,-3.12452063304556,-5.66562063304556,2.5410999999999997,2.5411,-38.3875259102814,-30.2896046638489,XP_FP3_apo_185_pv.maegz,ff6cb1889dd4ae1ea02b817ae55dfa1a2712befe92c087ba9507ac147a12efc0
FP3,primary_FP3_standardised,SANC00258,SANC00258_minRM1.pdb-3,53,-1,,c1cc(O)ccc1/C=C(\C2=O)COc(c23)cc(O)cc3[O-],21,214,-3.11197930446497,-5.65307930446497,2.5410999999999997,2.5411,-36.6888922150242,-30.2727334499359,XP_FP3_apo_185_pv.maegz,ff6cb1889dd4ae1ea02b817ae55dfa1a2712befe92c087ba9507ac147a12efc0
FP3,primary_FP3_standardised,SANC01040,SANC01040_minRM1.pdb-1,258,0,,COC(=O)/C=C/c1ccccc1,12,215,-3.03731664763804,-3.03731664763804,0.0,-0.0,-28.0497726988166,-23.5398050546646,XP_FP3_apo_185_pv.maegz,ff6cb1889dd4ae1ea02b817ae55dfa1a2712befe92c087ba9507ac147a12efc0
FP3,primary_FP3_standardised,SANC00787,SANC00787_minRM1.pdb-2,215,1,N2:S;C5:R;C9:R;C12:R;C13:S;C26:S,C1OC(=O)[C@@](C)(O)[C@H](C)C[C@@](O)([C@H](C)O)C(=O)O[C@@H](C2=O)CC[N@H+](C)C/C=C1\2,28,216,-2.96884506250582,-5.19264506250582,2.2237999999999998,2.2238,-31.165499497763,-31.5807132720947,XP_FP3_apo_185_pv.maegz,ff6cb1889dd4ae1ea02b817ae55dfa1a2712befe92c087ba9507ac147a12efc0
FP3,primary_FP3_standardised,SANC00781,SANC00781_minRM1.pdb-1,206,0,C5:R;C9:S;C11:S;C14:R;C15:R,C[C@H](O1)[C@@]12C(=O)O[C@H]3C(=O)/C(=C\CN(C)CC3)COC(=O)[C@](C)(O)[C@H](C)C2,27,217,-2.96216302266063,-2.97606302266063,0.013900000000000023,0.0139,-34.8060803326093,-29.5485343933105,XP_FP3_apo_185_pv.maegz,ff6cb1889dd4ae1ea02b817ae55dfa1a2712befe92c087ba9507ac147a12efc0
FP3,primary_FP3_standardised,SANC00624,SANC00624_minRM1.pdb-2,174,0,C5:R;C6:R;C11:S;C12:S;C15:R;C16:R,C1OC(=O)[C@](C)(O)[C@H](C)CC(=C\C)/C(=O)O[C@@H]([C@H]2[C@@H]13)CCN2C[C@H]3O,25,218,-2.93273618129211,-5.46173618129211,2.5290000000000004,2.529,-36.0256805419922,-36.6402382850647,XP_FP3_apo_185_pv.maegz,ff6cb1889dd4ae1ea02b817ae55dfa1a2712befe92c087ba9507ac147a12efc0
FP3,primary_FP3_standardised,SANC00117,SANC00117_minRM1.pdb-2,14,0,C1:R;C2:S;C17:R,C\C=C(CO)\C(=O)OC[C@H]1CCN([C@H]12)CC[C@H]2OC(=O)/C(C)=C\C,24,219,-2.91145435972656,-4.95805435972656,2.0466,2.0466,10000.0,-28.3203959465027,XP_FP3_apo_185_pv.maegz,ff6cb1889dd4ae1ea02b817ae55dfa1a2712befe92c087ba9507ac147a12efc0
FP3,primary_FP3_standardised,SANC00104,SANC00104_minRM1.pdb-3,3,-1,,c1ccccc1\C=C\C(=O)c2c([O-])cc(O)cc2OC,20,220,-2.89181438497449,-3.96051438497449,1.0686999999999998,1.0687,-32.6510809080304,-28.8541009426117,XP_FP3_apo_185_pv.maegz,ff6cb1889dd4ae1ea02b817ae55dfa1a2712befe92c087ba9507ac147a12efc0
FP3,primary_FP3_standardised,SANC00521,SANC00521_minRM1.pdb-3,132,-1,,c1cc(O)cc([O-])c1C(=O)/C=C/c2cc(O)ccc2,19,221,-2.87611957192979,-4.05681957192979,1.1806999999999999,1.1807,-36.5193547560841,-29.642454624176,XP_FP3_apo_185_pv.maegz,ff6cb1889dd4ae1ea02b817ae55dfa1a2712befe92c087ba9507ac147a12efc0
FP3,primary_FP3_standardised,SANC00365,SANC00365_minRM1.pdb-1,76,-1,C23:S;C24:S;C26:S;C27:S,O=C1C(=O)C(C(C)C)=C([O-])C(=C1[C@]23C)[C@H](OC=O)[C@@H](O)[C@H]2C(C)(C)CCC3,27,222,-2.86701072421907,-2.86711072421907,9.999999999976694e-05,0.0001,10000.0,-10.7733061909676,XP_FP3_apo_185_pv.maegz,ff6cb1889dd4ae1ea02b817ae55dfa1a2712befe92c087ba9507ac147a12efc0
FP3,primary_FP3_standardised,SANC00789,SANC00789_minRM1.pdb-1,218,1,C6:R;N9:S;C10:R;C18:S;C19:S;C20:R,C1OC(=O)[C@@](C)(O)[C@@H](C)[C@@H](C)C(=C)C(=O)O[C@@H]([C@H]2C1=3)CC[N@H+]2CC3,24,223,-2.84865654278154,-3.21985654278154,0.3712000000000004,0.3712,-37.045815904676,-30.727765917778,XP_FP3_apo_185_pv.maegz,ff6cb1889dd4ae1ea02b817ae55dfa1a2712befe92c087ba9507ac147a12efc0
FP3,primary_FP3_standardised,SANC00378,SANC00378_minRM1.pdb-2,96,0,C1:R,COc1c(OC)cc(CCN(C)[C@@H]2C3)c2c1C34C=CC(=O)C=C4,23,224,-2.83616193781248,-4.20966193781248,1.3735,1.3735,-33.2841893074575,-29.5390751361847,XP_FP3_apo_185_pv.maegz,ff6cb1889dd4ae1ea02b817ae55dfa1a2712befe92c087ba9507ac147a12efc0
FP3,primary_FP3_standardised,SANC00117,SANC00117_minRM1.pdb-1,13,1,C1:R;C2:S;N14:S;C17:R,C\C=C(CO)\C(=O)OC[C@H]1CC[N@H+]([C@H]12)CC[C@H]2OC(=O)/C(C)=C\C,24,225,-2.81214889647595,-2.83114889647595,0.019000000000000128,0.019,-32.1938133239746,-33.1888093948364,XP_FP3_apo_185_pv.maegz,ff6cb1889dd4ae1ea02b817ae55dfa1a2712befe92c087ba9507ac147a12efc0
FP3,primary_FP3_standardised,SANC00280,SANC00280_minRM1.pdb-2,55,-1,C5:R,C12=NCCc(c[n-]3)c1c3C(=O)C(NC=C4)=C2[C@@]45C=C(Br)C(=O)CC5,24,226,-2.8039860390616,-3.8267860390616,1.0228000000000002,1.0228,-44.5344505310059,-33.3309462070465,XP_FP3_apo_185_pv.maegz,ff6cb1889dd4ae1ea02b817ae55dfa1a2712befe92c087ba9507ac147a12efc0
FP3,primary_FP3_standardised,SANC00435,SANC00435_minRM1.pdb-2,110,-1,,O=C1C=CC(=O)c(c12)c(O)cc(C)c2-c(c3[O-])c(C)cc(c34)C(=O)C=CC4=O,28,227,-2.77862572823652,-4.64392572823652,1.8653000000000004,1.8653,-41.5856666564941,-32.6305391788483,XP_FP3_apo_185_pv.maegz,ff6cb1889dd4ae1ea02b817ae55dfa1a2712befe92c087ba9507ac147a12efc0
FP3,primary_FP3_standardised,SANC00367,SANC00367_minRM1.pdb-2,78,-1,C14:S;C26:S,c1cc([O-])ccc1C(=O)O[C@H](C2)CC(C)(C)C3=CC=C(C=4[C@@]23C)C=C(C(C)C)C(=O)C4O,32,228,-2.75390334513349,-4.93560334513349,2.1817,2.1817,-45.0000842659161,-37.72918176651,XP_FP3_apo_185_pv.maegz,ff6cb1889dd4ae1ea02b817ae55dfa1a2712befe92c087ba9507ac147a12efc0
FP3,primary_FP3_standardised,SANC00612,SANC00612_minRM1.pdb-3,164,-1,,c1cc(O)ccc1/C=C(/C2=O)COc(c23)cc(O)cc3[O-],21,229,-2.74328455769556,-5.28438455769556,2.5411,2.5411,-35.1139276980247,-29.448416352272,XP_FP3_apo_185_pv.maegz,ff6cb1889dd4ae1ea02b817ae55dfa1a2712befe92c087ba9507ac147a12efc0
FP3,primary_FP3_standardised,SANC00782,SANC00782_minRM1.pdb-1,208,0,C5:R;C9:S;C11:S;C14:R;C15:R,CC(=O)O[C@](C)([C@H](C)C1)C(=O)OCC(=C\CN(C)CC2)\C(=O)[C@@H]2OC(=O)[C@@]13[C@@H](O3)C,30,230,-2.73618056912037,-2.74928056912037,0.013100000000000112,0.0131,-23.7792055731484,-26.8230746388435,XP_FP3_apo_185_pv.maegz,ff6cb1889dd4ae1ea02b817ae55dfa1a2712befe92c087ba9507ac147a12efc0
FP3,primary_FP3_standardised,SANC00583,SANC00583_minRM1.pdb-2,158,1,C1:R;C3:R;C8:R;C12:S;C15:S;C28:R;C33:R,[nH+]1cn(C)cc1\C=C\C(=O)O[C@H]2C[C@@H](C(C)=CC[C@@H]3C(C)C)[C@@H]3C[C@@H](C(=O)OC)[C@@](O4)(O)C=C[C@@]24C,36,231,-2.65651199210836,-3.57431199210836,0.9178000000000002,0.9178,-46.1273422241211,-35.4038701057434,XP_FP3_apo_185_pv.maegz,ff6cb1889dd4ae1ea02b817ae55dfa1a2712befe92c087ba9507ac147a12efc0
FP3,primary_FP3_standardised,SANC00796,SANC00796_minRM1.pdb-2,223,0,C5:R;C7:R;C14:R;C17:R,C1OC(=O)[C@](C)(O)[C@H](C)CC(=C\C)/C(=O)O[C@@H](C(=O)[C@@H]12)CCN(C)CC2,26,232,-2.63053414177378,-4.67843414177378,2.0478999999999994,2.0479,-31.2675228118896,-30.7493824958801,XP_FP3_apo_185_pv.maegz,ff6cb1889dd4ae1ea02b817ae55dfa1a2712befe92c087ba9507ac147a12efc0
FP3,primary_FP3_standardised,SANC00436,SANC00436_minRM1.pdb-3,114,-2,,[O-]c1cc(C)cc(c12)C(=O)C=C(C2=O)C(C3=O)=CC(=O)c(c34)cc(C)cc4[O-],28,233,-2.61640687830428,-3.57990687830428,0.9634999999999998,0.9635,-38.1613655090332,-30.1896538734436,XP_FP3_apo_185_pv.maegz,ff6cb1889dd4ae1ea02b817ae55dfa1a2712befe92c087ba9507ac147a12efc0
FP3,primary_FP3_standardised,SANC00995,SANC00995_minRM1.pdb-2,250,0,C2:R;C5:R;C6:R;C7:S,O=C(O)C1=CCC[C@@H]([C@]12C)[C@](C)([C@H](C)CC2)CCc3ccoc3,23,234,-2.60398835230603,-4.68828835230603,2.0843,2.0843,10000.0,-32.7173233032227,XP_FP3_apo_185_pv.maegz,ff6cb1889dd4ae1ea02b817ae55dfa1a2712befe92c087ba9507ac147a12efc0
FP3,primary_FP3_standardised,SANC00519,SANC00519_minRM1.pdb-3,129,-1,,c1cc(O)c(OC)c([O-])c1C(=O)/C=C/c2cc(O)ccc2,21,235,-2.51165557056685,-3.69235557056685,1.1806999999999999,1.1807,-44.897025831801,-36.9471793174744,XP_FP3_apo_185_pv.maegz,ff6cb1889dd4ae1ea02b817ae55dfa1a2712befe92c087ba9507ac147a12efc0
FP3,primary_FP3_standardised,SANC00373,SANC00373_minRM1.pdb-2,90,-1,C10:S;C27:S,c1cc([O-])c(O)cc1C(=O)OC[C@@](C)(CCC2)C3=CC=C(C=4[C@@]23C)C=C(C(C)C)C(=O)C4O,33,236,-2.38281671609693,-4.40071671609693,2.0179000000000005,2.0179,-51.1487274169922,-38.8468222618103,XP_FP3_apo_185_pv.maegz,ff6cb1889dd4ae1ea02b817ae55dfa1a2712befe92c087ba9507ac147a12efc0
FP3,primary_FP3_standardised,SANC01075,SANC01075_minRM1.pdb-2,265,-1,C8:S;C10:R;C18:R;C19:R,C/C=C(C)\C(=O)O[C@@H](C1)[C@@H](C(=C)C(=O)O2)[C@H]2\C=C(\C[O-])C(O3)=CC(=O)[C@@]13C,27,237,-2.35871732350208,-3.52371732350208,1.1649999999999996,1.165,-39.0782496762196,-31.9020774364471,XP_FP3_apo_185_pv.maegz,ff6cb1889dd4ae1ea02b817ae55dfa1a2712befe92c087ba9507ac147a12efc0
FP3,primary_FP3_standardised,SANC00706,SANC00706_minRM1.pdb-2,194,-1,C4:S;C12:S;C16:S,[O-]C(=O)/C(C)=C/[C@H](C(C)C)N(C)C(=O)[C@H](C(C)(C)C)NC(=O)[C@@H](NC)C(C)(C)c1cn(C)c(c12)cccc2,38,238,-2.26913497198582,-3.44383497198582,1.1747,1.1747,-47.4116287231445,-38.3482272624969,XP_FP3_apo_185_pv.maegz,ff6cb1889dd4ae1ea02b817ae55dfa1a2712befe92c087ba9507ac147a12efc0
FP3,primary_FP3_standardised,SANC00113,SANC00113_minRM1.pdb-2,10,0,C1:R;C9:R,C/C=C(C)\C(=O)O[C@@H]1CCN([C@@H]12)CCC2=C,16,239,-2.26368642356237,-3.64778642356237,1.3841,1.3841,-36.5258034916917,-29.9474768638611,XP_FP3_apo_185_pv.maegz,ff6cb1889dd4ae1ea02b817ae55dfa1a2712befe92c087ba9507ac147a12efc0
FP3,primary_FP3_standardised,SANC00373,SANC00373_minRM1.pdb-3,91,-1,C10:S;C27:S,c1cc(O)c(O)cc1C(=O)OC[C@@](C)(CCC2)C3=CC=C(C=4[C@@]23C)C=C(C(C)C)C(=O)C4[O-],33,240,-2.22598005542733,-4.77268005542733,2.5466999999999995,2.5467,-44.2557373902764,-42.579460144043,XP_FP3_apo_185_pv.maegz,ff6cb1889dd4ae1ea02b817ae55dfa1a2712befe92c087ba9507ac147a12efc0
FP3,primary_FP3_standardised,SANC00372,SANC00372_minRM1.pdb-2,87,-1,C10:S;C26:S,c1cc([O-])ccc1C(=O)OC[C@@](C)(CCC2)C3=CC=C(C=4[C@@]23C)C=C(C(C)C)C(=O)C4O,32,241,-2.21147409273577,-4.35027409273577,2.1388,2.1388,-39.8848565494329,-35.4964325428009,XP_FP3_apo_185_pv.maegz,ff6cb1889dd4ae1ea02b817ae55dfa1a2712befe92c087ba9507ac147a12efc0
FP3,primary_FP3_standardised,SANC00438,SANC00438_minRM1.pdb-3,119,-1,,O=C1C=CC(=O)c(c12)c(O)cc(C)c2C(C3=O)=CC(=O)c(c34)cc(C)cc4[O-],28,242,-2.20725944779348,-4.47475944779348,2.2675,2.2675,-45.337776184082,-35.0844633579254,XP_FP3_apo_185_pv.maegz,ff6cb1889dd4ae1ea02b817ae55dfa1a2712befe92c087ba9507ac147a12efc0
FP3,primary_FP3_standardised,SANC00530,SANC00530_minRM1.pdb-2,141,0,C3:S;C11:R;C25:R,CC(C)=CC[C@H](C1=O)C(=O)[C@@](OC)(CC=C(C)C)C(=O)[C@@]1(O)C(=O)/C=C/c2ccccc2,32,243,-2.19184567287701,-4.19334567287701,2.0015,2.0015,-48.5229958287772,-35.0800595283508,XP_FP3_apo_185_pv.maegz,ff6cb1889dd4ae1ea02b817ae55dfa1a2712befe92c087ba9507ac147a12efc0
FP3,primary_FP3_standardised,SANC00119,SANC00119_minRM1.pdb-2,18,0,,C12=NCCc(c(Br)[nH]3)c1c3C(=O)C(NCC4)=C2C45C=C(Br)C(=O)C(Br)=C5,26,244,-2.17766006131137,-3.18276006131137,1.0050999999999997,1.0051,-44.6858558654785,-33.7866188287735,XP_FP3_apo_185_pv.maegz,ff6cb1889dd4ae1ea02b817ae55dfa1a2712befe92c087ba9507ac147a12efc0
FP3,primary_FP3_standardised,SANC00781,SANC00781_minRM1.pdb-2,207,1,N2:R;C5:R;C9:S;C11:S;C14:R;C15:R,C[C@H](O1)[C@@]12C(=O)O[C@H]3C(=O)/C(=C\C[N@H+](C)CC3)COC(=O)[C@](C)(O)[C@H](C)C2,27,245,-2.15787850994575,-4.38877850994575,2.2309,2.2309,-38.2463246311418,-35.8641881942749,XP_FP3_apo_185_pv.maegz,ff6cb1889dd4ae1ea02b817ae55dfa1a2712befe92c087ba9507ac147a12efc0
FP3,primary_FP3_standardised,SANC00166,SANC00166_minRM1.pdb-1,27,-1,C4:S;C7:S;C10:S,[O-]C(=O)/C(C)=C/[C@@H](C)C[C@@H](C)C[C@@H](C)CCC,17,246,-2.13187023696481,-2.13837023696481,0.00649999999999995,0.0065,-25.1597283345041,-19.6559159457684,XP_FP3_apo_185_pv.maegz,ff6cb1889dd4ae1ea02b817ae55dfa1a2712befe92c087ba9507ac147a12efc0
FP3,primary_FP3_standardised,SANC00382,SANC00382_minRM1.pdb-3,100,0,C1:S,C1[C@@H]2[NH2+]CCc(cc(c3[O-])OC)c2c3C14C=CC(=O)C=C4,21,247,-2.06038001285807,-4.54608001285807,2.4857,2.4857,-28.3454069336514,-27.1559858322144,XP_FP3_apo_185_pv.maegz,ff6cb1889dd4ae1ea02b817ae55dfa1a2712befe92c087ba9507ac147a12efc0
FP3,primary_FP3_standardised,SANC00377,SANC00377_minRM1.pdb-3,94,0,C1:S;N20:S,C1[C@@H]2[N@@H+](C)CCc(cc(c3[O-])OC)c2c3C14C=CC(=O)C=C4,22,248,-2.01024308584611,-3.59034308584611,1.5801000000000003,1.5801,-29.3900433720982,-25.2056781575084,XP_FP3_apo_185_pv.maegz,ff6cb1889dd4ae1ea02b817ae55dfa1a2712befe92c087ba9507ac147a12efc0
FP3,primary_FP3_standardised,SANC00783,SANC00783_minRM1.pdb-2,211,1,N2:R;C5:S;C9:R;C12:R;C13:S;C29:R,CC(=O)O[C@](C)(C(=O)OC1)[C@H](C)C[C@@](O)([C@@H](C)O)C(=O)O[C@H](C2=O)CC[N@@H+](C)C/C=C1\2,31,249,-1.99425819620721,-4.25075819620721,2.2565,2.2565,-39.9534763472074,-34.1773767471313,XP_FP3_apo_185_pv.maegz,ff6cb1889dd4ae1ea02b817ae55dfa1a2712befe92c087ba9507ac147a12efc0
FP3,primary_FP3_standardised,SANC00793,SANC00793_minRM1.pdb-2,221,1,N2:S;C5:R;C9:S;C12:R;C13:S;C26:R,C1OC(=O)[C@@](C)(O)[C@H](C)C[C@@](O)([C@H](Cl)C)C(=O)O[C@@H](C2=O)CC[N@H+](C)C/C=C1\2,28,250,-1.956885610635,-4.250685610635,2.2938,2.2938,-31.878989618,-31.2446098327637,XP_FP3_apo_185_pv.maegz,ff6cb1889dd4ae1ea02b817ae55dfa1a2712befe92c087ba9507ac147a12efc0
FP3,primary_FP3_standardised,SANC00371,SANC00371_minRM1.pdb-2,85,-1,C9:S;C14:S,CC(C)=CC(=O)OC[C@@](C)(CCC1)C2=CC=C(C=3[C@@]12C)C=C(C(C)C)C(=O)C3[O-],29,251,-1.92631676179339,-4.44691676179339,2.5206,2.5206,-32.2267369725415,-28.2209165096283,XP_FP3_apo_185_pv.maegz,ff6cb1889dd4ae1ea02b817ae55dfa1a2712befe92c087ba9507ac147a12efc0
FP3,primary_FP3_standardised,SANC00349,SANC00349_minRM1.pdb-2,69,-1,C1:R;C7:R;C10:S,O=C(O1)C(C)=C([C@@]12[O-])C[C@@H]3[C@@](C)(C2)C(=O)C=CC3,18,252,-1.83369131760719,-3.91859131760719,2.0849,2.0849,-27.534553527832,-23.8785367012024,XP_FP3_apo_185_pv.maegz,ff6cb1889dd4ae1ea02b817ae55dfa1a2712befe92c087ba9507ac147a12efc0
FP3,primary_FP3_standardised,SANC01074,SANC01074_minRM1.pdb-1,263,0,,c1cc(O)c(OC)cc1\C=C\C(=O)OCCCCCCCCCCCCCCCCCCCCCCCCCCCC,42,253,-1.82981204822252,-1.83051204822252,0.0006999999999999229,0.0007,-60.6078948974609,-51.5442595481873,XP_FP3_apo_185_pv.maegz,ff6cb1889dd4ae1ea02b817ae55dfa1a2712befe92c087ba9507ac147a12efc0
FP3,primary_FP3_standardised,SANC00437,SANC00437_minRM1.pdb-2,116,-1,,[O-]c1cc(C)cc(c12)C(=O)C=CC2=O,14,254,-1.78312762852076,-4.11872762852076,2.3355999999999995,2.3356,-30.8178424835205,-25.6462495326996,XP_FP3_apo_185_pv.maegz,ff6cb1889dd4ae1ea02b817ae55dfa1a2712befe92c087ba9507ac147a12efc0
FP3,primary_FP3_standardised,SANC00241,SANC00241_minRM1.pdb-3,37,-1,,COc(cc1)ccc1/C=C(/C2=O)COc(c23)cc(O)cc3[O-],22,255,-1.66481176958337,-4.20591176958337,2.5411,2.5411,-34.3711188015455,-29.3135136067867,XP_FP3_apo_185_pv.maegz,ff6cb1889dd4ae1ea02b817ae55dfa1a2712befe92c087ba9507ac147a12efc0
FP3,primary_FP3_standardised,SANC00852,SANC00852_minRM1.pdb-2,234,-1,,COC(=O)/C=C/c1cc(O)c([O-])cc1,14,256,-1.64064312565693,-2.95214312565693,1.3115,1.3115,-30.0699389427727,-25.7981672286987,XP_FP3_apo_185_pv.maegz,ff6cb1889dd4ae1ea02b817ae55dfa1a2712befe92c087ba9507ac147a12efc0
FP3,primary_FP3_standardised,SANC00372,SANC00372_minRM1.pdb-3,88,-1,C10:S;C26:S,c1cc(O)ccc1C(=O)OC[C@@](C)(CCC2)C3=CC=C(C=4[C@@]23C)C=C(C(C)C)C(=O)C4[O-],32,257,-1.61632583955491,-4.15292583955491,2.5366,2.5366,-38.0413335525628,-35.8341266512871,XP_FP3_apo_185_pv.maegz,ff6cb1889dd4ae1ea02b817ae55dfa1a2712befe92c087ba9507ac147a12efc0
FP3,primary_FP3_standardised,SANC00119,SANC00119_minRM1.pdb-1,17,-1,,C12=NCCc(c([n-]3)Br)c1c3C(=O)C(NCC4)=C2C45C=C(Br)C(=O)C(Br)=C5,26,258,-1.43227552093042,-1.55227552093042,0.11999999999999988,0.12,-49.8154106140137,-38.5912668704987,XP_FP3_apo_185_pv.maegz,ff6cb1889dd4ae1ea02b817ae55dfa1a2712befe92c087ba9507ac147a12efc0
FP3,primary_FP3_standardised,SANC00774,SANC00774_minRM1.pdb-2,205,1,C5:R;C7:R;N17:S;C20:R,C1OC(=O)[C@](C)(O)[C@H](C)CC(=C\C)/C(=O)O[C@@H](C2=O)CC[N@H+](C)C/C=C1\2,26,259,-1.37554189419073,-3.87204189419073,2.4965,2.4965,-20.1951150012268,-26.8734142780304,XP_FP3_apo_185_pv.maegz,ff6cb1889dd4ae1ea02b817ae55dfa1a2712befe92c087ba9507ac147a12efc0
FP3,primary_FP3_standardised,SANC00581,SANC00581_minRM1.pdb-2,154,1,C5:S;C6:S;C10:R;C13:R;C15:R;C16:S;C18:R;C30:R;C34:S;C41:S;C45:S,[nH+]1cn(C)cc1\C=C\C(=O)O[C@@H]2C[C@H](C(C)=CC[C@H]3C(C)C)[C@@H]3C[C@@H]([C@](O4)(O)C=C[C@]24C)CO[C@H](OC[C@@H]5O)[C@@H](OC(=O)C)[C@H]5OC(=O)C,49,260,-1.22861170452595,-2.28041170452595,1.0518,1.0518,-52.7633081701116,-41.6084136962891,XP_FP3_apo_185_pv.maegz,ff6cb1889dd4ae1ea02b817ae55dfa1a2712befe92c087ba9507ac147a12efc0
FP3,primary_FP3_standardised,SANC00434,SANC00434_minRM1.pdb-3,108,-2,,O=C1C=CC(=O)c(c12)cc(C)c(c2[O-])C(=CC3=O)C(=O)c(c34)cc(C)cc4[O-],28,261,-1.15606548881793,-3.30176548881793,2.1457,2.1457,-42.0172805786133,-31.5527147650719,XP_FP3_apo_185_pv.maegz,ff6cb1889dd4ae1ea02b817ae55dfa1a2712befe92c087ba9507ac147a12efc0
FP3,primary_FP3_standardised,SANC00350,SANC00350_minRM1.pdb-3,72,-1,,COc(cc1)ccc1/C=C(\C2=O)COc(c23)cc(O)cc3[O-],22,262,-0.894818048192041,-3.43591804819204,2.5410999999999992,2.5411,-34.6143312292556,-26.5636825561523,XP_FP3_apo_185_pv.maegz,ff6cb1889dd4ae1ea02b817ae55dfa1a2712befe92c087ba9507ac147a12efc0
FP3,primary_FP3_standardised,SANC00438,SANC00438_minRM1.pdb-4,120,-2,,O=C1C=CC(=O)c(c12)c([O-])cc(C)c2C(C3=O)=CC(=O)c(c34)cc(C)cc4[O-],28,263,-0.837592976232859,-3.38859297623286,2.551000000000001,2.551,-35.7996397183589,-29.7045900225639,XP_FP3_apo_185_pv.maegz,ff6cb1889dd4ae1ea02b817ae55dfa1a2712befe92c087ba9507ac147a12efc0
FP3,primary_FP3_standardised,SANC00782,SANC00782_minRM1.pdb-2,209,1,N2:R;C5:R;C9:S;C11:S;C14:R;C15:R,CC(=O)O[C@](C)([C@H](C)C1)C(=O)OCC(=C\C[N@H+](C)CC2)\C(=O)[C@@H]2OC(=O)[C@@]13[C@@H](O3)C,30,264,-0.723955657611983,-2.98755565761198,2.2635999999999967,2.2636,-36.1035748152805,-29.8886394500732,XP_FP3_apo_185_pv.maegz,ff6cb1889dd4ae1ea02b817ae55dfa1a2712befe92c087ba9507ac147a12efc0
FP3,primary_FP3_standardised,SANC00166,SANC00166_minRM1.pdb-2,28,0,C4:S;C7:S;C10:S,O=C(O)/C(C)=C/[C@@H](C)C[C@@H](C)C[C@@H](C)CCC,17,265,-0.566875879749865,-3.24087587974986,2.673999999999995,2.674,-32.992853314626,-26.6090250015259,XP_FP3_apo_185_pv.maegz,ff6cb1889dd4ae1ea02b817ae55dfa1a2712befe92c087ba9507ac147a12efc0
FP3,primary_FP3_standardised,SANC00788,SANC00788_minRM1.pdb-2,217,1,N2:S;C5:R;C9:S;C12:S;C13:S;C29:S,CC(=O)O[C@](C)(C(=O)OC1)[C@@H](C)C[C@@](O)([C@@H](Cl)C)C(=O)O[C@@H](C2=O)CC[N@H+](C)C/C=C1\2,31,266,-0.34845606458973,-2.67505606458973,2.3266,2.3266,-28.2498124613789,-23.8456916809082,XP_FP3_apo_185_pv.maegz,ff6cb1889dd4ae1ea02b817ae55dfa1a2712befe92c087ba9507ac147a12efc0
FP3,primary_FP3_standardised,SANC00282,SANC00282_minRM1.pdb-1,57,0,C3:R;C8:S;C10:R;C11:R;C12:S;C13:R;C20:R;C21:S,CC[C@@H](C)C(=O)O[C@@]12[C@@H](C1(C)C)[C@H]3[C@](O)([C@H](C)C2)[C@H]4[C@@](O)(C(=O)C(C)=C4)CC(=C3)COC(=O)C,34,267,-0.019061674771458,-0.019061674771458,0.0,-0.0,-40.9427556161863,-38.340012550354,XP_FP3_apo_185_pv.maegz,ff6cb1889dd4ae1ea02b817ae55dfa1a2712befe92c087ba9507ac147a12efc0
FP3,primary_FP3_standardised,SANC00367,SANC00367_minRM1.pdb-3,79,-1,C14:S;C26:S,c1cc(O)ccc1C(=O)O[C@H](C2)CC(C)(C)C3=CC=C(C=4[C@@]23C)C=C(C(C)C)C(=O)C4[O-],32,268,0.722657375804753,-1.71784262419525,2.440500000000003,2.4405,-45.7145843505859,-38.8006010055542,XP_FP3_apo_185_pv.maegz,ff6cb1889dd4ae1ea02b817ae55dfa1a2712befe92c087ba9507ac147a12efc0
FP3,primary_FP3_standardised,SANC00810,SANC00810_minRM1.pdb-1,231,0,C6:R;C7:S;C16:R;C17:R;C22:R;C27:S;C31:S;C37:S,CC1(C)C(=O)C=C[C@@](C)([C@H]1CC(=O)OC)[C@@H]([C@@H](OC(=O)C)[C@@H]2OC(=O)C)C(=C)C([C@@]23C)=CC[C@@H]3C4=CC(=O)O[C@@H]4O,41,269,0.883761552577228,0.881961552577228,0.0018000000000000238,0.0018,-40.8966193587931,-35.4936442375183,XP_FP3_apo_185_pv.maegz,ff6cb1889dd4ae1ea02b817ae55dfa1a2712befe92c087ba9507ac147a12efc0
FP3,primary_FP3_standardised,SANC00811,SANC00811_minRM1.pdb-1,232,0,C6:R;C7:S;C16:R;C17:R;C22:R;C24:S;C28:S,CC1(C)C(=O)C=C[C@@](C)([C@H]1CC(=O)OC)[C@@H]([C@H]([C@@H]2O)OC(=O)C)C(=C)C([C@@]23C)=CC[C@@H]3C4=CCOC4=O,37,270,0.962459147370643,0.962459147370643,0.0,-0.0,-35.4553680090673,-32.0283184051514,XP_FP3_apo_185_pv.maegz,ff6cb1889dd4ae1ea02b817ae55dfa1a2712befe92c087ba9507ac147a12efc0
